route_id,service_id,trip_id,trip_headsign,trip_short_name,direction_id,block_id,shape_id,wheelchair_accessible,bikes_allowed
8925,1,13820,Silver Spring,,0,293048,37335,2,2
8925,1,13793,Silver Spring,,0,293623,37335,2,2
8925,1,13794,Silver Spring,,0,294532,37335,2,2
8925,1,13795,Silver Spring,,0,293807,37335,2,2
8925,1,13796,Silver Spring,,0,293028,37337,2,2
8925,1,13814,Silver Spring,,0,293805,37335,2,2
8925,1,13797,Silver Spring,,0,293029,37335,2,2
8925,1,13798,Silver Spring,,0,293030,37337,2,2
8925,1,13799,Silver Spring via Leland,,0,293031,37338,2,2
8925,1,13800,Silver Spring,,0,293032,37336,2,2
8925,1,13801,Silver Spring via Leland,,0,293033,37338,2,2
8925,1,13802,Silver Spring,,0,293034,37336,2,2
8925,1,13803,Silver Spring via Leland,,0,293623,37338,2,2
8925,1,13804,Silver Spring,,0,293780,37336,2,2
8925,1,13805,Silver Spring via Leland,,0,293037,37338,2,2
8925,1,13806,Silver Spring,,0,293035,37336,2,2
8925,1,13807,Silver Spring via Leland,,0,293037,37338,2,2
8925,1,13808,Silver Spring,,0,293038,37336,2,2
8925,1,13792,Silver Spring via Leland,,0,293054,37338,2,2
8925,1,13821,Silver Spring,,0,293061,37336,2,2
8925,1,13809,Silver Spring via Leland,,0,293063,37338,2,2
8925,1,13811,Silver Spring,,0,293041,37336,2,2
8925,1,13810,Silver Spring via Leland,,0,293040,37338,2,2
8925,1,13817,Silver Spring,,0,293042,37336,2,2
8925,1,13816,Silver Spring via Leland,,0,293045,37338,2,2
8925,1,13815,Silver Spring,,0,293044,37336,2,2
8925,1,13813,Silver Spring via Leland,,0,293042,37338,2,2
8925,1,13818,Silver Spring,,0,293046,37336,2,2
8925,1,13819,Silver Spring via Leland,,0,293047,37338,2,2
8925,1,13812,Silver Spring,,0,293035,37336,2,2
8925,1,13828,Silver Spring,,0,293052,37336,2,2
8925,1,13827,Silver Spring,,0,293054,37336,2,2
8925,1,13826,Silver Spring,,0,293053,37336,2,2
8925,1,13825,Silver Spring,,0,293052,37336,2,2
8925,1,13824,Silver Spring,,0,293051,37336,2,2
8925,1,13823,Silver Spring,,0,293039,37336,2,2
8925,1,13822,Silver Spring,,0,293050,37336,2,2
8925,1,13845,Friendship Heights,,1,293623,37340,2,2
8925,1,13865,Friendship Heights,,1,293064,37340,2,2
8925,1,13848,Friendship Heights,,1,293058,37340,2,2
8925,1,13844,Friendship Heights,,1,294532,37340,2,2
8925,1,13843,Friendship Heights,,1,293807,37340,2,2
8925,1,13842,Friendship Heights,,1,293056,37340,2,2
8925,1,13846,Friendship Heights,,1,293028,37340,2,2
8925,1,13847,Friendship Heights,,1,293029,37340,2,2
8925,1,13850,Friendship Heights,,1,293056,37340,2,2
8925,1,13849,Friendship Heights via Leland,,1,293059,37341,2,2
8925,1,13841,Friendship Heights,,1,293057,37340,2,2
8925,1,13840,Friendship Heights via Leland,,1,293056,37341,2,2
8925,1,13839,Friendship Heights,,1,293031,37340,2,2
8925,1,13854,Friendship Heights via Leland,,1,293030,37341,2,2
8925,1,13853,Friendship Heights,,1,293033,37340,2,2
8925,1,13838,Friendship Heights via Leland,,1,293034,37341,2,2
8925,1,13837,Friendship Heights,,1,293623,37340,2,2
8925,1,13836,Friendship Heights via Leland,,1,293780,37341,2,2
8925,1,13835,Friendship Heights,,1,293037,37340,2,2
8925,1,13834,Friendship Heights via Leland,,1,293035,37341,2,2
8925,1,13833,Friendship Heights,,1,293037,37340,2,2
8925,1,13832,Friendship Heights via Leland,,1,293035,37341,2,2
8925,1,13851,Friendship Heights,,1,293060,37340,2,2
8925,1,13831,Friendship Heights,,1,293063,37339,2,2
8925,1,13855,Friendship Heights,,1,293040,37339,2,2
8925,1,13830,Friendship Heights,,1,293035,37340,2,2
8925,1,13829,Friendship Heights,,1,293055,37339,2,2
8925,1,13856,Friendship Heights,,1,293836,37340,2,2
8925,1,13857,Friendship Heights,,1,293047,37339,2,2
8925,1,13858,Friendship Heights,,1,293035,37340,2,2
8925,1,13859,Friendship Heights,,1,293052,37340,2,2
8925,1,13860,Friendship Heights,,1,293053,37340,2,2
8925,1,13862,Friendship Heights,,1,293052,37340,2,2
8925,1,13861,Friendship Heights,,1,293051,37340,2,2
8925,1,13863,Friendship Heights,,1,293039,37340,2,2
8925,1,13864,Friendship Heights,,1,293050,37340,2,2
8925,1,13852,Friendship Heights,,1,293061,37340,2,2
8927,1,14488,Germantown Transit Center Express,,0,295942,37344,2,2
8927,1,14502,Germantown Transit Center Express,,0,295946,37344,2,2
8927,1,14489,Germantown Transit Center Express,,0,296221,37344,2,2
8927,1,14487,Germantown Transit Center Express,,0,296092,37344,2,2
8927,1,14486,Germantown Transit Center Express,,0,296220,37344,2,2
8927,1,14490,Germantown Transit Center Express,,0,296151,37344,2,2
8927,1,14491,Germantown Transit Center Express,,0,296218,37344,2,2
8927,1,14492,Germantown Transit Center Express,,0,296227,37344,2,2
8927,1,14485,Germantown Transit Center Express,,0,296254,37344,2,2
8927,1,14484,Germantown Transit Center Express,,0,296231,37344,2,2
8927,1,14483,Germantown Transit Center Express,,0,297339,37344,2,2
8927,1,14482,Germantown Transit Center Express,,0,295944,37344,2,2
8927,1,14481,Germantown Transit Center Express,,0,296112,37344,2,2
8927,1,14480,Germantown Transit Center Express,,0,296066,37344,2,2
8927,1,14479,Germantown Transit Center Express,,0,296244,37344,2,2
8927,1,14478,Germantown Transit Center Express,,0,296270,37344,2,2
8927,1,14477,Germantown Transit Center Express,,0,296094,37344,2,2
8927,1,14476,Germantown Transit Center Express,,0,296066,37344,2,2
8927,1,14475,Germantown Transit Center Express,,0,295959,37344,2,2
8927,1,14474,Germantown Transit Center Express,,0,295976,37344,2,2
8927,1,14473,Germantown Transit Center Express,,0,296274,37344,2,2
8927,1,14472,Germantown Transit Center Express,,0,296151,37344,2,2
8927,1,14471,Germantown Transit Center Express,,0,296272,37344,2,2
8927,1,14470,Germantown Transit Center Express,,0,295958,37344,2,2
8927,1,14469,Germantown Transit Center Express,,0,295957,37344,2,2
8927,1,14468,Germantown Transit Center Express,,0,296070,37344,2,2
8927,1,14467,Germantown Transit Center Express,,0,296173,37344,2,2
8927,1,14466,Germantown Transit Center Express,,0,296131,37344,2,2
8927,1,14465,Germantown Transit Center Express,,0,296486,37344,2,2
8927,1,14464,Germantown Transit Center Express,,0,296224,37344,2,2
8927,1,14463,Germantown Transit Center Express,,0,296966,37344,2,2
8927,1,14462,Germantown Transit Center Express,,0,296193,37344,2,2
8927,1,14461,Germantown Transit Center Express,,0,296336,37344,2,2
8927,1,14460,Germantown Transit Center Express,,0,296318,37344,2,2
8927,1,14459,Germantown Transit Center Express,,0,296742,37344,2,2
8927,1,14458,Germantown Transit Center Express,,0,296369,37344,2,2
8927,1,14457,Germantown Transit Center Express,,0,296303,37344,2,2
8927,1,14456,Germantown Transit Center Express,,0,295967,37344,2,2
8927,1,14455,Germantown Transit Center Express,,0,296737,37344,2,2
8927,1,14493,Germantown Transit Center Express,,0,296319,37344,2,2
8927,1,14454,Germantown Transit Center Express,,0,296736,37344,2,2
8927,1,14453,Germantown Transit Center Express,,0,296308,37344,2,2
8927,1,14452,Germantown Transit Center Express,,0,296948,37344,2,2
8927,1,14451,Germantown Transit Center Express,,0,296318,37344,2,2
8927,1,14450,Germantown Transit Center Express,,0,296330,37344,2,2
8927,1,14449,Germantown Transit Center Express,,0,296742,37344,2,2
8927,1,14434,Germantown Transit Center Express,,0,296308,37344,2,2
8927,1,14494,Germantown Transit Center Express,,0,296376,37344,2,2
8927,1,14441,Germantown Transit Center Express,,0,296339,37344,2,2
8927,1,14495,Germantown Transit Center Express,,0,296379,37344,2,2
8927,1,14496,Germantown Transit Center Express,,0,296501,37344,2,2
8927,1,14448,Germantown Transit Center Express,,0,296912,37344,2,2
8927,1,14440,Germantown Transit Center Express,,0,296742,37344,2,2
8927,1,14447,Germantown Transit Center Express,,0,296738,37344,2,2
8927,1,14446,Germantown Transit Center Express,,0,296367,37344,2,2
8927,1,14439,Germantown Transit Center Express,,0,296736,37344,2,2
8927,1,14438,Germantown Transit Center Express,,0,296353,37344,2,2
8927,1,14437,Germantown Transit Center Express,,0,296374,37344,2,2
8927,1,14445,Germantown Transit Center Express,,0,296341,37344,2,2
8927,1,14444,Germantown Transit Center Express,,0,296462,37344,2,2
8927,1,14443,Germantown Transit Center Express,,0,296557,37344,2,2
8927,1,14497,Germantown Transit Center Express,,0,296325,37344,2,2
8927,1,14436,Germantown Transit Center Express,,0,296961,37344,2,2
8927,1,14435,Germantown Transit Center Express,,0,296314,37344,2,2
8927,1,14498,Germantown Transit Center Express,,0,296911,37344,2,2
8927,1,14499,Germantown Transit Center Express,,0,296359,37344,2,2
8927,1,14500,Germantown Transit Center Express,,0,296737,37344,2,2
8927,1,14501,Germantown Transit Center Express,,0,296737,37344,2,2
8927,1,14442,Germantown Transit Center Express,,0,296737,37344,2,2
8927,1,14522,Shady Grove Express,,1,296231,37345,2,2
8927,1,14521,Shady Grove Express,,1,296259,37345,2,2
8927,1,14570,Shady Grove Express,,1,296044,37345,2,2
8927,1,14571,Shady Grove Express,,1,295967,37345,2,2
8927,1,14520,Shady Grove Express,,1,296173,37345,2,2
8927,1,14508,Shady Grove Express,,1,296218,37345,2,2
8927,1,14523,Shady Grove Express,,1,296076,37345,2,2
8927,1,14524,Shady Grove Express,,1,296221,37345,2,2
8927,1,14525,Shady Grove Express,,1,296173,37345,2,2
8927,1,14526,Shady Grove Express,,1,296237,37345,2,2
8927,1,14527,Shady Grove Express,,1,295923,37345,2,2
8927,1,14528,Shady Grove Express,,1,296156,37345,2,2
8927,1,14529,Shady Grove Express,,1,295976,37345,2,2
8927,1,14530,Shady Grove Express,,1,296244,37345,2,2
8927,1,14531,Shady Grove Express,,1,296263,37345,2,2
8927,1,14532,Shady Grove Express,,1,295950,37345,2,2
8927,1,14533,Shady Grove Express,,1,296259,37345,2,2
8927,1,14510,Shady Grove Express,,1,296266,37345,2,2
8927,1,14509,Shady Grove Express,,1,296270,37345,2,2
8927,1,14534,Shady Grove Express,,1,296138,37345,2,2
8927,1,14535,Shady Grove Express,,1,296254,37345,2,2
8927,1,14536,Shady Grove Express,,1,296066,37345,2,2
8927,1,14564,Shady Grove Express,,1,296231,37345,2,2
8927,1,14507,Shady Grove Express,,1,295957,37345,2,2
8927,1,14506,Shady Grove Express,,1,296094,37345,2,2
8927,1,14565,Shady Grove Express,,1,296037,37345,2,2
8927,1,14566,Shady Grove Express,,1,295958,37345,2,2
8927,1,14567,Shady Grove Express,,1,296240,37345,2,2
8927,1,14568,Shady Grove Express,,1,296254,37345,2,2
8927,1,14569,Shady Grove Express,,1,296231,37345,2,2
8927,1,14537,Shady Grove Express,,1,296221,37345,2,2
8927,1,14538,Shady Grove Express,,1,296272,37345,2,2
8927,1,14539,Shady Grove Express,,1,296248,37345,2,2
8927,1,14540,Shady Grove Express,,1,296157,37345,2,2
8927,1,14541,Shady Grove Express,,1,296079,37345,2,2
8927,1,14542,Shady Grove Express,,1,296059,37345,2,2
8927,1,14543,Shady Grove Express,,1,296234,37345,2,2
8927,1,14544,Shady Grove Express,,1,295944,37345,2,2
8927,1,14545,Shady Grove Express,,1,296112,37345,2,2
8927,1,14546,Shady Grove Express,,1,296070,37345,2,2
8927,1,14547,Shady Grove Express,,1,296173,37345,2,2
8927,1,14548,Shady Grove Express,,1,296100,37345,2,2
8927,1,14549,Shady Grove Express,,1,296112,37345,2,2
8927,1,14550,Shady Grove Express,,1,296224,37345,2,2
8927,1,14551,Shady Grove Express,,1,296912,37345,2,2
8927,1,14552,Shady Grove Express,,1,296193,37345,2,2
8927,1,14553,Shady Grove Express,,1,296173,37345,2,2
8927,1,14554,Shady Grove Express,,1,296318,37345,2,2
8927,1,14555,Shady Grove Express,,1,296500,37345,2,2
8927,1,14556,Shady Grove Express,,1,296369,37345,2,2
8927,1,14557,Shady Grove Express,,1,296361,37345,2,2
8927,1,14558,Shady Grove Express,,1,296366,37345,2,2
8927,1,14559,Shady Grove Express,,1,296923,37345,2,2
8927,1,14560,Shady Grove Express,,1,296736,37345,2,2
8927,1,14561,Shady Grove Express,,1,296948,37345,2,2
8927,1,14562,Shady Grove Express,,1,296330,37345,2,2
8927,1,14563,Shady Grove Express,,1,296462,37345,2,2
8927,1,14519,Shady Grove Express,,1,296285,37345,2,2
8927,1,14505,Shady Grove Express,,1,296359,37345,2,2
8927,1,14504,Shady Grove Express,,1,296274,37345,2,2
8927,1,14518,Shady Grove Express,,1,296367,37345,2,2
8927,1,14517,Shady Grove Express,,1,296579,37345,2,2
8927,1,14503,Shady Grove Express,,1,296462,37345,2,2
8927,1,14516,Shady Grove Express,,1,296961,37345,2,2
8927,1,14515,Shady Grove Express,,1,296306,37345,2,2
8927,1,14514,Shady Grove Express,,1,296314,37345,2,2
8927,1,14513,Shady Grove Express,,1,296501,37345,2,2
8927,1,14512,Shady Grove Express,,1,296737,37345,2,2
8927,1,14511,Shady Grove Express,,1,296737,37345,2,2
8928,1,15143,Lakeforest,,0,296152,37347,2,2
8928,1,15142,Lakeforest,,0,296215,37347,2,2
8928,1,15144,Lakeforest,,0,296162,37346,2,2
8928,1,15145,Lakeforest,,0,296219,37346,2,2
8928,1,15146,Lakeforest,,0,296153,37346,2,2
8928,1,15147,Lakeforest,,0,296155,37346,2,2
8928,1,15148,Lakeforest,,0,296163,37346,2,2
8928,1,15149,Lakeforest,,0,296216,37346,2,2
8928,1,15150,Lakeforest,,0,296222,37346,2,2
8928,1,15151,Lakeforest,,0,296152,37346,2,2
8928,1,15152,Lakeforest,,0,296162,37346,2,2
8928,1,15153,Lakeforest,,0,296215,37346,2,2
8928,1,15156,Lakeforest,,0,296264,37346,2,2
8928,1,15154,Lakeforest,,0,296219,37346,2,2
8928,1,15157,Lakeforest,,0,296153,37346,2,2
8928,1,15155,Lakeforest,,0,296155,37346,2,2
8928,1,15158,Lakeforest,,0,296163,37346,2,2
8928,1,15159,Lakeforest,,0,296216,37346,2,2
8928,1,15160,Lakeforest,,0,296222,37346,2,2
8928,1,15161,Lakeforest,,0,296271,37346,2,2
8928,1,15162,Lakeforest,,0,296152,37346,2,2
8928,1,15163,Lakeforest,,0,296215,37346,2,2
8928,1,15141,Lakeforest,,0,297335,37347,2,2
8928,1,15140,Lakeforest,,0,296354,37347,2,2
8928,1,15164,Lakeforest,,0,296346,37346,2,2
8928,1,15165,Lakeforest,,0,296351,37346,2,2
8928,1,15166,Lakeforest,,0,296364,37346,2,2
8928,1,15167,Lakeforest,,0,296342,37346,2,2
8928,1,15168,Lakeforest,,0,296340,37346,2,2
8928,1,15169,Lakeforest,,0,296372,37346,2,2
8928,1,15170,Lakeforest,,0,296345,37346,2,2
8928,1,15171,Lakeforest,,0,296362,37346,2,2
8928,1,15172,Lakeforest,,0,296368,37346,2,2
8928,1,15173,Lakeforest,,0,297335,37346,2,2
8928,1,15174,Lakeforest,,0,296354,37346,2,2
8928,1,15175,Lakeforest,,0,296346,37346,2,2
8928,1,15176,Lakeforest,,0,296351,37346,2,2
8928,1,15177,Lakeforest,,0,296364,37346,2,2
8928,1,15178,Lakeforest,,0,296342,37346,2,2
8928,1,15179,Lakeforest,,0,296340,37346,2,2
8928,1,15180,Lakeforest,,0,296372,37346,2,2
8928,1,15181,Lakeforest,,0,296345,37346,2,2
8928,1,15182,Lakeforest,,0,296362,37346,2,2
8928,1,15183,Lakeforest,,0,296368,37346,2,2
8928,1,15184,Lakeforest,,0,297335,37346,2,2
8928,1,15188,Medical Center,,1,296153,37350,2,2
8928,1,15187,Medical Center,,1,296155,37349,2,2
8928,1,15189,Medical Center,,1,296163,37348,2,2
8928,1,15190,Medical Center,,1,296216,37348,2,2
8928,1,15191,Medical Center,,1,296222,37348,2,2
8928,1,15192,Medical Center,,1,296152,37348,2,2
8928,1,15193,Medical Center,,1,296162,37348,2,2
8928,1,15194,Medical Center,,1,296215,37348,2,2
8928,1,15195,Medical Center,,1,296219,37348,2,2
8928,1,15196,Medical Center,,1,296153,37348,2,2
8928,1,15197,Medical Center,,1,296155,37348,2,2
8928,1,15198,Medical Center,,1,296163,37348,2,2
8928,1,15199,Medical Center,,1,296216,37348,2,2
8928,1,15200,Medical Center,,1,296222,37348,2,2
8928,1,15201,Medical Center,,1,296271,37348,2,2
8928,1,15202,Medical Center,,1,296152,37348,2,2
8928,1,15203,Medical Center,,1,296162,37348,2,2
8928,1,15204,Medical Center,,1,296215,37348,2,2
8928,1,15205,Medical Center,,1,296264,37348,2,2
8928,1,15206,Medical Center,,1,296219,37348,2,2
8928,1,15207,Medical Center,,1,296153,37348,2,2
8928,1,15208,Medical Center,,1,296155,37348,2,2
8928,1,15209,Medical Center,,1,296163,37348,2,2
8928,1,15186,Medical Center,,1,296342,37350,2,2
8928,1,15185,Medical Center,,1,296340,37349,2,2
8928,1,15210,Medical Center,,1,296345,37348,2,2
8928,1,15216,Medical Center,,1,296362,37348,2,2
8928,1,15212,Medical Center,,1,296368,37348,2,2
8928,1,15213,Medical Center,,1,297335,37348,2,2
8928,1,15214,Medical Center,,1,296354,37348,2,2
8928,1,15215,Medical Center,,1,296346,37348,2,2
8928,1,15211,Medical Center,,1,296351,37348,2,2
8928,1,15217,Medical Center,,1,296364,37348,2,2
8928,1,15218,Medical Center,,1,296342,37348,2,2
8928,1,15219,Medical Center,,1,296340,37348,2,2
8928,1,15220,Medical Center,,1,296372,37348,2,2
8928,1,15221,Medical Center,,1,296345,37348,2,2
8928,1,15222,Medical Center,,1,296362,37348,2,2
8928,1,15223,Medical Center,,1,296368,37348,2,2
8928,1,15224,Medical Center,,1,297335,37348,2,2
8928,1,15225,Medical Center,,1,296354,37348,2,2
8928,1,15226,Medical Center,,1,296346,37348,2,2
8928,1,15227,Medical Center,,1,296351,37348,2,2
8928,1,15228,Medical Center,,1,296364,37348,2,2
8928,1,15229,Medical Center,,1,296340,37348,2,2
8929,1,15408,Friendship Heights,,0,293032,37351,2,2
8929,1,15407,Friendship Heights,,0,293592,37351,2,2
8929,1,15406,Friendship Heights,,0,293591,37351,2,2
8929,1,15405,Friendship Heights,,0,294451,37351,2,2
8929,1,15399,Friendship Heights,,0,293588,37351,2,2
8929,1,15404,Friendship Heights,,0,293805,37351,2,2
8929,1,15403,Friendship Heights,,0,293034,37351,2,2
8929,1,15398,Friendship Heights,,0,293028,37351,2,2
8929,1,15402,Friendship Heights,,0,293030,37351,2,2
8929,1,15401,Friendship Heights,,0,293062,37351,2,2
8929,1,15400,Friendship Heights,,0,293032,37351,2,2
8929,1,15421,Silver Spring,,1,293599,37352,2,2
8929,1,15420,Silver Spring,,1,293035,37352,2,2
8929,1,15419,Silver Spring,,1,293060,37352,2,2
8929,1,15418,Silver Spring,,1,293598,37352,2,2
8929,1,15417,Silver Spring,,1,293049,37352,2,2
8929,1,15410,Silver Spring,,1,293593,37352,2,2
8929,1,15416,Silver Spring,,1,293025,37352,2,2
8929,1,15415,Silver Spring,,1,293035,37352,2,2
8929,1,15409,Silver Spring,,1,293060,37352,2,2
8929,1,15414,Silver Spring,,1,293055,37352,2,2
8929,1,15413,Silver Spring,,1,293836,37352,2,2
8929,1,15412,Silver Spring,,1,293595,37352,2,2
8929,1,15411,Silver Spring,,1,293594,37352,2,2
8930,1,15492,Silver Spring,,0,293642,37353,2,2
8930,1,15493,Silver Spring,,0,293058,37353,2,2
8930,1,15494,Silver Spring,,0,293620,37353,2,2
8930,1,15495,Silver Spring,,0,293048,37353,2,2
8930,1,15496,Silver Spring,,0,293621,37353,2,2
8930,1,15497,Silver Spring,,0,293062,37353,2,2
8930,1,15498,Silver Spring,,0,293622,37353,2,2
8930,1,15499,Silver Spring,,0,293623,37353,2,2
8930,1,15500,Silver Spring,,0,293624,37353,2,2
8930,1,15525,Silver Spring,,0,293059,37353,2,2
8930,1,15501,Silver Spring,,0,293625,37353,2,2
8930,1,15502,Silver Spring,,0,293623,37353,2,2
8930,1,15503,Silver Spring,,0,293780,37353,2,2
8930,1,15504,Silver Spring,,0,293032,37353,2,2
8930,1,15505,Silver Spring,,0,293059,37353,2,2
8930,1,15506,Silver Spring,,0,294518,37353,2,2
8930,1,15507,Silver Spring,,0,293626,37353,2,2
8930,1,15527,Silver Spring,,0,293634,37353,2,2
8930,1,15528,Silver Spring,,0,293060,37353,2,2
8930,1,15508,Silver Spring,,0,293630,37353,2,2
8930,1,15509,Silver Spring,,0,293628,37353,2,2
8930,1,15510,Silver Spring,,0,293629,37353,2,2
8930,1,15511,Silver Spring,,0,294049,37353,2,2
8930,1,15529,Silver Spring,,0,293639,37353,2,2
8930,1,15512,Silver Spring,,0,293044,37353,2,2
8930,1,15513,Silver Spring,,0,293061,37353,2,2
8930,1,15514,Silver Spring,,0,293632,37353,2,2
8930,1,15515,Silver Spring,,0,293633,37353,2,2
8930,1,15516,Silver Spring,,0,293634,37353,2,2
8930,1,15517,Silver Spring,,0,293635,37353,2,2
8930,1,15526,Silver Spring,,0,293050,37353,2,2
8930,1,15518,Silver Spring,,0,293635,37353,2,2
8930,1,15519,Silver Spring,,0,293778,37353,2,2
8930,1,15520,Silver Spring,,0,293042,37353,2,2
8930,1,15521,Silver Spring,,0,293637,37353,2,2
8930,1,15522,Silver Spring,,0,293061,37353,2,2
8930,1,15523,Silver Spring,,0,293039,37353,2,2
8930,1,15524,Silver Spring,,0,293638,37353,2,2
8930,1,15530,Takoma via Three Oaks,,1,293034,37354,2,2
8930,1,15531,Takoma via Three Oaks,,1,293048,37354,2,2
8930,1,15532,Takoma,,1,293031,37355,2,2
8930,1,15533,Takoma,,1,293640,37355,2,2
8930,1,15534,Takoma,,1,293033,37355,2,2
8930,1,15535,Takoma,,1,293641,37355,2,2
8930,1,15536,Takoma,,1,293805,37355,2,2
8930,1,15537,Takoma,,1,293642,37355,2,2
8930,1,15538,Takoma,,1,293623,37355,2,2
8930,1,15539,Takoma,,1,293780,37355,2,2
8930,1,15540,Takoma,,1,293032,37355,2,2
8930,1,15541,Takoma,,1,296301,37355,2,2
8930,1,15542,Takoma,,1,293620,37355,2,2
8930,1,15543,Takoma,,1,293048,37355,2,2
8930,1,15544,Takoma,,1,293626,37355,2,2
8930,1,15545,Takoma,,1,293634,37355,2,2
8930,1,15546,Takoma,,1,293646,37355,2,2
8930,1,15566,Takoma,,1,293647,37355,2,2
8930,1,15567,Takoma,,1,293648,37355,2,2
8930,1,15547,Takoma,,1,293042,37355,2,2
8930,1,15548,Takoma,,1,293055,37355,2,2
8930,1,15549,Takoma,,1,293053,37355,2,2
8930,1,15550,Takoma,,1,293044,37355,2,2
8930,1,15551,Takoma,,1,293049,37355,2,2
8930,1,15552,Takoma,,1,293632,37355,2,2
8930,1,15563,Takoma,,1,293633,37355,2,2
8930,1,15564,Takoma,,1,293052,37355,2,2
8930,1,15553,Takoma,,1,293042,37355,2,2
8930,1,15554,Takoma,,1,293051,37355,2,2
8930,1,15555,Takoma,,1,293050,37355,2,2
8930,1,15556,Takoma,,1,293635,37355,2,2
8930,1,15557,Takoma,,1,293039,37355,2,2
8930,1,15558,Takoma,,1,293638,37355,2,2
8930,1,15559,Takoma,,1,293594,37355,2,2
8930,1,15560,Takoma,,1,293631,37355,2,2
8930,1,15561,Takoma,,1,293633,37355,2,2
8930,1,15562,Takoma,,1,293050,37355,2,2
8930,1,15565,Takoma,,1,293974,37355,2,2
8932,1,16111,Silver Spring,,0,293059,37358,2,2
8932,1,16110,Silver Spring,,0,293588,37358,2,2
8932,1,16102,Silver Spring,,0,293034,37358,2,2
8932,1,16109,Silver Spring,,0,293057,37358,2,2
8932,1,16108,Silver Spring,,0,293591,37358,2,2
8932,1,16107,Silver Spring,,0,293827,37358,2,2
8932,1,16106,Silver Spring,,0,293045,37358,2,2
8932,1,16105,Silver Spring,,0,293779,37358,2,2
8932,1,16104,Silver Spring,,0,293778,37358,2,2
8932,1,16103,Silver Spring,,0,293038,37358,2,2
8932,1,16121,Takoma,,1,293782,37359,2,2
8932,1,16120,Takoma,,1,293781,37359,2,2
8932,1,16119,Takoma,,1,293037,37359,2,2
8932,1,16118,Takoma,,1,293827,37359,2,2
8932,1,16117,Takoma,,1,293045,37359,2,2
8932,1,16116,Takoma,,1,293597,37359,2,2
8932,1,16115,Takoma,,1,293041,37359,2,2
8932,1,16114,Takoma,,1,293038,37359,2,2
8932,1,16112,Takoma,,1,293634,37359,2,2
8932,1,16113,Takoma,,1,293635,37359,2,2
8933,1,16197,Silver Spring,,0,293591,37360,2,2
8933,1,16209,Silver Spring,,0,293807,37360,2,2
8933,1,16210,Silver Spring,,0,293804,37360,2,2
8933,1,16198,Silver Spring,,0,293805,37360,2,2
8933,1,16199,Silver Spring,,0,293640,37360,2,2
8933,1,16200,Silver Spring,,0,293033,37360,2,2
8933,1,16201,Silver Spring,,0,293640,37360,2,2
8933,1,16202,Silver Spring,,0,293622,37360,2,2
8933,1,16203,Silver Spring,,0,293642,37360,2,2
8933,1,16196,Silver Spring,,0,293804,37360,2,2
8933,1,16195,Silver Spring,,0,293624,37360,2,2
8933,1,16194,Silver Spring,,0,293048,37360,2,2
8933,1,16193,Silver Spring,,0,293620,37360,2,2
8933,1,16192,Silver Spring,,0,293048,37360,2,2
8933,1,16204,Silver Spring,,0,293635,37360,2,2
8933,1,16191,Silver Spring,,0,294518,37360,2,2
8933,1,16205,Silver Spring,,0,293806,37360,2,2
8933,1,16190,Silver Spring,,0,293053,37360,2,2
8933,1,16206,Silver Spring,,0,293620,37360,2,2
8933,1,16188,Silver Spring,,0,293634,37360,2,2
8933,1,16187,Silver Spring,,0,293801,37360,2,2
8933,1,16186,Silver Spring,,0,293049,37360,2,2
8933,1,16185,Silver Spring,,0,293800,37360,2,2
8933,1,16184,Silver Spring,,0,293052,37360,2,2
8933,1,16207,Silver Spring,,0,293042,37360,2,2
8933,1,16208,Silver Spring,,0,293778,37360,2,2
8933,1,16189,Silver Spring,,0,293594,37360,2,2
8933,1,16225,Takoma,,1,293026,37362,2,2
8933,1,16226,Takoma,,1,293034,37362,2,2
8933,1,16227,Takoma,,1,294532,37362,2,2
8933,1,16214,Takoma,,1,293026,37362,2,2
8933,1,16228,Takoma,,1,293640,37362,2,2
8933,1,16213,Takoma,,1,293624,37362,2,2
8933,1,16212,Takoma,,1,293806,37362,2,2
8933,1,16229,Takoma,,1,293804,37362,2,2
8933,1,16230,Takoma,,1,293624,37362,2,2
8933,1,16231,Takoma,,1,293048,37362,2,2
8933,1,16232,Takoma,,1,293059,37362,2,2
8933,1,16223,Takoma,,1,294518,37362,2,2
8933,1,16222,Takoma,,1,293635,37362,2,2
8933,1,16221,Takoma,,1,294518,37362,2,2
8933,1,16220,Takoma,,1,293836,37362,2,2
8933,1,16234,Takoma,,1,293053,37362,2,2
8933,1,16224,Takoma,,1,293629,37361,2,2
8933,1,16233,Takoma,,1,293635,37361,2,2
8933,1,16235,Takoma,,1,293634,37362,2,2
8933,1,16219,Takoma,,1,293801,37362,2,2
8933,1,16218,Takoma,,1,293845,37362,2,2
8933,1,16217,Takoma,,1,293051,37362,2,2
8933,1,16211,Takoma,,1,293045,37362,2,2
8933,1,16215,Takoma,,1,293632,37362,2,2
8933,1,16236,Takoma,,1,293633,37362,2,2
8933,1,16237,Takoma,,1,293047,37362,2,2
8933,1,16216,Takoma,,1,293778,37362,2,2
8934,1,16468,Silver Spring,,0,293026,37363,2,2
8934,1,16469,Silver Spring,,0,293995,37363,2,2
8934,1,16470,Silver Spring,,0,294517,37363,2,2
8934,1,16524,Silver Spring,,0,293026,37363,2,2
8934,1,16458,Silver Spring,,0,293588,37363,2,2
8934,1,16471,Silver Spring,,0,293622,37363,2,2
8934,1,16465,Silver Spring,,0,293828,37363,2,2
8934,1,16466,Silver Spring,,0,293641,37363,2,2
8934,1,16472,Silver Spring,,0,293056,37363,2,2
8934,1,16461,Silver Spring,,0,293589,37363,2,2
8934,1,16473,Silver Spring,,0,293830,37363,2,2
8934,1,16474,Silver Spring,,0,293782,37363,2,2
8934,1,16475,Silver Spring,,0,293640,37363,2,2
8934,1,16476,Silver Spring,,0,293831,37363,2,2
8934,1,16467,Silver Spring,,0,293781,37363,2,2
8934,1,16477,Silver Spring,,0,293043,37363,2,2
8934,1,16479,Silver Spring,,0,293589,37363,2,2
8934,1,16478,Silver Spring,,0,293623,37363,2,2
8934,1,16525,Silver Spring,,0,293832,37363,2,2
8934,1,16526,Silver Spring,,0,293645,37363,2,2
8934,1,16464,Silver Spring,,0,293829,37363,2,2
8934,1,16480,Silver Spring,,0,293827,37363,2,2
8934,1,16481,Silver Spring,,0,293832,37363,2,2
8934,1,16482,Silver Spring,,0,293062,37363,2,2
8934,1,16528,Silver Spring,,0,293621,37363,2,2
8934,1,16513,Silver Spring,,0,293838,37363,2,2
8934,1,16514,Silver Spring,,0,293780,37363,2,2
8934,1,16463,Silver Spring,,0,293830,37363,2,2
8934,1,16462,Silver Spring,,0,293033,37363,2,2
8934,1,16520,Silver Spring,,0,293621,37363,2,2
8934,1,16483,Silver Spring,,0,293589,37363,2,2
8934,1,16515,Silver Spring,,0,293827,37363,2,2
8934,1,16484,Silver Spring,,0,293026,37363,2,2
8934,1,16516,Silver Spring,,0,293626,37363,2,2
8934,1,16485,Silver Spring,,0,293619,37363,2,2
8934,1,16486,Silver Spring,,0,293644,37363,2,2
8934,1,16487,Silver Spring,,0,293026,37363,2,2
8934,1,16488,Silver Spring,,0,293031,37363,2,2
8934,1,16489,Silver Spring,,0,293033,37363,2,2
8934,1,16490,Silver Spring,,0,293027,37363,2,2
8934,1,16491,Silver Spring,,0,293591,37363,2,2
8934,1,16521,Silver Spring,,0,293032,37363,2,2
8934,1,16522,Silver Spring,,0,293033,37363,2,2
8934,1,16523,Silver Spring,,0,293059,37363,2,2
8934,1,16519,Silver Spring,,0,293591,37363,2,2
8934,1,16517,Silver Spring,,0,293835,37363,2,2
8934,1,16492,Silver Spring,,0,293036,37363,2,2
8934,1,16493,Silver Spring,,0,293055,37363,2,2
8934,1,16494,Silver Spring,,0,293834,37363,2,2
8934,1,16495,Silver Spring,,0,293835,37363,2,2
8934,1,16496,Silver Spring,,0,293050,37363,2,2
8934,1,16497,Silver Spring,,0,293038,37363,2,2
8934,1,16498,Silver Spring,,0,293599,37363,2,2
8934,1,16499,Silver Spring,,0,293628,37363,2,2
8934,1,16500,Silver Spring,,0,293051,37363,2,2
8934,1,16460,Silver Spring,,0,293648,37363,2,2
8934,1,16459,Silver Spring,,0,293825,37363,2,2
8934,1,16501,Silver Spring,,0,293637,37363,2,2
8934,1,16502,Silver Spring,,0,293061,37363,2,2
8934,1,16503,Silver Spring,,0,293778,37363,2,2
8934,1,16504,Silver Spring,,0,293836,37363,2,2
8934,1,16505,Silver Spring,,0,293051,37363,2,2
8934,1,16506,Silver Spring,,0,293634,37363,2,2
8934,1,16507,Silver Spring,,0,293051,37363,2,2
8934,1,16508,Silver Spring,,0,293637,37363,2,2
8934,1,16509,Silver Spring,,0,293836,37363,2,2
8934,1,16510,Silver Spring,,0,293837,37363,2,2
8934,1,16511,Silver Spring,,0,293974,37363,2,2
8934,1,16512,Silver Spring,,0,293594,37363,2,2
8934,1,16518,Silver Spring,,0,293594,37363,2,2
8934,1,16527,Silver Spring,,0,293637,37363,2,2
8934,1,16540,Takoma Langley Transit Center,,1,293026,37364,2,2
8934,1,16541,Takoma Langley Transit Center,,1,293622,37364,2,2
8934,1,16542,Takoma Langley Transit Center,,1,293589,37364,2,2
8934,1,16543,Takoma Langley Transit Center,,1,293640,37364,2,2
8934,1,16544,Takoma Langley Transit Center,,1,293589,37364,2,2
8934,1,16545,Takoma Langley Transit Center,,1,293645,37364,2,2
8934,1,16546,Takoma Langley Transit Center,,1,293841,37364,2,2
8934,1,16547,Takoma Langley Transit Center,,1,293062,37364,2,2
8934,1,16548,Takoma Langley Transit Center,,1,293780,37364,2,2
8934,1,16549,Takoma Langley Transit Center,,1,293033,37364,2,2
8934,1,16550,Takoma Langley Transit Center,,1,293621,37364,2,2
8934,1,16539,Takoma Langley Transit Center,,1,293589,37364,2,2
8934,1,16551,Takoma Langley Transit Center,,1,293026,37364,2,2
8934,1,16552,Takoma Langley Transit Center,,1,293842,37364,2,2
8934,1,16553,Takoma Langley Transit Center,,1,293619,37364,2,2
8934,1,16554,Takoma Langley Transit Center,,1,293806,37364,2,2
8934,1,16555,Takoma Langley Transit Center,,1,293026,37364,2,2
8934,1,16556,Takoma Langley Transit Center,,1,293036,37364,2,2
8934,1,16557,Takoma Langley Transit Center,,1,293033,37364,2,2
8934,1,16558,Takoma Langley Transit Center,,1,293624,37364,2,2
8934,1,16598,Takoma Langley Transit Center,,1,293591,37364,2,2
8934,1,16590,Takoma Langley Transit Center,,1,293589,37364,2,2
8934,1,16593,Takoma Langley Transit Center,,1,293033,37364,2,2
8934,1,16594,Takoma Langley Transit Center,,1,293059,37364,2,2
8934,1,16559,Takoma Langley Transit Center,,1,293591,37364,2,2
8934,1,16560,Takoma Langley Transit Center,,1,293835,37364,2,2
8934,1,16585,Takoma Langley Transit Center,,1,293641,37364,2,2
8934,1,16561,Takoma Langley Transit Center,,1,293036,37364,2,2
8934,1,16534,Takoma Langley Transit Center,,1,293588,37364,2,2
8934,1,16533,Takoma Langley Transit Center,,1,293055,37364,2,2
8934,1,16586,Takoma Langley Transit Center,,1,293834,37364,2,2
8934,1,16562,Takoma Langley Transit Center,,1,293597,37364,2,2
8934,1,16563,Takoma Langley Transit Center,,1,293835,37364,2,2
8934,1,16564,Takoma Langley Transit Center,,1,293040,37364,2,2
8934,1,16565,Takoma Langley Transit Center,,1,293050,37364,2,2
8934,1,16566,Takoma Langley Transit Center,,1,293038,37364,2,2
8934,1,16531,Takoma Langley Transit Center,,1,293630,37364,2,2
8934,1,16536,Takoma Langley Transit Center,,1,293599,37364,2,2
8934,1,16567,Takoma Langley Transit Center,,1,294450,37364,2,2
8934,1,16568,Takoma Langley Transit Center,,1,293628,37364,2,2
8934,1,16569,Takoma Langley Transit Center,,1,293843,37364,2,2
8934,1,16570,Takoma Langley Transit Center,,1,293050,37364,2,2
8934,1,16571,Takoma Langley Transit Center,,1,293648,37364,2,2
8934,1,16572,Takoma Langley Transit Center,,1,293038,37364,2,2
8934,1,16587,Takoma Langley Transit Center,,1,293635,37364,2,2
8934,1,16538,Takoma Langley Transit Center,,1,293636,37364,2,2
8934,1,16596,Takoma Langley Transit Center,,1,293835,37364,2,2
8934,1,16597,Takoma Langley Transit Center,,1,293647,37364,2,2
8934,1,16537,Takoma Langley Transit Center,,1,293637,37364,2,2
8934,1,16588,Takoma Langley Transit Center,,1,293047,37364,2,2
8934,1,16535,Takoma Langley Transit Center,,1,293834,37364,2,2
8934,1,16573,Takoma Langley Transit Center,,1,293779,37364,2,2
8934,1,16599,Takoma Langley Transit Center,,1,293061,37364,2,2
8934,1,16589,Takoma Langley Transit Center,,1,294049,37364,2,2
8934,1,16532,Takoma Langley Transit Center,,1,293825,37364,2,2
8934,1,16574,Takoma Langley Transit Center,,1,293778,37364,2,2
8934,1,16575,Takoma Langley Transit Center,,1,293800,37364,2,2
8934,1,16591,Takoma Langley Transit Center,,1,293836,37364,2,2
8934,1,16530,Takoma Langley Transit Center,,1,293825,37364,2,2
8934,1,16529,Takoma Langley Transit Center,,1,294522,37364,2,2
8934,1,16576,Takoma Langley Transit Center,,1,293634,37364,2,2
8934,1,16577,Takoma Langley Transit Center,,1,293844,37364,2,2
8934,1,16578,Takoma Langley Transit Center,,1,293051,37364,2,2
8934,1,16579,Takoma Langley Transit Center,,1,293637,37364,2,2
8934,1,16580,Takoma Langley Transit Center,,1,293836,37364,2,2
8934,1,16581,Takoma Langley Transit Center,,1,293837,37364,2,2
8934,1,16582,Takoma Langley Transit Center,,1,293974,37364,2,2
8934,1,16583,Takoma Langley Transit Center,,1,293594,37364,2,2
8934,1,16584,Takoma Langley Transit Center,,1,293594,37364,2,2
8934,1,16592,Takoma Langley Transit Center,,1,293637,37364,2,2
8934,1,16595,Takoma Langley Transit Center,,1,293637,37364,2,2
8935,1,17396,Silver Spring,,0,293034,37365,2,2
8935,1,17395,Silver Spring,,0,293935,37365,2,2
8935,1,17394,Silver Spring,,0,293034,37365,2,2
8935,1,17385,Silver Spring,,0,293033,37365,2,2
8935,1,17401,Silver Spring,,0,293026,37365,2,2
8935,1,17402,Silver Spring,,0,293806,37365,2,2
8935,1,17384,Silver Spring,,0,293030,37365,2,2
8935,1,17403,Silver Spring,,0,293031,37365,2,2
8935,1,17383,Silver Spring,,0,293641,37365,2,2
8935,1,17404,Silver Spring,,0,293782,37365,2,2
8935,1,17382,Silver Spring,,0,294532,37365,2,2
8935,1,17405,Silver Spring,,0,293642,37365,2,2
8935,1,17381,Silver Spring,,0,293781,37365,2,2
8935,1,17406,Silver Spring,,0,293026,37365,2,2
8935,1,17407,Silver Spring,,0,293037,37365,2,2
8935,1,17380,Silver Spring,,0,293641,37365,2,2
8935,1,17397,Silver Spring,,0,293807,37365,2,2
8935,1,17398,Silver Spring,,0,293588,37365,2,2
8935,1,17399,Silver Spring,,0,293805,37365,2,2
8935,1,17408,Silver Spring,,0,293781,37365,2,2
8935,1,17386,Silver Spring,,0,293048,37365,2,2
8935,1,17409,Silver Spring,,0,293830,37365,2,2
8935,1,17410,Silver Spring,,0,293591,37365,2,2
8935,1,17411,Silver Spring,,0,293622,37365,2,2
8935,1,17412,Silver Spring,,0,293588,37365,2,2
8935,1,17413,Silver Spring,,0,293841,37365,2,2
8935,1,17414,Silver Spring,,0,293843,37365,2,2
8935,1,17415,Silver Spring,,0,293034,37365,2,2
8935,1,17416,Silver Spring,,0,293780,37365,2,2
8935,1,17417,Silver Spring,,0,293646,37365,2,2
8935,1,17418,Silver Spring,,0,293836,37365,2,2
8935,1,17400,Silver Spring,,0,293647,37365,2,2
8935,1,17379,Silver Spring,,0,293648,37365,2,2
8935,1,17419,Silver Spring,,0,293042,37365,2,2
8935,1,17378,Silver Spring,,0,293055,37365,2,2
8935,1,17420,Silver Spring,,0,293053,37365,2,2
8935,1,17377,Silver Spring,,0,293836,37365,2,2
8935,1,17421,Silver Spring,,0,293843,37365,2,2
8935,1,17425,Silver Spring,,0,293597,37365,2,2
8935,1,17422,Silver Spring,,0,293041,37365,2,2
8935,1,17376,Silver Spring,,0,293051,37365,2,2
8935,1,17423,Silver Spring,,0,293053,37365,2,2
8935,1,17424,Silver Spring,,0,293631,37365,2,2
8935,1,17393,Silver Spring,,0,293637,37365,2,2
8935,1,17392,Silver Spring,,0,293633,37365,2,2
8935,1,17391,Silver Spring,,0,293047,37365,2,2
8935,1,17390,Silver Spring,,0,293039,37365,2,2
8935,1,17389,Silver Spring,,0,293638,37365,2,2
8935,1,17388,Silver Spring,,0,293594,37365,2,2
8935,1,17387,Silver Spring,,0,293631,37365,2,2
8935,1,17375,Silver Spring,,0,293633,37365,2,2
8935,1,17374,Silver Spring,,0,293050,37365,2,2
8935,1,17429,Takoma,,1,293807,37366,2,2
8935,1,17430,Takoma,,1,293588,37366,2,2
8935,1,17431,Takoma,,1,293641,37366,2,2
8935,1,17432,Takoma,,1,293057,37366,2,2
8935,1,17464,Takoma,,1,293622,37366,2,2
8935,1,17433,Takoma,,1,293591,37366,2,2
8935,1,17465,Takoma,,1,293838,37366,2,2
8935,1,17434,Takoma,,1,293623,37366,2,2
8935,1,17466,Takoma,,1,293807,37366,2,2
8935,1,17435,Takoma,,1,293588,37366,2,2
8935,1,17436,Takoma,,1,293622,37366,2,2
8935,1,17467,Takoma,,1,293781,37366,2,2
8935,1,17437,Takoma,,1,293048,37366,2,2
8935,1,17438,Takoma,,1,293830,37366,2,2
8935,1,17439,Takoma,,1,293591,37366,2,2
8935,1,17440,Takoma,,1,293622,37366,2,2
8935,1,17441,Takoma,,1,293588,37366,2,2
8935,1,17442,Takoma,,1,293841,37366,2,2
8935,1,17443,Takoma,,1,293843,37366,2,2
8935,1,17444,Takoma,,1,293034,37366,2,2
8935,1,17445,Takoma,,1,293780,37366,2,2
8935,1,17446,Takoma,,1,293806,37366,2,2
8935,1,17447,Takoma,,1,293630,37366,2,2
8935,1,17468,Takoma,,1,293628,37366,2,2
8935,1,17428,Takoma,,1,294450,37366,2,2
8935,1,17448,Takoma,,1,293620,37366,2,2
8935,1,17469,Takoma,,1,294049,37366,2,2
8935,1,17470,Takoma,,1,293639,37366,2,2
8935,1,17449,Takoma,,1,293637,37366,2,2
8935,1,17471,Takoma,,1,293836,37366,2,2
8935,1,17450,Takoma,,1,293936,37366,2,2
8935,1,17472,Takoma,,1,293779,37366,2,2
8935,1,17451,Takoma,,1,293061,37366,2,2
8935,1,17473,Takoma,,1,293778,37366,2,2
8935,1,17452,Takoma,,1,293800,37366,2,2
8935,1,17474,Takoma,,1,293630,37366,2,2
8935,1,17453,Takoma,,1,293053,37366,2,2
8935,1,17475,Takoma,,1,293596,37366,2,2
8935,1,17454,Takoma,,1,293631,37366,2,2
8935,1,17427,Takoma,,1,293036,37366,2,2
8935,1,17426,Takoma,,1,293637,37366,2,2
8935,1,17455,Takoma,,1,293061,37366,2,2
8935,1,17456,Takoma,,1,293778,37366,2,2
8935,1,17457,Takoma,,1,293594,37366,2,2
8935,1,17458,Takoma,,1,294049,37366,2,2
8935,1,17459,Takoma,,1,293042,37366,2,2
8935,1,17460,Takoma,,1,293637,37366,2,2
8935,1,17461,Takoma,,1,293061,37366,2,2
8935,1,17462,Takoma,,1,293039,37366,2,2
8935,1,17463,Takoma,,1,293638,37366,2,2
8935,1,17476,Takoma,,1,293052,37366,2,2
8935,1,17477,Takoma,,1,293937,37366,2,2
8936,1,18160,Silver Spring,,0,293623,37367,2,2
8936,1,18159,Silver Spring,,0,293037,37367,2,2
8936,1,18158,Silver Spring,,0,293031,37367,2,2
8936,1,18127,Silver Spring,,0,293622,37367,2,2
8936,1,18128,Silver Spring,,0,293841,37367,2,2
8936,1,18129,Silver Spring,,0,293625,37367,2,2
8936,1,18130,Silver Spring,,0,293841,37367,2,2
8936,1,18151,Silver Spring,,0,293830,37367,2,2
8936,1,18131,Silver Spring,,0,293841,37367,2,2
8936,1,18132,Silver Spring,,0,293625,37367,2,2
8936,1,18133,Silver Spring,,0,293806,37367,2,2
8936,1,18134,Silver Spring,,0,293842,37367,2,2
8936,1,18135,Silver Spring,,0,293806,37367,2,2
8936,1,18136,Silver Spring,,0,293036,37367,2,2
8936,1,18137,Silver Spring,,0,293624,37367,2,2
8936,1,18138,Silver Spring,,0,293589,37367,2,2
8936,1,18139,Silver Spring,,0,293588,37367,2,2
8936,1,18140,Silver Spring,,0,293032,37367,2,2
8936,1,18141,Silver Spring,,0,293639,37367,2,2
8936,1,18142,Silver Spring,,0,293597,37367,2,2
8936,1,18143,Silver Spring,,0,293801,37367,2,2
8936,1,18144,Silver Spring,,0,294450,37367,2,2
8936,1,18145,Silver Spring,,0,293050,37367,2,2
8936,1,18146,Silver Spring,,0,293636,37367,2,2
8936,1,18147,Silver Spring,,0,293834,37367,2,2
8936,1,18148,Silver Spring,,0,294049,37367,2,2
8936,1,18149,Silver Spring,,0,293638,37367,2,2
8936,1,18150,Silver Spring,,0,294049,37367,2,2
8936,1,18157,Silver Spring,,0,293638,37367,2,2
8936,1,18156,Silver Spring,,0,293836,37367,2,2
8936,1,18155,Silver Spring,,0,293837,37367,2,2
8936,1,18154,Silver Spring,,0,293974,37367,2,2
8936,1,18153,Silver Spring,,0,293633,37367,2,2
8936,1,18152,Silver Spring,,0,293638,37367,2,2
8936,1,18126,Silver Spring,,0,293974,37367,2,2
8936,1,18193,Takoma Langley Transit Center,,1,293641,37368,2,2
8936,1,18192,Takoma Langley Transit Center,,1,293622,37368,2,2
8936,1,18161,Takoma Langley Transit Center,,1,293623,37368,2,2
8936,1,18162,Takoma Langley Transit Center,,1,293827,37368,2,2
8936,1,18163,Takoma Langley Transit Center,,1,293830,37368,2,2
8936,1,18164,Takoma Langley Transit Center,,1,293841,37368,2,2
8936,1,18186,Takoma Langley Transit Center,,1,293059,37368,2,2
8936,1,18165,Takoma Langley Transit Center,,1,293827,37368,2,2
8936,1,18166,Takoma Langley Transit Center,,1,293626,37368,2,2
8936,1,18167,Takoma Langley Transit Center,,1,293644,37368,2,2
8936,1,18168,Takoma Langley Transit Center,,1,293031,37368,2,2
8936,1,18169,Takoma Langley Transit Center,,1,293027,37368,2,2
8936,1,18170,Takoma Langley Transit Center,,1,293032,37368,2,2
8936,1,18171,Takoma Langley Transit Center,,1,293588,37368,2,2
8936,1,18172,Takoma Langley Transit Center,,1,293032,37368,2,2
8936,1,18173,Takoma Langley Transit Center,,1,293639,37368,2,2
8936,1,18174,Takoma Langley Transit Center,,1,293037,37368,2,2
8936,1,18175,Takoma Langley Transit Center,,1,293801,37368,2,2
8936,1,18176,Takoma Langley Transit Center,,1,293778,37368,2,2
8936,1,18177,Takoma Langley Transit Center,,1,293051,37368,2,2
8936,1,18178,Takoma Langley Transit Center,,1,293825,37368,2,2
8936,1,18179,Takoma Langley Transit Center,,1,293025,37368,2,2
8936,1,18180,Takoma Langley Transit Center,,1,293975,37368,2,2
8936,1,18181,Takoma Langley Transit Center,,1,293638,37368,2,2
8936,1,18182,Takoma Langley Transit Center,,1,294049,37368,2,2
8936,1,18183,Takoma Langley Transit Center,,1,293638,37368,2,2
8936,1,18184,Takoma Langley Transit Center,,1,293836,37368,2,2
8936,1,18191,Takoma Langley Transit Center,,1,293837,37368,2,2
8936,1,18190,Takoma Langley Transit Center,,1,293974,37368,2,2
8936,1,18189,Takoma Langley Transit Center,,1,293633,37368,2,2
8936,1,18188,Takoma Langley Transit Center,,1,293638,37368,2,2
8936,1,18187,Takoma Langley Transit Center,,1,293974,37368,2,2
8936,1,18185,Takoma Langley Transit Center,,1,293839,37368,2,2
8937,1,18578,Silver Spring via Takoma,,0,293990,37369,2,2
8937,1,18579,Silver Spring via Takoma,,0,293995,37369,2,2
8937,1,18580,Silver Spring via Takoma,,0,293992,37369,2,2
8937,1,18581,Silver Spring via Takoma,,0,293993,37369,2,2
8937,1,18582,Silver Spring via Takoma,,0,293994,37369,2,2
8937,1,18577,Silver Spring via Takoma,,0,293989,37369,2,2
8937,1,18583,Silver Spring via Takoma,,0,293993,37369,2,2
8937,1,18584,Silver Spring via Takoma,,0,293995,37369,2,2
8937,1,18585,Silver Spring via Takoma,,0,293935,37369,2,2
8937,1,18586,Silver Spring via Takoma,,0,293995,37369,2,2
8937,1,18587,Silver Spring via Takoma,,0,293996,37369,2,2
8937,1,18588,Silver Spring via Takoma,,0,293995,37369,2,2
8937,1,18589,Silver Spring via Takoma,,0,293996,37369,2,2
8937,1,18590,Silver Spring via Takoma,,0,293997,37369,2,2
8937,1,18591,Silver Spring via Takoma,,0,293998,37369,2,2
8937,1,18592,Silver Spring via Takoma,,0,293999,37369,2,2
8937,1,18593,Silver Spring via Takoma,,0,293996,37369,2,2
8937,1,18576,Silver Spring via Takoma,,0,293599,37369,2,2
8937,1,18575,Silver Spring via Takoma,,0,293988,37369,2,2
8937,1,18594,Silver Spring via Takoma,,0,293997,37369,2,2
8937,1,18595,Takoma,,0,293998,37371,2,2
8937,1,18596,Takoma,,0,294000,37371,2,2
8937,1,18597,Takoma,,0,293998,37371,2,2
8937,1,18598,Takoma,,0,293998,37371,2,2
8937,1,18599,Takoma,,0,293998,37371,2,2
8937,1,18600,Takoma,,0,293998,37371,2,2
8937,1,18601,Takoma,,0,293998,37371,2,2
8937,1,18605,Takoma Langley Trn Ctr via Takoma,,1,293995,37372,2,2
8937,1,18604,Takoma Langley Trn Ctr via Takoma,,1,293990,37372,2,2
8937,1,18621,Takoma Langley Trn Ctr via Takoma,,1,293993,37372,2,2
8937,1,18622,Takoma Langley Trn Ctr via Takoma,,1,293994,37372,2,2
8937,1,18623,Takoma Langley Trn Ctr via Takoma,,1,293989,37372,2,2
8937,1,18624,Takoma Langley Trn Ctr via Takoma,,1,293993,37372,2,2
8937,1,18625,Takoma Langley Trn Ctr via Takoma,,1,293995,37372,2,2
8937,1,18626,Takoma Langley Trn Ctr via Takoma,,1,293935,37372,2,2
8937,1,18627,Takoma Langley Trn Ctr via Takoma,,1,293995,37372,2,2
8937,1,18606,Takoma Langley Trn Ctr via Takoma,,1,293996,37372,2,2
8937,1,18607,Takoma Langley Trn Ctr via Takoma,,1,293995,37372,2,2
8937,1,18608,Takoma Langley Trn Ctr via Takoma,,1,293996,37372,2,2
8937,1,18609,Takoma Langley Trn Ctr via Takoma,,1,293997,37372,2,2
8937,1,18602,Takoma Langley Trn Ctr via Takoma,,1,293998,37372,2,2
8937,1,18603,Takoma Langley Trn Ctr via Takoma,,1,293999,37372,2,2
8937,1,18610,Takoma Langley Trn Ctr via Takoma,,1,293996,37372,2,2
8937,1,18611,Takoma Langley Trn Ctr via Takoma,,1,293599,37372,2,2
8937,1,18612,Takoma Langley Trn Ctr via Takoma,,1,293988,37372,2,2
8937,1,18613,Takoma Langley Trn Ctr via Takoma,,1,293997,37372,2,2
8937,1,18614,Takoma Langley Trn Ctr via Takoma,,1,293998,37372,2,2
8937,1,18615,Takoma Langley Trn Ctr via Takoma,,1,294000,37372,2,2
8937,1,18616,Takoma Langley Transit Center,,1,293998,37374,2,2
8937,1,18617,Takoma Langley Transit Center,,1,293998,37374,2,2
8937,1,18618,Takoma Langley Transit Center,,1,293998,37374,2,2
8937,1,18619,Takoma Langley Transit Center,,1,293998,37374,2,2
8937,1,18620,Takoma Langley Transit Center,,1,293998,37374,2,2
8937,1,18628,Takoma Langley Transit Center,,1,293998,37374,2,2
8938,1,18955,Dallas Ave/ Norwood,,0,293835,37376,2,2
8938,1,18954,Dallas Ave/ Norwood,,0,293639,37376,2,2
8938,1,18953,Dallas Ave/ Norwood,,0,294033,37376,2,2
8938,1,18951,Dallas Ave Norwood,,0,293834,37375,2,2
8938,1,18952,Dallas Ave Norwood,,0,293843,37375,2,2
8938,1,18959,Silver Spring,,1,293057,37377,2,2
8938,1,18958,Silver Spring,,1,293033,37377,2,2
8938,1,18956,Silver Spring,,1,293589,37377,2,2
8938,1,18957,Silver Spring,,1,293589,37377,2,2
8939,1,19008,Lyttonsville,,0,293064,37378,2,2
8939,1,19007,Lyttonsville via Fort Detrick,,0,293591,37379,2,2
8939,1,19006,Lyttonsville via Fort Detrick,,0,293620,37379,2,2
8939,1,19005,Lyttonsville via Fort Detrick,,0,293032,37379,2,2
8939,1,19004,Lyttonsville via Fort Detrick,,0,294036,37379,2,2
8939,1,19009,Lyttonsville via Fort Detrick,,0,293030,37379,2,2
8939,1,19010,Lyttonsville via Fort Detrick,,0,294037,37379,2,2
8939,1,19017,Lyttonsville via Fort Detrick,,0,294038,37379,2,2
8939,1,19003,Lyttonsville,,0,293591,37378,2,2
8939,1,19002,Lyttonsville,,0,293621,37378,2,2
8939,1,19001,Lyttonsville,,0,293031,37378,2,2
8939,1,19000,Lyttonsville,,0,293037,37378,2,2
8939,1,18999,Lyttonsville,,0,293037,37378,2,2
8939,1,18998,Lyttonsville,,0,293031,37378,2,2
8939,1,18997,Lyttonsville,,0,293624,37378,2,2
8939,1,18996,Lyttonsville,,0,293624,37378,2,2
8939,1,18995,Lyttonsville,,0,293624,37378,2,2
8939,1,19016,Lyttonsville,,0,293624,37378,2,2
8939,1,19015,Lyttonsville,,0,293051,37378,2,2
8939,1,19014,Lyttonsville,,0,293597,37378,2,2
8939,1,18994,Lyttonsville,,0,293845,37378,2,2
8939,1,19013,Lyttonsville,,0,293596,37378,2,2
8939,1,18993,Lyttonsville,,0,293634,37378,2,2
8939,1,19012,Lyttonsville,,0,293646,37378,2,2
8939,1,18992,Lyttonsville,,0,293035,37378,2,2
8939,1,19020,Lyttonsville,,0,293593,37378,2,2
8939,1,19011,Lyttonsville,,0,293041,37378,2,2
8939,1,18991,Lyttonsville,,0,293041,37378,2,2
8939,1,18987,Lyttonsville,,0,293628,37378,2,2
8939,1,18990,Lyttonsville,,0,293042,37378,2,2
8939,1,18989,Lyttonsville,,0,293633,37378,2,2
8939,1,18988,Lyttonsville,,0,293050,37378,2,2
8939,1,19018,Lyttonsville,,0,293050,37378,2,2
8939,1,19019,Lyttonsville,,0,293837,37378,2,2
8939,1,19040,Silver Spring,,1,293064,37380,2,2
8939,1,19039,Silver Spring,,1,293064,37380,2,2
8939,1,19038,Silver Spring,,1,293993,37380,2,2
8939,1,19037,Silver Spring,,1,293591,37380,2,2
8939,1,19036,Silver Spring,,1,293620,37380,2,2
8939,1,19035,Silver Spring,,1,293032,37380,2,2
8939,1,19034,Silver Spring,,1,294036,37380,2,2
8939,1,19033,Silver Spring,,1,293030,37380,2,2
8939,1,19032,Silver Spring,,1,294037,37380,2,2
8939,1,19031,Silver Spring,,1,294038,37380,2,2
8939,1,19041,Silver Spring,,1,293591,37380,2,2
8939,1,19042,Silver Spring,,1,293621,37380,2,2
8939,1,19043,Silver Spring,,1,293031,37380,2,2
8939,1,19051,Silver Spring,,1,293037,37380,2,2
8939,1,19050,Silver Spring,,1,293037,37380,2,2
8939,1,19030,Silver Spring,,1,293031,37380,2,2
8939,1,19029,Silver Spring,,1,293624,37380,2,2
8939,1,19028,Silver Spring,,1,293624,37380,2,2
8939,1,19049,Silver Spring,,1,293624,37380,2,2
8939,1,19048,Silver Spring via Fort Detrick,,1,293045,37381,2,2
8939,1,19027,Silver Spring via Fort Detrick,,1,293051,37381,2,2
8939,1,19026,Silver Spring via Fort Detrick,,1,293597,37381,2,2
8939,1,19025,Silver Spring via Fort Detrick,,1,293845,37381,2,2
8939,1,19024,Silver Spring via Fort Detrick,,1,293596,37381,2,2
8939,1,19047,Silver Spring via Fort Detrick,,1,293634,37381,2,2
8939,1,19046,Silver Spring via Fort Detrick,,1,293646,37381,2,2
8939,1,19023,Silver Spring,,1,293035,37380,2,2
8939,1,19022,Silver Spring,,1,293041,37380,2,2
8939,1,19021,Silver Spring,,1,293041,37380,2,2
8939,1,19052,Silver Spring,,1,293628,37380,2,2
8939,1,19045,Silver Spring,,1,293042,37380,2,2
8939,1,19044,Silver Spring,,1,293633,37380,2,2
8939,1,19053,Silver Spring,,1,293050,37380,2,2
8939,1,19054,Silver Spring,,1,293050,37380,2,2
8940,1,19462,Hillandale,,0,293995,37383,2,2
8940,1,19461,Hillandale,,0,293841,37383,2,2
8940,1,19460,Hillandale,,0,293829,37383,2,2
8940,1,19463,Hillandale,,0,293642,37383,2,2
8940,1,19459,Hillandale,,0,293804,37383,2,2
8940,1,19464,Hillandale,,0,293626,37383,2,2
8940,1,19458,Hillandale,,0,293031,37383,2,2
8940,1,19465,Hillandale,,0,293804,37383,2,2
8940,1,19457,Hillandale,,0,293034,37382,2,2
8940,1,19456,Hillandale,,0,293037,37383,2,2
8940,1,19466,Hillandale,,0,293838,37383,2,2
8940,1,19455,Hillandale,,0,294050,37383,2,2
8940,1,19454,Hillandale,,0,293589,37383,2,2
8940,1,19452,Hillandale,,0,293590,37382,2,2
8940,1,19453,Hillandale,,0,294050,37383,2,2
8940,1,19451,Hillandale,,0,293641,37383,2,2
8940,1,19450,Hillandale,,0,293838,37383,2,2
8940,1,19436,Hillandale,,0,293636,37383,2,2
8940,1,19449,Hillandale,,0,293051,37383,2,2
8940,1,19448,Hillandale,,0,293027,37383,2,2
8940,1,19478,Hillandale,,0,293634,37383,2,2
8940,1,19467,Hillandale,,0,293032,37383,2,2
8940,1,19447,Hillandale,,0,293636,37383,2,2
8940,1,19468,Hillandale,,0,294051,37383,2,2
8940,1,19435,Hillandale,,0,293646,37383,2,2
8940,1,19446,Hillandale,,0,293631,37383,2,2
8940,1,19469,Hillandale,,0,293054,37383,2,2
8940,1,19470,Hillandale,,0,293647,37383,2,2
8940,1,19433,Hillandale,,0,293629,37383,2,2
8940,1,19434,Hillandale,,0,294049,37383,2,2
8940,1,19471,Hillandale,,0,293039,37383,2,2
8940,1,19472,Hillandale,,0,293593,37383,2,2
8940,1,19432,Hillandale,,0,293040,37383,2,2
8940,1,19473,Hillandale,,0,293801,37383,2,2
8940,1,19445,Hillandale,,0,293648,37383,2,2
8940,1,19444,Hillandale,,0,293843,37383,2,2
8940,1,19474,Hillandale,,0,293647,37383,2,2
8940,1,19475,Hillandale,,0,293646,37383,2,2
8940,1,19431,Hillandale,,0,293063,37383,2,2
8940,1,19476,Hillandale,,0,293055,37383,2,2
8940,1,19443,Hillandale,,0,293636,37382,2,2
8940,1,19442,Hillandale,,0,293035,37383,2,2
8940,1,19441,Hillandale,,0,293046,37383,2,2
8940,1,19440,Hillandale,,0,293839,37383,2,2
8940,1,19439,Hillandale,,0,293836,37383,2,2
8940,1,19438,Hillandale,,0,293052,37383,2,2
8940,1,19437,Hillandale,,0,293937,37383,2,2
8940,1,19477,Hillandale,,0,293633,37383,2,2
8940,1,19510,Silver Spring,,1,293807,37384,2,2
8940,1,19509,Silver Spring,,1,294036,37384,2,2
8940,1,19511,Silver Spring,,1,294532,37384,2,2
8940,1,19481,Silver Spring,,1,293592,37384,2,2
8940,1,19508,Silver Spring,,1,293780,37384,2,2
8940,1,19512,Silver Spring,,1,293841,37384,2,2
8940,1,19507,Silver Spring,,1,293028,37384,2,2
8940,1,19513,Silver Spring,,1,293645,37384,2,2
8940,1,19480,Silver Spring,,1,293827,37384,2,2
8940,1,19506,Silver Spring,,1,293829,37384,2,2
8940,1,19505,Silver Spring,,1,293838,37384,2,2
8940,1,19514,Silver Spring,,1,293830,37384,2,2
8940,1,19523,Silver Spring,,1,293619,37384,2,2
8940,1,19504,Silver Spring,,1,294037,37384,2,2
8940,1,19479,Silver Spring,,1,293804,37384,2,2
8940,1,19515,Silver Spring,,1,293806,37384,2,2
8940,1,19503,Silver Spring,,1,294038,37384,2,2
8940,1,19516,Silver Spring,,1,293031,37384,2,2
8940,1,19520,Silver Spring,,1,293626,37384,2,2
8940,1,19521,Silver Spring,,1,293804,37384,2,2
8940,1,19524,Silver Spring,,1,293034,37384,2,2
8940,1,19502,Silver Spring,,1,293037,37384,2,2
8940,1,19501,Silver Spring,,1,293620,37384,2,2
8940,1,19500,Silver Spring,,1,294050,37384,2,2
8940,1,19499,Silver Spring,,1,293589,37384,2,2
8940,1,19498,Silver Spring,,1,293838,37384,2,2
8940,1,19497,Silver Spring,,1,294050,37384,2,2
8940,1,19496,Silver Spring,,1,293641,37384,2,2
8940,1,19495,Silver Spring,,1,293838,37384,2,2
8940,1,19494,Silver Spring,,1,293636,37384,2,2
8940,1,19493,Silver Spring,,1,293051,37384,2,2
8940,1,19483,Silver Spring,,1,293634,37384,2,2
8940,1,19482,Silver Spring,,1,293636,37384,2,2
8940,1,19492,Silver Spring,,1,293646,37384,2,2
8940,1,19517,Silver Spring,,1,293054,37384,2,2
8940,1,19491,Silver Spring,,1,293631,37384,2,2
8940,1,19518,Silver Spring,,1,293039,37384,2,2
8940,1,19519,Silver Spring,,1,293801,37384,2,2
8940,1,19490,Silver Spring,,1,293843,37384,2,2
8940,1,19489,Silver Spring,,1,293630,37384,2,2
8940,1,19488,Silver Spring,,1,293646,37384,2,2
8940,1,19525,Silver Spring,,1,293061,37384,2,2
8940,1,19487,Silver Spring,,1,293046,37384,2,2
8940,1,19486,Silver Spring,,1,293839,37384,2,2
8940,1,19485,Silver Spring,,1,293836,37384,2,2
8940,1,19484,Silver Spring,,1,293052,37384,2,2
8940,1,19522,Silver Spring,,1,293937,37384,2,2
8946,1,20116,Briggs Chaney,,0,294082,37395,2,2
8946,1,20115,Briggs Chaney,,0,293802,37395,2,2
8946,1,20114,Briggs Chaney,,0,294082,37395,2,2
8946,1,20113,Briggs Chaney,,0,293996,37395,2,2
8946,1,20112,Briggs Chaney,,0,293599,37395,2,2
8946,1,20111,Briggs Chaney,,0,293996,37395,2,2
8946,1,20121,Silver Spring,,1,294096,37396,2,2
8946,1,20120,Silver Spring,,1,294083,37396,2,2
8946,1,20119,Silver Spring,,1,293994,37396,2,2
8946,1,20118,Silver Spring,,1,293989,37396,2,2
8946,1,20117,Silver Spring,,1,293992,37396,2,2
8954,1,20175,Hillandale,,0,293935,37404,2,2
8954,1,20174,Hillandale,,0,294095,37404,2,2
8954,1,20173,Hillandale,,0,294084,37404,2,2
8954,1,20172,Hillandale,,0,294095,37404,2,2
8954,1,20164,Hillandale,,0,294084,37404,2,2
8954,1,20171,Hillandale,,0,294095,37404,2,2
8954,1,20170,Hillandale,,0,294084,37404,2,2
8954,1,20163,Hillandale,,0,293975,37404,2,2
8954,1,20169,Hillandale,,0,293988,37404,2,2
8954,1,20168,Hillandale,,0,293997,37404,2,2
8954,1,20167,Hillandale,,0,293998,37404,2,2
8954,1,20166,Hillandale,,0,294000,37404,2,2
8954,1,20162,Hillandale,,0,293636,37404,2,2
8954,1,20165,Hillandale,,0,293988,37404,2,2
8954,1,20189,Silver Spring,,1,293995,37405,2,2
8954,1,20188,Silver Spring,,1,293935,37405,2,2
8954,1,20187,Silver Spring,,1,294095,37405,2,2
8954,1,20186,Silver Spring,,1,294084,37405,2,2
8954,1,20185,Silver Spring,,1,294095,37405,2,2
8954,1,20177,Silver Spring,,1,294084,37405,2,2
8954,1,20184,Silver Spring,,1,294095,37405,2,2
8954,1,20183,Silver Spring,,1,294097,37405,2,2
8954,1,20182,Silver Spring,,1,293975,37405,2,2
8954,1,20181,Silver Spring,,1,293988,37405,2,2
8954,1,20180,Silver Spring,,1,293997,37405,2,2
8954,1,20179,Silver Spring,,1,293998,37405,2,2
8954,1,20176,Silver Spring,,1,294000,37405,2,2
8954,1,20178,Silver Spring,,1,293636,37405,2,2
8955,1,20271,Friendship Heights,,0,297833,37406,2,2
8955,1,20272,Friendship Heights,,0,297852,37406,2,2
8955,1,20273,Friendship Heights,,0,297833,37406,2,2
8955,1,20274,Friendship Heights,,0,297835,37406,2,2
8955,1,20275,Friendship Heights,,0,297833,37406,2,2
8955,1,20276,Friendship Heights,,0,297835,37406,2,2
8955,1,20277,Friendship Heights,,0,297833,37406,2,2
8955,1,20278,Friendship Heights,,0,297865,37406,2,2
8955,1,20279,Friendship Heights,,0,297868,37406,2,2
8955,1,20280,Friendship Heights,,0,297833,37406,2,2
8955,1,20281,Friendship Heights,,0,297846,37406,2,2
8955,1,20282,Friendship Heights,,0,297833,37406,2,2
8955,1,20283,Friendship Heights,,0,297846,37406,2,2
8955,1,20284,Friendship Heights,,0,297833,37406,2,2
8955,1,20285,Friendship Heights,,0,297886,37406,2,2
8955,1,20286,Friendship Heights,,0,297889,37406,2,2
8955,1,20287,Friendship Heights,,0,297882,37406,2,2
8955,1,20288,Friendship Heights,,0,297850,37406,2,2
8955,1,20289,Friendship Heights,,0,297892,37406,2,2
8955,1,20290,Friendship Heights,,0,297850,37406,2,2
8955,1,20291,Friendship Heights,,0,297876,37406,2,2
8955,1,20292,Friendship Heights,,0,297892,37406,2,2
8955,1,20293,Friendship Heights,,0,297876,37406,2,2
8955,1,20294,Friendship Heights,,0,297892,37406,2,2
8955,1,20295,Friendship Heights,,0,297886,37406,2,2
8955,1,20296,Friendship Heights,,0,297889,37406,2,2
8955,1,20297,Friendship Heights,,0,297886,37406,2,2
8955,1,20298,Friendship Heights,,0,297892,37406,2,2
8955,1,20270,Friendship Heights,,0,297882,37406,2,2
8955,1,20314,Sibley Hospital,,1,297833,37407,2,2
8955,1,20313,Sibley Hospital,,1,297852,37407,2,2
8955,1,20312,Sibley Hospital,,1,297833,37407,2,2
8955,1,20311,Sibley Hospital,,1,297835,37407,2,2
8955,1,20310,Sibley Hospital,,1,297833,37407,2,2
8955,1,20309,Sibley Hospital,,1,297835,37407,2,2
8955,1,20308,Sibley Hospital,,1,297833,37407,2,2
8955,1,20307,Sibley Hospital,,1,297865,37407,2,2
8955,1,20306,Sibley Hospital,,1,297868,37407,2,2
8955,1,20305,Sibley Hospital,,1,297833,37407,2,2
8955,1,20315,Sibley Hospital,,1,297846,37407,2,2
8955,1,20316,Sibley Hospital,,1,297833,37407,2,2
8955,1,20317,Sibley Hospital,,1,297846,37407,2,2
8955,1,20318,Sibley Hospital,,1,297833,37407,2,2
8955,1,20319,Sibley Hospital,,1,297886,37407,2,2
8955,1,20320,Sibley Hospital,,1,297889,37407,2,2
8955,1,20321,Sibley Hospital,,1,297882,37407,2,2
8955,1,20304,Sibley Hospital,,1,297850,37407,2,2
8955,1,20322,Sibley Hospital,,1,297892,37407,2,2
8955,1,20323,Sibley Hospital,,1,297850,37407,2,2
8955,1,20324,Sibley Hospital,,1,297876,37407,2,2
8955,1,20303,Sibley Hospital,,1,297892,37407,2,2
8955,1,20325,Sibley Hospital,,1,297876,37407,2,2
8955,1,20302,Sibley Hospital,,1,297892,37407,2,2
8955,1,20301,Sibley Hospital,,1,297886,37407,2,2
8955,1,20300,Sibley Hospital,,1,297889,37407,2,2
8955,1,20326,Sibley Hospital,,1,297886,37407,2,2
8955,1,20327,Sibley Hospital,,1,297892,37407,2,2
8955,1,20299,Sibley Hospital,,1,297882,37407,2,2
8956,1,20591,Hillandale,,0,293635,37408,2,2
8956,1,20590,Hillandale,,0,293637,37408,2,2
8956,1,20589,Hillandale,,0,293936,37408,2,2
8956,1,20588,Hillandale,,0,293845,37408,2,2
8956,1,20587,Hillandale,,0,293630,37408,2,2
8956,1,20586,Hillandale,,0,293045,37408,2,2
8956,1,20585,Hillandale,,0,293036,37408,2,2
8956,1,20584,Hillandale,,0,293061,37408,2,2
8956,1,20597,Takoma,,1,293059,37409,2,2
8956,1,20596,Takoma,,1,293806,37409,2,2
8956,1,20595,Takoma,,1,293062,37409,2,2
8956,1,20594,Takoma,,1,293642,37409,2,2
8956,1,20593,Takoma,,1,293621,37409,2,2
8956,1,20592,Takoma,,1,293625,37409,2,2
8957,1,20641,Takoma Langley,,0,293992,37410,2,2
8957,1,20644,Takoma Langley,,0,293992,37410,2,2
8957,1,20642,Takoma Langley,,0,293992,37410,2,2
8957,1,20643,Takoma Langley,,0,293990,37410,2,2
8957,1,20652,Takoma Langley,,0,293990,37410,2,2
8957,1,20646,Takoma Langley,,0,294151,37410,2,2
8957,1,20645,Takoma Langley,,0,294151,37410,2,2
8957,1,20647,Takoma Langley,,0,294151,37410,2,2
8957,1,20648,Takoma Langley,,0,294151,37410,2,2
8957,1,20649,Takoma Langley,,0,294151,37410,2,2
8957,1,20651,Takoma Langley,,0,294151,37410,2,2
8957,1,20640,Takoma Langley,,0,294151,37410,2,2
8957,1,20650,Takoma Langley,,0,294151,37410,2,2
8957,1,20654,Takoma,,1,293992,37411,2,2
8957,1,20655,Takoma,,1,293992,37411,2,2
8957,1,20656,Takoma,,1,293992,37411,2,2
8957,1,20657,Takoma,,1,293990,37411,2,2
8957,1,20658,Takoma,,1,293990,37411,2,2
8957,1,20653,Takoma,,1,293990,37411,2,2
8957,1,20659,Takoma,,1,294151,37411,2,2
8957,1,20660,Takoma,,1,294151,37411,2,2
8957,1,20661,Takoma,,1,294151,37411,2,2
8957,1,20662,Takoma,,1,294151,37411,2,2
8957,1,20663,Takoma,,1,294151,37411,2,2
8957,1,20664,Takoma,,1,294151,37411,2,2
8957,1,20665,Takoma,,1,294151,37411,2,2
8958,1,20761,Glenmont,,0,294162,37412,2,2
8958,1,20791,Glenmont,,0,294165,37412,2,2
8958,1,20760,Glenmont,,0,294161,37412,2,2
8958,1,20759,Glenmont,,0,294163,37412,2,2
8958,1,20758,Glenmont,,0,293064,37412,2,2
8958,1,20757,Glenmont,,0,294156,37412,2,2
8958,1,20762,Glenmont,,0,294166,37412,2,2
8958,1,20756,Glenmont,,0,293828,37412,2,2
8958,1,20763,Glenmont,,0,294165,37412,2,2
8958,1,20755,Glenmont,,0,294161,37412,2,2
8958,1,20764,Glenmont,,0,294164,37412,2,2
8958,1,20765,Glenmont,,0,294162,37412,2,2
8958,1,20753,Glenmont,,0,293064,37412,2,2
8958,1,20752,Glenmont,,0,294159,37412,2,2
8958,1,20750,Glenmont,,0,293828,37412,2,2
8958,1,20749,Glenmont,,0,294157,37412,2,2
8958,1,20748,Glenmont,,0,294156,37412,2,2
8958,1,20771,Glenmont,,0,294164,37412,2,2
8958,1,20772,Glenmont,,0,294162,37412,2,2
8958,1,20773,Glenmont,,0,293064,37412,2,2
8958,1,20774,Glenmont,,0,294157,37412,2,2
8958,1,20775,Glenmont,,0,294156,37412,2,2
8958,1,20776,Glenmont,,0,294164,37412,2,2
8958,1,20766,Glenmont,,0,294167,37412,2,2
8958,1,20777,Glenmont,,0,294160,37412,2,2
8958,1,20767,Glenmont,,0,293840,37412,2,2
8958,1,20778,Glenmont,,0,294174,37412,2,2
8958,1,20768,Glenmont,,0,294168,37412,2,2
8958,1,20779,Glenmont,,0,294158,37412,2,2
8958,1,20769,Glenmont,,0,294169,37412,2,2
8958,1,20780,Glenmont,,0,294173,37412,2,2
8958,1,20770,Glenmont,,0,294170,37412,2,2
8958,1,20792,Glenmont,,0,294175,37412,2,2
8958,1,20793,Glenmont,,0,294167,37412,2,2
8958,1,20754,Glenmont,,0,294160,37412,2,2
8958,1,20781,Glenmont,,0,294157,37412,2,2
8958,1,20782,Glenmont,,0,294154,37412,2,2
8958,1,20783,Glenmont,,0,294168,37412,2,2
8958,1,20784,Glenmont,,0,294169,37412,2,2
8958,1,20785,Glenmont,,0,294174,37412,2,2
8958,1,20751,Glenmont,,0,294158,37412,2,2
8958,1,20786,Glenmont,,0,294160,37412,2,2
8958,1,20746,Glenmont,,0,294154,37412,2,2
8958,1,20787,Glenmont,,0,294169,37412,2,2
8958,1,20788,Glenmont,,0,294174,37412,2,2
8958,1,20789,Glenmont,,0,294158,37412,2,2
8958,1,20790,Glenmont,,0,294154,37412,2,2
8958,1,20747,Glenmont,,0,294155,37412,2,2
8958,1,20804,Montgomery Mall,,1,294163,37413,2,2
8958,1,20805,Montgomery Mall,,1,294156,37413,2,2
8958,1,20806,Montgomery Mall,,1,294166,37413,2,2
8958,1,20803,Montgomery Mall,,1,294165,37413,2,2
8958,1,20807,Montgomery Mall,,1,294161,37413,2,2
8958,1,20802,Montgomery Mall,,1,294164,37413,2,2
8958,1,20808,Montgomery Mall,,1,294162,37413,2,2
8958,1,20801,Montgomery Mall,,1,293064,37413,2,2
8958,1,20809,Montgomery Mall,,1,294159,37413,2,2
8958,1,20800,Montgomery Mall,,1,294163,37413,2,2
8958,1,20810,Montgomery Mall,,1,293828,37413,2,2
8958,1,20799,Montgomery Mall,,1,294165,37413,2,2
8958,1,20811,Montgomery Mall,,1,294161,37413,2,2
8958,1,20812,Montgomery Mall,,1,294156,37413,2,2
8958,1,20813,Montgomery Mall,,1,294164,37413,2,2
8958,1,20814,Montgomery Mall,,1,294162,37413,2,2
8958,1,20815,Montgomery Mall,,1,293064,37413,2,2
8958,1,20816,Montgomery Mall,,1,294157,37413,2,2
8958,1,20817,Montgomery Mall,,1,294156,37413,2,2
8958,1,20818,Montgomery Mall,,1,294164,37413,2,2
8958,1,20819,Montgomery Mall,,1,294160,37413,2,2
8958,1,20820,Montgomery Mall,,1,293840,37413,2,2
8958,1,20821,Montgomery Mall,,1,294168,37413,2,2
8958,1,20822,Montgomery Mall,,1,294169,37413,2,2
8958,1,20823,Montgomery Mall,,1,294170,37413,2,2
8958,1,20824,Montgomery Mall,,1,294175,37413,2,2
8958,1,20798,Montgomery Mall,,1,294167,37413,2,2
8958,1,20825,Montgomery Mall,,1,294160,37413,2,2
8958,1,20797,Montgomery Mall,,1,294157,37413,2,2
8958,1,20826,Montgomery Mall,,1,294154,37413,2,2
8958,1,20838,Montgomery Mall,,1,293046,37413,2,2
8958,1,20839,Montgomery Mall,,1,294168,37413,2,2
8958,1,20796,Montgomery Mall,,1,294176,37413,2,2
8958,1,20827,Montgomery Mall,,1,294169,37413,2,2
8958,1,20828,Montgomery Mall,,1,294174,37413,2,2
8958,1,20829,Montgomery Mall,,1,294175,37413,2,2
8958,1,20795,Montgomery Mall,,1,294158,37413,2,2
8958,1,20830,Montgomery Mall,,1,294157,37413,2,2
8958,1,20831,Montgomery Mall,,1,294160,37413,2,2
8958,1,20832,Montgomery Mall,,1,294154,37413,2,2
8958,1,20833,Montgomery Mall,,1,294169,37413,2,2
8958,1,20834,Montgomery Mall,,1,294174,37413,2,2
8958,1,20835,Montgomery Mall,,1,294158,37413,2,2
8958,1,20836,Montgomery Mall,,1,294154,37413,2,2
8958,1,20837,Montgomery Mall,,1,294155,37413,2,2
8958,1,20794,Montgomery Mall,,1,294158,37413,2,2
8959,1,21373,Tech Rd via Adventist Healthcare,,0,293645,37414,2,2
8959,1,21398,Tech Rd via Adventist Healthcare,,0,293838,37414,2,2
8959,1,21399,Tech Rd via Adventist Healthcare,,0,293619,37414,2,2
8959,1,21400,Tech Rd via Adventist Healthcare,,0,294266,37414,2,2
8959,1,21401,Tech Rd via Adventist Healthcare,,0,294038,37414,2,2
8959,1,21402,Tech Rd via Adventist Healthcare,,0,294266,37414,2,2
8959,1,21403,Tech Rd via Adventist Healthcare,,0,293626,37414,2,2
8959,1,21404,Tech Rd via Adventist Healthcare,,0,294266,37414,2,2
8959,1,21397,Tech Rd via Adventist Healthcare,,0,293620,37414,2,2
8959,1,21396,Tech Rd via Adventist Healthcare,,0,294266,37414,2,2
8959,1,21395,Tech Rd via Adventist Healthcare,,0,293620,37414,2,2
8959,1,21394,Tech Rd via Adventist Healthcare,,0,294266,37414,2,2
8959,1,21393,Tech Rd via Adventist Healthcare,,0,293838,37414,2,2
8959,1,21392,Tech Rd via Adventist Healthcare,,0,294151,37414,2,2
8959,1,21391,Tech Rd via Adventist Healthcare,,0,293838,37414,2,2
8959,1,21390,Tech Rd via Adventist Healthcare,,0,294151,37414,2,2
8959,1,21389,Tech Rd via Adventist Healthcare,,0,293590,37414,2,2
8959,1,21388,Tech Rd via Adventist Healthcare,,0,294151,37414,2,2
8959,1,21387,Tech Rd via Adventist Healthcare,,0,293590,37414,2,2
8959,1,21386,Tech Rd via Adventist Healthcare,,0,294151,37414,2,2
8959,1,21385,Tech Rd via Adventist Healthcare,,0,294396,37414,2,2
8959,1,21384,Tech Rd via Adventist Healthcare,,0,294033,37414,2,2
8959,1,21383,Tech Rd via Adventist Healthcare,,0,294396,37414,2,2
8959,1,21382,Tech Rd via Adventist Healthcare,,0,294033,37414,2,2
8959,1,21381,Tech Rd via Adventist Healthcare,,0,294396,37414,2,2
8959,1,21380,Tech Rd via Adventist Healthcare,,0,294033,37414,2,2
8959,1,21379,Tech Rd via Adventist Healthcare,,0,293631,37414,2,2
8959,1,21378,Tech Rd via Adventist Healthcare,,0,294033,37414,2,2
8959,1,21377,Tech Rd via Adventist Healthcare,,0,293629,37414,2,2
8959,1,21376,Tech Rd via Adventist Healthcare,,0,293936,37414,2,2
8959,1,21375,Tech Rd via Adventist Healthcare,,0,293629,37414,2,2
8959,1,21374,Tech Rd via Adventist Healthcare,,0,293936,37414,2,2
8959,1,21405,Tech Rd via Adventist Healthcare,,0,293630,37414,2,2
8959,1,21406,Tech Rd via Adventist Healthcare,,0,293646,37414,2,2
8959,1,21407,Tech Rd via Adventist Healthcare,,0,293063,37414,2,2
8959,1,21432,Hillandale via Adventist Healthcare,,1,293645,37415,2,2
8959,1,21433,Hillandale via Adventist Healthcare,,1,293838,37415,2,2
8959,1,21434,Hillandale via Adventist Healthcare,,1,293619,37415,2,2
8959,1,21435,Hillandale via Adventist Healthcare,,1,294266,37415,2,2
8959,1,21436,Hillandale via Adventist Healthcare,,1,294038,37415,2,2
8959,1,21437,Hillandale via Adventist Healthcare,,1,294266,37415,2,2
8959,1,21438,Hillandale via Adventist Healthcare,,1,293626,37415,2,2
8959,1,21439,Hillandale via Adventist Healthcare,,1,294266,37415,2,2
8959,1,21431,Hillandale via Adventist Healthcare,,1,293620,37415,2,2
8959,1,21430,Hillandale via Adventist Healthcare,,1,294266,37415,2,2
8959,1,21429,Hillandale via Adventist Healthcare,,1,293620,37415,2,2
8959,1,21428,Hillandale via Adventist Healthcare,,1,294266,37415,2,2
8959,1,21427,Hillandale via Adventist Healthcare,,1,293838,37415,2,2
8959,1,21426,Hillandale via Adventist Healthcare,,1,294151,37415,2,2
8959,1,21425,Hillandale via Adventist Healthcare,,1,293838,37415,2,2
8959,1,21424,Hillandale via Adventist Healthcare,,1,294151,37415,2,2
8959,1,21423,Hillandale via Adventist Healthcare,,1,293590,37415,2,2
8959,1,21422,Hillandale via Adventist Healthcare,,1,294151,37415,2,2
8959,1,21421,Hillandale via Adventist Healthcare,,1,293590,37415,2,2
8959,1,21420,Hillandale via Adventist Healthcare,,1,294151,37415,2,2
8959,1,21419,Hillandale via Adventist Healthcare,,1,294396,37415,2,2
8959,1,21418,Hillandale via Adventist Healthcare,,1,294033,37415,2,2
8959,1,21417,Hillandale via Adventist Healthcare,,1,294396,37415,2,2
8959,1,21416,Hillandale via Adventist Healthcare,,1,294033,37415,2,2
8959,1,21415,Hillandale via Adventist Healthcare,,1,294396,37415,2,2
8959,1,21414,Hillandale via Adventist Healthcare,,1,294033,37415,2,2
8959,1,21413,Hillandale via Adventist Healthcare,,1,293631,37415,2,2
8959,1,21412,Hillandale via Adventist Healthcare,,1,294033,37415,2,2
8959,1,21411,Hillandale via Adventist Healthcare,,1,293629,37415,2,2
8959,1,21410,Hillandale via Adventist Healthcare,,1,293936,37415,2,2
8959,1,21409,Hillandale via Adventist Healthcare,,1,293629,37415,2,2
8959,1,21408,Hillandale via Adventist Healthcare,,1,293936,37415,2,2
8959,1,21440,Hillandale via Adventist Healthcare,,1,293630,37415,2,2
8959,1,21441,Hillandale via Adventist Healthcare,,1,293646,37415,2,2
8959,1,21442,Hillandale via Adventist Healthcare,,1,293063,37415,2,2
8960,1,21729,Vango-Free Silver Spring,,0,293026,37416,2,2
8960,1,21754,Vango-Free Silver Spring,,0,293807,37416,2,2
8960,1,21755,Vango-Free Silver Spring,,0,294036,37416,2,2
8960,1,21756,Vango-Free Silver Spring,,0,294036,37416,2,2
8960,1,21757,Vango-Free Silver Spring,,0,294036,37416,2,2
8960,1,21758,Vango-Free Silver Spring,,0,293641,37416,2,2
8960,1,21759,Vango-Free Silver Spring,,0,293588,37416,2,2
8960,1,21760,Vango-Free Silver Spring,,0,293807,37416,2,2
8960,1,21753,Vango-Free Silver Spring,,0,293059,37416,2,2
8960,1,21752,Vango-Free Silver Spring,,0,293619,37416,2,2
8960,1,21751,Vango-Free Silver Spring,,0,293034,37416,2,2
8960,1,21750,Vango-Free Silver Spring,,0,293035,37416,2,2
8960,1,21749,Vango-Free Silver Spring,,0,293027,37416,2,2
8960,1,21748,Vango-Free Silver Spring,,0,293027,37416,2,2
8960,1,21747,Vango-Free Silver Spring,,0,293635,37416,2,2
8960,1,21746,Vango-Free Silver Spring,,0,293635,37416,2,2
8960,1,21745,Vango-Free Silver Spring,,0,293599,37416,2,2
8960,1,21744,Vango-Free Silver Spring,,0,293045,37416,2,2
8960,1,21743,Vango-Free Silver Spring,,0,293035,37416,2,2
8960,1,21742,Vango-Free Silver Spring,,0,293825,37416,2,2
8960,1,21741,Vango-Free Silver Spring,,0,293047,37416,2,2
8960,1,21740,Vango-Free Silver Spring,,0,293635,37416,2,2
8960,1,21739,Vango-Free Silver Spring,,0,293635,37416,2,2
8960,1,21738,Vango-Free Silver Spring,,0,293055,37416,2,2
8960,1,21737,Vango-Free Silver Spring,,0,293975,37416,2,2
8960,1,21736,Vango-Free Silver Spring,,0,293628,37416,2,2
8960,1,21735,Vango-Free Silver Spring,,0,293631,37416,2,2
8960,1,21734,Vango-Free Silver Spring,,0,293839,37416,2,2
8960,1,21733,Vango-Free Silver Spring,,0,293634,37416,2,2
8960,1,21732,Vango-Free Silver Spring,,0,293054,37416,2,2
8960,1,21731,Vango-Free Silver Spring,,0,293061,37416,2,2
8960,1,21730,Vango-Free Silver Spring,,0,293052,37416,2,2
8960,1,21761,Vango-Free Silver Spring,,0,293839,37416,2,2
8960,1,21762,Vango-Free Silver Spring,,0,293839,37416,2,2
8961,1,21957,Bethesda,,0,297835,37418,2,2
8961,1,21938,Bethesda,,0,297851,37418,2,2
8961,1,21956,Bethesda,,0,297852,37418,2,2
8961,1,21955,Bethesda,,0,297851,37418,2,2
8961,1,21954,Bethesda,,0,297852,37418,2,2
8961,1,21953,Bethesda,,0,297851,37418,2,2
8961,1,21952,Bethesda,,0,297835,37418,2,2
8961,1,21951,Bethesda,,0,297865,37418,2,2
8961,1,21950,Bethesda,,0,297868,37418,2,2
8961,1,21949,Bethesda,,0,297825,37418,2,2
8961,1,21948,Bethesda,,0,297880,37418,2,2
8961,1,21947,Bethesda,,0,297825,37418,2,2
8961,1,21946,Bethesda,,0,297876,37418,2,2
8961,1,21945,Bethesda,,0,297886,37418,2,2
8961,1,21944,Bethesda,,0,297889,37418,2,2
8961,1,21943,Bethesda,,0,297876,37418,2,2
8961,1,21942,Bethesda,,0,297898,37418,2,2
8961,1,21941,Bethesda,,0,297889,37418,2,2
8961,1,21936,Bethesda,,0,297886,37418,2,2
8961,1,21935,Bethesda,,0,297889,37418,2,2
8961,1,21934,Bethesda,,0,297876,37418,2,2
8961,1,21940,Bethesda,,0,297892,37418,2,2
8961,1,21933,Bethesda,,0,297876,37418,2,2
8961,1,21939,Bethesda,,0,297889,37418,2,2
8961,1,21937,Bethesda,,0,297886,37418,2,2
8961,1,21983,Friendship Heights,,1,297835,37421,2,2
8961,1,21964,Friendship Heights,,1,297851,37421,2,2
8961,1,21982,Friendship Heights,,1,297835,37421,2,2
8961,1,21981,Friendship Heights,,1,297851,37421,2,2
8961,1,21980,Friendship Heights,,1,297852,37421,2,2
8961,1,21979,Friendship Heights,,1,297851,37421,2,2
8961,1,21978,Friendship Heights,,1,297868,37421,2,2
8961,1,21977,Friendship Heights,,1,297851,37421,2,2
8961,1,21976,Friendship Heights,,1,297846,37421,2,2
8961,1,21975,Friendship Heights,,1,297825,37421,2,2
8961,1,21974,Friendship Heights,,1,297880,37421,2,2
8961,1,21973,Friendship Heights,,1,297825,37421,2,2
8961,1,21972,Friendship Heights,,1,297876,37421,2,2
8961,1,21971,Friendship Heights,,1,297882,37421,2,2
8961,1,21970,Friendship Heights,,1,297876,37421,2,2
8961,1,21969,Friendship Heights,,1,297892,37421,2,2
8961,1,21968,Friendship Heights,,1,297898,37421,2,2
8961,1,21967,Friendship Heights,,1,297889,37421,2,2
8961,1,21966,Friendship Heights,,1,297886,37421,2,2
8961,1,21962,Friendship Heights,,1,297889,37421,2,2
8961,1,21960,Friendship Heights,,1,297886,37421,2,2
8961,1,21959,Friendship Heights,,1,297889,37421,2,2
8961,1,21958,Friendship Heights,,1,297876,37421,2,2
8961,1,21961,Friendship Heights,,1,297892,37421,2,2
8961,1,21963,Friendship Heights,,1,297882,37421,2,2
8961,1,21965,Friendship Heights,,1,297889,37421,2,2
8965,1,22332,Medical Center,,0,294308,37433,2,2
8965,1,22323,Medical Center,,0,293058,37433,2,2
8965,1,22324,Medical Center,,0,294050,37433,2,2
8965,1,22325,Medical Center,,0,293592,37433,2,2
8965,1,22322,Medical Center,,0,294306,37433,2,2
8965,1,22321,Medical Center,,0,294305,37433,2,2
8965,1,22326,Medical Center,,0,293592,37433,2,2
8965,1,22320,Medical Center,,0,294305,37433,2,2
8965,1,22327,Medical Center,,0,293592,37433,2,2
8965,1,22319,Medical Center,,0,293642,37433,2,2
8965,1,22318,Medical Center,,0,294304,37433,2,2
8965,1,22313,Medical Center,,0,293803,37433,2,2
8965,1,22312,Medical Center,,0,294304,37433,2,2
8965,1,22311,Medical Center,,0,293598,37433,2,2
8965,1,22310,Medical Center,,0,293937,37433,2,2
8965,1,22317,Medical Center,,0,293844,37433,2,2
8965,1,22316,Medical Center,,0,293595,37433,2,2
8965,1,22315,Medical Center,,0,293844,37433,2,2
8965,1,22328,Medical Center,,0,294304,37433,2,2
8965,1,22329,Medical Center,,0,294307,37433,2,2
8965,1,22314,Medical Center,,0,294304,37433,2,2
8965,1,22309,Medical Center,,0,297880,37433,2,2
8965,1,22330,Medical Center,,0,297882,37433,2,2
8965,1,22331,Medical Center,,0,297880,37433,2,2
8965,1,22346,Bethesda,,1,294309,37435,2,2
8965,1,22342,Bethesda,,1,294308,37435,2,2
8965,1,22345,Bethesda,,1,293058,37435,2,2
8965,1,22347,Bethesda,,1,294050,37435,2,2
8965,1,22344,Bethesda,,1,293592,37435,2,2
8965,1,22348,Bethesda,,1,294306,37435,2,2
8965,1,22350,Bethesda,,1,294305,37435,2,2
8965,1,22351,Bethesda,,1,293592,37434,2,2
8965,1,22352,Bethesda,,1,294305,37434,2,2
8965,1,22343,Bethesda,,1,293592,37434,2,2
8965,1,22341,Bethesda,,1,293642,37434,2,2
8965,1,22340,Bethesda,,1,294304,37434,2,2
8965,1,22337,Bethesda,,1,293803,37434,2,2
8965,1,22336,Bethesda,,1,294304,37435,2,2
8965,1,22335,Bethesda,,1,293598,37435,2,2
8965,1,22339,Bethesda,,1,293937,37435,2,2
8965,1,22338,Bethesda,,1,293844,37435,2,2
8965,1,22353,Bethesda,,1,293595,37435,2,2
8965,1,22349,Bethesda,,1,293844,37435,2,2
8965,1,22354,Bethesda,,1,294304,37435,2,2
8965,1,22355,Bethesda,,1,294307,37435,2,2
8965,1,22334,Bethesda,,1,294304,37435,2,2
8965,1,22356,Bethesda,,1,297880,37435,2,2
8965,1,22333,Bethesda,,1,297882,37435,2,2
8966,1,22501,,,0,294327,37437,2,2
8966,1,22502,,,0,294327,37437,2,2
8966,1,22503,,,0,294327,37436,2,2
8966,1,22504,,,0,294327,37436,2,2
8966,1,22505,,,0,294327,37436,2,2
8966,1,22506,,,0,294328,37436,2,2
8966,1,22507,,,0,294328,37436,2,2
8966,1,22509,,,0,294328,37436,2,2
8966,1,22508,,,0,294328,37436,2,2
8966,1,22510,,,1,294327,37438,2,2
8966,1,22511,,,1,294327,37438,2,2
8966,1,22512,,,1,294327,37438,2,2
8966,1,22513,,,1,294327,37438,2,2
8966,1,22514,,,1,294328,37438,2,2
8966,1,22515,,,1,294328,37438,2,2
8966,1,22516,,,1,294328,37438,2,2
8966,1,22517,,,1,294328,37439,2,2
8966,1,22518,,,1,294328,37439,2,2
8967,1,22597,Glenmont,,0,297854,37440,2,2
8967,1,22596,Glenmont,,0,297838,37440,2,2
8967,1,22595,Glenmont,,0,297865,37440,2,2
8967,1,22598,Glenmont,,0,297853,37440,2,2
8967,1,22594,Glenmont,,0,297888,37440,2,2
8967,1,22593,Glenmont,,0,297921,37440,2,2
8967,1,22592,Glenmont,,0,297875,37440,2,2
8967,1,22599,Glenmont,,0,297884,37440,2,2
8967,1,22591,Glenmont,,0,297885,37440,2,2
8967,1,22606,Wheaton,,1,297845,37441,2,2
8967,1,22605,Wheaton,,1,297854,37441,2,2
8967,1,22604,Wheaton,,1,297838,37441,2,2
8967,1,22607,Wheaton,,1,297865,37441,2,2
8967,1,22603,Wheaton,,1,297853,37441,2,2
8967,1,22602,Wheaton,,1,297888,37441,2,2
8967,1,22601,Wheaton,,1,297890,37441,2,2
8967,1,22600,Wheaton,,1,297918,37441,2,2
8967,1,22608,Wheaton,,1,297884,37441,2,2
8968,1,22670,Bethesda,,0,297836,37444,2,2
8968,1,22669,Bethesda,,0,297859,37443,2,2
8968,1,22668,Bethesda,,0,297836,37443,2,2
8968,1,22667,Bethesda,,0,297859,37443,2,2
8968,1,22666,Bethesda,,0,297836,37443,2,2
8968,1,22665,Bethesda,,0,297892,37442,2,2
8968,1,22664,Bethesda,,0,297898,37442,2,2
8968,1,22663,Bethesda,,0,297886,37442,2,2
8968,1,22662,Bethesda,,0,297880,37442,2,2
8968,1,22661,Bethesda,,0,297882,37442,2,2
8968,1,22660,Bethesda,,0,297880,37442,2,2
8968,1,22659,Bethesda,,0,297882,37442,2,2
8968,1,22682,Naval Ctr Carderock,,1,297859,37445,2,2
8968,1,22681,Naval Ctr Carderock,,1,297836,37445,2,2
8968,1,22680,Naval Ctr Carderock,,1,297859,37445,2,2
8968,1,22679,Naval Ctr Carderock,,1,297836,37445,2,2
8968,1,22678,Naval Ctr Carderock,,1,297859,37445,2,2
8968,1,22677,Naval Ctr Carderock,,1,297886,37446,2,2
8968,1,22676,Naval Ctr Carderock,,1,297880,37446,2,2
8968,1,22675,Naval Ctr Carderock,,1,297882,37446,2,2
8968,1,22674,Naval Ctr Carderock,,1,297880,37446,2,2
8968,1,22673,Naval Ctr Carderock,,1,297882,37446,2,2
8968,1,22672,Mac Arthur Blvd/Vendome Dr,,1,297880,37447,2,2
8968,1,22671,Mac Arthur Blvd/Vendome Dr,,1,297882,37447,2,2
8969,1,22755,Glenmont,,0,297830,37448,2,2
8969,1,22766,Glenmont,,0,297846,37448,2,2
8969,1,22765,Glenmont,,0,297827,37448,2,2
8969,1,22767,Glenmont,,0,297863,37448,2,2
8969,1,22764,Glenmont,,0,297826,37448,2,2
8969,1,22756,Glenmont,,0,297890,37448,2,2
8969,1,22763,Glenmont,,0,297915,37448,2,2
8969,1,22762,Glenmont,,0,297918,37448,2,2
8969,1,22761,Glenmont,,0,297890,37448,2,2
8969,1,22757,Glenmont,,0,297915,37448,2,2
8969,1,22760,Glenmont,,0,297918,37448,2,2
8969,1,22768,Glenmont,,0,297921,37448,2,2
8969,1,22769,Glenmont,,0,297906,37448,2,2
8969,1,22770,Glenmont,,0,297875,37448,2,2
8969,1,22759,Glenmont,,0,297921,37448,2,2
8969,1,22758,Glenmont,,0,297875,37448,2,2
8969,1,22772,Medical Center,,1,297830,37449,2,2
8969,1,22783,Medical Center,,1,297846,37449,2,2
8969,1,22782,Medical Center,,1,297827,37449,2,2
8969,1,22781,Medical Center,,1,297863,37449,2,2
8969,1,22784,Medical Center,,1,297826,37449,2,2
8969,1,22780,Medical Center,,1,297827,37449,2,2
8969,1,22785,Medical Center,,1,297863,37449,2,2
8969,1,22771,Medical Center,,1,297826,37449,2,2
8969,1,22779,Medical Center,,1,297915,37449,2,2
8969,1,22778,Medical Center,,1,297890,37449,2,2
8969,1,22777,Medical Center,,1,297915,37449,2,2
8969,1,22776,Medical Center,,1,297918,37449,2,2
8969,1,22775,Medical Center,,1,297921,37449,2,2
8969,1,22786,Medical Center,,1,297906,37449,2,2
8969,1,22787,Medical Center,,1,297875,37449,2,2
8969,1,22773,Medical Center,,1,297921,37449,2,2
8969,1,22774,Medical Center,,1,297875,37449,2,2
8970,1,22877,Wheaton,,0,294390,37450,2,2
8970,1,22878,Wheaton,,0,294391,37450,2,2
8970,1,22879,Wheaton,,0,294305,37450,2,2
8970,1,22880,Wheaton,,0,294517,37450,2,2
8970,1,22881,Wheaton,,0,294306,37450,2,2
8970,1,22882,Wheaton,,0,294305,37450,2,2
8970,1,22883,Wheaton,,0,293624,37450,2,2
8970,1,22884,Wheaton,,0,294392,37450,2,2
8970,1,22885,Wheaton,,0,294050,37450,2,2
8970,1,22886,Wheaton,,0,294393,37450,2,2
8970,1,22887,Wheaton,,0,294392,37450,2,2
8970,1,22888,Wheaton,,0,293590,37450,2,2
8970,1,22889,Wheaton,,0,293027,37450,2,2
8970,1,22890,Wheaton,,0,294394,37450,2,2
8970,1,22891,Wheaton,,0,294036,37450,2,2
8970,1,22892,Wheaton,,0,294305,37450,2,2
8970,1,22893,Wheaton,,0,293592,37450,2,2
8970,1,22894,Wheaton,,0,293058,37450,2,2
8970,1,22895,Wheaton,,0,294049,37450,2,2
8970,1,22896,Wheaton,,0,294395,37450,2,2
8970,1,22897,Wheaton,,0,293803,37450,2,2
8970,1,22898,Wheaton,,0,293825,37450,2,2
8970,1,22899,Wheaton,,0,294395,37450,2,2
8970,1,22900,Wheaton,,0,293047,37450,2,2
8970,1,22901,Wheaton,,0,293633,37450,2,2
8970,1,22902,Wheaton,,0,293975,37450,2,2
8970,1,22903,Wheaton,,0,293638,37450,2,2
8970,1,22904,Wheaton,,0,293594,37450,2,2
8970,1,22905,Wheaton,,0,293844,37450,2,2
8970,1,22906,Wheaton,,0,293054,37450,2,2
8970,1,22907,Wheaton,,0,293044,37450,2,2
8970,1,22908,Wheaton,,0,294304,37450,2,2
8970,1,22909,Wheaton,,0,293937,37450,2,2
8970,1,22910,Wheaton,,0,293044,37450,2,2
8970,1,22911,Wheaton,,0,293598,37450,2,2
8970,1,22912,Wheaton,,0,293044,37450,2,2
8970,1,22913,Wheaton,,0,293046,37450,2,2
8970,1,22914,Wheaton,,0,293054,37450,2,2
8970,1,22921,Bethesda,,1,294391,37451,2,2
8970,1,22920,Bethesda,,1,294305,37451,2,2
8970,1,22919,Bethesda,,1,294517,37451,2,2
8970,1,22922,Bethesda,,1,294306,37451,2,2
8970,1,22924,Bethesda,,1,294305,37451,2,2
8970,1,22918,Bethesda,,1,294393,37451,2,2
8970,1,22925,Bethesda,,1,294306,37451,2,2
8970,1,22923,Bethesda,,1,294305,37451,2,2
8970,1,22926,Bethesda,,1,293831,37451,2,2
8970,1,22917,Bethesda,,1,294392,37451,2,2
8970,1,22927,Bethesda,,1,293027,37451,2,2
8970,1,22916,Bethesda,,1,294037,37451,2,2
8970,1,22915,Bethesda,,1,294394,37451,2,2
8970,1,22928,Bethesda,,1,294036,37451,2,2
8970,1,22929,Bethesda,,1,293642,37451,2,2
8970,1,22930,Bethesda,,1,293807,37451,2,2
8970,1,22931,Bethesda,,1,294392,37451,2,2
8970,1,22932,Bethesda,,1,294305,37451,2,2
8970,1,22933,Bethesda,,1,293844,37451,2,2
8970,1,22934,Bethesda,,1,293031,37451,2,2
8970,1,22935,Bethesda,,1,294307,37451,2,2
8970,1,22936,Bethesda,,1,294395,37451,2,2
8970,1,22937,Bethesda,,1,293803,37451,2,2
8970,1,22938,Bethesda,,1,293633,37451,2,2
8970,1,22939,Bethesda,,1,293594,37451,2,2
8970,1,22940,Bethesda,,1,294395,37451,2,2
8970,1,22941,Bethesda,,1,293598,37451,2,2
8970,1,22942,Bethesda,,1,294450,37451,2,2
8970,1,22943,Bethesda,,1,293054,37451,2,2
8970,1,22944,Bethesda,,1,293594,37451,2,2
8970,1,22945,Bethesda,,1,293044,37451,2,2
8970,1,22946,Bethesda,,1,293054,37451,2,2
8970,1,22947,Bethesda,,1,293044,37451,2,2
8970,1,22948,Bethesda,,1,293628,37451,2,2
8970,1,22949,Bethesda,,1,293053,37451,2,2
8970,1,22950,Bethesda,,1,293044,37451,2,2
8970,1,22951,Bethesda,,1,293046,37451,2,2
8970,1,22952,Bethesda,,1,293054,37451,2,2
8971,1,23395,Bethesda Loop,,0,293590,37455,2,2
8971,1,23398,Bethesda Loop,,0,294309,37455,2,2
8971,1,23386,Bethesda Loop,,0,293592,37453,2,2
8971,1,23385,Bethesda Loop,,0,294309,37453,2,2
8971,1,23399,Bethesda Loop,,0,294393,37453,2,2
8971,1,23387,Bethesda Loop,,0,293590,37453,2,2
8971,1,23388,Bethesda Loop,,0,294451,37455,2,2
8971,1,23389,Bethesda Loop,,0,293058,37455,2,2
8971,1,23390,Bethesda Loop,,0,293058,37455,2,2
8971,1,23391,Bethesda Loop,,0,293058,37455,2,2
8971,1,23392,Bethesda Loop,,0,294392,37455,2,2
8971,1,23382,Bethesda Loop,,0,293844,37455,2,2
8971,1,23393,Bethesda Loop,,0,294307,37455,2,2
8971,1,23384,Bethesda Loop,,0,293593,37455,2,2
8971,1,23400,Bethesda Loop,,0,294307,37455,2,2
8971,1,23394,Bethesda Loop,,0,293594,37454,2,2
8971,1,23383,Bethesda Loop,,0,294307,37454,2,2
8971,1,23401,Bethesda Loop,,0,293595,37454,2,2
8971,1,23396,Bethesda Loop,,0,293060,37454,2,2
8971,1,23381,Bethesda Loop,,0,294395,37455,2,2
8971,1,23397,Bethesda Loop,,0,294395,37455,2,2
8972,1,23466,Potomac,,0,297834,37457,2,2
8972,1,23465,Potomac,,0,297845,37457,2,2
8972,1,23464,Potomac,,0,297853,37457,2,2
8972,1,23463,Potomac,,0,297847,37457,2,2
8972,1,23467,Potomac,,0,297854,37457,2,2
8972,1,23462,Potomac,,0,297875,37456,2,2
8972,1,23461,Potomac,,0,297928,37456,2,2
8972,1,23460,Potomac,,0,297905,37456,2,2
8972,1,23459,Potomac,,0,297888,37456,2,2
8972,1,23458,Potomac,,0,297890,37456,2,2
8972,1,23468,Potomac,,0,297918,37456,2,2
8972,1,23457,Potomac,,0,297884,37456,2,2
8972,1,23480,Wheaton,,1,297847,37458,2,2
8972,1,23479,Wheaton,,1,297834,37458,2,2
8972,1,23478,Wheaton,,1,297845,37458,2,2
8972,1,23469,Wheaton,,1,297853,37458,2,2
8972,1,23477,Wheaton,,1,297847,37458,2,2
8972,1,23476,Wheaton,,1,297854,37458,2,2
8972,1,23481,Wheaton,,1,297905,37459,2,2
8972,1,23475,Wheaton,,1,297875,37459,2,2
8972,1,23474,Wheaton,,1,297928,37459,2,2
8972,1,23473,Wheaton,,1,297905,37459,2,2
8972,1,23472,Wheaton,,1,297888,37459,2,2
8972,1,23471,Wheaton,,1,297890,37459,2,2
8972,1,23470,Wheaton,,1,297918,37459,2,2
8973,1,23549,Wheaton,,0,297834,37461,2,2
8973,1,23550,Wheaton,,0,297838,37461,2,2
8973,1,23546,Wheaton,,0,297853,37461,2,2
8973,1,23551,Wheaton,,0,297847,37461,2,2
8973,1,23552,Wheaton,,0,297854,37461,2,2
8973,1,23571,Wheaton,,0,297834,37461,2,2
8973,1,23570,Wheaton,,0,297845,37461,2,2
8973,1,23569,Wheaton Via Holiday Park & Wheaton Plaza,,0,297834,37462,2,2
8973,1,23568,Wheaton Via Holiday Park & Wheaton Plaza,,0,297845,37462,2,2
8973,1,23547,Wheaton Via Holiday Park & Wheaton Plaza,,0,297847,37462,2,2
8973,1,23545,Wheaton Via Holiday Park & Wheaton Plaza,,0,297826,37462,2,2
8973,1,23553,Wheaton Via Holiday Park & Wheaton Plaza,,0,297847,37462,2,2
8973,1,23554,Wheaton Via Holiday Park & Wheaton Plaza,,0,297875,37462,2,2
8973,1,23555,Wheaton Via Holiday Park & Wheaton Plaza,,0,297847,37462,2,2
8973,1,23556,Wheaton Via Holiday Park & Wheaton Plaza,,0,297875,37462,2,2
8973,1,23557,Wheaton Via Holiday Park & Wheaton Plaza,,0,297885,37462,2,2
8973,1,23558,Wheaton,,0,297888,37461,2,2
8973,1,23559,Wheaton,,0,297884,37461,2,2
8973,1,23560,Wheaton,,0,297921,37461,2,2
8973,1,23548,Wheaton,,0,297929,37461,2,2
8973,1,23561,Wheaton,,0,297885,37461,2,2
8973,1,23562,Wheaton,,0,297884,37461,2,2
8973,1,23563,Wheaton,,0,297929,37461,2,2
8973,1,23575,Wheaton via HP,,0,297885,37460,2,2
8973,1,23565,Wheaton,,0,297928,37461,2,2
8973,1,23564,Wheaton via HP,,0,297929,37460,2,2
8973,1,23567,Wheaton,,0,297888,37461,2,2
8973,1,23566,Wheaton via HP,,0,297890,37460,2,2
8973,1,23574,Wheaton,,0,297888,37461,2,2
8973,1,23573,Wheaton,,0,297890,37461,2,2
8973,1,23572,Wheaton,,0,297888,37461,2,2
8973,1,23579,North Bethesda,,1,297825,37465,2,2
8973,1,23580,North Bethesda,,1,297838,37465,2,2
8973,1,23576,North Bethesda,,1,297853,37465,2,2
8973,1,23601,North Bethesda,,1,297847,37465,2,2
8973,1,23581,North Bethesda,,1,297854,37465,2,2
8973,1,23582,North Bethesda,,1,297834,37465,2,2
8973,1,23583,North Bethesda,,1,297845,37465,2,2
8973,1,23584,North Bethesda,,1,297834,37465,2,2
8973,1,23585,North Bethesda via Holiday Park & Wheaton Plaza,,1,297845,37466,2,2
8973,1,23577,North Bethesda via Holiday Park & Wheaton Plaza,,1,297847,37466,2,2
8973,1,23586,North Bethesda via Holiday Park & Wheaton Plaza,,1,297834,37466,2,2
8973,1,23587,North Bethesda via Holiday Park & Wheaton Plaza,,1,297847,37466,2,2
8973,1,23588,North Bethesda via Holiday Park & Wheaton Plaza,,1,297826,37466,2,2
8973,1,23599,North Bethesda via Holiday Park & Wheaton Plaza,,1,297847,37466,2,2
8973,1,23589,North Bethesda via Holiday Park & Wheaton Plaza,,1,297875,37466,2,2
8973,1,23590,North Bethesda via Holiday Park & Wheaton Plaza,,1,297885,37466,2,2
8973,1,23591,North Bethesda via Holiday Park & Wheaton Plaza,,1,297888,37466,2,2
8973,1,23592,North Bethesda,,1,297885,37465,2,2
8973,1,23593,North Bethesda,,1,297921,37465,2,2
8973,1,23600,North Bethesda,,1,297929,37465,2,2
8973,1,23578,North Bethesda,,1,297885,37465,2,2
8973,1,23594,North Bethesda,,1,297884,37465,2,2
8973,1,23595,North Bethesda,,1,297929,37465,2,2
8973,1,23596,North Bethesda,,1,297885,37465,2,2
8973,1,23606,North Bethesda,,1,297928,37465,2,2
8973,1,23597,North Bethesda via Holiday Park,,1,297929,37464,2,2
8973,1,23598,North Bethesda,,1,297888,37465,2,2
8973,1,23605,North Bethesda via Holiday Park,,1,297890,37464,2,2
8973,1,23604,North Bethesda,,1,297888,37465,2,2
8973,1,23603,North Bethesda via Holiday Park,,1,297890,37464,2,2
8973,1,23602,North Bethesda,,1,297888,37465,2,2
8974,1,23986,Briggs Chaney,,0,294162,37468,2,2
8974,1,23998,Briggs Chaney,,0,294504,37468,2,2
8974,1,23987,Briggs Chaney,,0,294163,37468,2,2
8974,1,23996,Briggs Chaney,,0,294504,37468,2,2
8974,1,23988,Briggs Chaney,,0,294166,37468,2,2
8974,1,23985,Briggs Chaney,,0,294504,37468,2,2
8974,1,23999,Briggs Chaney,,0,294157,37469,2,2
8974,1,23989,Briggs Chaney,,0,294154,37469,2,2
8974,1,23997,Briggs Chaney,,0,294176,37469,2,2
8974,1,23990,Briggs Chaney,,0,294171,37469,2,2
8974,1,23991,Briggs Chaney,,0,294172,37469,2,2
8974,1,23992,Briggs Chaney,,0,294173,37469,2,2
8974,1,23993,Briggs Chaney,,0,294172,37469,2,2
8974,1,23994,Briggs Chaney,,0,294171,37469,2,2
8974,1,23995,Briggs Chaney,,0,294172,37469,2,2
8974,1,24010,Glenmont,,1,294166,37471,2,2
8974,1,24001,Glenmont,,1,294504,37471,2,2
8974,1,24002,Glenmont,,1,294162,37471,2,2
8974,1,24003,Glenmont,,1,294504,37471,2,2
8974,1,24004,Glenmont,,1,294163,37471,2,2
8974,1,24005,Glenmont,,1,294504,37471,2,2
8974,1,24006,Glenmont,,1,294166,37471,2,2
8974,1,24000,Glenmont,,1,294504,37471,2,2
8974,1,24014,Glenmont,,1,294157,37470,2,2
8974,1,24011,Glenmont,,1,294154,37470,2,2
8974,1,24007,Glenmont,,1,294176,37470,2,2
8974,1,24008,Glenmont,,1,294171,37470,2,2
8974,1,24009,Glenmont,,1,294172,37470,2,2
8974,1,24012,Glenmont,,1,294173,37470,2,2
8974,1,24013,Glenmont,,1,294172,37470,2,2
8975,1,24109,Wheaton via Kensington,,0,293993,37472,2,2
8975,1,24110,Wheaton via Kensington,,0,293991,37472,2,2
8975,1,24111,Wheaton via Kensington,,0,294083,37472,2,2
8975,1,24119,Wheaton via Kensington,,0,293991,37472,2,2
8975,1,24108,Wheaton via Kensington,,0,294096,37472,2,2
8975,1,24112,Wheaton via Kensington,,0,293991,37472,2,2
8975,1,24120,Wheaton via Kensington,,0,294096,37472,2,2
8975,1,24121,Wheaton via Kensington,,0,294508,37472,2,2
8975,1,24113,Wheaton via Kensington,,0,294082,37472,2,2
8975,1,24114,Wheaton via Kensington,,0,294508,37472,2,2
8975,1,24107,Wheaton via Kensington,,0,294097,37472,2,2
8975,1,24115,Wheaton via Kensington,,0,294051,37472,2,2
8975,1,24116,Wheaton via Kensington,,0,294097,37472,2,2
8975,1,24117,Wheaton via Kensington,,0,294051,37472,2,2
8975,1,24122,Wheaton via Kensington,,0,294097,37472,2,2
8975,1,24118,Wheaton via Kensington,,0,294051,37472,2,2
8975,1,24132,Silver Spring via Kensington,,1,293991,37473,2,2
8975,1,24138,Silver Spring via Kensington,,1,293993,37473,2,2
8975,1,24137,Silver Spring via Kensington,,1,293991,37473,2,2
8975,1,24136,Silver Spring via Kensington,,1,294083,37473,2,2
8975,1,24135,Silver Spring via Kensington,,1,293991,37473,2,2
8975,1,24124,Silver Spring via Kensington,,1,294096,37473,2,2
8975,1,24131,Silver Spring via Kensington,,1,293991,37473,2,2
8975,1,24134,Silver Spring via Kensington,,1,293802,37473,2,2
8975,1,24129,Silver Spring via Kensington,,1,294508,37473,2,2
8975,1,24133,Silver Spring via Kensington,,1,294082,37473,2,2
8975,1,24130,Silver Spring via Kensington,,1,293802,37473,2,2
8975,1,24128,Silver Spring via Kensington,,1,294097,37473,2,2
8975,1,24127,Silver Spring via Kensington,,1,294051,37473,2,2
8975,1,24126,Silver Spring via Kensington,,1,294097,37473,2,2
8975,1,24123,Silver Spring via Kensington,,1,294051,37473,2,2
8975,1,24125,Silver Spring via Kensington,,1,294097,37473,2,2
8976,1,24326,Rockville,,0,294394,37474,2,2
8976,1,24325,Rockville,,0,294528,37474,2,2
8976,1,24324,Rockville,,0,294527,37474,2,2
8976,1,24323,Rockville,,0,294394,37474,2,2
8976,1,24322,Montgomery College,,0,294164,37475,2,2
8976,1,24321,Montgomery College,,0,294390,37475,2,2
8976,1,24320,Montgomery College,,0,294528,37475,2,2
8976,1,24319,Montgomery College,,0,294530,37475,2,2
8976,1,24318,Montgomery College,,0,294527,37475,2,2
8976,1,24317,Montgomery College,,0,293027,37475,2,2
8976,1,24316,Montgomery College,,0,294394,37475,2,2
8976,1,24315,Montgomery College,,0,294529,37475,2,2
8976,1,24314,Montgomery College,,0,294517,37475,2,2
8976,1,24313,Montgomery College,,0,294390,37475,2,2
8976,1,24312,Montgomery College,,0,294528,37475,2,2
8976,1,24311,Montgomery College,,0,294530,37475,2,2
8976,1,24310,Montgomery College,,0,294527,37475,2,2
8976,1,24309,Montgomery College,,0,293027,37475,2,2
8976,1,24308,Montgomery College,,0,294391,37475,2,2
8976,1,24307,Montgomery College,,0,294529,37475,2,2
8976,1,24306,Montgomery College,,0,294517,37475,2,2
8976,1,24305,Montgomery College,,0,294390,37475,2,2
8976,1,24304,Montgomery College,,0,294531,37475,2,2
8976,1,24303,Montgomery College,,0,294530,37475,2,2
8976,1,24302,Montgomery College,,0,294527,37475,2,2
8976,1,24301,Montgomery College,,0,294528,37475,2,2
8976,1,24300,Montgomery College,,0,294529,37475,2,2
8976,1,24299,Montgomery College,,0,294520,37475,2,2
8976,1,24298,Montgomery College,,0,294391,37475,2,2
8976,1,24237,Montgomery College,,0,294517,37475,2,2
8976,1,24236,Montgomery College,,0,294390,37475,2,2
8976,1,24297,Montgomery College,,0,294528,37475,2,2
8976,1,24296,Montgomery College,,0,294527,37475,2,2
8976,1,24295,Montgomery College,,0,294520,37475,2,2
8976,1,24294,Montgomery College,,0,294391,37475,2,2
8976,1,24293,Montgomery College,,0,294517,37475,2,2
8976,1,24292,Montgomery College,,0,294390,37475,2,2
8976,1,24291,Montgomery College,,0,294528,37475,2,2
8976,1,24290,Montgomery College,,0,294527,37475,2,2
8976,1,24289,Montgomery College,,0,294520,37475,2,2
8976,1,24288,Montgomery College,,0,294526,37475,2,2
8976,1,24287,Montgomery College,,0,293778,37475,2,2
8976,1,24286,Montgomery College,,0,294170,37475,2,2
8976,1,24285,Montgomery College,,0,293058,37475,2,2
8976,1,24284,Montgomery College,,0,293800,37475,2,2
8976,1,24283,Montgomery College,,0,293619,37475,2,2
8976,1,24282,Montgomery College,,0,294526,37475,2,2
8976,1,24281,Montgomery College,,0,294520,37475,2,2
8976,1,24280,Montgomery College,,0,293974,37475,2,2
8976,1,24279,Montgomery College,,0,293839,37475,2,2
8976,1,24278,Montgomery College,,0,294523,37475,2,2
8976,1,24277,Montgomery College,,0,294155,37475,2,2
8976,1,24276,Montgomery College,,0,293837,37475,2,2
8976,1,24275,Montgomery College,,0,294518,37475,2,2
8976,1,24274,Montgomery College,,0,294526,37475,2,2
8976,1,24273,Montgomery College,,0,294521,37475,2,2
8976,1,24272,Montgomery College,,0,294520,37475,2,2
8976,1,24271,Montgomery College,,0,293974,37475,2,2
8976,1,24270,Montgomery College,,0,293839,37475,2,2
8976,1,24269,Montgomery College,,0,294523,37475,2,2
8976,1,24268,Montgomery College,,0,294155,37475,2,2
8976,1,24267,Montgomery College,,0,293837,37475,2,2
8976,1,24266,Montgomery College,,0,294518,37475,2,2
8976,1,24265,Montgomery College,,0,294522,37475,2,2
8976,1,24264,Montgomery College,,0,294521,37475,2,2
8976,1,24263,Montgomery College,,0,294520,37475,2,2
8976,1,24262,Montgomery College,,0,293974,37475,2,2
8976,1,24261,Montgomery College,,0,294516,37475,2,2
8976,1,24260,Montgomery College,,0,294523,37475,2,2
8976,1,24259,Montgomery College,,0,294155,37475,2,2
8976,1,24258,Montgomery College,,0,293837,37475,2,2
8976,1,24257,Montgomery College,,0,293840,37475,2,2
8976,1,24256,Montgomery College,,0,294518,37475,2,2
8976,1,24255,Montgomery College,,0,294521,37475,2,2
8976,1,24254,Montgomery College,,0,294520,37475,2,2
8976,1,24253,Montgomery College,,0,294516,37475,2,2
8976,1,24252,Montgomery College,,0,293038,37475,2,2
8976,1,24251,Montgomery College,,0,293974,37475,2,2
8976,1,24250,Montgomery College,,0,293840,37475,2,2
8976,1,24249,Montgomery College,,0,294155,37475,2,2
8976,1,24248,Montgomery College,,0,293595,37475,2,2
8976,1,24247,Montgomery College,,0,294516,37475,2,2
8976,1,24246,Montgomery College,,0,293840,37475,2,2
8976,1,24245,Rockville,,0,294155,37474,2,2
8976,1,24244,Rockville,,0,294523,37474,2,2
8976,1,24243,Rockville,,0,294516,37474,2,2
8976,1,24242,Rockville,,0,293595,37474,2,2
8976,1,24241,Rockville,,0,294516,37474,2,2
8976,1,24240,Rockville,,0,293046,37474,2,2
8976,1,24239,Rockville,,0,294516,37474,2,2
8976,1,24238,Rockville,,0,293046,37474,2,2
8976,1,24235,Rockville,,0,294516,37474,2,2
8976,1,24417,Wheaton,,1,294394,37476,2,2
8976,1,24416,Wheaton,,1,294528,37476,2,2
8976,1,24415,Wheaton,,1,294527,37476,2,2
8976,1,24414,Wheaton,,1,294394,37476,2,2
8976,1,24413,Wheaton,,1,294164,37477,2,2
8976,1,24412,Wheaton,,1,294390,37477,2,2
8976,1,24411,Wheaton,,1,294528,37477,2,2
8976,1,24410,Wheaton,,1,294530,37477,2,2
8976,1,24409,Wheaton,,1,294527,37477,2,2
8976,1,24408,Wheaton,,1,293027,37477,2,2
8976,1,24407,Wheaton,,1,294394,37477,2,2
8976,1,24406,Wheaton,,1,294529,37477,2,2
8976,1,24405,Wheaton,,1,294517,37477,2,2
8976,1,24404,Wheaton,,1,294390,37477,2,2
8976,1,24403,Wheaton,,1,294528,37477,2,2
8976,1,24402,Wheaton,,1,294530,37477,2,2
8976,1,24401,Wheaton,,1,294527,37477,2,2
8976,1,24400,Wheaton,,1,293027,37477,2,2
8976,1,24399,Wheaton,,1,294391,37477,2,2
8976,1,24398,Wheaton,,1,294529,37477,2,2
8976,1,24397,Wheaton,,1,294517,37477,2,2
8976,1,24396,Wheaton,,1,294390,37477,2,2
8976,1,24395,Wheaton,,1,294531,37477,2,2
8976,1,24394,Wheaton,,1,294530,37477,2,2
8976,1,24393,Wheaton,,1,294527,37477,2,2
8976,1,24392,Wheaton,,1,294528,37477,2,2
8976,1,24390,Wheaton,,1,294529,37477,2,2
8976,1,24389,Wheaton,,1,294520,37477,2,2
8976,1,24388,Wheaton,,1,294391,37477,2,2
8976,1,24387,Wheaton,,1,294517,37477,2,2
8976,1,24391,Wheaton,,1,294390,37477,2,2
8976,1,24386,Wheaton,,1,294528,37477,2,2
8976,1,24385,Wheaton,,1,294527,37477,2,2
8976,1,24384,Wheaton,,1,294520,37477,2,2
8976,1,24383,Wheaton,,1,294391,37477,2,2
8976,1,24382,Wheaton,,1,294517,37477,2,2
8976,1,24381,Wheaton,,1,294390,37477,2,2
8976,1,24380,Wheaton,,1,294528,37477,2,2
8976,1,24379,Wheaton,,1,294527,37477,2,2
8976,1,24378,Wheaton,,1,294520,37477,2,2
8976,1,24377,Wheaton,,1,294526,37477,2,2
8976,1,24376,Wheaton,,1,293778,37477,2,2
8976,1,24375,Wheaton,,1,294170,37477,2,2
8976,1,24327,Wheaton,,1,294523,37477,2,2
8976,1,24374,Wheaton,,1,293058,37477,2,2
8976,1,24373,Wheaton,,1,293800,37477,2,2
8976,1,24372,Wheaton,,1,293619,37477,2,2
8976,1,24371,Wheaton,,1,294526,37477,2,2
8976,1,24370,Wheaton,,1,294520,37477,2,2
8976,1,24369,Wheaton,,1,293974,37477,2,2
8976,1,24368,Wheaton,,1,293839,37477,2,2
8976,1,24367,Wheaton,,1,294523,37477,2,2
8976,1,24366,Wheaton,,1,294155,37477,2,2
8976,1,24365,Wheaton,,1,293837,37477,2,2
8976,1,24364,Wheaton,,1,294518,37477,2,2
8976,1,24363,Wheaton,,1,294526,37477,2,2
8976,1,24362,Wheaton,,1,294521,37477,2,2
8976,1,24361,Wheaton,,1,294520,37477,2,2
8976,1,24360,Wheaton,,1,293974,37477,2,2
8976,1,24359,Wheaton,,1,293839,37477,2,2
8976,1,24358,Wheaton,,1,294523,37477,2,2
8976,1,24357,Wheaton,,1,294155,37477,2,2
8976,1,24356,Wheaton,,1,293837,37477,2,2
8976,1,24355,Wheaton,,1,294518,37477,2,2
8976,1,24354,Wheaton,,1,294522,37477,2,2
8976,1,24353,Wheaton,,1,294521,37477,2,2
8976,1,24352,Wheaton,,1,294520,37477,2,2
8976,1,24351,Wheaton,,1,293974,37477,2,2
8976,1,24350,Wheaton,,1,294516,37477,2,2
8976,1,24349,Wheaton,,1,294523,37477,2,2
8976,1,24348,Wheaton,,1,294155,37477,2,2
8976,1,24347,Wheaton,,1,293837,37477,2,2
8976,1,24346,Wheaton,,1,293840,37477,2,2
8976,1,24345,Wheaton,,1,294518,37477,2,2
8976,1,24338,Wheaton,,1,294521,37477,2,2
8976,1,24340,Wheaton,,1,294520,37477,2,2
8976,1,24339,Wheaton,,1,294516,37477,2,2
8976,1,24344,Wheaton,,1,293974,37477,2,2
8976,1,24342,Wheaton,,1,293840,37477,2,2
8976,1,24343,Wheaton,,1,294155,37477,2,2
8976,1,24341,Wheaton,,1,293595,37477,2,2
8976,1,24337,Wheaton,,1,294516,37477,2,2
8976,1,24336,Wheaton,,1,293840,37477,2,2
8976,1,24335,Wheaton,,1,294155,37476,2,2
8976,1,24334,Wheaton,,1,294523,37476,2,2
8976,1,24333,Wheaton,,1,294516,37476,2,2
8976,1,24332,Wheaton,,1,293595,37476,2,2
8976,1,24331,Wheaton,,1,294516,37476,2,2
8976,1,24330,Wheaton,,1,293046,37476,2,2
8976,1,24329,Wheaton,,1,294516,37476,2,2
8976,1,24328,Wheaton,,1,293046,37476,2,2
8977,1,25099,Aspen Hill via Glenmont,,0,294393,37478,2,2
8977,1,25100,Aspen Hill via Glenmont,,0,294391,37478,2,2
8977,1,25101,Aspen Hill via Glenmont,,0,294564,37478,2,2
8977,1,25102,Aspen Hill via Glenmont,,0,293842,37478,2,2
8977,1,25103,Aspen Hill via Glenmont,,0,294394,37478,2,2
8977,1,25104,Aspen Hill via Glenmont,,0,294564,37478,2,2
8977,1,25105,Aspen Hill via Glenmont,,0,293645,37478,2,2
8977,1,25106,Aspen Hill via Glenmont,,0,294532,37478,2,2
8977,1,25107,Aspen Hill via Glenmont,,0,294393,37478,2,2
8977,1,25108,Aspen Hill via Glenmont,,0,293645,37478,2,2
8977,1,25109,Aspen Hill via Glenmont,,0,294532,37478,2,2
8977,1,25110,Aspen Hill via Glenmont,,0,294393,37478,2,2
8977,1,25111,Aspen Hill via Glenmont,,0,293619,37478,2,2
8977,1,25112,Aspen Hill via Glenmont,,0,293592,37478,2,2
8977,1,25113,Aspen Hill via Glenmont,,0,293837,37478,2,2
8977,1,25114,Aspen Hill via Glenmont,,0,293039,37478,2,2
8977,1,25115,Aspen Hill via Glenmont,,0,294519,37478,2,2
8977,1,25116,Aspen Hill via Glenmont,,0,294565,37478,2,2
8977,1,25117,Aspen Hill via Glenmont,,0,294516,37478,2,2
8977,1,25118,Aspen Hill via Glenmont,,0,294519,37478,2,2
8977,1,25119,Aspen Hill via Glenmont,,0,294565,37478,2,2
8977,1,25120,Aspen Hill via Glenmont,,0,293839,37478,2,2
8977,1,25121,Aspen Hill via Glenmont,,0,294519,37478,2,2
8977,1,25122,Aspen Hill via Glenmont,,0,294565,37478,2,2
8977,1,25123,Aspen Hill via Glenmont,,0,294170,37478,2,2
8977,1,25124,Aspen Hill via Glenmont,,0,294523,37478,2,2
8977,1,25125,Aspen Hill via Glenmont,,0,294519,37478,2,2
8977,1,25126,Aspen Hill via Glenmont,,0,294170,37478,2,2
8977,1,25127,Aspen Hill via Glenmont,,0,293595,37478,2,2
8977,1,25128,Aspen Hill via Glenmont,,0,293054,37478,2,2
8977,1,25129,Wheaton via Glenmont,,1,294530,37479,2,2
8977,1,25130,Wheaton via Glenmont,,1,294393,37479,2,2
8977,1,25131,Wheaton via Glenmont,,1,294391,37479,2,2
8977,1,25132,Wheaton via Glenmont,,1,294564,37479,2,2
8977,1,25133,Wheaton via Glenmont,,1,293842,37479,2,2
8977,1,25134,Wheaton via Glenmont,,1,294394,37479,2,2
8977,1,25135,Wheaton via Glenmont,,1,294564,37479,2,2
8977,1,25136,Wheaton via Glenmont,,1,293645,37479,2,2
8977,1,25137,Wheaton via Glenmont,,1,294532,37479,2,2
8977,1,25138,Wheaton via Glenmont,,1,294393,37479,2,2
8977,1,25139,Wheaton via Glenmont,,1,293645,37479,2,2
8977,1,25140,Wheaton via Glenmont,,1,294532,37479,2,2
8977,1,25141,Wheaton via Glenmont,,1,294393,37479,2,2
8977,1,25142,Wheaton via Glenmont,,1,293619,37479,2,2
8977,1,25143,Wheaton via Glenmont,,1,293592,37479,2,2
8977,1,25144,Wheaton via Glenmont,,1,293837,37479,2,2
8977,1,25145,Wheaton via Glenmont,,1,293039,37479,2,2
8977,1,25146,Wheaton via Glenmont,,1,294519,37479,2,2
8977,1,25147,Wheaton via Glenmont,,1,294565,37479,2,2
8977,1,25148,Wheaton via Glenmont,,1,294516,37479,2,2
8977,1,25149,Wheaton via Glenmont,,1,294519,37479,2,2
8977,1,25150,Wheaton via Glenmont,,1,294565,37479,2,2
8977,1,25151,Wheaton via Glenmont,,1,293839,37479,2,2
8977,1,25152,Wheaton via Glenmont,,1,294519,37479,2,2
8977,1,25153,Wheaton via Glenmont,,1,294565,37479,2,2
8977,1,25154,Wheaton via Glenmont,,1,294170,37479,2,2
8977,1,25155,Wheaton via Glenmont,,1,294523,37479,2,2
8977,1,25156,Wheaton via Glenmont,,1,294519,37479,2,2
8977,1,25157,Wheaton via Glenmont,,1,293595,37479,2,2
8977,1,25158,Wheaton via Glenmont,,1,293054,37479,2,2
8978,1,25556,North Bethesda,,0,297828,37480,2,2
8978,1,25563,North Bethesda,,0,297829,37480,2,2
8978,1,25562,North Bethesda,,0,297828,37480,2,2
8978,1,25565,North Bethesda,,0,297829,37480,2,2
8978,1,25564,North Bethesda,,0,297828,37480,2,2
8978,1,25561,North Bethesda,,0,297842,37480,2,2
8978,1,25566,North Bethesda,,0,297829,37480,2,2
8978,1,25560,North Bethesda,,0,297842,37480,2,2
8978,1,25567,North Bethesda,,0,297826,37480,2,2
8978,1,25559,North Bethesda,,0,297829,37480,2,2
8978,1,25568,North Bethesda,,0,297834,37480,2,2
8978,1,25558,North Bethesda,,0,297829,37480,2,2
8978,1,25569,North Bethesda,,0,297884,37480,2,2
8978,1,25570,North Bethesda,,0,297883,37480,2,2
8978,1,25571,North Bethesda,,0,297884,37480,2,2
8978,1,25572,North Bethesda,,0,297914,37480,2,2
8978,1,25573,North Bethesda,,0,297874,37480,2,2
8978,1,25575,North Bethesda,,0,297914,37480,2,2
8978,1,25574,North Bethesda,,0,297874,37480,2,2
8978,1,25576,North Bethesda,,0,297914,37480,2,2
8978,1,25577,North Bethesda,,0,297874,37480,2,2
8978,1,25557,North Bethesda,,0,297879,37480,2,2
8978,1,25578,North Bethesda,,0,297874,37480,2,2
8978,1,25579,North Bethesda,,0,297879,37480,2,2
8978,1,25586,Montgomery Mall,,1,297829,37481,2,2
8978,1,25587,Montgomery Mall,,1,297828,37481,2,2
8978,1,25588,Montgomery Mall,,1,297829,37481,2,2
8978,1,25589,Montgomery Mall,,1,297828,37481,2,2
8978,1,25590,Montgomery Mall,,1,297829,37481,2,2
8978,1,25585,Montgomery Mall,,1,297828,37481,2,2
8978,1,25584,Montgomery Mall,,1,297842,37481,2,2
8978,1,25591,Montgomery Mall,,1,297829,37481,2,2
8978,1,25592,Montgomery Mall,,1,297842,37481,2,2
8978,1,25593,Montgomery Mall,,1,297834,37481,2,2
8978,1,25594,Montgomery Mall,,1,297829,37481,2,2
8978,1,25595,Montgomery Mall,,1,297834,37481,2,2
8978,1,25596,Montgomery Mall,,1,297883,37481,2,2
8978,1,25583,Montgomery Mall,,1,297884,37481,2,2
8978,1,25597,Montgomery Mall,,1,297883,37481,2,2
8978,1,25598,Montgomery Mall,,1,297874,37481,2,2
8978,1,25599,Montgomery Mall,,1,297914,37481,2,2
8978,1,25600,Montgomery Mall,,1,297874,37481,2,2
8978,1,25582,Montgomery Mall,,1,297914,37481,2,2
8978,1,25581,Montgomery Mall,,1,297874,37481,2,2
8978,1,25601,Montgomery Mall,,1,297879,37481,2,2
8978,1,25602,Montgomery Mall,,1,297874,37481,2,2
8978,1,25580,Montgomery Mall,,1,297879,37481,2,2
8979,1,25823,SHADY GROVE VIA GAITHER ROAD,,0,295976,37482,2,2
8979,1,25822,SHADY GROVE VIA GAITHER ROAD,,0,295980,37482,2,2
8979,1,25843,SHADY GROVE VIA GAITHER ROAD,,0,296065,37482,2,2
8979,1,25824,SHADY GROVE VIA GAITHER ROAD,,0,296227,37482,2,2
8979,1,25821,SHADY GROVE VIA GAITHER ROAD,,0,296237,37482,2,2
8979,1,25825,SHADY GROVE VIA GAITHER ROAD,,0,295962,37482,2,2
8979,1,25826,SHADY GROVE VIA GAITHER ROAD,,0,296221,37482,2,2
8979,1,25830,SHADY GROVE VIA GAITHER ROAD,,0,296173,37482,2,2
8979,1,25820,SHADY GROVE VIA GAITHER ROAD,,0,295959,37482,2,2
8979,1,25827,SHADY GROVE VIA GAITHER ROAD,,0,296173,37482,2,2
8979,1,25829,SHADY GROVE VIA GAITHER ROAD,,0,296070,37482,2,2
8979,1,25828,SHADY GROVE VIA GAITHER ROAD,,0,297334,37482,2,2
8979,1,25831,SHADY GROVE VIA GAITHER ROAD,,0,296070,37482,2,2
8979,1,25832,SHADY GROVE VIA GAITHER ROAD,,0,296079,37482,2,2
8979,1,25833,SHADY GROVE VIA GAITHER ROAD,,0,296966,37482,2,2
8979,1,25834,SHADY GROVE VIA GAITHER ROAD,,0,296961,37482,2,2
8979,1,25835,SHADY GROVE VIA GAITHER ROAD,,0,296554,37482,2,2
8979,1,25836,SHADY GROVE VIA GAITHER ROAD,,0,296918,37482,2,2
8979,1,25837,SHADY GROVE VIA GAITHER ROAD,,0,296554,37482,2,2
8979,1,25838,SHADY GROVE VIA GAITHER ROAD,,0,296500,37482,2,2
8979,1,25819,SHADY GROVE VIA GAITHER ROAD,,0,296284,37482,2,2
8979,1,25842,SHADY GROVE VIA GAITHER ROAD,,0,296312,37482,2,2
8979,1,25818,SHADY GROVE VIA GAITHER ROAD,,0,296948,37482,2,2
8979,1,25841,SHADY GROVE VIA GAITHER ROAD,,0,296344,37482,2,2
8979,1,25817,SHADY GROVE VIA GAITHER ROAD,,0,296285,37482,2,2
8979,1,25840,SHADY GROVE VIA GAITHER ROAD,,0,296377,37482,2,2
8979,1,25846,SHADY GROVE VIA GAITHER ROAD,,0,296325,37482,2,2
8979,1,25816,SHADY GROVE VIA GAITHER ROAD,,0,296742,37482,2,2
8979,1,25847,Shady Grove,,0,296369,37483,2,2
8979,1,25839,Shady Grove,,0,296325,37483,2,2
8979,1,25845,Shady Grove,,0,296329,37483,2,2
8979,1,25844,Shady Grove,,0,296329,37483,2,2
8979,1,25877,TRAVILLE VIA GAITHER ROAD,,1,295976,37484,2,2
8979,1,25876,TRAVILLE VIA GAITHER ROAD,,1,295980,37484,2,2
8979,1,25878,TRAVILLE VIA GAITHER ROAD,,1,296065,37484,2,2
8979,1,25852,TRAVILLE VIA GAITHER ROAD,,1,296227,37484,2,2
8979,1,25875,TRAVILLE VIA GAITHER ROAD,,1,296237,37484,2,2
8979,1,25851,TRAVILLE VIA GAITHER ROAD,,1,295962,37484,2,2
8979,1,25874,TRAVILLE VIA GAITHER ROAD,,1,296221,37484,2,2
8979,1,25850,TRAVILLE VIA GAITHER ROAD,,1,296173,37484,2,2
8979,1,25873,TRAVILLE VIA GAITHER ROAD,,1,295959,37484,2,2
8979,1,25872,TRAVILLE VIA GAITHER ROAD,,1,296173,37484,2,2
8979,1,25853,TRAVILLE VIA GAITHER ROAD,,1,296070,37484,2,2
8979,1,25871,TRAVILLE VIA GAITHER ROAD,,1,297334,37484,2,2
8979,1,25870,TRAVILLE VIA GAITHER ROAD,,1,296070,37484,2,2
8979,1,25869,TRAVILLE VIA GAITHER ROAD,,1,296079,37484,2,2
8979,1,25868,TRAVILLE VIA GAITHER ROAD,,1,296966,37484,2,2
8979,1,25867,TRAVILLE VIA GAITHER ROAD,,1,296961,37484,2,2
8979,1,25866,TRAVILLE VIA GAITHER ROAD,,1,296554,37484,2,2
8979,1,25865,TRAVILLE VIA GAITHER ROAD,,1,296918,37484,2,2
8979,1,25864,TRAVILLE VIA GAITHER ROAD,,1,296554,37484,2,2
8979,1,25862,TRAVILLE VIA GAITHER ROAD,,1,296500,37484,2,2
8979,1,25849,TRAVILLE VIA GAITHER ROAD,,1,296284,37484,2,2
8979,1,25861,TRAVILLE VIA GAITHER ROAD,,1,296312,37484,2,2
8979,1,25848,TRAVILLE VIA GAITHER ROAD,,1,296948,37484,2,2
8979,1,25879,TRAVILLE VIA GAITHER ROAD,,1,296344,37484,2,2
8979,1,25860,TRAVILLE VIA GAITHER ROAD,,1,296285,37484,2,2
8979,1,25859,TRAVILLE VIA GAITHER ROAD,,1,296377,37484,2,2
8979,1,25858,TRAVILLE VIA GAITHER ROAD,,1,296325,37484,2,2
8979,1,25857,TRAVILLE VIA GAITHER ROAD,,1,296742,37484,2,2
8979,1,25856,Traville,,1,296369,37485,2,2
8979,1,25855,Traville,,1,296325,37485,2,2
8979,1,25854,Traville,,1,296329,37485,2,2
8979,1,25863,Traville,,1,296329,37485,2,2
8980,1,26241,Rockville,,0,297843,37486,2,2
8980,1,26242,Rockville,,0,297843,37486,2,2
8980,1,26243,Rockville,,0,297857,37486,2,2
8980,1,26244,Rockville,,0,297825,37486,2,2
8980,1,26245,Rockville,,0,297879,37486,2,2
8980,1,26246,Rockville,,0,297891,37486,2,2
8980,1,26247,Rockville,,0,297891,37486,2,2
8980,1,26248,Rockville,,0,297923,37486,2,2
8980,1,26257,Twinbrook,,1,297843,37487,2,2
8980,1,26249,Twinbrook,,1,297843,37487,2,2
8980,1,26250,Twinbrook,,1,297843,37487,2,2
8980,1,26251,Twinbrook,,1,297825,37487,2,2
8980,1,26252,Twinbrook,,1,297879,37487,2,2
8980,1,26253,Twinbrook,,1,297891,37487,2,2
8980,1,26254,Twinbrook,,1,297891,37487,2,2
8980,1,26255,Twinbrook,,1,297923,37487,2,2
8980,1,26256,Twinbrook,,1,297923,37487,2,2
8981,1,26309,Falls Grove via TC,,0,297861,37489,2,2
8981,1,26310,Falls Grove via TC,,0,297831,37489,2,2
8981,1,26311,Falls Grove via TC,,0,297857,37489,2,2
8981,1,26329,Falls Grove via TC,,0,297861,37489,2,2
8981,1,26312,Falls Grove via TC,,0,297832,37489,2,2
8981,1,26330,Falls Grove via TC,,0,297864,37489,2,2
8981,1,26336,Falls Grove via TC,,0,297831,37489,2,2
8981,1,26324,Falls Grove via TC,,0,297843,37489,2,2
8981,1,26313,Falls Grove via SC,,0,297861,37488,2,2
8981,1,26325,Falls Grove via TC,,0,297864,37489,2,2
8981,1,26314,Falls Grove via SC,,0,297827,37488,2,2
8981,1,26315,Falls Grove via TC,,0,297843,37489,2,2
8981,1,26316,Falls Grove via SC,,0,297861,37488,2,2
8981,1,26317,Falls Grove via TC,,0,297827,37489,2,2
8981,1,26334,Falls Grove via SC,,0,297843,37488,2,2
8981,1,26335,Falls Grove via TC,,0,297861,37489,2,2
8981,1,26318,Falls Grove via SC,,0,297913,37488,2,2
8981,1,26331,Falls Grove via TC,,0,297917,37489,2,2
8981,1,26332,Falls Grove via TC,,0,297871,37489,2,2
8981,1,26319,Falls Grove via TC,,0,297877,37489,2,2
8981,1,26333,Falls Grove via TC,,0,297913,37489,2,2
8981,1,26320,Falls Grove via TC,,0,297917,37489,2,2
8981,1,26337,Falls Grove via TC,,0,297871,37489,2,2
8981,1,26321,Falls Grove via TC,,0,297877,37489,2,2
8981,1,26326,Falls Grove via TC,,0,297913,37489,2,2
8981,1,26327,Falls Grove via TC,,0,297917,37489,2,2
8981,1,26328,Falls Grove via TC,,0,297871,37489,2,2
8981,1,26322,Falls Grove via TC,,0,297877,37489,2,2
8981,1,26323,Falls Grove via TC,,0,297923,37489,2,2
8981,1,26338,Twinbrook via TC,,1,297831,37491,2,2
8981,1,26339,Twinbrook via TC,,1,297861,37491,2,2
8981,1,26357,Twinbrook via TC,,1,297831,37491,2,2
8981,1,26358,Twinbrook via TC,,1,297857,37491,2,2
8981,1,26340,Twinbrook via TC,,1,297861,37491,2,2
8981,1,26341,Twinbrook via TC,,1,297832,37491,2,2
8981,1,26352,Twinbrook via TC,,1,297864,37491,2,2
8981,1,26343,Twinbrook via SC,,1,297843,37490,2,2
8981,1,26353,Twinbrook via TC,,1,297861,37491,2,2
8981,1,26351,Twinbrook via SC,,1,297864,37490,2,2
8981,1,26350,Twinbrook via TC,,1,297827,37491,2,2
8981,1,26349,Twinbrook via SC,,1,297843,37490,2,2
8981,1,26348,Twinbrook via TC,,1,297861,37491,2,2
8981,1,26362,Twinbrook via SC,,1,297827,37490,2,2
8981,1,26363,Twinbrook via TC,,1,297843,37491,2,2
8981,1,26347,Twinbrook via SC,,1,297861,37490,2,2
8981,1,26359,Twinbrook via TC,,1,297913,37491,2,2
8981,1,26346,Twinbrook via TC,,1,297917,37491,2,2
8981,1,26360,Twinbrook via TC,,1,297871,37491,2,2
8981,1,26364,Twinbrook via TC,,1,297877,37491,2,2
8981,1,26361,Twinbrook via TC,,1,297913,37491,2,2
8981,1,26345,Twinbrook via TC,,1,297917,37491,2,2
8981,1,26365,Twinbrook via TC,,1,297871,37491,2,2
8981,1,26354,Twinbrook via TC,,1,297877,37491,2,2
8981,1,26342,Twinbrook via TC,,1,297913,37491,2,2
8981,1,26355,Twinbrook via TC,,1,297917,37491,2,2
8981,1,26356,Twinbrook via TC,,1,297871,37491,2,2
8981,1,26344,Twinbrook via TC,,1,297877,37491,2,2
8982,1,26611,Mont College Rockville,,0,295979,37492,2,2
8982,1,26612,Mont College Rockville,,0,296207,37492,2,2
8982,1,26613,Mont College Rockville,,0,296096,37492,2,2
8982,1,26614,Mont College Rockville,,0,295979,37492,2,2
8982,1,26615,Mont College Rockville,,0,296044,37492,2,2
8982,1,26616,Mont College Rockville,,0,296207,37492,2,2
8982,1,26617,Mont College Rockville,,0,296242,37492,2,2
8982,1,26618,Mont College Rockville,,0,296096,37492,2,2
8982,1,26619,Mont College Rockville,,0,296057,37492,2,2
8982,1,26620,Mont College Rockville,,0,296445,37492,2,2
8982,1,26621,Mont College Rockville,,0,295979,37492,2,2
8982,1,26622,Mont College Rockville,,0,296044,37492,2,2
8982,1,26623,Mont College Rockville,,0,296449,37492,2,2
8982,1,26624,Mont College Rockville,,0,296207,37492,2,2
8982,1,26625,Mont College Rockville,,0,296960,37492,2,2
8982,1,26626,Mont College Rockville,,0,296096,37492,2,2
8982,1,26627,Mont College Rockville,,0,295979,37492,2,2
8982,1,26628,Mont College Rockville,,0,296044,37492,2,2
8982,1,26629,Mont College Rockville,,0,296449,37492,2,2
8982,1,26630,Mont College Rockville,,0,295982,37492,2,2
8982,1,26631,Mont College Rockville,,0,296207,37492,2,2
8982,1,26632,Mont College Rockville,,0,296960,37492,2,2
8982,1,26633,Mont College Rockville,,0,296096,37492,2,2
8982,1,26634,Mont College Rockville,,0,296451,37492,2,2
8982,1,26635,Mont College Rockville,,0,295979,37492,2,2
8982,1,26636,Mont College Rockville,,0,296450,37492,2,2
8982,1,26637,Mont College Rockville,,0,296298,37492,2,2
8982,1,26638,Mont College Rockville,,0,295982,37492,2,2
8982,1,26610,Mont College Rockville,,0,296449,37492,2,2
8982,1,26609,Mont College Rockville,,0,296960,37492,2,2
8982,1,26608,Mont College Rockville,,0,296281,37492,2,2
8982,1,26645,Mont College Rockville,,0,296307,37492,2,2
8982,1,26607,Mont College Rockville,,0,296732,37492,2,2
8982,1,26606,Mont College Rockville,,0,296450,37492,2,2
8982,1,26605,Mont College Rockville,,0,296451,37492,2,2
8982,1,26604,Mont College Rockville,,0,296329,37492,2,2
8982,1,26603,Mont College Rockville,,0,296449,37492,2,2
8982,1,26602,Mont College Rockville,,0,296447,37492,2,2
8982,1,26601,Mont College Rockville,,0,296281,37492,2,2
8982,1,26600,Mont College Rockville,,0,296732,37492,2,2
8982,1,26595,Mont College Rockville,,0,296450,37492,2,2
8982,1,26596,Mont College Rockville,,0,296451,37492,2,2
8982,1,26597,Mont College Rockville,,0,296449,37492,2,2
8982,1,26598,Mont College Rockville,,0,296447,37492,2,2
8982,1,26599,Mont College Rockville,,0,296281,37492,2,2
8982,1,26639,Mont College Rockville,,0,296732,37492,2,2
8982,1,26640,Mont College Rockville,,0,296451,37492,2,2
8982,1,26641,Mont College Rockville,,0,296450,37492,2,2
8982,1,26642,Mont College Rockville,,0,296447,37492,2,2
8982,1,26643,Mont College Rockville,,0,296732,37492,2,2
8982,1,26644,Mont College Rockville,,0,296447,37492,2,2
8982,1,26646,Mont College Rockville,,0,296732,37492,2,2
8982,1,26647,Mont College Rockville,,0,296447,37492,2,2
8982,1,26667,Medical Center,,1,295979,37493,2,2
8982,1,26697,Medical Center,,1,296207,37493,2,2
8982,1,26668,Medical Center,,1,296096,37493,2,2
8982,1,26669,Medical Center,,1,295979,37493,2,2
8982,1,26670,Medical Center,,1,296044,37493,2,2
8982,1,26666,Medical Center,,1,296207,37493,2,2
8982,1,26671,Medical Center,,1,296242,37493,2,2
8982,1,26665,Medical Center,,1,296096,37493,2,2
8982,1,26672,Medical Center,,1,296057,37493,2,2
8982,1,26664,Medical Center,,1,296445,37493,2,2
8982,1,26673,Medical Center,,1,295979,37493,2,2
8982,1,26663,Medical Center,,1,296044,37493,2,2
8982,1,26674,Medical Center,,1,296449,37493,2,2
8982,1,26662,Medical Center,,1,296207,37493,2,2
8982,1,26675,Medical Center,,1,296960,37493,2,2
8982,1,26661,Medical Center,,1,296096,37493,2,2
8982,1,26676,Medical Center,,1,295979,37493,2,2
8982,1,26660,Medical Center,,1,296044,37493,2,2
8982,1,26677,Medical Center,,1,296449,37493,2,2
8982,1,26659,Medical Center,,1,295982,37493,2,2
8982,1,26678,Medical Center,,1,296207,37493,2,2
8982,1,26658,Medical Center,,1,296960,37493,2,2
8982,1,26679,Medical Center,,1,296096,37493,2,2
8982,1,26657,Medical Center,,1,296451,37493,2,2
8982,1,26680,Medical Center,,1,295979,37493,2,2
8982,1,26656,Medical Center,,1,296450,37493,2,2
8982,1,26681,Medical Center,,1,296298,37493,2,2
8982,1,26655,Medical Center,,1,295982,37493,2,2
8982,1,26682,Medical Center,,1,296449,37493,2,2
8982,1,26683,Medical Center,,1,296960,37493,2,2
8982,1,26698,Medical Center,,1,296281,37493,2,2
8982,1,26684,Medical Center,,1,296307,37493,2,2
8982,1,26685,Medical Center,,1,296732,37493,2,2
8982,1,26686,Medical Center,,1,296450,37493,2,2
8982,1,26687,Medical Center,,1,296451,37493,2,2
8982,1,26688,Medical Center,,1,296329,37493,2,2
8982,1,26689,Medical Center,,1,296449,37493,2,2
8982,1,26690,Medical Center,,1,296447,37493,2,2
8982,1,26654,Medical Center,,1,296281,37493,2,2
8982,1,26653,Medical Center,,1,296732,37493,2,2
8982,1,26652,Medical Center,,1,296450,37493,2,2
8982,1,26651,Medical Center,,1,296451,37493,2,2
8982,1,26650,Medical Center,,1,296449,37493,2,2
8982,1,26649,Medical Center,,1,296447,37493,2,2
8982,1,26648,Medical Center,,1,296281,37493,2,2
8982,1,26691,Medical Center,,1,296732,37493,2,2
8982,1,26692,Medical Center,,1,296451,37493,2,2
8982,1,26693,Medical Center,,1,296450,37493,2,2
8982,1,26694,Medical Center,,1,296447,37493,2,2
8982,1,26695,Medical Center,,1,296732,37493,2,2
8982,1,26696,Medical Center,,1,296447,37493,2,2
8982,1,26699,Medical Center,,1,296732,37493,2,2
8982,1,26700,Medical Center,,1,296447,37493,2,2
8983,1,27300,Rockville,,0,294050,37494,2,2
8983,1,27301,Rockville,,0,293624,37494,2,2
8983,1,27302,Rockville,,0,294392,37494,2,2
8983,1,27303,Rockville,,0,293590,37494,2,2
8983,1,27304,Rockville,,0,294308,37494,2,2
8983,1,27331,Rockville,,0,294451,37494,2,2
8983,1,27305,Rockville,,0,293058,37494,2,2
8983,1,27306,Rockville,,0,294309,37494,2,2
8983,1,27307,Rockville,,0,294308,37494,2,2
8983,1,27308,Rockville,,0,297863,37494,2,2
8983,1,27309,Rockville,,0,297870,37494,2,2
8983,1,27310,Rockville,,0,297860,37494,2,2
8983,1,27311,Rockville,,0,297835,37494,2,2
8983,1,27312,Rockville,,0,297876,37494,2,2
8983,1,27313,Rockville,,0,297882,37494,2,2
8983,1,27314,Rockville,,0,297877,37494,2,2
8983,1,27315,Rockville,,0,297880,37494,2,2
8983,1,27316,Rockville,,0,293047,37494,2,2
8983,1,27324,Rockville,,0,293595,37494,2,2
8983,1,27325,Rockville,,0,293638,37494,2,2
8983,1,27326,Rockville,,0,294304,37494,2,2
8983,1,27327,Rockville,,0,293036,37494,2,2
8983,1,27328,Rockville,,0,293937,37494,2,2
8983,1,27329,Rockville,,0,293803,37494,2,2
8983,1,27330,Rockville,,0,294395,37494,2,2
8983,1,27332,Rockville,,0,293598,37494,2,2
8983,1,27323,Rockville,,0,294450,37494,2,2
8983,1,27322,Rockville,,0,293937,37494,2,2
8983,1,27321,Rockville,,0,293803,37494,2,2
8983,1,27320,Rockville,,0,294307,37494,2,2
8983,1,27319,Rockville,,0,293598,37494,2,2
8983,1,27318,Rockville,,0,294395,37494,2,2
8983,1,27317,Rockville,,0,293628,37494,2,2
8983,1,27299,Rockville,,0,293053,37494,2,2
8983,1,27333,Bethesda,,1,294392,37495,2,2
8983,1,27334,Bethesda,,1,294050,37495,2,2
8983,1,27335,Bethesda,,1,293624,37495,2,2
8983,1,27365,Bethesda,,1,294392,37495,2,2
8983,1,27336,Bethesda,,1,293590,37495,2,2
8983,1,27337,Bethesda,,1,294308,37495,2,2
8983,1,27338,Bethesda,,1,294451,37495,2,2
8983,1,27339,Bethesda,,1,293058,37495,2,2
8983,1,27340,Bethesda,,1,294309,37495,2,2
8983,1,27341,Bethesda,,1,294308,37495,2,2
8983,1,27342,Bethesda,,1,297825,37495,2,2
8983,1,27343,Bethesda,,1,297870,37495,2,2
8983,1,27344,Bethesda,,1,297860,37495,2,2
8983,1,27345,Bethesda,,1,297835,37495,2,2
8983,1,27346,Bethesda,,1,297876,37495,2,2
8983,1,27347,Bethesda,,1,297882,37495,2,2
8983,1,27348,Bethesda,,1,297877,37495,2,2
8983,1,27349,Bethesda,,1,297880,37495,2,2
8983,1,27350,Bethesda,,1,293047,37495,2,2
8983,1,27351,Bethesda,,1,293595,37495,2,2
8983,1,27352,Bethesda,,1,293638,37495,2,2
8983,1,27353,Bethesda,,1,294304,37495,2,2
8983,1,27354,Bethesda,,1,293036,37495,2,2
8983,1,27355,Bethesda,,1,293937,37495,2,2
8983,1,27356,Bethesda,,1,293803,37495,2,2
8983,1,27364,Bethesda,,1,294395,37495,2,2
8983,1,27363,Bethesda,,1,293598,37495,2,2
8983,1,27366,Bethesda,,1,294450,37495,2,2
8983,1,27362,Bethesda,,1,293937,37495,2,2
8983,1,27361,Bethesda,,1,293803,37495,2,2
8983,1,27360,Bethesda,,1,294307,37495,2,2
8983,1,27359,Bethesda,,1,293598,37495,2,2
8983,1,27358,Bethesda,,1,294395,37495,2,2
8983,1,27357,Bethesda,,1,293628,37495,2,2
8984,1,27742,Rockville,,0,296089,37496,2,2
8984,1,27741,Rockville,,0,296272,37496,2,2
8984,1,27754,Rockville,,0,296154,37496,2,2
8984,1,27755,Rockville,,0,296122,37496,2,2
8984,1,27756,Rockville,,0,296027,37496,2,2
8984,1,27758,Rockville,,0,296214,37496,2,2
8984,1,27757,Rockville,,0,296182,37496,2,2
8984,1,27759,Rockville,,0,296239,37496,2,2
8984,1,27760,Rockville,,0,295967,37496,2,2
8984,1,27761,Rockville,,0,296272,37496,2,2
8984,1,27762,Rockville,,0,296241,37496,2,2
8984,1,27763,Rockville,,0,296239,37496,2,2
8984,1,27764,Rockville,,0,296027,37496,2,2
8984,1,27743,Rockville,,0,296225,37496,2,2
8984,1,27744,Rockville,,0,296230,37496,2,2
8984,1,27765,Rockville,,0,295946,37496,2,2
8984,1,27766,Rockville,,0,296027,37496,2,2
8984,1,27753,Rockville,,0,296122,37496,2,2
8984,1,27752,Rockville,,0,295997,37496,2,2
8984,1,27751,Rockville,,0,296154,37496,2,2
8984,1,27782,Rockville,,0,295923,37496,2,2
8984,1,27748,Rockville,,0,296214,37496,2,2
8984,1,27783,Rockville,,0,296311,37496,2,2
8984,1,27767,Rockville,,0,296331,37496,2,2
8984,1,27781,Rockville,,0,296277,37496,2,2
8984,1,27768,Rockville,,0,296466,37496,2,2
8984,1,27769,Rockville,,0,296469,37496,2,2
8984,1,27770,Rockville,,0,296331,37496,2,2
8984,1,27771,Rockville,,0,296277,37496,2,2
8984,1,27772,Rockville,,0,296336,37496,2,2
8984,1,27773,Rockville,,0,296321,37496,2,2
8984,1,27774,Rockville,,0,296299,37496,2,2
8984,1,27775,Rockville,,0,296277,37496,2,2
8984,1,27745,Rockville,,0,296311,37496,2,2
8984,1,27746,Rockville,,0,296336,37496,2,2
8984,1,27776,Rockville,,0,296728,37496,2,2
8984,1,27777,Rockville,,0,296311,37496,2,2
8984,1,27778,Rockville,,0,296336,37496,2,2
8984,1,27779,Rockville,,0,296741,37496,2,2
8984,1,27747,Rockville,,0,296728,37496,2,2
8984,1,27780,Rockville,,0,296309,37496,2,2
8984,1,27750,Rockville,,0,296522,37496,2,2
8984,1,27749,Rockville,,0,296299,37496,2,2
8984,1,27804,Wheaton,,1,296272,37497,2,2
8984,1,27805,Wheaton,,1,296154,37497,2,2
8984,1,27803,Wheaton,,1,296122,37497,2,2
8984,1,27806,Wheaton,,1,296027,37497,2,2
8984,1,27802,Wheaton,,1,296214,37497,2,2
8984,1,27807,Wheaton,,1,296182,37497,2,2
8984,1,27801,Wheaton,,1,296239,37497,2,2
8984,1,27808,Wheaton,,1,295967,37497,2,2
8984,1,27795,Wheaton,,1,296272,37497,2,2
8984,1,27794,Wheaton,,1,296241,37497,2,2
8984,1,27800,Wheaton,,1,296239,37497,2,2
8984,1,27809,Wheaton,,1,296027,37497,2,2
8984,1,27810,Wheaton,,1,296225,37497,2,2
8984,1,27811,Wheaton,,1,296230,37497,2,2
8984,1,27812,Wheaton,,1,295946,37497,2,2
8984,1,27813,Wheaton,,1,296027,37497,2,2
8984,1,27814,Wheaton,,1,296122,37497,2,2
8984,1,27815,Wheaton,,1,295997,37497,2,2
8984,1,27789,Wheaton,,1,296154,37497,2,2
8984,1,27788,Wheaton,,1,295923,37497,2,2
8984,1,27825,Wheaton,,1,296214,37497,2,2
8984,1,27787,Wheaton,,1,296311,37497,2,2
8984,1,27791,Wheaton,,1,296331,37497,2,2
8984,1,27824,Wheaton,,1,296277,37497,2,2
8984,1,27786,Wheaton,,1,296466,37497,2,2
8984,1,27785,Wheaton,,1,296469,37497,2,2
8984,1,27784,Wheaton,,1,296331,37497,2,2
8984,1,27822,Wheaton,,1,296277,37497,2,2
8984,1,27816,Wheaton,,1,296336,37497,2,2
8984,1,27793,Wheaton,,1,296321,37497,2,2
8984,1,27792,Wheaton,,1,296299,37497,2,2
8984,1,27817,Wheaton,,1,296277,37497,2,2
8984,1,27799,Wheaton,,1,296311,37497,2,2
8984,1,27798,Wheaton,,1,296336,37497,2,2
8984,1,27797,Wheaton,,1,296728,37497,2,2
8984,1,27796,Wheaton,,1,296311,37497,2,2
8984,1,27818,Wheaton,,1,296336,37497,2,2
8984,1,27819,Wheaton,,1,296741,37497,2,2
8984,1,27820,Wheaton,,1,296728,37497,2,2
8984,1,27821,Wheaton,,1,296309,37497,2,2
8984,1,27790,Wheaton,,1,296522,37497,2,2
8984,1,27823,Wheaton,,1,296299,37497,2,2
8985,1,28314,Rockville,,0,296027,37498,2,2
8985,1,28315,Rockville,,0,296224,37498,2,2
8985,1,28313,Rockville,,0,296182,37498,2,2
8985,1,28312,Rockville,,0,296239,37498,2,2
8985,1,28279,Rockville,,0,296228,37498,2,2
8985,1,28278,Rockville,,0,296272,37498,2,2
8985,1,28311,Rockville,,0,296241,37498,2,2
8985,1,28310,Rockville,,0,296154,37498,2,2
8985,1,28309,Rockville,,0,296122,37498,2,2
8985,1,28308,Rockville,,0,296027,37498,2,2
8985,1,28307,Rockville,,0,296089,37498,2,2
8985,1,28280,Rockville,,0,296225,37498,2,2
8985,1,28306,Rockville,,0,295997,37498,2,2
8985,1,28281,Rockville,,0,296053,37498,2,2
8985,1,28305,Rockville,,0,295923,37498,2,2
8985,1,28304,Rockville,,0,295969,37498,2,2
8985,1,28303,Rockville,,0,295997,37498,2,2
8985,1,28302,Rockville,,0,296154,37498,2,2
8985,1,28301,Rockville,,0,295967,37498,2,2
8985,1,28300,Rockville,,0,296214,37498,2,2
8985,1,28299,Rockville,,0,296376,37498,2,2
8985,1,28317,Rockville,,0,296292,37498,2,2
8985,1,28298,Rockville,,0,296230,37498,2,2
8985,1,28297,Rockville,,0,296469,37498,2,2
8985,1,28296,Rockville,,0,296292,37498,2,2
8985,1,28295,Rockville,,0,296461,37498,2,2
8985,1,28294,Rockville,,0,296316,37498,2,2
8985,1,28293,Rockville,,0,296323,37498,2,2
8985,1,28292,Rockville,,0,296292,37498,2,2
8985,1,28291,Rockville,,0,296299,37498,2,2
8985,1,28290,Rockville,,0,296466,37498,2,2
8985,1,28316,Rockville,,0,296461,37498,2,2
8985,1,28289,Rockville,,0,296292,37498,2,2
8985,1,28277,Rockville,,0,296333,37498,2,2
8985,1,28288,Rockville,,0,296298,37498,2,2
8985,1,28287,Rockville,,0,296321,37498,2,2
8985,1,28286,Rockville,,0,296298,37498,2,2
8985,1,28285,Rockville,,0,296321,37498,2,2
8985,1,28284,Rockville,,0,296311,37498,2,2
8985,1,28283,Rockville,,0,296321,37498,2,2
8985,1,28282,Rockville,,0,296728,37498,2,2
8985,1,28357,Glenmont,,1,296027,37499,2,2
8985,1,28356,Glenmont,,1,296182,37499,2,2
8985,1,28355,Glenmont,,1,296228,37499,2,2
8985,1,28354,Glenmont,,1,296272,37499,2,2
8985,1,28353,Glenmont,,1,296241,37499,2,2
8985,1,28352,Glenmont,,1,296154,37499,2,2
8985,1,28324,Glenmont,,1,296122,37499,2,2
8985,1,28323,Glenmont,,1,296027,37499,2,2
8985,1,28322,Glenmont,,1,296089,37499,2,2
8985,1,28351,Glenmont,,1,296225,37499,2,2
8985,1,28350,Glenmont,,1,295997,37499,2,2
8985,1,28349,Glenmont,,1,296053,37499,2,2
8985,1,28348,Glenmont,,1,295923,37499,2,2
8985,1,28347,Glenmont,,1,295969,37499,2,2
8985,1,28346,Glenmont,,1,295997,37499,2,2
8985,1,28345,Glenmont,,1,296154,37499,2,2
8985,1,28344,Glenmont,,1,295967,37499,2,2
8985,1,28343,Glenmont,,1,296214,37499,2,2
8985,1,28342,Glenmont,,1,296376,37499,2,2
8985,1,28341,Glenmont,,1,296292,37499,2,2
8985,1,28340,Glenmont,,1,296230,37499,2,2
8985,1,28339,Glenmont,,1,296469,37499,2,2
8985,1,28338,Glenmont,,1,296292,37499,2,2
8985,1,28319,Glenmont,,1,296461,37499,2,2
8985,1,28337,Glenmont,,1,296316,37499,2,2
8985,1,28336,Glenmont,,1,296323,37499,2,2
8985,1,28335,Glenmont,,1,296292,37499,2,2
8985,1,28334,Glenmont,,1,296299,37499,2,2
8985,1,28320,Glenmont,,1,296316,37499,2,2
8985,1,28333,Glenmont,,1,296466,37499,2,2
8985,1,28358,Glenmont,,1,296461,37499,2,2
8985,1,28318,Glenmont,,1,296554,37499,2,2
8985,1,28321,Glenmont,,1,296292,37499,2,2
8985,1,28332,Glenmont,,1,296333,37499,2,2
8985,1,28331,Glenmont,,1,296298,37499,2,2
8985,1,28330,Glenmont,,1,296321,37499,2,2
8985,1,28329,Glenmont,,1,296298,37499,2,2
8985,1,28328,Glenmont,,1,296321,37499,2,2
8985,1,28327,Glenmont,,1,296311,37499,2,2
8985,1,28326,Glenmont,,1,296321,37499,2,2
8985,1,28325,Glenmont,,1,296728,37499,2,2
8986,1,28828,Twinbrook,,0,293642,37501,2,2
8986,1,28829,Twinbrook,,0,294036,37501,2,2
8986,1,28827,Twinbrook,,0,293037,37501,2,2
8986,1,28791,Twinbrook,,0,293828,37501,2,2
8986,1,28806,Twinbrook,,0,293780,37501,2,2
8986,1,28826,Twinbrook,,0,293048,37501,2,2
8986,1,28825,Twinbrook,,0,293831,37501,2,2
8986,1,28796,Twinbrook,,0,293043,37501,2,2
8986,1,28805,Twinbrook,,0,293619,37501,2,2
8986,1,28804,Twinbrook,,0,293829,37501,2,2
8986,1,28803,Twinbrook,,0,293832,37501,2,2
8986,1,28799,Twinbrook,,0,293644,37501,2,2
8986,1,28798,Twinbrook Victory F,,0,296301,37500,2,2
8986,1,28824,Twinbrook,,0,293841,37501,2,2
8986,1,28823,Twinbrook Victory F,,0,293641,37500,2,2
8986,1,28795,Twinbrook,,0,293626,37501,2,2
8986,1,28821,Twinbrook Victory F,,0,293806,37500,2,2
8986,1,28822,Twinbrook,,0,293036,37501,2,2
8986,1,28819,Twinbrook Victory F,,0,293620,37500,2,2
8986,1,28820,Twinbrook,,0,293801,37501,2,2
8986,1,28817,Twinbrook Victory F,,0,293936,37500,2,2
8986,1,28794,Twinbrook,,0,293596,37501,2,2
8986,1,28793,Twinbrook,,0,293632,37501,2,2
8986,1,28818,Twinbrook,,0,293834,37501,2,2
8986,1,28816,Twinbrook,,0,293052,37501,2,2
8986,1,28797,Twinbrook,,0,293063,37501,2,2
8986,1,28802,Twinbrook,,0,293628,37501,2,2
8986,1,28815,Twinbrook,,0,293050,37501,2,2
8986,1,28801,Twinbrook,,0,293049,37501,2,2
8986,1,28800,Twinbrook,,0,293039,37501,2,2
8986,1,28814,Twinbrook,,0,293046,37501,2,2
8986,1,28813,Twinbrook,,0,293801,37501,2,2
8986,1,28812,Twinbrook,,0,293630,37501,2,2
8986,1,28811,Twinbrook,,0,293631,37501,2,2
8986,1,28810,Twinbrook,,0,293047,37501,2,2
8986,1,28809,Twinbrook,,0,293937,37501,2,2
8986,1,28808,Twinbrook,,0,293637,37501,2,2
8986,1,28807,Twinbrook,,0,293631,37501,2,2
8986,1,28792,Twinbrook,,0,293594,37501,2,2
8986,1,28868,Silver Spring,,1,293642,37503,2,2
8986,1,28867,Silver Spring,,1,294036,37503,2,2
8986,1,28845,Silver Spring,,1,293037,37503,2,2
8986,1,28866,Silver Spring,,1,293780,37503,2,2
8986,1,28844,Silver Spring,,1,293048,37503,2,2
8986,1,28843,Silver Spring,,1,293043,37503,2,2
8986,1,28865,Silver Spring,,1,293619,37503,2,2
8986,1,28842,Silver Spring Victory F,,1,293829,37502,2,2
8986,1,28864,Silver Spring,,1,293644,37503,2,2
8986,1,28863,Silver Spring Victory F,,1,296301,37502,2,2
8986,1,28862,Silver Spring,,1,293841,37503,2,2
8986,1,28861,Silver Spring Victory F,,1,293641,37502,2,2
8986,1,28860,Silver Spring,,1,293626,37503,2,2
8986,1,28859,Silver Spring Victory F,,1,293806,37502,2,2
8986,1,28869,Silver Spring,,1,293036,37503,2,2
8986,1,28858,Silver Spring Victory F,,1,293620,37502,2,2
8986,1,28841,Silver Spring,,1,293801,37503,2,2
8986,1,28857,Silver Spring,,1,293631,37503,2,2
8986,1,28830,Silver Spring,,1,293936,37503,2,2
8986,1,28834,Silver Spring,,1,293044,37503,2,2
8986,1,28840,Silver Spring,,1,293596,37503,2,2
8986,1,28856,Silver Spring,,1,293800,37503,2,2
8986,1,28839,Silver Spring,,1,293632,37503,2,2
8986,1,28855,Silver Spring,,1,293834,37503,2,2
8986,1,28838,Silver Spring,,1,293840,37503,2,2
8986,1,28854,Silver Spring,,1,293052,37503,2,2
8986,1,28836,Silver Spring,,1,293063,37503,2,2
8986,1,28835,Silver Spring,,1,293628,37503,2,2
8986,1,28833,Silver Spring,,1,293050,37503,2,2
8986,1,28832,Silver Spring,,1,293049,37503,2,2
8986,1,28853,Silver Spring,,1,293039,37503,2,2
8986,1,28837,Silver Spring,,1,293046,37503,2,2
8986,1,28852,Silver Spring,,1,293801,37503,2,2
8986,1,28851,Silver Spring,,1,293630,37503,2,2
8986,1,28850,Silver Spring,,1,293631,37503,2,2
8986,1,28849,Silver Spring,,1,293047,37503,2,2
8986,1,28848,Silver Spring,,1,293937,37503,2,2
8986,1,28831,Silver Spring,,1,293637,37503,2,2
8986,1,28847,Silver Spring,,1,293631,37503,2,2
8986,1,28846,Silver Spring,,1,293594,37503,2,2
8987,1,29340,ICC Park & Ride,,0,294870,37504,2,2
8987,1,29345,ICC Park & Ride,,0,294159,37504,2,2
8987,1,29346,ICC Park & Ride,,0,294870,37504,2,2
8987,1,29339,ICC Park & Ride,,0,294156,37504,2,2
8987,1,29338,ICC Park & Ride,,0,294870,37504,2,2
8987,1,29347,ICC Park & Ride,,0,294176,37504,2,2
8987,1,29341,ICC Park & Ride,,0,294171,37504,2,2
8987,1,29342,ICC Park & Ride,,0,294172,37504,2,2
8987,1,29337,ICC Park & Ride,,0,294174,37504,2,2
8987,1,29336,ICC Park & Ride,,0,294158,37504,2,2
8987,1,29335,ICC Park & Ride,,0,294171,37504,2,2
8987,1,29343,ICC Park & Ride,,0,294170,37504,2,2
8987,1,29344,ICC Park & Ride,,0,294173,37504,2,2
8987,1,29353,Glenmont,,1,294870,37505,2,2
8987,1,29352,Glenmont,,1,294159,37505,2,2
8987,1,29358,Glenmont,,1,294870,37505,2,2
8987,1,29351,Glenmont,,1,294159,37505,2,2
8987,1,29350,Glenmont,,1,294870,37505,2,2
8987,1,29354,Glenmont,,1,294156,37505,2,2
8987,1,29355,Glenmont,,1,294870,37505,2,2
8987,1,29359,Glenmont,,1,294176,37505,2,2
8987,1,29360,Glenmont,,1,294171,37505,2,2
8987,1,29356,Glenmont,,1,294172,37505,2,2
8987,1,29349,Glenmont,,1,294174,37505,2,2
8987,1,29348,Glenmont,,1,294158,37505,2,2
8987,1,29357,Glenmont,,1,294171,37505,2,2
8988,1,29432,Good Counsel High School,,0,297860,37506,2,2
8988,1,29429,Good Counsel High School,,0,297855,37506,2,2
8988,1,29428,Good Counsel High School,,0,297860,37506,2,2
8988,1,29433,MedStar Montgomery,,0,297910,37508,2,2
8988,1,29434,MedStar Montgomery,,0,297932,37508,2,2
8988,1,29435,MedStar Montgomery,,0,297910,37508,2,2
8988,1,29427,MedStar Montgomery,,0,297932,37508,2,2
8988,1,29431,MedStar Montgomery,,0,297910,37508,2,2
8988,1,29430,MedStar Montgomery,,0,297932,37508,2,2
8988,1,29443,Rockville,,1,297860,37511,2,2
8988,1,29442,Rockville,,1,297855,37511,2,2
8988,1,29441,Rockville,,1,297860,37511,2,2
8988,1,29440,Rockville,,1,297855,37511,2,2
8988,1,29436,Rockville,,1,297860,37511,2,2
8988,1,29439,Rockville,,1,297910,37509,2,2
8988,1,29438,Rockville,,1,297932,37509,2,2
8988,1,29437,Rockville,,1,297910,37509,2,2
8988,1,29444,Rockville,,1,297932,37510,2,2
8989,1,29566,Shady Grove via Olney,,0,297826,37516,2,2
8989,1,29577,Shady Grove via Olney,,0,297848,37516,2,2
8989,1,29576,Shady Grove via Olney,,0,297830,37514,2,2
8989,1,29575,Shady Grove via Olney,,0,297846,37516,2,2
8989,1,29574,Shady Grove via Olney,,0,297848,37514,2,2
8989,1,29573,Shady Grove via Olney,,0,297830,37516,2,2
8989,1,29578,Shady Grove,,0,297873,37515,2,2
8989,1,29565,Shady Grove,,0,297906,37515,2,2
8989,1,29572,Shady Grove via Olney,,0,297867,37513,2,2
8989,1,29571,Shady Grove via Olney,,0,297873,37512,2,2
8989,1,29570,Shady Grove via Olney,,0,297915,37512,2,2
8989,1,29569,Shady Grove via Olney,,0,297867,37512,2,2
8989,1,29568,Shady Grove via Olney,,0,297873,37512,2,2
8989,1,29567,Shady Grove via Olney,,0,297885,37512,2,2
8989,1,29590,Glenmont via Olney,,1,297827,37518,2,2
8989,1,29589,Glenmont via Olney,,1,297826,37520,2,2
8989,1,29588,Glenmont via Olney,,1,297848,37518,2,2
8989,1,29587,Glenmont via Olney,,1,297830,37520,2,2
8989,1,29581,Glenmont via Olney,,1,297846,37518,2,2
8989,1,29579,Glenmont via Olney,,1,297867,37517,2,2
8989,1,29586,Glenmont via Olney,,1,297873,37519,2,2
8989,1,29580,Glenmont via Olney,,1,297906,37519,2,2
8989,1,29585,Glenmont via Olney,,1,297867,37521,2,2
8989,1,29584,Glenmont via Olney,,1,297873,37521,2,2
8989,1,29583,Glenmont via Olney,,1,297915,37521,2,2
8989,1,29582,Glenmont via Olney,,1,297867,37521,2,2
8990,1,29720,Lakeforest,,0,296262,37525,2,2
8990,1,29742,Lakeforest,,0,295957,37525,2,2
8990,1,29719,Lakeforest,,0,295958,37525,2,2
8990,1,29748,Lakeforest,,0,295942,37525,2,2
8990,1,29718,Lakeforest,,0,296234,37525,2,2
8990,1,29752,Lakeforest,,0,296041,37524,2,2
8990,1,29751,Lakeforest,,0,296079,37525,2,2
8990,1,29747,Lakeforest,,0,296260,37525,2,2
8990,1,29750,Lakeforest,,0,296963,37525,2,2
8990,1,29746,Lakeforest,,0,296267,37523,2,2
8990,1,29749,Lakeforest,,0,296156,37523,2,2
8990,1,29723,Lakeforest,,0,296041,37523,2,2
8990,1,29739,Lakeforest,,0,296259,37523,2,2
8990,1,29724,Lakeforest,,0,296244,37523,2,2
8990,1,29725,Lakeforest,,0,296224,37523,2,2
8990,1,29726,Lakeforest,,0,296221,37523,2,2
8990,1,29727,Lakeforest,,0,296467,37523,2,2
8990,1,29728,Lakeforest,,0,297238,37523,2,2
8990,1,29729,Lakeforest,,0,296262,37523,2,2
8990,1,29734,Lakeforest,,0,296578,37523,2,2
8990,1,29730,Lakeforest,,0,296380,37525,2,2
8990,1,29731,Lakeforest,,0,296557,37525,2,2
8990,1,29732,Lakeforest,,0,296322,37525,2,2
8990,1,29745,Lakeforest,,0,297238,37524,2,2
8990,1,29733,Lakeforest,,0,296327,37525,2,2
8990,1,29744,Lakeforest,,0,296486,37525,2,2
8990,1,29755,Lakeforest,,0,296557,37525,2,2
8990,1,29754,Lakeforest,,0,296303,37525,2,2
8990,1,29743,Lakeforest,,0,296496,37525,2,2
8990,1,29753,Lakeforest,,0,296339,37525,2,2
8990,1,29741,Lakeforest,,0,296735,37525,2,2
8990,1,29740,Lakeforest,,0,296294,37525,2,2
8990,1,29722,Lakeforest,,0,296302,37525,2,2
8990,1,29721,Lakeforest,,0,296317,37525,2,2
8990,1,29738,Lakeforest,,0,296339,37525,2,2
8990,1,29737,Lakeforest,,0,296740,37525,2,2
8990,1,29736,Lakeforest,,0,296339,37525,2,2
8990,1,29735,Lakeforest,,0,296738,37525,2,2
8990,1,29768,Rockville,,1,295977,37528,2,2
8990,1,29769,Rockville,,1,296131,37528,2,2
8990,1,29770,Rockville,,1,296262,37528,2,2
8990,1,29758,Rockville,,1,296044,37528,2,2
8990,1,29771,Rockville,,1,296112,37528,2,2
8990,1,29767,Rockville,,1,296260,37528,2,2
8990,1,29772,Rockville,,1,296262,37528,2,2
8990,1,29766,Rockville,,1,296263,37527,2,2
8990,1,29765,Rockville,,1,296217,37528,2,2
8990,1,29773,Rockville,,1,296092,37526,2,2
8990,1,29764,Rockville,,1,296138,37526,2,2
8990,1,29774,Rockville,,1,295962,37526,2,2
8990,1,29775,Rockville,,1,296224,37526,2,2
8990,1,29776,Rockville,,1,295982,37526,2,2
8990,1,29777,Rockville,,1,296221,37526,2,2
8990,1,29778,Rockville,,1,296248,37526,2,2
8990,1,29779,Rockville,,1,297238,37526,2,2
8990,1,29759,Rockville,,1,296221,37526,2,2
8990,1,29780,Rockville,,1,296092,37526,2,2
8990,1,29794,Rockville,,1,296380,37526,2,2
8990,1,29781,Rockville,,1,296094,37526,2,2
8990,1,29782,Rockville,,1,296496,37528,2,2
8990,1,29763,Rockville,,1,296578,37528,2,2
8990,1,29783,Rockville,,1,296380,37528,2,2
8990,1,29784,Rockville,,1,296274,37528,2,2
8990,1,29762,Rockville,,1,296322,37528,2,2
8990,1,29785,Rockville,,1,296310,37527,2,2
8990,1,29761,Rockville,,1,296500,37528,2,2
8990,1,29786,Rockville,,1,296327,37528,2,2
8990,1,29760,Rockville,,1,296306,37528,2,2
8990,1,29756,Rockville,,1,296294,37528,2,2
8990,1,29787,Rockville,,1,296307,37528,2,2
8990,1,29788,Rockville,,1,296317,37528,2,2
8990,1,29789,Rockville,,1,296319,37528,2,2
8990,1,29757,Rockville,,1,296302,37528,2,2
8990,1,29790,Rockville,,1,296370,37528,2,2
8990,1,29791,Rockville,,1,296339,37528,2,2
8990,1,29792,Rockville,,1,296740,37528,2,2
8990,1,29793,Rockville,,1,296735,37528,2,2
8991,1,30202,Germantown,,0,295997,37530,2,2
8991,1,30203,Germantown,,0,295923,37530,2,2
8991,1,30204,Germantown,,0,296244,37530,2,2
8991,1,30205,Germantown,,0,295982,37530,2,2
8991,1,30206,Germantown,,0,295944,37530,2,2
8991,1,30207,Germantown,,0,296250,37530,2,2
8991,1,30208,Germantown,,0,296232,37530,2,2
8991,1,30209,Germantown,,0,295957,37530,2,2
8991,1,30210,Germantown,,0,295977,37530,2,2
8991,1,30211,Germantown,,0,295958,37530,2,2
8991,1,30212,Germantown,,0,296131,37530,2,2
8991,1,30242,Germantown,,0,296067,37530,2,2
8991,1,30243,Germantown,,0,296498,37530,2,2
8991,1,30213,Germantown,,0,295942,37530,2,2
8991,1,30244,Germantown,,0,296197,37530,2,2
8991,1,30214,Germantown,,0,296272,37530,2,2
8991,1,30245,Germantown,,0,296248,37530,2,2
8991,1,30215,Germantown,,0,296157,37530,2,2
8991,1,30246,Germantown,,0,296079,37530,2,2
8991,1,30216,Germantown,,0,296059,37530,2,2
8991,1,30247,Germantown,,0,296234,37530,2,2
8991,1,30254,Germantown,,0,295944,37530,2,2
8991,1,30255,Germantown,,0,296112,37530,2,2
8991,1,30256,Germantown,,0,296262,37530,2,2
8991,1,30257,Germantown,,0,296094,37530,2,2
8991,1,30217,Germantown,,0,296100,37530,2,2
8991,1,30258,Germantown,,0,296228,37530,2,2
8991,1,30248,Germantown,,0,296461,37530,2,2
8991,1,30259,Germantown,,0,296267,37530,2,2
8991,1,30218,Germantown,,0,296579,37530,2,2
8991,1,30260,Germantown,,0,296272,37530,2,2
8991,1,30219,Germantown,,0,296302,37530,2,2
8991,1,30249,Germantown,,0,296500,37530,2,2
8991,1,30220,Germantown,,0,296377,37530,2,2
8991,1,30250,Germantown,,0,296361,37530,2,2
8991,1,30266,Germantown,,0,296317,37530,2,2
8991,1,30251,Germantown,,0,296949,37530,2,2
8991,1,30252,Germantown,,0,296923,37530,2,2
8991,1,30221,Germantown,,0,296309,37530,2,2
8991,1,30253,Germantown,,0,296522,37530,2,2
8991,1,30222,Germantown,,0,296294,37530,2,2
8991,1,30223,Germantown,,0,296379,37530,2,2
8991,1,30224,Germantown,,0,296966,37530,2,2
8991,1,30225,Germantown,,0,296285,37530,2,2
8991,1,30226,Germantown,,0,296286,37530,2,2
8991,1,30227,Germantown,,0,296278,37530,2,2
8991,1,30241,Germantown,,0,296374,37530,2,2
8991,1,30228,Germantown,,0,296464,37530,2,2
8991,1,30229,Germantown,,0,296314,37530,2,2
8991,1,30230,Germantown,,0,296961,37530,2,2
8991,1,30201,Germantown,,0,296578,37530,2,2
8991,1,30200,Germantown,,0,296380,37530,2,2
8991,1,30231,Germantown,,0,296918,37530,2,2
8991,1,30232,Germantown,,0,296521,37530,2,2
8991,1,30233,Germantown,,0,296465,37530,2,2
8991,1,30234,Germantown,,0,296329,37530,2,2
8991,1,30235,Germantown,,0,297238,37530,2,2
8991,1,30236,Germantown,,0,296327,37530,2,2
8991,1,30199,Germantown,,0,296306,37530,2,2
8991,1,30198,Germantown,,0,296500,37530,2,2
8991,1,30237,Germantown,,0,296307,37530,2,2
8991,1,30238,Germantown,,0,296366,37530,2,2
8991,1,30239,Germantown,,0,296277,37530,2,2
8991,1,30261,Germantown,,0,296557,37530,2,2
8991,1,30262,Germantown,,0,296462,37530,2,2
8991,1,30263,Germantown,,0,296370,37530,2,2
8991,1,30264,Germantown,,0,296366,37530,2,2
8991,1,30265,Germantown,,0,296911,37530,2,2
8991,1,30240,Germantown,,0,296740,37530,2,2
8991,1,30197,Germantown,,0,296735,37530,2,2
8991,1,30325,Rockville,,1,295923,37532,2,2
8991,1,30271,Rockville,,1,296068,37532,2,2
8991,1,30272,Rockville,,1,295958,37532,2,2
8991,1,30273,Rockville,,1,295942,37532,2,2
8991,1,30274,Rockville,,1,296234,37532,2,2
8991,1,30316,Rockville,,1,296232,37532,2,2
8991,1,30317,Rockville,,1,296041,37532,2,2
8991,1,30275,Rockville,,1,296092,37532,2,2
8991,1,30276,Rockville,,1,296245,37532,2,2
8991,1,30277,Rockville,,1,295980,37532,2,2
8991,1,30278,Rockville,,1,296057,37532,2,2
8991,1,30279,Rockville,,1,296065,37532,2,2
8991,1,30280,Rockville,,1,295969,37532,2,2
8991,1,30281,Rockville,,1,296053,37532,2,2
8991,1,30282,Rockville,,1,296156,37532,2,2
8991,1,30326,Rockville,,1,296157,37532,2,2
8991,1,30327,Rockville,,1,295947,37532,2,2
8991,1,30318,Rockville,,1,296059,37532,2,2
8991,1,30328,Rockville,,1,296259,37532,2,2
8991,1,30283,Rockville,,1,297339,37532,2,2
8991,1,30284,Rockville,,1,295944,37532,2,2
8991,1,30329,Rockville,,1,296112,37532,2,2
8991,1,30285,Rockville,,1,296269,37532,2,2
8991,1,30286,Rockville,,1,296244,37532,2,2
8991,1,30330,Rockville,,1,296270,37532,2,2
8991,1,30287,Rockville,,1,296094,37532,2,2
8991,1,30288,Rockville,,1,296066,37532,2,2
8991,1,30331,Rockville,,1,296228,37532,2,2
8991,1,30289,Rockville,,1,295976,37532,2,2
8991,1,30290,Rockville,,1,296065,37532,2,2
8991,1,30332,Rockville,,1,296151,37532,2,2
8991,1,30291,Rockville,,1,296272,37532,2,2
8991,1,30292,Rockville,,1,296041,37532,2,2
8991,1,30294,Rockville,,1,295957,37532,2,2
8991,1,30293,Rockville,,1,296262,37532,2,2
8991,1,30270,Rockville,,1,296089,37532,2,2
8991,1,30319,Rockville,,1,296949,37532,2,2
8991,1,30320,Rockville,,1,296131,37532,2,2
8991,1,30333,Rockville,,1,296234,37532,2,2
8991,1,30295,Rockville,,1,296461,37532,2,2
8991,1,30321,Rockville,,1,296966,37532,2,2
8991,1,30334,Rockville,,1,296557,37532,2,2
8991,1,30296,Rockville,,1,296579,37532,2,2
8991,1,30322,Rockville,,1,296322,37532,2,2
8991,1,30297,Rockville,,1,296302,37532,2,2
8991,1,30323,Rockville,,1,296741,37532,2,2
8991,1,30324,Rockville,,1,296377,37532,2,2
8991,1,30298,Rockville,,1,296961,37532,2,2
8991,1,30335,Rockville,,1,296303,37532,2,2
8991,1,30269,Rockville,,1,296486,37532,2,2
8991,1,30268,Rockville,,1,296319,37532,2,2
8991,1,30299,Rockville,,1,296918,37532,2,2
8991,1,30300,Rockville,,1,296522,37532,2,2
8991,1,30301,Rockville,,1,296465,37532,2,2
8991,1,30302,Rockville,,1,296966,37532,2,2
8991,1,30303,Rockville,,1,296339,37532,2,2
8991,1,30304,Rockville,,1,296501,37532,2,2
8991,1,30305,Rockville,,1,296464,37532,2,2
8991,1,30306,Rockville,,1,296366,37532,2,2
8991,1,30307,Rockville,,1,296380,37532,2,2
8991,1,30308,Rockville,,1,296465,37532,2,2
8991,1,30309,Rockville,,1,296557,37532,2,2
8991,1,30267,Rockville,,1,296467,37532,2,2
8991,1,30310,Rockville,,1,296740,37532,2,2
8991,1,30311,Rockville,,1,296366,37532,2,2
8991,1,30312,Rockville,,1,296911,37532,2,2
8991,1,30314,Rockville,,1,296738,37532,2,2
8991,1,30313,Rockville,,1,296370,37532,2,2
8991,1,30315,Rockville,,1,296277,37532,2,2
8992,1,31175,Lakeforest Edison Park,,0,296248,37533,2,2
8992,1,31176,Lakeforest Edison Park,,0,295977,37533,2,2
8992,1,31177,Lakeforest Edison Park,,0,296131,37533,2,2
8992,1,31161,Lakeforest Edison Park,,0,296262,37533,2,2
8992,1,31171,Lakeforest Edison Park,,0,296248,37533,2,2
8992,1,31160,Lakeforest Edison Park,,0,296217,37533,2,2
8992,1,31159,Lakeforest Edison Park,,0,296092,37533,2,2
8992,1,31158,Lakeforest Edison Park,,0,296245,37533,2,2
8992,1,31157,Lakeforest Edison Park,,0,296065,37533,2,2
8992,1,31174,Lakeforest Edison Park,,0,296965,37533,2,2
8992,1,31173,Lakeforest Edison Park,,0,295947,37533,2,2
8992,1,31156,Lakeforest Edison Park,,0,297339,37533,2,2
8992,1,31155,Lakeforest Edison Park,,0,296138,37533,2,2
8992,1,31170,Lakeforest Edison Park,,0,296092,37533,2,2
8992,1,31154,Lakeforest Edison Park,,0,296066,37533,2,2
8992,1,31153,Lakeforest Edison Park,,0,296294,37533,2,2
8992,1,31152,Lakeforest Edison Park,,0,296380,37533,2,2
8992,1,31139,Lakeforest Edison Park,,0,296374,37533,2,2
8992,1,31169,Lakeforest Edison Park,,0,296521,37533,2,2
8992,1,31140,Lakeforest Edison Park,,0,296948,37533,2,2
8992,1,31168,Lakeforest Edison Park,,0,296501,37533,2,2
8992,1,31141,Lakeforest Edison Park,,0,296289,37533,2,2
8992,1,31167,Lakeforest Edison Park,,0,296735,37533,2,2
8992,1,31142,Lakeforest Edison Park,,0,296579,37533,2,2
8992,1,31166,Lakeforest Edison Park,,0,296496,37533,2,2
8992,1,31143,Lakeforest Edison Park,,0,296302,37533,2,2
8992,1,31165,Lakeforest Edison Park,,0,296741,37533,2,2
8992,1,31144,Lakeforest Edison Park,,0,296348,37533,2,2
8992,1,31164,Lakeforest Edison Park,,0,296377,37533,2,2
8992,1,31145,Lakeforest Edison Park,,0,296289,37533,2,2
8992,1,31163,Lakeforest Edison Park,,0,296322,37533,2,2
8992,1,31146,Lakeforest Edison Park,,0,296319,37533,2,2
8992,1,31162,Lakeforest Edison Park,,0,296307,37533,2,2
8992,1,31172,Lakeforest Edison Park,,0,296966,37533,2,2
8992,1,31147,Lakeforest Edison Park,,0,296310,37533,2,2
8992,1,31148,Lakeforest Edison Park,,0,296501,37533,2,2
8992,1,31149,Lakeforest Edison Park,,0,296303,37533,2,2
8992,1,31150,Lakeforest Edison Park,,0,296332,37533,2,2
8992,1,31151,Lakeforest Edison Park,,0,296735,37533,2,2
8992,1,31203,Rockville Edison Park,,1,295957,37535,2,2
8992,1,31202,Rockville Edison Park,,1,295982,37535,2,2
8992,1,31212,Rockville Edison Park,,1,295944,37535,2,2
8992,1,31201,Rockville Edison Park,,1,296248,37535,2,2
8992,1,31200,Rockville Edison Park,,1,295957,37535,2,2
8992,1,31208,Rockville Edison Park,,1,295977,37535,2,2
8992,1,31199,Rockville Edison Park,,1,295958,37535,2,2
8992,1,31209,Rockville Edison Park,,1,296131,37535,2,2
8992,1,31198,Rockville Edison Park,,1,296067,37535,2,2
8992,1,31213,Rockville Edison Park,,1,296197,37535,2,2
8992,1,31197,Rockville Edison Park,,1,296267,37535,2,2
8992,1,31214,Rockville Edison Park,,1,296248,37535,2,2
8992,1,31204,Rockville Edison Park,,1,296041,37535,2,2
8992,1,31205,Rockville Edison Park,,1,296237,37535,2,2
8992,1,31196,Rockville Edison Park,,1,296100,37535,2,2
8992,1,31195,Rockville Edison Park,,1,296262,37535,2,2
8992,1,31207,Rockville Edison Park,,1,296281,37535,2,2
8992,1,31194,Rockville Edison Park,,1,295950,37535,2,2
8992,1,31193,Rockville Edison Park,,1,296267,37535,2,2
8992,1,31192,Rockville Edison Park,,1,296156,37535,2,2
8992,1,31191,Rockville Edison Park,,1,296281,37535,2,2
8992,1,31190,Rockville Edison Park,,1,296157,37535,2,2
8992,1,31210,Rockville Edison Park,,1,296294,37535,2,2
8992,1,31189,Rockville Edison Park,,1,296286,37535,2,2
8992,1,31211,Rockville Edison Park,,1,297238,37535,2,2
8992,1,31188,Rockville Edison Park,,1,296374,37535,2,2
8992,1,31187,Rockville Edison Park,,1,296278,37535,2,2
8992,1,31186,Rockville Edison Park,,1,296314,37535,2,2
8992,1,31185,Rockville Edison Park,,1,296289,37535,2,2
8992,1,31215,Rockville Edison Park,,1,296557,37535,2,2
8992,1,31184,Rockville Edison Park,,1,296521,37535,2,2
8992,1,31216,Rockville Edison Park,,1,296496,37535,2,2
8992,1,31183,Rockville Edison Park,,1,297238,37535,2,2
8992,1,31217,Rockville Edison Park,,1,296735,37535,2,2
8992,1,31206,Rockville Edison Park,,1,296289,37535,2,2
8992,1,31182,Rockville Edison Park,,1,296303,37535,2,2
8992,1,31181,Rockville Edison Park,,1,296332,37535,2,2
8992,1,31180,Rockville Edison Park,,1,296735,37535,2,2
8992,1,31179,Rockville Edison Park,,1,296462,37535,2,2
8992,1,31178,Rockville Edison Park,,1,296303,37535,2,2
8993,1,31633,Lakeforest,,0,296197,37537,2,2
8993,1,31632,Lakeforest,,0,296267,37537,2,2
8993,1,31631,Lakeforest,,0,296068,37537,2,2
8993,1,31630,Lakeforest,,0,296067,37537,2,2
8993,1,31629,Lakeforest,,0,296267,37537,2,2
8993,1,31628,Lakeforest,,0,296068,37537,2,2
8993,1,31627,Lakeforest,,0,296112,37537,2,2
8993,1,31626,Lakeforest,,0,296234,37537,2,2
8993,1,31625,Lakeforest,,0,296100,37537,2,2
8993,1,31634,Lakeforest,,0,296262,37537,2,2
8993,1,31635,Lakeforest,,0,296217,37537,2,2
8993,1,31636,Lakeforest,,0,296963,37537,2,2
8993,1,31624,Lakeforest,,0,296068,37537,2,2
8993,1,31623,Lakeforest,,0,296267,37537,2,2
8993,1,31622,Lakeforest,,0,296156,37537,2,2
8993,1,31621,Lakeforest,,0,296281,37537,2,2
8993,1,31620,Lakeforest,,0,296138,37537,2,2
8993,1,31619,Lakeforest,,0,296092,37537,2,2
8993,1,31601,Lakeforest,,0,296314,37537,2,2
8993,1,31600,Lakeforest,,0,296306,37537,2,2
8993,1,31618,Lakeforest,,0,296278,37537,2,2
8993,1,31603,Lakeforest,,0,296314,37537,2,2
8993,1,31639,Lakeforest,,0,296306,37537,2,2
8993,1,31617,Lakeforest,,0,296339,37537,2,2
8993,1,31616,Lakeforest,,0,296521,37537,2,2
8993,1,31605,Lakeforest,,0,296501,37537,2,2
8993,1,31604,Lakeforest,,0,296949,37537,2,2
8993,1,31602,Lakeforest,,0,296735,37537,2,2
8993,1,31615,Lakeforest,,0,296306,37537,2,2
8993,1,31614,Lakeforest,,0,296960,37537,2,2
8993,1,31613,Lakeforest,,0,296740,37537,2,2
8993,1,31612,Lakeforest,,0,296332,37537,2,2
8993,1,31637,Lakeforest,,0,296960,37537,2,2
8993,1,31638,Lakeforest,,0,296319,37537,2,2
8993,1,31611,Lakeforest,,0,296289,37537,2,2
8993,1,31610,Lakeforest,,0,296370,37537,2,2
8993,1,31609,Lakeforest,,0,296289,37537,2,2
8993,1,31608,Lakeforest,,0,296317,37537,2,2
8993,1,31607,Lakeforest,,0,296332,37537,2,2
8993,1,31606,Lakeforest,,0,296735,37537,2,2
8993,1,31599,Lakeforest,,0,296332,37537,2,2
8993,1,31652,Shady Grove,,1,296197,37538,2,2
8993,1,31653,Shady Grove,,1,296267,37538,2,2
8993,1,31654,Shady Grove,,1,296201,37538,2,2
8993,1,31655,Shady Grove,,1,296067,37538,2,2
8993,1,31656,Shady Grove,,1,296267,37538,2,2
8993,1,31646,Shady Grove,,1,296068,37538,2,2
8993,1,31657,Shady Grove,,1,295942,37538,2,2
8993,1,31642,Shady Grove,,1,296234,37538,2,2
8993,1,31658,Shady Grove,,1,296068,37538,2,2
8993,1,31659,Shady Grove,,1,296079,37538,2,2
8993,1,31660,Shady Grove,,1,296234,37538,2,2
8993,1,31661,Shady Grove,,1,296963,37538,2,2
8993,1,31651,Shady Grove,,1,296267,37538,2,2
8993,1,31650,Shady Grove,,1,296156,37538,2,2
8993,1,31649,Shady Grove,,1,296963,37538,2,2
8993,1,31662,Shady Grove,,1,296068,37538,2,2
8993,1,31663,Shady Grove,,1,296138,37538,2,2
8993,1,31664,Shady Grove,,1,296092,37538,2,2
8993,1,31644,Shady Grove,,1,296066,37538,2,2
8993,1,31641,Shady Grove,,1,296306,37538,2,2
8993,1,31640,Shady Grove,,1,296070,37538,2,2
8993,1,31665,Shady Grove,,1,296314,37538,2,2
8993,1,31666,Shady Grove,,1,296306,37538,2,2
8993,1,31667,Shady Grove,,1,296339,37538,2,2
8993,1,31668,Shady Grove,,1,296521,37538,2,2
8993,1,31643,Shady Grove,,1,296501,37538,2,2
8993,1,31669,Shady Grove,,1,296306,37538,2,2
8993,1,31645,Shady Grove,,1,296735,37538,2,2
8993,1,31670,Shady Grove,,1,296554,37538,2,2
8993,1,31671,Shady Grove,,1,296302,37538,2,2
8993,1,31672,Shady Grove,,1,296740,37538,2,2
8993,1,31673,Shady Grove,,1,296332,37538,2,2
8993,1,31674,Shady Grove,,1,296960,37538,2,2
8993,1,31648,Shady Grove,,1,296319,37538,2,2
8993,1,31647,Shady Grove,,1,296339,37538,2,2
8993,1,31675,Shady Grove,,1,296370,37538,2,2
8993,1,31676,Shady Grove,,1,296289,37538,2,2
8993,1,31677,Shady Grove,,1,296317,37538,2,2
8993,1,31678,Shady Grove,,1,296332,37538,2,2
8993,1,31679,Shady Grove,,1,296735,37538,2,2
8993,1,31680,Shady Grove,,1,296332,37538,2,2
8994,1,32162,Lakeforest,,0,296044,37539,2,2
8994,1,32161,Lakeforest,,0,296112,37539,2,2
8994,1,32160,Lakeforest,,0,296229,37539,2,2
8994,1,32159,Lakeforest,,0,296076,37539,2,2
8994,1,32158,Lakeforest,,0,296226,37539,2,2
8994,1,32145,Lakeforest,,0,296237,37539,2,2
8994,1,32157,Lakeforest,,0,296138,37539,2,2
8994,1,32156,Lakeforest,,0,295962,37540,2,2
8994,1,32155,Lakeforest,,0,296224,37540,2,2
8994,1,32154,Lakeforest,,0,295982,37540,2,2
8994,1,32153,Lakeforest,,0,296221,37540,2,2
8994,1,32152,Lakeforest,,0,296248,37540,2,2
8994,1,32151,Lakeforest,,0,297238,37540,2,2
8994,1,32150,Lakeforest,,0,296157,37540,2,2
8994,1,32149,Lakeforest,,0,296070,37540,2,2
8994,1,32148,Lakeforest,,0,296094,37540,2,2
8994,1,32131,Lakeforest,,0,296496,37540,2,2
8994,1,32132,Lakeforest,,0,296173,37540,2,2
8994,1,32133,Lakeforest,,0,296274,37539,2,2
8994,1,32134,Lakeforest,,0,296554,37539,2,2
8994,1,32135,Lakeforest,,0,296500,37539,2,2
8994,1,32136,Lakeforest,,0,296740,37539,2,2
8994,1,32137,Lakeforest,,0,296332,37539,2,2
8994,1,32146,Lakeforest,,0,296294,37539,2,2
8994,1,32147,Lakeforest,,0,296462,37539,2,2
8994,1,32138,Lakeforest,,0,296494,37539,2,2
8994,1,32139,Lakeforest,,0,296317,37540,2,2
8994,1,32140,Lakeforest,,0,296370,37540,2,2
8994,1,32141,Lakeforest,,0,296462,37540,2,2
8994,1,32142,Lakeforest,,0,296359,37540,2,2
8994,1,32143,Lakeforest,,0,296306,37540,2,2
8994,1,32144,Lakeforest,,0,296314,37540,2,2
8994,1,32194,Shady Grove,,1,296094,37542,2,2
8994,1,32193,Shady Grove,,1,296197,37542,2,2
8994,1,32192,Shady Grove,,1,296151,37541,2,2
8994,1,32191,Shady Grove,,1,296240,37541,2,2
8994,1,32190,Shady Grove,,1,295947,37541,2,2
8994,1,32189,Shady Grove,,1,296229,37541,2,2
8994,1,32164,Shady Grove,,1,296076,37541,2,2
8994,1,32188,Shady Grove,,1,296112,37541,2,2
8994,1,32187,Shady Grove,,1,296260,37542,2,2
8994,1,32186,Shady Grove,,1,296065,37542,2,2
8994,1,32185,Shady Grove,,1,296965,37542,2,2
8994,1,32184,Shady Grove,,1,296041,37542,2,2
8994,1,32183,Shady Grove,,1,296259,37542,2,2
8994,1,32182,Shady Grove,,1,296244,37542,2,2
8994,1,32181,Shady Grove,,1,296224,37542,2,2
8994,1,32180,Shady Grove,,1,296138,37542,2,2
8994,1,32179,Shady Grove,,1,296467,37542,2,2
8994,1,32178,Shady Grove,,1,296312,37542,2,2
8994,1,32177,Shady Grove,,1,296262,37542,2,2
8994,1,32176,Shady Grove,,1,296948,37541,2,2
8994,1,32175,Shady Grove,,1,296367,37541,2,2
8994,1,32174,Shady Grove,,1,296339,37541,2,2
8994,1,32173,Shady Grove,,1,296579,37541,2,2
8994,1,32163,Shady Grove,,1,296949,37541,2,2
8994,1,32172,Shady Grove,,1,296348,37541,2,2
8994,1,32171,Shady Grove,,1,296557,37541,2,2
8994,1,32170,Shady Grove,,1,296740,37542,2,2
8994,1,32169,Shady Grove,,1,296966,37542,2,2
8994,1,32168,Shady Grove,,1,296310,37542,2,2
8994,1,32167,Shady Grove,,1,296501,37542,2,2
8994,1,32166,Shady Grove,,1,296359,37542,2,2
8994,1,32165,Shady Grove,,1,296289,37542,2,2
8995,1,32547,Montgomery Village,,0,296254,37543,2,2
8995,1,32546,Montgomery Village,,0,296089,37543,2,2
8995,1,32545,Montgomery Village,,0,296224,37543,2,2
8995,1,32544,Montgomery Village,,0,296230,37543,2,2
8995,1,32543,Montgomery Village,,0,296228,37543,2,2
8995,1,32542,Montgomery Village,,0,296214,37543,2,2
8995,1,32541,Montgomery Village,,0,296154,37543,2,2
8995,1,32540,Montgomery Village,,0,296959,37544,2,2
8995,1,32539,Montgomery Village,,0,296122,37544,2,2
8995,1,32528,Montgomery Village,,0,295967,37544,2,2
8995,1,32538,Montgomery Village,,0,296089,37544,2,2
8995,1,32527,Montgomery Village,,0,295962,37544,2,2
8995,1,32537,Montgomery Village,,0,295923,37544,2,2
8995,1,32548,Montgomery Village,,0,295969,37544,2,2
8995,1,32526,Montgomery Village,,0,296230,37544,2,2
8995,1,32549,Montgomery Village,,0,295946,37544,2,2
8995,1,32550,Montgomery Village,,0,296027,37544,2,2
8995,1,32551,Montgomery Village,,0,296319,37544,2,2
8995,1,32569,Montgomery Village,,0,295967,37544,2,2
8995,1,32552,Montgomery Village,,0,296284,37544,2,2
8995,1,32553,Montgomery Village,,0,296462,37543,2,2
8995,1,32564,Montgomery Village,,0,296376,37543,2,2
8995,1,32565,Montgomery Village,,0,296325,37543,2,2
8995,1,32554,Montgomery Village,,0,296738,37543,2,2
8995,1,32566,Montgomery Village,,0,296310,37543,2,2
8995,1,32555,Montgomery Village,,0,296311,37543,2,2
8995,1,32556,Montgomery Village,,0,296333,37543,2,2
8995,1,32557,Montgomery Village,,0,296555,37543,2,2
8995,1,32558,Montgomery Village,,0,296298,37543,2,2
8995,1,32559,Montgomery Village,,0,296323,37543,2,2
8995,1,32560,Montgomery Village,,0,296469,37543,2,2
8995,1,32561,Montgomery Village,,0,296331,37543,2,2
8995,1,32562,Montgomery Village,,0,296522,37543,2,2
8995,1,32563,Montgomery Village,,0,296466,37543,2,2
8995,1,32536,Montgomery Village,,0,296461,37544,2,2
8995,1,32567,Montgomery Village,,0,296292,37544,2,2
8995,1,32535,Montgomery Village,,0,296299,37544,2,2
8995,1,32534,Montgomery Village,,0,296309,37544,2,2
8995,1,32533,Montgomery Village,,0,296522,37544,2,2
8995,1,32532,Montgomery Village,,0,296299,37544,2,2
8995,1,32531,Montgomery Village,,0,296741,37544,2,2
8995,1,32530,Montgomery Village,,0,296309,37544,2,2
8995,1,32529,Montgomery Village,,0,296522,37544,2,2
8995,1,32568,Montgomery Village,,0,296299,37544,2,2
8995,1,32602,Rockville,,1,296122,37545,2,2
8995,1,32601,Rockville,,1,296096,37545,2,2
8995,1,32600,Rockville,,1,296214,37545,2,2
8995,1,32574,Rockville,,1,296230,37545,2,2
8995,1,32599,Rockville,,1,295967,37545,2,2
8995,1,32598,Rockville,,1,296242,37545,2,2
8995,1,32597,Rockville,,1,296089,37545,2,2
8995,1,32596,Rockville,,1,296225,37545,2,2
8995,1,32595,Rockville,,1,295997,37545,2,2
8995,1,32594,Rockville,,1,295923,37545,2,2
8995,1,32593,Rockville,,1,296230,37545,2,2
8995,1,32592,Rockville,,1,295971,37545,2,2
8995,1,32591,Rockville,,1,295946,37545,2,2
8995,1,32590,Rockville,,1,296154,37545,2,2
8995,1,32571,Rockville,,1,296959,37545,2,2
8995,1,32589,Rockville,,1,296122,37545,2,2
8995,1,32588,Rockville,,1,295967,37545,2,2
8995,1,32587,Rockville,,1,296214,37545,2,2
8995,1,32586,Rockville,,1,295962,37545,2,2
8995,1,32585,Rockville,,1,295923,37545,2,2
8995,1,32570,Rockville,,1,295969,37545,2,2
8995,1,32584,Rockville,,1,296230,37545,2,2
8995,1,32603,Rockville,,1,295946,37545,2,2
8995,1,32604,Rockville,,1,296037,37545,2,2
8995,1,32605,Rockville,,1,296316,37545,2,2
8995,1,32611,Rockville,,1,296323,37545,2,2
8995,1,32573,Rockville,,1,296333,37545,2,2
8995,1,32606,Rockville,,1,296555,37545,2,2
8995,1,32607,Rockville,,1,296336,37545,2,2
8995,1,32608,Rockville,,1,296321,37545,2,2
8995,1,32583,Rockville,,1,296311,37545,2,2
8995,1,32582,Rockville,,1,296333,37545,2,2
8995,1,32581,Rockville,,1,296298,37545,2,2
8995,1,32580,Rockville,,1,296728,37545,2,2
8995,1,32579,Rockville,,1,296309,37545,2,2
8995,1,32609,Rockville,,1,296522,37545,2,2
8995,1,32610,Rockville,,1,296741,37545,2,2
8995,1,32578,Rockville,,1,296292,37545,2,2
8995,1,32572,Rockville,,1,296299,37545,2,2
8995,1,32612,Rockville,,1,296309,37545,2,2
8995,1,32577,Rockville,,1,296522,37545,2,2
8995,1,32576,Rockville,,1,296299,37545,2,2
8995,1,32575,Rockville,,1,296741,37545,2,2
8995,1,32613,Rockville,,1,296309,37545,2,2
8996,1,33090,Parkside via Grosvenor,,0,297842,37546,2,2
8996,1,33091,Parkside via Grosvenor,,0,297842,37546,2,2
8996,1,33092,Parkside via Grosvenor,,0,297842,37546,2,2
8996,1,33093,Parkside via Grosvenor,,0,297829,37546,2,2
8996,1,33094,Parkside via Grosvenor,,0,297828,37546,2,2
8996,1,33095,Parkside via Grosvenor,,0,297844,37546,2,2
8996,1,33096,Parkside via Grosvenor,,0,297931,37546,2,2
8996,1,33097,Parkside via Grosvenor,,0,297828,37546,2,2
8996,1,33089,Parkside via Grosvenor,,0,297842,37546,2,2
8996,1,33088,Parkside via Grosvenor,,0,297842,37546,2,2
8996,1,33087,Parkside via Grosvenor,,0,297842,37546,2,2
8996,1,33098,Parkside via Grosvenor,,0,297914,37546,2,2
8996,1,33099,Parkside via Grosvenor,,0,297904,37546,2,2
8996,1,33100,Parkside via Grosvenor,,0,297904,37546,2,2
8996,1,33101,Parkside via Grosvenor,,0,297904,37546,2,2
8996,1,33102,Parkside via Grosvenor,,0,297904,37546,2,2
8996,1,33086,Parkside via Grosvenor,,0,297904,37546,2,2
8996,1,33085,Parkside via Grosvenor,,0,297904,37546,2,2
8996,1,33103,Parkside via Grosvenor,,0,297904,37546,2,2
8996,1,33084,Parkside via Grosvenor,,0,297904,37546,2,2
8996,1,33118,Montgomery Mall via Grosvenor,,1,297842,37547,2,2
8996,1,33117,Montgomery Mall via Grosvenor,,1,297842,37547,2,2
8996,1,33116,Montgomery Mall via Grosvenor,,1,297842,37547,2,2
8996,1,33115,Montgomery Mall via Grosvenor,,1,297842,37547,2,2
8996,1,33114,Montgomery Mall via Grosvenor,,1,297829,37547,2,2
8996,1,33113,Montgomery Mall via Grosvenor,,1,297828,37547,2,2
8996,1,33112,Montgomery Mall via Grosvenor,,1,297844,37547,2,2
8996,1,33111,Montgomery Mall via Grosvenor,,1,297931,37547,2,2
8996,1,33108,Montgomery Mall via Grosvenor,,1,297828,37547,2,2
8996,1,33107,Montgomery Mall via Grosvenor,,1,297842,37547,2,2
8996,1,33106,Montgomery Mall via Grosvenor,,1,297842,37547,2,2
8996,1,33110,Montgomery Mall via Grosvenor,,1,297842,37547,2,2
8996,1,33105,Montgomery Mall via Grosvenor,,1,297914,37547,2,2
8996,1,33119,Montgomery Mall via Grosvenor,,1,297904,37547,2,2
8996,1,33120,Montgomery Mall via Grosvenor,,1,297904,37547,2,2
8996,1,33121,Montgomery Mall via Grosvenor,,1,297904,37547,2,2
8996,1,33122,Montgomery Mall via Grosvenor,,1,297904,37547,2,2
8996,1,33109,Montgomery Mall via Grosvenor,,1,297904,37547,2,2
8996,1,33123,Montgomery Mall via Grosvenor,,1,297904,37547,2,2
8996,1,33104,Montgomery Mall via Grosvenor,,1,297904,37547,2,2
8997,1,33246,Montgomery Village,,0,296315,37548,2,2
8997,1,33247,Montgomery Village,,0,296923,37548,2,2
8997,1,33248,Montgomery Village,,0,296738,37548,2,2
8997,1,33250,Montgomery Village,,0,296369,37548,2,2
8997,1,33249,Montgomery Village,,0,296274,37548,2,2
8997,1,33245,Montgomery Village,,0,296555,37548,2,2
8997,1,33244,Montgomery Village,,0,296911,37548,2,2
8997,1,33253,Shady Grove,,1,296151,37549,2,2
8997,1,33254,Shady Grove,,1,295969,37549,2,2
8997,1,33255,Shady Grove,,1,295962,37549,2,2
8997,1,33256,Shady Grove,,1,296059,37549,2,2
8997,1,33252,Shady Grove,,1,296116,37549,2,2
8997,1,33251,Shady Grove,,1,296227,37549,2,2
8998,1,33323,Germantown Trans Cntr via Watkins Mill Rd,,0,296231,37550,2,2
8998,1,33318,Germantown Trans Cntr via Watkins Mill Rd,,0,296094,37550,2,2
8998,1,33324,Germantown Trans Cntr via Watkins Mill Rd,,0,295976,37550,2,2
8998,1,33332,Germantown Trans Cntr via Watkins Mill Rd,,0,296259,37550,2,2
8998,1,33333,Germantown Trans Cntr via Watkins Mill Rd,,0,296138,37550,2,2
8998,1,33331,Germantown Trans Cntr via Watkins Mill Rd,,0,296066,37550,2,2
8998,1,33334,Germantown Trans Cntr via Watkins Mill Rd,,0,296259,37550,2,2
8998,1,33330,Germantown Trans Cntr via Watkins Mill Rd,,0,296270,37550,2,2
8998,1,33329,Germantown Trans Cntr via Watkins Mill Rd,,0,296269,37550,2,2
8998,1,33319,Germantown Trans Cntr via Watkins Mill Rd,,0,296254,37550,2,2
8998,1,33328,Germantown Trans Cntr via Watkins Mill Rd,,0,296221,37550,2,2
8998,1,33296,Germantown Trans Cntr via Watkins Mill Rd,,0,296193,37550,2,2
8998,1,33297,Germantown Trans Cntr via Watkins Mill Rd,,0,296231,37550,2,2
8998,1,33307,Germantown Trans Cntr via Watkins Mill Rd,,0,295942,37550,2,2
8998,1,33306,Germantown Trans Cntr via Watkins Mill Rd,,0,296076,37550,2,2
8998,1,33305,Germantown Trans Cntr via Watkins Mill Rd,,0,296259,37550,2,2
8998,1,33304,Germantown Trans Cntr via Watkins Mill Rd,,0,296234,37550,2,2
8998,1,33303,Germantown Trans Cntr via Watkins Mill Rd,,0,296912,37550,2,2
8998,1,33302,Germantown Trans Cntr via Watkins Mill Rd,,0,296173,37550,2,2
8998,1,33301,Germantown Trans Cntr via Watkins Mill Rd,,0,296741,37550,2,2
8998,1,33300,Germantown Trans Cntr via Watkins Mill Rd,,0,296486,37550,2,2
8998,1,33327,Germantown Trans Cntr via Watkins Mill Rd,,0,296467,37550,2,2
8998,1,33308,Germantown Trans Cntr via Watkins Mill Rd,,0,296918,37550,2,2
8998,1,33309,Germantown Trans Cntr via Watkins Mill Rd,,0,296465,37550,2,2
8998,1,33310,Germantown Trans Cntr via Watkins Mill Rd,,0,296462,37550,2,2
8998,1,33320,Germantown Trans Cntr via Watkins Mill Rd,,0,296325,37550,2,2
8998,1,33317,Germantown Trans Cntr via Watkins Mill Rd,,0,296370,37550,2,2
8998,1,33321,Germantown Trans Cntr via Watkins Mill Rd,,0,296366,37550,2,2
8998,1,33311,Germantown Trans Cntr via Watkins Mill Rd,,0,296467,37550,2,2
8998,1,33299,Germantown Trans Cntr via Watkins Mill Rd,,0,296579,37550,2,2
8998,1,33298,Germantown Trans Cntr via Watkins Mill Rd,,0,296348,37550,2,2
8998,1,33322,Germantown Trans Cntr via Watkins Mill Rd,,0,296315,37550,2,2
8998,1,33312,Germantown Trans Cntr via Watkins Mill Rd,,0,296738,37550,2,2
8998,1,33313,Germantown Trans Cntr via Watkins Mill Rd,,0,296740,37550,2,2
8998,1,33314,Germantown Trans Cntr via Watkins Mill Rd,,0,296371,37550,2,2
8998,1,33315,Germantown Trans Cntr via Watkins Mill Rd,,0,296738,37550,2,2
8998,1,33316,Germantown Trans Cntr via Watkins Mill Rd,,0,296325,37550,2,2
8998,1,33325,Germantown Trans Cntr via Watkins Mill Rd,,0,296277,37550,2,2
8998,1,33326,Germantown Trans Cntr via Watkins Mill Rd,,0,296557,37550,2,2
8998,1,33335,Shady Grove via Watkins Mill Rd,,1,295942,37552,2,2
8998,1,33368,Shady Grove via Watkins Mill Rd,,1,295950,37552,2,2
8998,1,33336,Shady Grove via Watkins Mill Rd,,1,296092,37552,2,2
8998,1,33337,Shady Grove via Watkins Mill Rd,,1,296157,37552,2,2
8998,1,33369,Shady Grove via Watkins Mill Rd,,1,295946,37552,2,2
8998,1,33338,Shady Grove via Watkins Mill Rd,,1,295950,37552,2,2
8998,1,33370,Shady Grove via Watkins Mill Rd,,1,296197,37552,2,2
8998,1,33339,Shady Grove via Watkins Mill Rd,,1,296220,37552,2,2
8998,1,33371,Shady Grove via Watkins Mill Rd,,1,296151,37552,2,2
8998,1,33372,Shady Grove via Watkins Mill Rd,,1,295982,37552,2,2
8998,1,33340,Shady Grove via Watkins Mill Rd,,1,296227,37552,2,2
8998,1,33373,Shady Grove via Watkins Mill Rd,,1,296250,37552,2,2
8998,1,33341,Shady Grove via Watkins Mill Rd,,1,296193,37552,2,2
8998,1,33342,Shady Grove via Watkins Mill Rd,,1,295977,37552,2,2
8998,1,33343,Shady Grove via Watkins Mill Rd,,1,296131,37552,2,2
8998,1,33344,Shady Grove via Watkins Mill Rd,,1,296498,37552,2,2
8998,1,33345,Shady Grove via Watkins Mill Rd,,1,296197,37552,2,2
8998,1,33346,Shady Grove via Watkins Mill Rd,,1,295959,37552,2,2
8998,1,33347,Shady Grove via Watkins Mill Rd,,1,296231,37552,2,2
8998,1,33348,Shady Grove via Watkins Mill Rd,,1,295942,37552,2,2
8998,1,33349,Shady Grove via Watkins Mill Rd,,1,296076,37552,2,2
8998,1,33350,Shady Grove via Watkins Mill Rd,,1,296259,37552,2,2
8998,1,33351,Shady Grove via Watkins Mill Rd,,1,296486,37552,2,2
8998,1,33352,Shady Grove via Watkins Mill Rd,,1,296267,37552,2,2
8998,1,33353,Shady Grove via Watkins Mill Rd,,1,296272,37552,2,2
8998,1,33354,Shady Grove via Watkins Mill Rd,,1,296742,37552,2,2
8998,1,33355,Shady Grove via Watkins Mill Rd,,1,296317,37552,2,2
8998,1,33360,Shady Grove via Watkins Mill Rd,,1,296341,37552,2,2
8998,1,33364,Shady Grove via Watkins Mill Rd,,1,296294,37552,2,2
8998,1,33365,Shady Grove via Watkins Mill Rd,,1,296376,37552,2,2
8998,1,33366,Shady Grove via Watkins Mill Rd,,1,296370,37552,2,2
8998,1,33367,Shady Grove via Watkins Mill Rd,,1,296961,37552,2,2
8998,1,33356,Shady Grove via Watkins Mill Rd,,1,296374,37552,2,2
8998,1,33357,Shady Grove via Watkins Mill Rd,,1,296359,37552,2,2
8998,1,33358,Shady Grove via Watkins Mill Rd,,1,296325,37552,2,2
8998,1,33359,Shady Grove via Watkins Mill Rd,,1,296737,37552,2,2
8998,1,33363,Shady Grove via Watkins Mill Rd,,1,296371,37552,2,2
8998,1,33362,Shady Grove via Watkins Mill Rd,,1,296557,37552,2,2
8998,1,33361,Shady Grove via Watkins Mill Rd,,1,296310,37552,2,2
8999,1,33797,SHADY GROVE,,0,296068,37553,2,2
8999,1,33798,SHADY GROVE,,0,296217,37553,2,2
8999,1,33796,SHADY GROVE,,0,296201,37553,2,2
8999,1,33799,SHADY GROVE,,0,296112,37553,2,2
8999,1,33795,SHADY GROVE,,0,296201,37553,2,2
8999,1,33784,SHADY GROVE,,0,296262,37553,2,2
8999,1,33794,SHADY GROVE,,0,296217,37553,2,2
8999,1,33793,SHADY GROVE,,0,296237,37553,2,2
8999,1,33792,SHADY GROVE,,0,296092,37553,2,2
8999,1,33791,SHADY GROVE,,0,296100,37553,2,2
8999,1,33790,SHADY GROVE,,0,296281,37553,2,2
8999,1,33789,SHADY GROVE,,0,295950,37553,2,2
8999,1,33783,SHADY GROVE,,0,295976,37553,2,2
8999,1,33788,SHADY GROVE,,0,296156,37553,2,2
8999,1,33800,SHADY GROVE,,0,295957,37553,2,2
8999,1,33787,SHADY GROVE,,0,296157,37553,2,2
8999,1,33782,SHADY GROVE,,0,296286,37553,2,2
8999,1,33781,SHADY GROVE,,0,296348,37553,2,2
8999,1,33780,SHADY GROVE,,0,296578,37553,2,2
8999,1,33779,SHADY GROVE,,0,296303,37553,2,2
8999,1,33778,SHADY GROVE,,0,296960,37553,2,2
8999,1,33801,SHADY GROVE,,0,296310,37553,2,2
8999,1,33777,SHADY GROVE,,0,296500,37553,2,2
8999,1,33786,SHADY GROVE,,0,296302,37553,2,2
8999,1,33776,SHADY GROVE,,0,296289,37553,2,2
8999,1,33785,SHADY GROVE,,0,296380,37553,2,2
8999,1,33822,ROCKVILLE,,1,296201,37555,2,2
8999,1,33823,ROCKVILLE,,1,296217,37555,2,2
8999,1,33821,ROCKVILLE,,1,296201,37555,2,2
8999,1,33807,ROCKVILLE,,1,295942,37555,2,2
8999,1,33806,ROCKVILLE,,1,296965,37555,2,2
8999,1,33805,ROCKVILLE,,1,296079,37555,2,2
8999,1,33804,ROCKVILLE,,1,296234,37555,2,2
8999,1,33803,ROCKVILLE,,1,296237,37555,2,2
8999,1,33824,ROCKVILLE,,1,296092,37555,2,2
8999,1,33820,ROCKVILLE,,1,296100,37555,2,2
8999,1,33809,ROCKVILLE,,1,296461,37555,2,2
8999,1,33819,ROCKVILLE,,1,296380,37555,2,2
8999,1,33818,ROCKVILLE,,1,296374,37555,2,2
8999,1,33817,ROCKVILLE,,1,296317,37555,2,2
8999,1,33816,ROCKVILLE,,1,296289,37555,2,2
8999,1,33815,ROCKVILLE,,1,296379,37555,2,2
8999,1,33814,ROCKVILLE,,1,296286,37555,2,2
8999,1,33808,ROCKVILLE,,1,296348,37555,2,2
8999,1,33813,ROCKVILLE,,1,296578,37555,2,2
8999,1,33825,ROCKVILLE,,1,296303,37555,2,2
8999,1,33812,ROCKVILLE,,1,296302,37555,2,2
8999,1,33826,ROCKVILLE,,1,296310,37555,2,2
8999,1,33802,ROCKVILLE,,1,296500,37555,2,2
8999,1,33811,ROCKVILLE,,1,296302,37555,2,2
8999,1,33810,ROCKVILLE,,1,296339,37555,2,2
9000,1,33945,Montgomery Village,,0,295967,37557,2,2
9000,1,33944,Montgomery Village,,0,295959,37557,2,2
9000,1,33943,Montgomery Village,,0,296225,37557,2,2
9000,1,33947,Montgomery Village,,0,295923,37557,2,2
9000,1,33942,Montgomery Village,,0,296244,37557,2,2
9000,1,33941,Montgomery Village,,0,295971,37557,2,2
9000,1,33940,Montgomery Village,,0,295946,37557,2,2
9000,1,33939,Montgomery Village,,0,296226,37557,2,2
9000,1,33938,Montgomery Village,,0,296220,37557,2,2
9000,1,33937,Montgomery Village,,0,296034,37557,2,2
9000,1,33911,Montgomery Village,,0,296076,37557,2,2
9000,1,33912,Montgomery Village,,0,296214,37557,2,2
9000,1,33913,Montgomery Village,,0,296131,37557,2,2
9000,1,33914,Montgomery Village,,0,296197,37557,2,2
9000,1,33915,Montgomery Village,,0,296059,37557,2,2
9000,1,33916,Montgomery Village,,0,295944,37557,2,2
9000,1,33917,Montgomery Village,,0,296037,37557,2,2
9000,1,33918,Montgomery Village,,0,296100,37557,2,2
9000,1,33919,Montgomery Village,,0,296244,37557,2,2
9000,1,33946,Montgomery Village,,0,296555,37557,2,2
9000,1,33920,Montgomery Village,,0,295959,37557,2,2
9000,1,33921,Montgomery Village,,0,296336,37557,2,2
9000,1,33922,Montgomery Village,,0,296321,37557,2,2
9000,1,33923,Montgomery Village,,0,296366,37557,2,2
9000,1,33924,Montgomery Village,,0,296736,37557,2,2
9000,1,33925,Montgomery Village,,0,296284,37557,2,2
9000,1,33926,Montgomery Village,,0,296308,37557,2,2
9000,1,33936,Montgomery Village,,0,296728,37557,2,2
9000,1,33927,Montgomery Village,,0,296309,37557,2,2
9000,1,33935,Montgomery Village,,0,296347,37557,2,2
9000,1,33934,Montgomery Village,,0,296736,37557,2,2
9000,1,33933,Montgomery Village,,0,296949,37557,2,2
9000,1,33932,Montgomery Village,,0,296966,37557,2,2
9000,1,33931,Montgomery Village,,0,296347,37557,2,2
9000,1,33930,Montgomery Village,,0,296310,37557,2,2
9000,1,33929,Montgomery Village,,0,296347,37557,2,2
9000,1,33928,Montgomery Village,,0,296371,37557,2,2
9000,1,33981,Shady Grove,,1,295962,37558,2,2
9000,1,33980,Shady Grove,,1,296112,37558,2,2
9000,1,33979,Shady Grove,,1,296220,37558,2,2
9000,1,33978,Shady Grove,,1,296254,37558,2,2
9000,1,33977,Shady Grove,,1,295959,37558,2,2
9000,1,33983,Shady Grove,,1,296116,37558,2,2
9000,1,33976,Shady Grove,,1,296224,37558,2,2
9000,1,33975,Shady Grove,,1,296034,37558,2,2
9000,1,33974,Shady Grove,,1,296244,37558,2,2
9000,1,33973,Shady Grove,,1,296228,37558,2,2
9000,1,33972,Shady Grove,,1,296214,37558,2,2
9000,1,33971,Shady Grove,,1,296220,37558,2,2
9000,1,33970,Shady Grove,,1,296034,37558,2,2
9000,1,33969,Shady Grove,,1,296076,37558,2,2
9000,1,33968,Shady Grove,,1,296089,37558,2,2
9000,1,33967,Shady Grove,,1,296131,37558,2,2
9000,1,33966,Shady Grove,,1,296197,37558,2,2
9000,1,33965,Shady Grove,,1,296059,37558,2,2
9000,1,33964,Shady Grove,,1,295944,37558,2,2
9000,1,33963,Shady Grove,,1,296027,37558,2,2
9000,1,33982,Shady Grove,,1,296319,37558,2,2
9000,1,33962,Shady Grove,,1,295967,37558,2,2
9000,1,33961,Shady Grove,,1,296284,37558,2,2
9000,1,33960,Shady Grove,,1,296462,37558,2,2
9000,1,33959,Shady Grove,,1,296325,37558,2,2
9000,1,33958,Shady Grove,,1,296738,37558,2,2
9000,1,33957,Shady Grove,,1,296912,37558,2,2
9000,1,33956,Shady Grove,,1,296736,37558,2,2
9000,1,33955,Shady Grove,,1,296353,37558,2,2
9000,1,33954,Shady Grove,,1,296371,37558,2,2
9000,1,33953,Shady Grove,,1,296331,37558,2,2
9000,1,33952,Shady Grove,,1,296347,37558,2,2
9000,1,33948,Shady Grove,,1,296461,37558,2,2
9000,1,33951,Shady Grove,,1,296911,37558,2,2
9000,1,33950,Shady Grove,,1,296347,37558,2,2
9000,1,33949,Shady Grove,,1,296310,37558,2,2
9001,1,34337,Montgomery Village,,0,296950,37559,2,2
9001,1,34336,Montgomery Village,,0,296912,37559,2,2
9001,1,34335,Montgomery Village,,0,296353,37559,2,2
9001,1,34334,Montgomery Village,,0,296371,37559,2,2
9001,1,34333,Montgomery Village,,0,296738,37559,2,2
9001,1,34332,Montgomery Village,,0,296741,37559,2,2
9001,1,34342,Shady Grove,,1,296227,37560,2,2
9001,1,34338,Shady Grove,,1,296076,37560,2,2
9001,1,34339,Shady Grove,,1,296254,37560,2,2
9001,1,34340,Shady Grove,,1,296223,37560,2,2
9001,1,34341,Shady Grove,,1,295982,37560,2,2
9002,1,34380,Shady Grove via Shady Grove Hospital,,0,296334,37561,2,2
9002,1,34379,Shady Grove via Shady Grove Hospital,,0,296357,37561,2,2
9002,1,34378,Shady Grove via Shady Grove Hospital,,0,296334,37561,2,2
9002,1,34377,Shady Grove via Shady Grove Hospital,,0,296357,37561,2,2
9002,1,34376,Shady Grove via Shady Grove Hospital,,0,296334,37561,2,2
9002,1,34381,Shady Grove via Shady Grove Hospital,,0,296357,37561,2,2
9002,1,34382,Shady Grove via Shady Grove Hospital,,0,296334,37561,2,2
9002,1,34388,Traville via Shady Grove Hospital,,1,296100,37563,2,2
9002,1,34383,Traville via Shady Grove Hospital,,1,296070,37563,2,2
9002,1,34384,Traville via Shady Grove Hospital,,1,296100,37563,2,2
9002,1,34385,Traville via Shady Grove Hospital,,1,296070,37563,2,2
9002,1,34386,Traville via Shady Grove Hospital,,1,296100,37563,2,2
9002,1,34389,Traville via Shady Grove Hospital,,1,296070,37563,2,2
9002,1,34387,Traville via Shady Grove Hospital,,1,296068,37563,2,2
9003,1,34438,Shady Grove,,0,296070,37565,2,2
9003,1,34432,Shady Grove,,0,296100,37565,2,2
9003,1,34433,Shady Grove,,0,296070,37565,2,2
9003,1,34434,Shady Grove,,0,296100,37565,2,2
9003,1,34435,Shady Grove,,0,296070,37565,2,2
9003,1,34436,Shady Grove,,0,296100,37565,2,2
9003,1,34437,Shady Grove,,0,296070,37565,2,2
9003,1,34439,Shady Grove,,0,296068,37565,2,2
9003,1,34440,Traville,,1,296334,37566,2,2
9003,1,34441,Traville,,1,296357,37566,2,2
9003,1,34442,Traville,,1,296334,37566,2,2
9003,1,34443,Traville,,1,296357,37566,2,2
9003,1,34444,Traville,,1,296334,37566,2,2
9003,1,34445,Traville,,1,296357,37566,2,2
9003,1,34446,Traville,,1,296334,37566,2,2
9004,1,34493,Wheaton,,0,297912,37567,2,2
9004,1,34497,Wheaton,,0,297912,37567,2,2
9004,1,34496,Wheaton,,0,297912,37567,2,2
9004,1,34495,Wheaton,,0,297912,37567,2,2
9004,1,34494,Wheaton,,0,297912,37567,2,2
9004,1,34492,Wheaton,,0,297912,37567,2,2
9004,1,34500,Forest Glen,,1,297849,37568,2,2
9004,1,34503,Forest Glen,,1,297849,37568,2,2
9004,1,34502,Forest Glen,,1,297849,37568,2,2
9004,1,34501,Forest Glen,,1,297849,37568,2,2
9004,1,34499,Forest Glen,,1,297849,37568,2,2
9004,1,34498,Forest Glen,,1,297849,37568,2,2
9005,1,34561,Germantown Milestone,,0,295949,37569,2,2
9005,1,34554,Germantown Milestone,,0,296079,37569,2,2
9005,1,34560,Germantown Milestone,,0,296204,37569,2,2
9005,1,34559,Germantown Milestone,,0,295949,37569,2,2
9005,1,34558,Germantown Milestone,,0,296235,37569,2,2
9005,1,34543,Germantown Milestone,,0,296204,37569,2,2
9005,1,34557,Germantown Milestone,,0,295949,37569,2,2
9005,1,34542,Germantown Milestone,,0,296235,37569,2,2
9005,1,34552,Germantown Milestone via Medical Center,,0,296320,37570,2,2
9005,1,34551,Germantown Milestone via Medical Center,,0,296326,37570,2,2
9005,1,34556,Germantown Milestone via Medical Center,,0,296338,37570,2,2
9005,1,34550,Germantown Milestone via Medical Center,,0,296356,37570,2,2
9005,1,34549,Germantown Milestone via Medical Center,,0,296320,37570,2,2
9005,1,34553,Germantown Milestone via Medical Center,,0,296326,37570,2,2
9005,1,34548,Germantown Milestone via Medical Center,,0,296338,37570,2,2
9005,1,34547,Germantown Milestone via Medical Center,,0,296378,37570,2,2
9005,1,34546,Germantown Milestone via Medical Center,,0,296356,37570,2,2
9005,1,34541,Germantown Milestone via Medical Center,,0,296320,37570,2,2
9005,1,34540,Germantown Milestone via Medical Center,,0,296326,37570,2,2
9005,1,34545,Germantown Milestone via Medical Center,,0,296378,37570,2,2
9005,1,34544,Germantown Milestone via Medical Center,,0,296356,37570,2,2
9005,1,34555,Germantown Milestone via Medical Center,,0,296326,37570,2,2
9005,1,34583,Bethesda via Medical Center,,1,295949,37572,2,2
9005,1,34582,Bethesda via Medical Center,,1,296079,37572,2,2
9005,1,34569,Bethesda via Medical Center,,1,296204,37572,2,2
9005,1,34567,Bethesda via Medical Center,,1,295949,37572,2,2
9005,1,34581,Bethesda via Medical Center,,1,296235,37572,2,2
9005,1,34566,Bethesda via Medical Center,,1,296079,37572,2,2
9005,1,34580,Bethesda via Medical Center,,1,296204,37572,2,2
9005,1,34579,Bethesda via Medical Center,,1,295949,37572,2,2
9005,1,34578,Bethesda via Medical Center,,1,296265,37572,2,2
9005,1,34564,Bethesda via Medical Center,,1,296235,37572,2,2
9005,1,34563,Bethesda via Medical Center,,1,296204,37572,2,2
9005,1,34577,Bethesda via Medical Center,,1,295949,37572,2,2
9005,1,34576,Bethesda via Medical Center,,1,296235,37572,2,2
9005,1,34575,Bethesda,,1,296320,37571,2,2
9005,1,34574,Bethesda,,1,296326,37571,2,2
9005,1,34568,Bethesda,,1,296338,37571,2,2
9005,1,34573,Bethesda,,1,296356,37571,2,2
9005,1,34572,Bethesda,,1,296320,37571,2,2
9005,1,34571,Bethesda,,1,296326,37571,2,2
9005,1,34565,Bethesda,,1,296378,37571,2,2
9005,1,34570,Bethesda,,1,296356,37571,2,2
9005,1,34562,Bethesda,,1,296326,37571,2,2
9006,1,34682,Kingsview,,0,296267,37573,2,2
9006,1,34681,Kingsview,,0,296359,37573,2,2
9006,1,34686,Kingsview,,0,296950,37573,2,2
9006,1,34680,Kingsview,,0,296923,37573,2,2
9006,1,34685,Kingsview,,0,296948,37573,2,2
9006,1,34684,Kingsview,,0,296322,37573,2,2
9006,1,34683,Kingsview,,0,296377,37573,2,2
9006,1,34692,Shady Grove,,1,296221,37574,2,2
9006,1,34688,Shady Grove,,1,296229,37574,2,2
9006,1,34691,Shady Grove,,1,296243,37574,2,2
9006,1,34687,Shady Grove,,1,296094,37574,2,2
9006,1,34690,Shady Grove,,1,295950,37574,2,2
9006,1,34689,Shady Grove,,1,296076,37574,2,2
9007,1,34747,Clarksburg via Gateway,,0,296065,37575,2,2
9007,1,34746,Clarksburg via Gateway,,0,295962,37575,2,2
9007,1,34745,Clarksburg via Gateway,,0,296218,37575,2,2
9007,1,34732,Clarksburg via Gateway,,0,296221,37575,2,2
9007,1,34733,Clarksburg via Gateway,,0,296243,37575,2,2
9007,1,34734,Clarksburg via Gateway,,0,296266,37575,2,2
9007,1,34735,Clarksburg via Gateway,,0,296116,37575,2,2
9007,1,34736,Clarksburg via Gateway,,0,295950,37575,2,2
9007,1,34737,Cabin Branch via W Old Baltimore,,0,296912,37576,2,2
9007,1,34738,Cabin Branch via W Old Baltimore,,0,296318,37576,2,2
9007,1,34739,Cabin Branch via W Old Baltimore,,0,296370,37576,2,2
9007,1,34740,Cabin Branch via W Old Baltimore,,0,296467,37576,2,2
9007,1,34741,Cabin Branch via W Old Baltimore,,0,296309,37576,2,2
9007,1,34742,Cabin Branch via W Old Baltimore,,0,296741,37576,2,2
9007,1,34743,Cabin Branch via W Old Baltimore,,0,296376,37576,2,2
9007,1,34744,Cabin Branch via W Old Baltimore,,0,296371,37576,2,2
9007,1,34763,Shady Grove via W Old Baltimore,,1,296065,37578,2,2
9007,1,34762,Shady Grove via W Old Baltimore,,1,295962,37578,2,2
9007,1,34761,Shady Grove via W Old Baltimore,,1,296218,37578,2,2
9007,1,34760,Shady Grove via W Old Baltimore,,1,296221,37578,2,2
9007,1,34759,Shady Grove via W Old Baltimore,,1,296243,37578,2,2
9007,1,34758,Shady Grove via W Old Baltimore,,1,296266,37578,2,2
9007,1,34757,Shady Grove via W Old Baltimore,,1,296116,37578,2,2
9007,1,34756,Shady Grove via W Old Baltimore,,1,295950,37578,2,2
9007,1,34755,Shady Grove via Gateway,,1,296912,37577,2,2
9007,1,34754,Shady Grove via Gateway,,1,296318,37577,2,2
9007,1,34753,Shady Grove via Gateway,,1,296370,37577,2,2
9007,1,34752,Shady Grove via Gateway,,1,296467,37577,2,2
9007,1,34751,Shady Grove via Gateway,,1,296309,37577,2,2
9007,1,34750,Shady Grove via Gateway,,1,296741,37577,2,2
9007,1,34749,Shady Grove via Gateway,,1,296376,37577,2,2
9007,1,34748,Shady Grove via Gateway,,1,296371,37577,2,2
9008,1,34863,Germantown Trans Cntr,,0,295950,37579,2,2
9008,1,34864,Germantown Trans Cntr,,0,296156,37579,2,2
9008,1,34889,Germantown Trans Cntr,,0,295969,37579,2,2
9008,1,34860,Germantown Trans Cntr,,0,296156,37579,2,2
9008,1,34888,Germantown Trans Cntr,,0,295947,37579,2,2
9008,1,34887,Germantown Trans Cntr,,0,296094,37579,2,2
9008,1,34886,Germantown Trans Cntr,,0,296240,37579,2,2
9008,1,34885,Germantown Trans Cntr,,0,296231,37579,2,2
9008,1,34884,Germantown Trans Cntr,,0,296228,37579,2,2
9008,1,34883,Germantown Trans Cntr,,0,296065,37579,2,2
9008,1,34882,Germantown Trans Cntr,,0,296041,37579,2,2
9008,1,34881,Germantown Trans Cntr,,0,296089,37579,2,2
9008,1,34880,Germantown Trans Cntr,,0,296112,37579,2,2
9008,1,34879,Germantown Trans Cntr,,0,295959,37579,2,2
9008,1,34878,Germantown Trans Cntr,,0,296347,37579,2,2
9008,1,34890,Germantown Trans Cntr,,0,296961,37579,2,2
9008,1,34877,Germantown Trans Cntr,,0,296366,37579,2,2
9008,1,34876,Germantown Trans Cntr,,0,296341,37579,2,2
9008,1,34875,Germantown Trans Cntr,,0,296332,37579,2,2
9008,1,34874,Germantown Trans Cntr,,0,296911,37579,2,2
9008,1,34866,Germantown Trans Cntr,,0,296359,37579,2,2
9008,1,34865,Germantown Trans Cntr,,0,296274,37579,2,2
9008,1,34873,Germantown Trans Cntr,,0,296315,37579,2,2
9008,1,34862,Germantown Trans Cntr,,0,296308,37579,2,2
9008,1,34861,Germantown Trans Cntr,,0,296359,37579,2,2
9008,1,34872,Germantown Trans Cntr,,0,296961,37579,2,2
9008,1,34871,Germantown Trans Cntr,,0,296376,37579,2,2
9008,1,34870,Germantown Trans Cntr,,0,296742,37579,2,2
9008,1,34869,Germantown Trans Cntr,,0,296501,37579,2,2
9008,1,34868,Germantown Trans Cntr,,0,296307,37579,2,2
9008,1,34867,Germantown Trans Cntr,,0,296310,37579,2,2
9008,1,34916,Shady Grove,,1,296076,37580,2,2
9008,1,34915,Shady Grove,,1,296156,37580,2,2
9008,1,34914,Shady Grove,,1,296231,37580,2,2
9008,1,34913,Shady Grove,,1,296094,37580,2,2
9008,1,34896,Shady Grove,,1,296226,37580,2,2
9008,1,34895,Shady Grove,,1,295971,37580,2,2
9008,1,34919,Shady Grove,,1,296218,37580,2,2
9008,1,34912,Shady Grove,,1,295944,37580,2,2
9008,1,34911,Shady Grove,,1,296232,37580,2,2
9008,1,34917,Shady Grove,,1,296270,37580,2,2
9008,1,34918,Shady Grove,,1,296066,37580,2,2
9008,1,34910,Shady Grove,,1,295942,37580,2,2
9008,1,34909,Shady Grove,,1,296193,37580,2,2
9008,1,34908,Shady Grove,,1,296274,37580,2,2
9008,1,34891,Shady Grove,,1,295958,37580,2,2
9008,1,34892,Shady Grove,,1,296094,37580,2,2
9008,1,34893,Shady Grove,,1,296228,37580,2,2
9008,1,34894,Shady Grove,,1,295959,37580,2,2
9008,1,34920,Shady Grove,,1,296336,37580,2,2
9008,1,34907,Shady Grove,,1,296736,37580,2,2
9008,1,34906,Shady Grove,,1,296371,37580,2,2
9008,1,34905,Shady Grove,,1,296309,37580,2,2
9008,1,34904,Shady Grove,,1,296742,37580,2,2
9008,1,34903,Shady Grove,,1,296325,37580,2,2
9008,1,34902,Shady Grove,,1,296314,37580,2,2
9008,1,34901,Shady Grove,,1,296353,37580,2,2
9008,1,34900,Shady Grove,,1,296329,37580,2,2
9008,1,34899,Shady Grove,,1,296738,37580,2,2
9008,1,34898,Shady Grove,,1,296307,37580,2,2
9008,1,34897,Shady Grove,,1,296277,37580,2,2
9009,1,35192,Clarksburg M. C. C. F.,,0,296193,37583,2,2
9009,1,35191,Clarksburg M. C. C. F.,,0,296037,37584,2,2
9009,1,35190,Clarksburg M. C. C. F.,,0,296206,37584,2,2
9009,1,35193,Clarksburg M. C. C. F. via HS,,0,296193,37581,2,2
9009,1,35189,Clarksburg M. C. C. F.,,0,296037,37584,2,2
9009,1,35194,Clarksburg M. C. C. F.,,0,296206,37584,2,2
9009,1,35195,Clarksburg M. C. C. F.,,0,297831,37583,2,2
9009,1,35196,Clarksburg M. C. C. F.,,0,297822,37583,2,2
9009,1,35197,Clarksburg M. C. C. F.,,0,297839,37583,2,2
9009,1,35198,Clarksburg M. C. C. F.,,0,297821,37583,2,2
9009,1,35199,Clarksburg M. C. C. F.,,0,297830,37583,2,2
9009,1,35200,Clarksburg M. C. C. F.,,0,297824,37583,2,2
9009,1,35201,Clarksburg M. C. C. F.,,0,297887,37583,2,2
9009,1,35202,Clarksburg M. C. C. F.,,0,297881,37583,2,2
9009,1,35203,Clarksburg M. C. C. F.,,0,297841,37583,2,2
9009,1,35204,Clarksburg M. C. C. F.,,0,297897,37583,2,2
9009,1,35205,Clarksburg M. C. C. F. via HS,,0,296347,37582,2,2
9009,1,35206,Clarksburg M. C. C. F.,,0,296463,37583,2,2
9009,1,35207,Clarksburg M. C. C. F.,,0,296737,37583,2,2
9009,1,35208,Clarksburg M. C. C. F.,,0,296318,37583,2,2
9009,1,35188,Clarksburg M. C. C. F.,,0,296463,37584,2,2
9009,1,35187,Clarksburg M. C. C. F.,,0,296737,37584,2,2
9009,1,35186,Clarksburg M. C. C. F.,,0,296318,37584,2,2
9009,1,35185,Clarksburg M. C. C. F.,,0,296467,37584,2,2
9009,1,35184,Clarksburg M. C. C. F.,,0,296737,37584,2,2
9009,1,35209,Clarksburg M. C. C. F.,,0,296377,37584,2,2
9009,1,35210,Clarksburg M. C. C. F.,,0,297897,37583,2,2
9009,1,35211,Clarksburg M. C. C. F.,,0,297896,37583,2,2
9009,1,35212,Clarksburg M. C. C. F.,,0,297895,37583,2,2
9009,1,35221,MARC Station,,1,296037,37588,2,2
9009,1,35219,MARC Station,,1,296206,37588,2,2
9009,1,35243,MARC Station,,1,296193,37588,2,2
9009,1,35222,MARC Station via Clarksburg HS,,1,296037,37585,2,2
9009,1,35220,MARC Station,,1,296206,37588,2,2
9009,1,35223,Germantown Trans Cntr,,1,296193,37587,2,2
9009,1,35224,Germantown Trans Cntr,,1,296037,37587,2,2
9009,1,35225,Germantown Trans Cntr,,1,296206,37587,2,2
9009,1,35226,Germantown Trans Cntr,,1,297831,37587,2,2
9009,1,35227,Germantown Trans Cntr,,1,297822,37587,2,2
9009,1,35228,Germantown Trans Cntr,,1,297839,37587,2,2
9009,1,35229,Germantown Trans Cntr,,1,297821,37587,2,2
9009,1,35230,Germantown Trans Cntr,,1,297830,37587,2,2
9009,1,35231,Germantown Trans Cntr,,1,297824,37587,2,2
9009,1,35232,Germantown Trans Cntr,,1,297887,37587,2,2
9009,1,35233,Germantown Trans Cntr,,1,297881,37587,2,2
9009,1,35234,Germantown via Clarksburg HS,,1,297841,37586,2,2
9009,1,35235,Germantown Trans Cntr,,1,297897,37587,2,2
9009,1,35236,Germantown Trans Cntr,,1,296347,37587,2,2
9009,1,35218,MARC Station,,1,296463,37588,2,2
9009,1,35217,MARC Station,,1,296737,37588,2,2
9009,1,35216,MARC Station,,1,296318,37588,2,2
9009,1,35215,MARC Station,,1,296463,37588,2,2
9009,1,35214,MARC Station,,1,296737,37588,2,2
9009,1,35213,MARC Station,,1,296318,37588,2,2
9009,1,35237,Germantown Trans Cntr,,1,296467,37587,2,2
9009,1,35238,Germantown Trans Cntr,,1,296737,37587,2,2
9009,1,35239,Germantown Trans Cntr,,1,296377,37587,2,2
9009,1,35240,Germantown Trans Cntr,,1,297897,37587,2,2
9009,1,35242,Germantown Trans Cntr,,1,297896,37587,2,2
9009,1,35241,Germantown Trans Cntr,,1,297895,37587,2,2
9010,1,35580,Poolesville,,0,296138,37592,2,2
9010,1,35581,Poolesville,,0,296223,37592,2,2
9010,1,35582,Poolesville,,0,296173,37592,2,2
9010,1,35583,Poolesville,,0,295976,37592,2,2
9010,1,35584,Darnestown & Quince Orchard Rd,,0,296213,37589,2,2
9010,1,35585,Darnestown & Quince Orchard Rd,,0,296034,37589,2,2
9010,1,35586,Darnestown & Quince Orchard Rd,,0,296232,37589,2,2
9010,1,35587,Darnestown & Quince Orchard Rd,,0,296037,37589,2,2
9010,1,35588,Darnestown & Quince Orchard Rd,,0,296965,37589,2,2
9010,1,35589,Darnestown & Quince Orchard Rd,,0,296157,37589,2,2
9010,1,35590,Darnestown & Quince Orchard Rd,,0,296254,37589,2,2
9010,1,35591,Darnestown & Quince Orchard Rd,,0,296079,37589,2,2
9010,1,35592,Darnestown & Quince Orchard Rd,,0,296742,37589,2,2
9010,1,35579,Darnestown & Quince Orchard Rd,,0,296303,37589,2,2
9010,1,35593,Poolesville,,0,296911,37592,2,2
9010,1,35594,Poolesville,,0,296740,37592,2,2
9010,1,35603,Poolesville,,0,296344,37592,2,2
9010,1,35595,Poolesville,,0,296369,37592,2,2
9010,1,35596,Poolesville,,0,296347,37592,2,2
9010,1,35597,Poolesville,,0,296341,37592,2,2
9010,1,35598,Poolesville,,0,296911,37592,2,2
9010,1,35599,Poolesville,,0,296912,37592,2,2
9010,1,35600,Poolesville,,0,296369,37592,2,2
9010,1,35602,Poolesville,,0,296274,37592,2,2
9010,1,35601,Poolesville,,0,296912,37592,2,2
9010,1,35605,Shady Grove,,1,295980,37593,2,2
9010,1,35606,Shady Grove,,1,296066,37596,2,2
9010,1,35607,Shady Grove,,1,296213,37596,2,2
9010,1,35608,Shady Grove,,1,296138,37594,2,2
9010,1,35628,Shady Grove,,1,296223,37594,2,2
9010,1,35610,Shady Grove,,1,296173,37594,2,2
9010,1,35609,Shady Grove,,1,295976,37594,2,2
9010,1,35611,Shady Grove,,1,296034,37593,2,2
9010,1,35612,Shady Grove,,1,296232,37593,2,2
9010,1,35613,Shady Grove,,1,296037,37593,2,2
9010,1,35614,Shady Grove,,1,296965,37593,2,2
9010,1,35615,Shady Grove,,1,296157,37593,2,2
9010,1,35616,Shady Grove,,1,296254,37593,2,2
9010,1,35617,Shady Grove,,1,296079,37593,2,2
9010,1,35618,Shady Grove,,1,296742,37593,2,2
9010,1,35619,Shady Grove,,1,296303,37593,2,2
9010,1,35604,Shady Grove,,1,296321,37593,2,2
9010,1,35629,Shady Grove,,1,296911,37594,2,2
9010,1,35620,Shady Grove,,1,296740,37594,2,2
9010,1,35621,Shady Grove,,1,296344,37594,2,2
9010,1,35622,Shady Grove,,1,296369,37594,2,2
9010,1,35623,Shady Grove,,1,296347,37594,2,2
9010,1,35624,Shady Grove,,1,296341,37594,2,2
9010,1,35625,Shady Grove,,1,296911,37594,2,2
9010,1,35626,Shady Grove,,1,296912,37594,2,2
9010,1,35627,Shady Grove,,1,296369,37594,2,2
9011,1,35835,Kingsview,,0,296066,37597,2,2
9011,1,35834,Kingsview,,0,296231,37597,2,2
9011,1,35833,Kingsview,,0,295959,37597,2,2
9011,1,35832,Kingsview,,0,296224,37597,2,2
9011,1,35831,Kingsview,,0,295976,37597,2,2
9011,1,35830,Kingsview,,0,296151,37597,2,2
9011,1,35829,Kingsview,,0,295958,37597,2,2
9011,1,35828,Kingsview,,0,296173,37597,2,2
9011,1,35827,Kingsview,,0,295959,37597,2,2
9011,1,35826,Kingsview,,0,296244,37597,2,2
9011,1,35825,Kingsview,,0,296369,37597,2,2
9011,1,35824,Kingsview,,0,296315,37597,2,2
9011,1,35823,Kingsview,,0,296312,37597,2,2
9011,1,35822,Kingsview via Metropolitan Grove,,0,296353,37598,2,2
9011,1,35821,Kingsview via Metropolitan Grove,,0,296371,37598,2,2
9011,1,35820,Kingsview via Metropolitan Grove,,0,296330,37598,2,2
9011,1,35819,Kingsview via Metropolitan Grove,,0,296949,37598,2,2
9011,1,35818,Kingsview,,0,296285,37597,2,2
9011,1,35854,Shady Grove,,1,296059,37599,2,2
9011,1,35853,Shady Grove via Metropolitan Grove,,1,296225,37600,2,2
9011,1,35852,Shady Grove via Metropolitan Grove,,1,296066,37600,2,2
9011,1,35851,Shady Grove via Metropolitan Grove,,1,296231,37600,2,2
9011,1,35850,Shady Grove via Metropolitan Grove,,1,295959,37600,2,2
9011,1,35849,Shady Grove,,1,296224,37599,2,2
9011,1,35848,Shady Grove,,1,295976,37599,2,2
9011,1,35847,Shady Grove,,1,296151,37599,2,2
9011,1,35846,Shady Grove,,1,295958,37599,2,2
9011,1,35845,Shady Grove,,1,296173,37599,2,2
9011,1,35844,Shady Grove,,1,295959,37599,2,2
9011,1,35843,Shady Grove,,1,296244,37599,2,2
9011,1,35842,Shady Grove,,1,296369,37599,2,2
9011,1,35841,Shady Grove,,1,296315,37599,2,2
9011,1,35840,Shady Grove,,1,296312,37599,2,2
9011,1,35839,Shady Grove,,1,296353,37599,2,2
9011,1,35838,Shady Grove,,1,296371,37599,2,2
9011,1,35837,Shady Grove,,1,296374,37599,2,2
9011,1,35836,Shady Grove,,1,296949,37599,2,2
9012,1,36039,Clarksburg,,0,296728,37601,2,2
9012,1,36040,Clarksburg,,0,296361,37601,2,2
9012,1,36044,Clarksburg,,0,296315,37601,2,2
9012,1,36043,Clarksburg,,0,296361,37601,2,2
9012,1,36038,Clarksburg,,0,296286,37601,2,2
9012,1,36042,Clarksburg,,0,296344,37601,2,2
9012,1,36041,Clarksburg,,0,296579,37601,2,2
9012,1,36051,Shady Grove,,1,296041,37602,2,2
9012,1,36050,Shady Grove,,1,295947,37602,2,2
9012,1,36049,Shady Grove,,1,295997,37602,2,2
9012,1,36048,Shady Grove,,1,296213,37602,2,2
9012,1,36046,Shady Grove,,1,296269,37602,2,2
9012,1,36045,Shady Grove,,1,296151,37602,2,2
9012,1,36047,Shady Grove,,1,296223,37602,2,2
9013,1,36099,Wheaton,,0,294084,37603,2,2
9013,1,36100,Wheaton,,0,295372,37603,2,2
9013,1,36096,Wheaton,,0,294096,37603,2,2
9013,1,36114,Wheaton,,0,293935,37603,2,2
9013,1,36101,Wheaton,,0,293995,37603,2,2
9013,1,36102,Wheaton,,0,294083,37603,2,2
9013,1,36098,Wheaton,,0,293935,37603,2,2
9013,1,36103,Wheaton,,0,293989,37603,2,2
9013,1,36104,Wheaton,,0,293993,37603,2,2
9013,1,36105,Wheaton,,0,294096,37603,2,2
9013,1,36106,Wheaton,,0,293993,37603,2,2
9013,1,36094,Wheaton,,0,294096,37603,2,2
9013,1,36107,Wheaton,,0,293802,37603,2,2
9013,1,36108,Wheaton,,0,295373,37603,2,2
9013,1,36109,Wheaton,,0,294000,37603,2,2
9013,1,36110,Wheaton,,0,294508,37603,2,2
9013,1,36111,Wheaton,,0,295373,37603,2,2
9013,1,36095,Wheaton,,0,293999,37603,2,2
9013,1,36097,Wheaton,,0,294508,37603,2,2
9013,1,36115,Wheaton,,0,295373,37603,2,2
9013,1,36112,Wheaton,,0,293999,37603,2,2
9013,1,36113,Wheaton,,0,295373,37603,2,2
9013,1,36120,Silver Spring,,1,294095,37605,2,2
9013,1,36136,Silver Spring,,1,294084,37605,2,2
9013,1,36121,Silver Spring,,1,295372,37605,2,2
9013,1,36122,Silver Spring,,1,294096,37605,2,2
9013,1,36118,Silver Spring,,1,293935,37605,2,2
9013,1,36123,Silver Spring,,1,293995,37605,2,2
9013,1,36119,Silver Spring,,1,294083,37605,2,2
9013,1,36124,Silver Spring,,1,293935,37605,2,2
9013,1,36125,Silver Spring,,1,294096,37605,2,2
9013,1,36126,Silver Spring,,1,293993,37605,2,2
9013,1,36127,Silver Spring,,1,294096,37605,2,2
9013,1,36117,Silver Spring,,1,293993,37605,2,2
9013,1,36128,Silver Spring,,1,294096,37605,2,2
9013,1,36129,Silver Spring,,1,294000,37605,2,2
9013,1,36130,Silver Spring,,1,294508,37605,2,2
9013,1,36131,Silver Spring,,1,295373,37605,2,2
9013,1,36132,Silver Spring,,1,294000,37605,2,2
9013,1,36137,Silver Spring,,1,294508,37605,2,2
9013,1,36116,Silver Spring,,1,295373,37605,2,2
9013,1,36133,Silver Spring,,1,293999,37605,2,2
9013,1,36134,Silver Spring,,1,295373,37605,2,2
9013,1,36135,Silver Spring,,1,293999,37605,2,2
9014,1,36414,Rockville Tower,,0,297825,37607,2,2
9014,1,36415,Rockville Tower,,0,297844,37607,2,2
9014,1,36416,Rockville Tower,,0,297825,37607,2,2
9014,1,36417,Rockville Tower,,0,297844,37607,2,2
9014,1,36418,Rockville Tower,,0,297825,37607,2,2
9014,1,36419,Rockville Tower,,0,297844,37607,2,2
9014,1,36420,Rockville Tower,,0,297857,37607,2,2
9014,1,36421,Rockville Tower,,0,297891,37607,2,2
9014,1,36422,Rockville Tower,,0,297923,37607,2,2
9014,1,36423,Rockville Tower,,0,297891,37607,2,2
9014,1,36424,Rockville Tower,,0,297923,37607,2,2
9014,1,36425,Rockville Tower,,0,297879,37607,2,2
9014,1,36426,Rockville Tower,,0,297923,37607,2,2
9014,1,36427,Rockville Tower,,0,297914,37607,2,2
9014,1,36428,Rockville Tower,,0,297891,37607,2,2
9014,1,36443,North Bethesda,,1,297844,37608,2,2
9014,1,36442,North Bethesda,,1,297825,37608,2,2
9014,1,36441,North Bethesda,,1,297844,37608,2,2
9014,1,36440,North Bethesda,,1,297825,37608,2,2
9014,1,36439,North Bethesda,,1,297844,37608,2,2
9014,1,36438,North Bethesda,,1,297857,37608,2,2
9014,1,36437,North Bethesda,,1,297844,37608,2,2
9014,1,36436,North Bethesda,,1,297923,37608,2,2
9014,1,36435,North Bethesda,,1,297891,37608,2,2
9014,1,36434,North Bethesda,,1,297923,37608,2,2
9014,1,36433,North Bethesda,,1,297879,37608,2,2
9014,1,36432,North Bethesda,,1,297923,37608,2,2
9014,1,36431,North Bethesda,,1,297879,37608,2,2
9014,1,36430,North Bethesda,,1,297891,37608,2,2
9014,1,36429,North Bethesda,,1,297914,37608,2,2
9015,1,36519,Holy Cross Germ,,0,297822,37610,2,2
9015,1,36525,Holy Cross Germ,,0,297824,37610,2,2
9015,1,36524,Holy Cross Germ,,0,297822,37609,2,2
9015,1,36523,Holy Cross Germ,,0,297839,37609,2,2
9015,1,36522,Holy Cross Germ,,0,297824,37609,2,2
9015,1,36544,Holy Cross Germ,,0,297822,37609,2,2
9015,1,36526,Holy Cross Germ,,0,297839,37609,2,2
9015,1,36521,Holy Cross Germ,,0,297821,37610,2,2
9015,1,36520,Holy Cross Germ,,0,297824,37610,2,2
9015,1,36527,Holy Cross Germ,,0,297823,37610,2,2
9015,1,36528,Holy Cross Germ,,0,297872,37610,2,2
9015,1,36529,Holy Cross Germ,,0,297822,37610,2,2
9015,1,36516,Holy Cross Germ,,0,297831,37610,2,2
9015,1,36515,Holy Cross Germ,,0,297839,37610,2,2
9015,1,36530,Holy Cross Germ,,0,297932,37610,2,2
9015,1,36531,Holy Cross Germ,,0,297933,37610,2,2
9015,1,36543,Holy Cross Germ,,0,297934,37610,2,2
9015,1,36542,Holy Cross Germ,,0,297872,37610,2,2
9015,1,36541,Holy Cross Germ,,0,297893,37610,2,2
9015,1,36532,Holy Cross Germ,,0,297896,37610,2,2
9015,1,36533,Holy Cross Germ,,0,297872,37609,2,2
9015,1,36534,Holy Cross Germ,,0,297893,37609,2,2
9015,1,36535,Holy Cross Germ,,0,297896,37609,2,2
9015,1,36540,Holy Cross Germ,,0,297881,37609,2,2
9015,1,36536,Holy Cross Germ,,0,297893,37609,2,2
9015,1,36537,Holy Cross Germ,,0,297896,37609,2,2
9015,1,36518,Holy Cross Germ,,0,297881,37609,2,2
9015,1,36517,Holy Cross Germ,,0,297895,37610,2,2
9015,1,36546,Holy Cross Germ,,0,297891,37610,2,2
9015,1,36539,Holy Cross Germ,,0,297893,37610,2,2
9015,1,36514,Holy Cross Germ,,0,297897,37610,2,2
9015,1,36538,Holy Cross Germ,,0,297893,37610,2,2
9015,1,36545,Holy Cross Germ,,0,297897,37610,2,2
9015,1,36557,Germantown Trans Cntr,,1,297821,37614,2,2
9015,1,36553,MARC Station,,1,297822,37613,2,2
9015,1,36558,MARC Station,,1,297839,37613,2,2
9015,1,36556,MARC Station,,1,297824,37613,2,2
9015,1,36577,MARC Station,,1,297822,37613,2,2
9015,1,36559,MARC Station,,1,297839,37613,2,2
9015,1,36576,Germantown Trans Cntr,,1,297824,37614,2,2
9015,1,36560,Germantown Trans Cntr,,1,297822,37614,2,2
9015,1,36555,Germantown Trans Cntr,,1,297839,37614,2,2
9015,1,36561,Germantown Trans Cntr,,1,297821,37614,2,2
9015,1,36552,Germantown Trans Cntr,,1,297824,37614,2,2
9015,1,36554,Germantown Trans Cntr,,1,297823,37614,2,2
9015,1,36551,Germantown Trans Cntr,,1,297872,37614,2,2
9015,1,36562,Germantown Trans Cntr,,1,297822,37614,2,2
9015,1,36548,Germantown Trans Cntr,,1,297831,37614,2,2
9015,1,36547,Germantown Trans Cntr,,1,297839,37614,2,2
9015,1,36575,Germantown Trans Cntr,,1,297932,37614,2,2
9015,1,36574,Germantown Trans Cntr,,1,297933,37614,2,2
9015,1,36573,Germantown Trans Cntr,,1,297934,37614,2,2
9015,1,36550,MARC Station,,1,297872,37613,2,2
9015,1,36563,MARC Station,,1,297893,37613,2,2
9015,1,36564,MARC Station,,1,297896,37613,2,2
9015,1,36565,MARC Station,,1,297872,37613,2,2
9015,1,36566,MARC Station,,1,297893,37613,2,2
9015,1,36567,MARC Station,,1,297896,37613,2,2
9015,1,36572,MARC Station,,1,297881,37613,2,2
9015,1,36568,Germantown Trans Cntr,,1,297893,37614,2,2
9015,1,36569,Germantown Trans Cntr,,1,297896,37614,2,2
9015,1,36570,Germantown Trans Cntr,,1,297881,37614,2,2
9015,1,36579,Germantown Trans Cntr,,1,297895,37614,2,2
9015,1,36549,Germantown Trans Cntr,,1,297891,37614,2,2
9015,1,36571,Germantown Trans Cntr,,1,297893,37614,2,2
9015,1,36578,Germantown Trans Cntr,,1,297897,37614,2,2
9015,1,36580,Germantown Trans Cntr,,1,297893,37614,2,2
9016,1,36883,Wheaton,,0,294527,37617,2,2
9016,1,36884,Wheaton,,0,294517,37617,2,2
9016,1,36885,Wheaton,,0,293626,37617,2,2
9016,1,36882,Wheaton,,0,293059,37617,2,2
9016,1,36886,Wheaton,,0,293620,37617,2,2
9016,1,36881,Wheaton,,0,293032,37617,2,2
9016,1,36887,Wheaton,,0,293645,37617,2,2
9016,1,36880,Wheaton,,0,294532,37617,2,2
9016,1,36879,Wheaton,,0,294037,37617,2,2
9016,1,36888,Wheaton,,0,294038,37617,2,2
9016,1,36889,Wheaton,,0,294036,37617,2,2
9016,1,36890,Wheaton,,0,293642,37617,2,2
9016,1,36891,Wheaton,,0,293807,37617,2,2
9016,1,36892,Wheaton,,0,294392,37617,2,2
9016,1,36893,Wheaton,,0,293619,37617,2,2
9016,1,36894,Wheaton,,0,293844,37617,2,2
9016,1,36907,Wheaton,,0,293031,37617,2,2
9016,1,36908,Wheaton,,0,294307,37617,2,2
9016,1,36895,Wheaton,,0,293843,37617,2,2
9016,1,36903,Wheaton,,0,294519,37617,2,2
9016,1,36904,Wheaton,,0,294518,37617,2,2
9016,1,36878,Wheaton,,0,293780,37617,2,2
9016,1,36896,Wheaton,,0,293594,37617,2,2
9016,1,36876,Wheaton,,0,293060,37617,2,2
9016,1,36902,Wheaton,,0,293598,37617,2,2
9016,1,36875,Wheaton,,0,294450,37617,2,2
9016,1,36901,Wheaton,,0,293054,37617,2,2
9016,1,36905,Wheaton,,0,293840,37617,2,2
9016,1,36906,Wheaton,,0,293044,37617,2,2
9016,1,36877,Wheaton,,0,293038,37617,2,2
9016,1,36874,Wheaton,,0,293595,37617,2,2
9016,1,36900,Wheaton,,0,293041,37617,2,2
9016,1,36873,Wheaton,,0,293628,37617,2,2
9016,1,36899,Wheaton,,0,293053,37617,2,2
9016,1,36898,Wheaton,,0,293054,37617,2,2
9016,1,36897,Wheaton,,0,293046,37617,2,2
9016,1,36923,Silver Spring,,1,293622,37618,2,2
9016,1,36924,Silver Spring,,1,293589,37618,2,2
9016,1,36922,Silver Spring,,1,293640,37618,2,2
9016,1,36925,Silver Spring,,1,294451,37618,2,2
9016,1,36921,Silver Spring,,1,293626,37618,2,2
9016,1,36926,Silver Spring,,1,293059,37618,2,2
9016,1,36920,Silver Spring,,1,293620,37618,2,2
9016,1,36927,Silver Spring,,1,293032,37618,2,2
9016,1,36928,Silver Spring,,1,293782,37618,2,2
9016,1,36929,Silver Spring,,1,293842,37618,2,2
9016,1,36911,Silver Spring,,1,294050,37618,2,2
9016,1,36910,Silver Spring,,1,294392,37618,2,2
9016,1,36909,Silver Spring,,1,293590,37618,2,2
9016,1,36930,Silver Spring,,1,293027,37618,2,2
9016,1,36931,Silver Spring,,1,294394,37618,2,2
9016,1,36932,Silver Spring,,1,294036,37618,2,2
9016,1,36933,Silver Spring,,1,293645,37618,2,2
9016,1,36934,Silver Spring,,1,293646,37618,2,2
9016,1,36935,Silver Spring,,1,294393,37618,2,2
9016,1,36936,Silver Spring,,1,294049,37618,2,2
9016,1,36913,Silver Spring,,1,293042,37618,2,2
9016,1,36915,Silver Spring,,1,293778,37618,2,2
9016,1,36914,Silver Spring,,1,293843,37618,2,2
9016,1,36937,Silver Spring,,1,293825,37618,2,2
9016,1,36919,Silver Spring,,1,293039,37618,2,2
9016,1,36938,Silver Spring,,1,293060,37618,2,2
9016,1,36918,Silver Spring,,1,293633,37618,2,2
9016,1,36939,Silver Spring,,1,293975,37618,2,2
9016,1,36917,Silver Spring,,1,293638,37618,2,2
9016,1,36940,Silver Spring,,1,294522,37618,2,2
9016,1,36916,Silver Spring,,1,293844,37618,2,2
9016,1,36912,Silver Spring,,1,293839,37618,2,2
9016,1,36941,Silver Spring,,1,293837,37618,2,2
9016,1,36942,Silver Spring,,1,293974,37618,2,2
9016,1,36943,Silver Spring,,1,293937,37618,2,2
9016,1,36944,Silver Spring,,1,294519,37618,2,2
9017,1,37345,Damascus,,0,295959,37619,2,2
9017,1,37346,Damascus,,0,296259,37619,2,2
9017,1,37347,Damascus,,0,296059,37619,2,2
9017,1,37348,Damascus,,0,296157,37619,2,2
9017,1,37349,Damascus,,0,295946,37619,2,2
9017,1,37350,Damascus,,0,296240,37619,2,2
9017,1,37351,Damascus,,0,296220,37619,2,2
9017,1,37352,Damascus,,0,296218,37619,2,2
9017,1,37353,Damascus,,0,297334,37619,2,2
9017,1,37354,Milestone via Damascus,,0,295957,37621,2,2
9017,1,37355,Milestone via Damascus,,0,296254,37621,2,2
9017,1,37356,Milestone via Damascus,,0,296037,37621,2,2
9017,1,37357,Milestone via Damascus,,0,296193,37621,2,2
9017,1,37358,Milestone via Damascus & Airpark,,0,296274,37622,2,2
9017,1,37359,Milestone via Damascus & Airpark,,0,296465,37622,2,2
9017,1,37360,Milestone via Damascus & Airpark,,0,296359,37622,2,2
9017,1,37361,Milestone via Damascus & Airpark,,0,296228,37622,2,2
9017,1,37362,Damascus via Airpark,,0,296330,37620,2,2
9017,1,37363,Damascus via Airpark,,0,296494,37620,2,2
9017,1,37364,Damascus via Airpark,,0,296728,37620,2,2
9017,1,37365,Damascus via Airpark,,0,296367,37620,2,2
9017,1,37366,Damascus via Airpark,,0,296494,37620,2,2
9017,1,37367,Damascus via Airpark,,0,296317,37620,2,2
9017,1,37368,Damascus via Airpark,,0,296555,37620,2,2
9017,1,37369,Damascus via Airpark,,0,296742,37620,2,2
9017,1,37370,Damascus via Airpark,,0,296367,37620,2,2
9017,1,37371,Damascus via Airpark,,0,296314,37620,2,2
9017,1,37372,Damascus via Airpark,,0,296329,37620,2,2
9017,1,37373,Shady Grove,,1,295969,37624,2,2
9017,1,37374,Shady Grove,,1,295959,37624,2,2
9017,1,37375,Shady Grove,,1,296259,37624,2,2
9017,1,37376,Shady Grove,,1,296059,37624,2,2
9017,1,37377,Shady Grove,,1,296157,37624,2,2
9017,1,37378,Shady Grove,,1,295946,37624,2,2
9017,1,37379,Shady Grove,,1,296240,37624,2,2
9017,1,37380,Shady Grove,,1,296220,37624,2,2
9017,1,37381,Shady Grove,,1,296218,37624,2,2
9017,1,37382,Shady Grove,,1,297334,37624,2,2
9017,1,37383,Shady Grove via Damascus,,1,296274,37626,2,2
9017,1,37384,Shady Grove via Damascus,,1,295957,37626,2,2
9017,1,37385,Shady Grove via Damascus,,1,296254,37626,2,2
9017,1,37386,Shady Grove via Damascus,,1,296037,37626,2,2
9017,1,37387,Shady Grove via Damascus,,1,296193,37625,2,2
9017,1,37398,Shady Grove via Damascus,,1,296274,37625,2,2
9017,1,37400,Shady Grove via Damascus,,1,296465,37625,2,2
9017,1,37399,Shady Grove via Damascus,,1,296359,37625,2,2
9017,1,37401,Shady Grove,,1,296330,37623,2,2
9017,1,37388,Shady Grove,,1,296494,37623,2,2
9017,1,37389,Shady Grove,,1,296728,37623,2,2
9017,1,37390,Shady Grove,,1,296367,37623,2,2
9017,1,37391,Shady Grove,,1,296494,37623,2,2
9017,1,37392,Shady Grove,,1,296317,37623,2,2
9017,1,37393,Shady Grove,,1,296555,37623,2,2
9017,1,37394,Shady Grove,,1,296742,37623,2,2
9017,1,37395,Shady Grove,,1,296367,37623,2,2
9017,1,37396,Shady Grove,,1,296314,37623,2,2
9017,1,37397,Shady Grove,,1,296329,37623,2,2
9020,1,37593,Grosvenor,,0,297858,37632,2,2
9020,1,37592,Grosvenor,,0,297828,37632,2,2
9020,1,37591,Grosvenor,,0,297931,37632,2,2
9020,1,37590,Grosvenor,,0,297874,37632,2,2
9020,1,37589,Grosvenor,,0,297874,37632,2,2
9020,1,37588,Grosvenor,,0,297850,37632,2,2
9020,1,37587,Grosvenor,,0,297850,37632,2,2
9020,1,37595,Grosvenor,,1,297837,37634,2,2
9020,1,37609,Grosvenor,,1,297837,37634,2,2
9020,1,37608,Grosvenor,,1,297858,37634,2,2
9020,1,37612,Grosvenor,,1,297837,37634,2,2
9020,1,37607,Grosvenor,,1,297858,37634,2,2
9020,1,37613,Grosvenor,,1,297837,37634,2,2
9020,1,37616,Grosvenor,,1,297858,37634,2,2
9020,1,37617,Grosvenor,,1,297858,37634,2,2
9020,1,37606,Montgomery Mall,,1,297858,37633,2,2
9020,1,37610,Montgomery Mall,,1,297931,37633,2,2
9020,1,37611,Montgomery Mall,,1,297828,37633,2,2
9020,1,37605,Montgomery Mall,,1,297931,37633,2,2
9020,1,37604,Montgomery Mall,,1,297874,37633,2,2
9020,1,37603,Montgomery Mall,,1,297874,37633,2,2
9020,1,37602,Montgomery Mall,,1,297850,37633,2,2
9020,1,37594,Grosvenor,,1,297901,37634,2,2
9020,1,37601,Grosvenor,,1,297901,37634,2,2
9020,1,37600,Grosvenor,,1,297883,37634,2,2
9020,1,37599,Grosvenor,,1,297901,37634,2,2
9020,1,37614,Grosvenor,,1,297883,37634,2,2
9020,1,37598,Grosvenor,,1,297901,37634,2,2
9020,1,37618,Grosvenor,,1,297883,37634,2,2
9020,1,37619,Grosvenor,,1,297901,37634,2,2
9020,1,37620,Grosvenor,,1,297883,37634,2,2
9020,1,37615,Grosvenor,,1,297883,37634,2,2
9020,1,37597,Grosvenor,,1,297883,37634,2,2
9020,1,37596,Grosvenor,,1,297883,37634,2,2
9021,1,37721,Germantown Loop,,0,297839,37636,2,2
9021,1,37722,Germantown Loop,,0,297932,37636,2,2
9021,1,37723,Germantown Loop,,0,297830,37636,2,2
9021,1,37724,Germantown Loop,,0,297872,37636,2,2
9021,1,37725,Germantown Loop,,0,297887,37636,2,2
9021,1,37749,Germantown Loop,,0,297932,37636,2,2
9021,1,37745,Germantown Loop,,0,297881,37636,2,2
9021,1,37744,Germantown Loop,,0,297933,37636,2,2
9021,1,37746,Germantown Loop,,0,297896,37636,2,2
9021,1,37727,Germantown Loop,,0,297895,37636,2,2
9021,1,37747,Germantown Loop,,0,297933,37636,2,2
9021,1,37728,Germantown Transit via MARC,,0,297897,37635,2,2
9021,1,37729,Germantown Transit via MARC,,0,297895,37635,2,2
9021,1,37750,Germantown Transit via MARC,,0,297897,37635,2,2
9021,1,37730,Germantown Transit via MARC,,0,297895,37635,2,2
9021,1,37731,Germantown Transit via MARC,,0,297881,37635,2,2
9021,1,37732,Germantown Transit via MARC,,0,297895,37635,2,2
9021,1,37733,Germantown Transit via MARC,,0,297872,37635,2,2
9021,1,37734,Germantown Transit via MARC,,0,297897,37635,2,2
9021,1,37735,Germantown Transit via MARC,,0,297887,37635,2,2
9021,1,37736,Germantown Loop,,0,297891,37636,2,2
9021,1,37737,Germantown Loop,,0,297897,37636,2,2
9021,1,37738,Germantown Loop,,0,297893,37636,2,2
9021,1,37739,Germantown Loop,,0,297896,37636,2,2
9021,1,37740,Germantown Loop,,0,297895,37636,2,2
9021,1,37741,Germantown Loop,,0,297891,37636,2,2
9021,1,37742,Germantown Loop,,0,297891,37636,2,2
9021,1,37743,Germantown Loop,,0,297896,37636,2,2
9021,1,37752,Germantown Loop,,1,297820,37638,2,2
9021,1,37753,Germantown Transit via MARC,,1,297820,37637,2,2
9021,1,37754,Germantown Transit via MARC,,1,297820,37637,2,2
9021,1,37755,Germantown Transit via MARC,,1,297820,37637,2,2
9021,1,37756,Germantown Transit via MARC,,1,297820,37637,2,2
9021,1,37757,Germantown Transit via MARC,,1,297862,37637,2,2
9021,1,37767,Germantown Transit via MARC,,1,297820,37637,2,2
9021,1,37758,Germantown Transit via MARC,,1,297823,37637,2,2
9021,1,37768,Germantown Transit via MARC,,1,297820,37637,2,2
9021,1,37769,Germantown Loop,,1,297821,37638,2,2
9021,1,37760,Germantown Loop,,1,297824,37638,2,2
9021,1,37770,Germantown Loop,,1,297862,37638,2,2
9021,1,37762,Germantown Loop,,1,297862,37638,2,2
9021,1,37763,Germantown Loop,,1,297862,37638,2,2
9021,1,37764,Germantown Loop,,1,297831,37638,2,2
9021,1,37765,Germantown Loop,,1,297824,37638,2,2
9021,1,37766,Germantown Loop,,1,297824,37638,2,2
9022,1,38044,Kingsview P & R,,0,297823,37639,2,2
9022,1,38043,Kingsview P & R,,0,297821,37639,2,2
9022,1,38042,Kingsview P & R,,0,297823,37639,2,2
9022,1,38041,Kingsview P & R,,0,297821,37639,2,2
9022,1,38046,Kingsview P & R,,0,297862,37639,2,2
9022,1,38040,Kingsview P & R,,0,297823,37639,2,2
9022,1,38039,Kingsview P & R,,0,297820,37639,2,2
9022,1,38025,Kingsview P & R,,0,297919,37639,2,2
9022,1,38038,Kingsview via GCC,,0,297920,37641,2,2
9022,1,38026,Kingsview via GCC,,0,297820,37641,2,2
9022,1,38027,Kingsview via GCC,,0,297823,37641,2,2
9022,1,38028,Kingsview via GCC,,0,297872,37641,2,2
9022,1,38029,Kingsview via GCC,,0,297934,37641,2,2
9022,1,38030,Kingsview via GCC,,0,297831,37641,2,2
9022,1,38031,Kingsview via GCC,,0,297930,37641,2,2
9022,1,38045,Kingsview via GCC,,0,297887,37641,2,2
9022,1,38024,Kingsview via Germantown Park,,0,297841,37642,2,2
9022,1,38032,Kingsview via Germantown Park,,0,297881,37642,2,2
9022,1,38033,Kingsview via Germantown Park,,0,297887,37642,2,2
9022,1,38034,Kingsview via Germantown Park,,0,297897,37642,2,2
9022,1,38035,Kingsview via Germantown Park,,0,297887,37642,2,2
9022,1,38036,Kingsview via Germantown Park,,0,297895,37642,2,2
9022,1,38023,Kingsview via Germantown Park,,0,297872,37642,2,2
9022,1,38037,Kingsview via Germantown Park,,0,297887,37642,2,2
9022,1,38062,Germantown via Germantown Park,,1,297824,37646,2,2
9022,1,38064,Germantown via Germantown Park,,1,297823,37646,2,2
9022,1,38068,Germantown via Germantown Park,,1,297821,37646,2,2
9022,1,38067,Germantown via Germantown Park,,1,297823,37646,2,2
9022,1,38063,Germantown via Germantown Park,,1,297821,37646,2,2
9022,1,38049,Germantown via Germantown Park,,1,297862,37646,2,2
9022,1,38066,Germantown via Germantown Park,,1,297823,37646,2,2
9022,1,38065,Germantown via GCC,,1,297820,37645,2,2
9022,1,38061,Germantown via GCC,,1,297919,37645,2,2
9022,1,38060,Germantown via GCC,,1,297920,37645,2,2
9022,1,38069,Germantown via GCC,,1,297820,37645,2,2
9022,1,38059,Germantown via GCC,,1,297823,37645,2,2
9022,1,38058,Germantown via GCC,,1,297872,37645,2,2
9022,1,38057,Germantown via GCC,,1,297934,37645,2,2
9022,1,38056,Germantown via GCC,,1,297831,37645,2,2
9022,1,38055,Germantown via GCC,,1,297930,37645,2,2
9022,1,38048,Germantown,,1,297887,37643,2,2
9022,1,38054,Germantown,,1,297841,37643,2,2
9022,1,38053,Germantown,,1,297881,37643,2,2
9022,1,38052,Germantown,,1,297887,37643,2,2
9022,1,38070,Germantown,,1,297897,37643,2,2
9022,1,38051,Germantown,,1,297887,37643,2,2
9022,1,38047,Germantown,,1,297895,37643,2,2
9022,1,38050,Germantown,,1,297872,37643,2,2
9023,1,38340,Burtonsville Park & Ride (Blue),,0,296393,37649,2,2
9023,1,38331,Briggs Chaney P&R via FDA (Orange),,0,296391,37648,2,2
9023,1,38339,Burtonsville Park & Ride (Blue),,0,296392,37649,2,2
9023,1,38330,Briggs Chaney P&R via FDA (Orange),,0,296395,37648,2,2
9023,1,38338,Burtonsville Park & Ride (Blue),,0,296394,37649,2,2
9023,1,38329,Briggs Chaney P&R via FDA (Orange),,0,296393,37648,2,2
9023,1,38337,Burtonsville Park & Ride (Blue),,0,296396,37649,2,2
9023,1,38328,Briggs Chaney P&R via FDA (Orange),,0,296397,37648,2,2
9023,1,38336,Burtonsville Park & Ride (Blue),,0,296398,37649,2,2
9023,1,38327,Briggs Chaney P&R via FDA (Orange),,0,296392,37648,2,2
9023,1,38335,Burtonsville Park & Ride (Blue),,0,296391,37649,2,2
9023,1,38326,Briggs Chaney P&R via FDA (Orange),,0,296400,37648,2,2
9023,1,38334,Burtonsville Park & Ride (Blue),,0,296399,37649,2,2
9023,1,38325,Briggs Chaney P&R via FDA (Orange),,0,296394,37648,2,2
9023,1,38333,Burtonsville Park & Ride (Blue),,0,296395,37649,2,2
9023,1,38324,Briggs Chaney P&R via FDA (Orange),,0,296396,37648,2,2
9023,1,38332,Briggs Chaney Park & Ride (Orange),,0,296393,37647,2,2
9023,1,38319,Briggs Chaney P&R via FDA (Orange),,0,296398,37648,2,2
9023,1,38323,Briggs Chaney Park & Ride (Orange),,0,296401,37647,2,2
9023,1,38318,Briggs Chaney P&R via FDA (Orange),,0,296391,37648,2,2
9023,1,38322,Briggs Chaney Park & Ride (Orange),,0,296397,37647,2,2
9023,1,38317,Briggs Chaney P&R via FDA (Orange),,0,296399,37648,2,2
9023,1,38321,Briggs Chaney Park & Ride (Orange),,0,296392,37647,2,2
9023,1,38316,Briggs Chaney P&R via FDA (Orange),,0,296395,37648,2,2
9023,1,38320,Briggs Chaney Park & Ride (Orange),,0,296394,37647,2,2
9023,1,38373,Briggs Chaney Park & Ride (Orange),,0,296396,37647,2,2
9023,1,38374,Briggs Chaney Park & Ride (Orange),,0,296401,37647,2,2
9023,1,38375,Briggs Chaney Park & Ride (Orange),,0,296397,37647,2,2
9023,1,38376,Briggs Chaney Park & Ride (Orange),,0,296393,37647,2,2
9023,1,38377,Briggs Chaney Park & Ride (Orange),,0,296391,37647,2,2
9023,1,38378,Briggs Chaney Park & Ride (Orange),,0,296392,37647,2,2
9023,1,38379,Briggs Chaney Park & Ride (Orange),,0,296399,37647,2,2
9023,1,38380,Briggs Chaney Park & Ride (Orange),,0,296395,37647,2,2
9023,1,38381,Briggs Chaney Park & Ride (Orange),,0,296394,37647,2,2
9023,1,38382,Briggs Chaney Park & Ride (Orange),,0,296393,37647,2,2
9023,1,38383,Briggs Chaney Park & Ride (Orange),,0,296391,37647,2,2
9023,1,38384,Briggs Chaney Park & Ride (Orange),,0,296392,37647,2,2
9023,1,38385,Briggs Chaney Park & Ride (Orange),,0,296399,37647,2,2
9023,1,38386,Briggs Chaney Park & Ride (Orange),,0,296395,37647,2,2
9023,1,38387,Briggs Chaney Park & Ride (Orange),,0,296394,37647,2,2
9023,1,38388,Briggs Chaney Park & Ride (Orange),,0,296393,37647,2,2
9023,1,38389,Briggs Chaney Park & Ride (Orange),,0,296391,37647,2,2
9023,1,38390,Briggs Chaney Park & Ride (Orange),,0,296402,37647,2,2
9023,1,38391,Briggs Chaney Park & Ride (Orange),,0,296399,37647,2,2
9023,1,38392,Briggs Chaney Park & Ride (Orange),,0,296403,37647,2,2
9023,1,38393,Briggs Chaney Park & Ride (Orange),,0,296404,37647,2,2
9023,1,38394,Briggs Chaney Park & Ride (Orange),,0,296405,37647,2,2
9023,1,38395,Briggs Chaney Park & Ride (Orange),,0,296406,37647,2,2
9023,1,38315,Burtonsville Park & Ride (Blue),,0,296407,37649,2,2
9023,1,38370,Briggs Chaney Park & Ride (Orange),,0,296408,37647,2,2
9023,1,38314,Burtonsville Park & Ride (Blue),,0,296409,37649,2,2
9023,1,38368,Briggs Chaney Park & Ride (Orange),,0,296403,37647,2,2
9023,1,38313,Burtonsville Park & Ride (Blue),,0,296410,37649,2,2
9023,1,38367,Briggs Chaney Park & Ride (Orange),,0,296402,37647,2,2
9023,1,38312,Burtonsville Park & Ride (Blue),,0,296411,37649,2,2
9023,1,38366,Briggs Chaney Park & Ride (Orange),,0,296404,37647,2,2
9023,1,38311,Burtonsville Park & Ride (Blue),,0,296412,37649,2,2
9023,1,38365,Briggs Chaney Park & Ride (Orange),,0,296407,37647,2,2
9023,1,38310,Burtonsville Park & Ride (Blue),,0,296406,37649,2,2
9023,1,38364,Briggs Chaney Park & Ride (Orange),,0,296409,37647,2,2
9023,1,38309,Burtonsville Park & Ride (Blue),,0,296408,37649,2,2
9023,1,38363,Briggs Chaney Park & Ride (Orange),,0,296413,37647,2,2
9023,1,38308,Burtonsville Park & Ride (Blue),,0,296405,37649,2,2
9023,1,38362,Briggs Chaney Park & Ride (Orange),,0,296410,37647,2,2
9023,1,38307,Burtonsville Park & Ride (Blue),,0,296403,37649,2,2
9023,1,38361,Briggs Chaney Park & Ride (Orange),,0,296411,37647,2,2
9023,1,38306,Burtonsville Park & Ride (Blue),,0,296402,37649,2,2
9023,1,38360,Briggs Chaney Park & Ride (Orange),,0,296412,37647,2,2
9023,1,38305,Burtonsville Park & Ride (Blue),,0,296404,37649,2,2
9023,1,38359,Briggs Chaney Park & Ride (Orange),,0,296414,37647,2,2
9023,1,38304,Burtonsville Park & Ride (Blue),,0,296407,37649,2,2
9023,1,38358,Briggs Chaney Park & Ride (Orange),,0,296408,37647,2,2
9023,1,38303,Burtonsville Park & Ride (Blue),,0,296409,37649,2,2
9023,1,38357,Briggs Chaney Park & Ride (Orange),,0,296405,37647,2,2
9023,1,38369,Burtonsville Park & Ride (Blue),,0,296410,37649,2,2
9023,1,38356,Briggs Chaney Park & Ride (Orange),,0,296411,37647,2,2
9023,1,38355,Briggs Chaney Park & Ride (Orange),,0,296402,37647,2,2
9023,1,38354,Briggs Chaney Park & Ride (Orange),,0,296414,37647,2,2
9023,1,38353,Briggs Chaney Park & Ride (Orange),,0,296412,37647,2,2
9023,1,38352,Briggs Chaney Park & Ride (Orange),,0,296405,37647,2,2
9023,1,38351,Briggs Chaney Park & Ride (Orange),,0,296407,37647,2,2
9023,1,38350,Briggs Chaney Park & Ride (Orange),,0,296408,37647,2,2
9023,1,38349,Briggs Chaney Park & Ride (Orange),,0,296409,37647,2,2
9023,1,38348,Briggs Chaney Park & Ride (Orange),,0,296411,37647,2,2
9023,1,38347,Briggs Chaney Park & Ride (Orange),,0,296412,37647,2,2
9023,1,38346,Briggs Chaney Park & Ride (Orange),,0,296414,37647,2,2
9023,1,38345,Briggs Chaney Park & Ride (Orange),,0,296407,37647,2,2
9023,1,38344,Briggs Chaney Park & Ride (Orange),,0,296408,37647,2,2
9023,1,38343,Briggs Chaney Park & Ride (Orange),,0,296409,37647,2,2
9023,1,38342,Briggs Chaney Park & Ride (Orange),,0,296411,37647,2,2
9023,1,38341,Briggs Chaney Park & Ride (Orange),,0,296412,37647,2,2
9023,1,38371,Briggs Chaney Park & Ride (Orange),,0,296414,37647,2,2
9023,1,38372,Briggs Chaney Park & Ride (Orange),,0,296408,37647,2,2
9023,1,38396,Briggs Chaney Park & Ride (Orange),,0,296411,37647,2,2
9023,1,38397,Briggs Chaney Park & Ride (Orange),,0,296412,37647,2,2
9023,1,38398,Silver Spring Station ( Blue),,1,296391,37652,2,2
9023,1,38410,Silver Spring Station (Orange),,1,296392,37650,2,2
9023,1,38399,Silver Spring Station ( Blue),,1,296395,37652,2,2
9023,1,38411,Silver Spring Station (Orange),,1,296394,37650,2,2
9023,1,38400,Silver Spring Station ( Blue),,1,296393,37652,2,2
9023,1,38412,Silver Spring Station (Orange),,1,296396,37650,2,2
9023,1,38401,Silver Spring Station ( Blue),,1,296397,37652,2,2
9023,1,38413,Silver Spring Station (Orange),,1,296398,37650,2,2
9023,1,38402,Silver Spring Station ( Blue),,1,296392,37652,2,2
9023,1,38414,Silver Spring Station (Orange),,1,296391,37650,2,2
9023,1,38403,Silver Spring Station ( Blue),,1,296400,37652,2,2
9023,1,38415,Silver Spring Station (Orange),,1,296399,37650,2,2
9023,1,38404,Silver Spring Station ( Blue),,1,296394,37652,2,2
9023,1,38416,Silver Spring Station (Orange),,1,296395,37650,2,2
9023,1,38405,Silver Spring Station ( Blue),,1,296396,37652,2,2
9023,1,38417,Silver Spring Station (Orange),,1,296393,37650,2,2
9023,1,38406,Silver Spring Station ( Blue),,1,296398,37652,2,2
9023,1,38418,Silver Spring Station (Orange),,1,296401,37650,2,2
9023,1,38407,Silver Spring Station ( Blue),,1,296391,37652,2,2
9023,1,38419,Silver Spring Station (Orange),,1,296397,37650,2,2
9023,1,38408,Silver Spring Station ( Blue),,1,296399,37652,2,2
9023,1,38420,Silver Spring Station (Orange),,1,296392,37650,2,2
9023,1,38409,Silver Spring Station ( Blue),,1,296395,37652,2,2
9023,1,38421,Silver Spring Station (Orange),,1,296394,37650,2,2
9023,1,38422,Silver Spring Station (Orange),,1,296396,37650,2,2
9023,1,38423,Silver Spring Station (Orange),,1,296401,37650,2,2
9023,1,38424,Silver Spring Station (Orange),,1,296397,37650,2,2
9023,1,38425,Silver Spring Station (Orange),,1,296393,37650,2,2
9023,1,38426,Silver Spring Station (Orange),,1,296391,37650,2,2
9023,1,38427,Silver Spring Station (Orange),,1,296392,37650,2,2
9023,1,38428,Silver Spring Station (Orange),,1,296399,37650,2,2
9023,1,38429,Silver Spring Station (Orange),,1,296395,37650,2,2
9023,1,38430,Silver Spring Station (Orange),,1,296394,37650,2,2
9023,1,38431,Silver Spring Station (Orange),,1,296393,37650,2,2
9023,1,38432,Silver Spring Station (Orange),,1,296391,37650,2,2
9023,1,38433,Silver Spring Station (Orange),,1,296392,37650,2,2
9023,1,38434,Silver Spring Station (Orange),,1,296399,37650,2,2
9023,1,38435,Silver Spring Station (Orange),,1,296395,37650,2,2
9023,1,38436,Silver Spring Station (Orange),,1,296394,37650,2,2
9023,1,38437,Silver Spring Station (Orange),,1,296393,37650,2,2
9023,1,38438,Silver Spring Station (Orange),,1,296391,37650,2,2
9023,1,38439,Silver Spring Station (Orange),,1,296402,37650,2,2
9023,1,38440,Silver Spring Station (Orange),,1,296399,37650,2,2
9023,1,38441,Silver Spring Station (Orange),,1,296403,37650,2,2
9023,1,38442,Silver Spring Station (Orange),,1,296404,37650,2,2
9023,1,38443,Silver Spring Station (Orange),,1,296405,37650,2,2
9023,1,38444,Silver Spring Station (Orange),,1,296406,37650,2,2
9023,1,38447,Silver Spring via FDA (Orange),,1,296407,37651,2,2
9023,1,38445,Silver Spring Station (Orange),,1,296408,37650,2,2
9023,1,38448,Silver Spring via FDA (Orange),,1,296409,37651,2,2
9023,1,38446,Silver Spring Station (Orange),,1,296403,37650,2,2
9023,1,38449,Silver Spring via FDA (Orange),,1,296410,37651,2,2
9023,1,38461,Silver Spring Station ( Blue),,1,296402,37652,2,2
9023,1,38450,Silver Spring via FDA (Orange),,1,296411,37651,2,2
9023,1,38462,Silver Spring Station ( Blue),,1,296404,37652,2,2
9023,1,38451,Silver Spring via FDA (Orange),,1,296412,37651,2,2
9023,1,38463,Silver Spring Station ( Blue),,1,296407,37652,2,2
9023,1,38452,Silver Spring via FDA (Orange),,1,296406,37651,2,2
9023,1,38464,Silver Spring Station ( Blue),,1,296409,37652,2,2
9023,1,38453,Silver Spring via FDA (Orange),,1,296408,37651,2,2
9023,1,38465,Silver Spring Station ( Blue),,1,296413,37652,2,2
9023,1,38454,Silver Spring via FDA (Orange),,1,296405,37651,2,2
9023,1,38466,Silver Spring Station ( Blue),,1,296410,37652,2,2
9023,1,38455,Silver Spring via FDA (Orange),,1,296403,37651,2,2
9023,1,38467,Silver Spring Station ( Blue),,1,296411,37652,2,2
9023,1,38456,Silver Spring via FDA (Orange),,1,296402,37651,2,2
9023,1,38468,Silver Spring Station ( Blue),,1,296412,37652,2,2
9023,1,38457,Silver Spring via FDA (Orange),,1,296404,37651,2,2
9023,1,38469,Silver Spring Station ( Blue),,1,296414,37652,2,2
9023,1,38458,Silver Spring via FDA (Orange),,1,296407,37651,2,2
9023,1,38470,Silver Spring Station ( Blue),,1,296408,37652,2,2
9023,1,38459,Silver Spring via FDA (Orange),,1,296409,37651,2,2
9023,1,38471,Silver Spring Station ( Blue),,1,296405,37652,2,2
9023,1,38460,Silver Spring via FDA (Orange),,1,296410,37651,2,2
9023,1,38472,Silver Spring Station (Orange),,1,296411,37650,2,2
9023,1,38473,Silver Spring via FDA (Orange),,1,296402,37651,2,2
9023,1,38474,Silver Spring Station (Orange),,1,296414,37650,2,2
9023,1,38475,Silver Spring Station (Orange),,1,296412,37650,2,2
9023,1,38476,Silver Spring Station (Orange),,1,296405,37650,2,2
9023,1,38477,Silver Spring Station (Orange),,1,296407,37650,2,2
9023,1,38478,Silver Spring Station (Orange),,1,296408,37650,2,2
9023,1,38479,Silver Spring Station (Orange),,1,296409,37650,2,2
9023,1,38480,Silver Spring Station (Orange),,1,296411,37650,2,2
9023,1,38481,Silver Spring Station (Orange),,1,296412,37650,2,2
9023,1,38482,Silver Spring Station (Orange),,1,296414,37650,2,2
9023,1,38483,Silver Spring Station (Orange),,1,296407,37650,2,2
9023,1,38484,Silver Spring Station (Orange),,1,296408,37650,2,2
9023,1,38485,Silver Spring Station (Orange),,1,296409,37650,2,2
9023,1,38486,Silver Spring Station (Orange),,1,296411,37650,2,2
9023,1,38487,Silver Spring Station (Orange),,1,296412,37650,2,2
9023,1,38488,Silver Spring Station (Orange),,1,296414,37650,2,2
9023,1,38489,Silver Spring Station (Orange),,1,296407,37650,2,2
9023,1,38490,Silver Spring Station (Orange),,1,296408,37650,2,2
9023,1,38491,Silver Spring Station (Orange),,1,296411,37650,2,2
9023,1,38492,Silver Spring Station (Orange),,1,296412,37650,2,2
9023,1,38493,Silver Spring Station (Orange),,1,296414,37650,2,2
9027,1,39434,LIME SHADY GROVE,,0,296069,37661,2,2
9027,1,39433,LIME SHADY GROVE,,0,296020,37661,2,2
9027,1,39432,LIME SHADY GROVE,,0,296099,37661,2,2
9027,1,39431,LIME SHADY GROVE,,0,296233,37661,2,2
9027,1,39430,LIME SHADY GROVE,,0,296010,37661,2,2
9027,1,39429,LIME SHADY GROVE,,0,296198,37661,2,2
9027,1,39428,LIME SHADY GROVE,,0,296432,37661,2,2
9027,1,39427,LIME SHADY GROVE,,0,296233,37661,2,2
9027,1,39426,LIME SHADY GROVE,,0,296010,37661,2,2
9027,1,39425,LIME SHADY GROVE,,0,296198,37661,2,2
9027,1,39424,LIME SHADY GROVE,,0,296099,37661,2,2
9027,1,39423,LIME SHADY GROVE,,0,296233,37661,2,2
9027,1,39422,LIME SHADY GROVE,,0,296069,37661,2,2
9027,1,39421,LIME SHADY GROVE,,0,296198,37661,2,2
9027,1,39420,LIME SHADY GROVE,,0,296238,37661,2,2
9027,1,39419,LIME SHADY GROVE,,0,296233,37661,2,2
9027,1,39418,LIME SHADY GROVE,,0,296069,37661,2,2
9027,1,39417,LIME SHADY GROVE,,0,296198,37661,2,2
9027,1,39416,LIME SHADY GROVE,,0,296933,37661,2,2
9027,1,39415,LIME SHADY GROVE,,0,296020,37661,2,2
9027,1,39414,LIME SHADY GROVE,,0,297338,37661,2,2
9027,1,39413,LIME SHADY GROVE,,0,296129,37661,2,2
9027,1,39412,LIME SHADY GROVE,,0,296010,37661,2,2
9027,1,39411,LIME SHADY GROVE,,0,296099,37661,2,2
9027,1,39410,LIME SHADY GROVE,,0,296198,37661,2,2
9027,1,39409,LIME SHADY GROVE,,0,296233,37661,2,2
9027,1,39408,LIME SHADY GROVE,,0,296069,37661,2,2
9027,1,39407,LIME SHADY GROVE,,0,296020,37661,2,2
9027,1,39406,LIME SHADY GROVE,,0,297338,37661,2,2
9027,1,39405,LIME SHADY GROVE,,0,296129,37661,2,2
9027,1,39404,LIME SHADY GROVE,,0,296693,37661,2,2
9027,1,39403,LIME SHADY GROVE,,0,296099,37661,2,2
9027,1,39402,LIME SHADY GROVE,,0,296198,37661,2,2
9027,1,39401,LIME SHADY GROVE,,0,296233,37661,2,2
9027,1,39400,LIME SHADY GROVE,,0,296437,37661,2,2
9027,1,39399,LIME SHADY GROVE,,0,296340,37661,2,2
9027,1,39398,LIME SHADY GROVE,,0,297338,37661,2,2
9027,1,39397,LIME SHADY GROVE,,0,296129,37661,2,2
9027,1,39396,LIME SHADY GROVE,,0,296437,37661,2,2
9027,1,39395,LIME SHADY GROVE,,0,296431,37661,2,2
9027,1,39394,LIME SHADY GROVE,,0,296198,37661,2,2
9027,1,39393,LIME SHADY GROVE,,0,296435,37661,2,2
9027,1,39392,LIME SHADY GROVE,,0,296434,37661,2,2
9027,1,39391,LIME SHADY GROVE,,0,296246,37661,2,2
9027,1,39390,LIME SHADY GROVE,,0,297338,37661,2,2
9027,1,39389,LIME SHADY GROVE,,0,296433,37661,2,2
9027,1,39388,LIME SHADY GROVE,,0,296434,37661,2,2
9027,1,39387,LIME SHADY GROVE,,0,296246,37661,2,2
9027,1,39386,LIME SHADY GROVE,,0,297338,37661,2,2
9027,1,39385,LIME SHADY GROVE,,0,296365,37661,2,2
9027,1,39384,LIME SHADY GROVE,,0,296435,37661,2,2
9027,1,39383,LIME SHADY GROVE,,0,296358,37661,2,2
9027,1,39382,LIME SHADY GROVE,,0,296437,37661,2,2
9027,1,39381,LIME SHADY GROVE,,0,296431,37661,2,2
9027,1,39380,LIME SHADY GROVE,,0,296433,37661,2,2
9027,1,39379,LIME SHADY GROVE,,0,296693,37661,2,2
9027,1,39378,LIME SHADY GROVE,,0,296431,37661,2,2
9027,1,39435,LIME SHADY GROVE,,0,296437,37661,2,2
9027,1,39436,LIME SHADY GROVE,,0,296693,37661,2,2
9027,1,39437,LIME SHADY GROVE,,0,296434,37661,2,2
9027,1,39438,LIME SHADY GROVE,,0,296437,37661,2,2
9027,1,39439,LIME SHADY GROVE,,0,296431,37661,2,2
9027,1,39440,LIME SHADY GROVE,,0,296434,37661,2,2
9027,1,39441,LIME SHADY GROVE,,0,296437,37661,2,2
9027,1,39442,LIME SHADY GROVE,,0,296431,37661,2,2
9027,1,39500,LIME TRAVILLE,,1,296010,37662,2,2
9027,1,39499,LIME TRAVILLE,,1,296129,37662,2,2
9027,1,39498,LIME TRAVILLE,,1,296069,37662,2,2
9027,1,39497,LIME TRAVILLE,,1,296020,37662,2,2
9027,1,39496,LIME TRAVILLE,,1,296099,37662,2,2
9027,1,39495,LIME TRAVILLE,,1,296129,37662,2,2
9027,1,39494,LIME TRAVILLE,,1,296069,37662,2,2
9027,1,39493,LIME TRAVILLE,,1,296020,37662,2,2
9027,1,39492,LIME TRAVILLE,,1,296238,37662,2,2
9027,1,39491,LIME TRAVILLE,,1,296432,37662,2,2
9027,1,39490,LIME TRAVILLE,,1,296236,37662,2,2
9027,1,39489,LIME TRAVILLE,,1,296010,37662,2,2
9027,1,39488,LIME TRAVILLE,,1,296933,37662,2,2
9027,1,39487,LIME TRAVILLE,,1,296238,37662,2,2
9027,1,39486,LIME TRAVILLE,,1,296129,37662,2,2
9027,1,39485,LIME TRAVILLE,,1,296236,37662,2,2
9027,1,39484,LIME TRAVILLE,,1,296099,37662,2,2
9027,1,39483,LIME TRAVILLE,,1,296010,37662,2,2
9027,1,39482,LIME TRAVILLE,,1,296432,37662,2,2
9027,1,39481,LIME TRAVILLE,,1,296236,37662,2,2
9027,1,39480,LIME TRAVILLE,,1,296129,37662,2,2
9027,1,39479,LIME TRAVILLE,,1,296010,37662,2,2
9027,1,39478,LIME TRAVILLE,,1,296099,37662,2,2
9027,1,39477,LIME TRAVILLE,,1,296198,37662,2,2
9027,1,39476,LIME TRAVILLE,,1,296233,37662,2,2
9027,1,39475,LIME TRAVILLE,,1,296069,37662,2,2
9027,1,39474,LIME TRAVILLE,,1,296020,37662,2,2
9027,1,39473,LIME TRAVILLE,,1,297338,37662,2,2
9027,1,39472,LIME TRAVILLE,,1,296129,37662,2,2
9027,1,39471,LIME TRAVILLE,,1,296693,37662,2,2
9027,1,39470,LIME TRAVILLE,,1,296099,37662,2,2
9027,1,39469,LIME TRAVILLE,,1,296198,37662,2,2
9027,1,39468,LIME TRAVILLE,,1,296233,37662,2,2
9027,1,39467,LIME TRAVILLE,,1,296437,37662,2,2
9027,1,39466,LIME TRAVILLE,,1,296340,37662,2,2
9027,1,39465,LIME TRAVILLE,,1,297338,37662,2,2
9027,1,39464,LIME TRAVILLE,,1,296129,37662,2,2
9027,1,39463,LIME TRAVILLE,,1,296437,37662,2,2
9027,1,39462,LIME TRAVILLE,,1,296431,37662,2,2
9027,1,39461,LIME TRAVILLE,,1,296198,37662,2,2
9027,1,39460,LIME TRAVILLE,,1,296435,37662,2,2
9027,1,39459,LIME TRAVILLE,,1,296434,37662,2,2
9027,1,39458,LIME TRAVILLE,,1,296246,37662,2,2
9027,1,39457,LIME TRAVILLE,,1,296337,37662,2,2
9027,1,39456,LIME TRAVILLE,,1,296433,37662,2,2
9027,1,39455,LIME TRAVILLE,,1,296693,37662,2,2
9027,1,39454,LIME TRAVILLE,,1,296246,37662,2,2
9027,1,39453,LIME TRAVILLE,,1,296431,37662,2,2
9027,1,39452,LIME TRAVILLE,,1,296365,37662,2,2
9027,1,39451,LIME TRAVILLE,,1,296434,37662,2,2
9027,1,39450,LIME TRAVILLE,,1,296358,37662,2,2
9027,1,39449,LIME TRAVILLE,,1,297338,37662,2,2
9027,1,39448,LIME TRAVILLE,,1,296337,37662,2,2
9027,1,39447,LIME TRAVILLE,,1,296434,37662,2,2
9027,1,39446,LIME TRAVILLE,,1,296246,37662,2,2
9027,1,39445,LIME TRAVILLE,,1,296431,37662,2,2
9027,1,39444,LIME TRAVILLE,,1,296433,37662,2,2
9027,1,39443,LIME TRAVILLE,,1,296246,37662,2,2
9027,1,39501,LIME TRAVILLE,,1,296434,37662,2,2
9027,1,39502,LIME TRAVILLE,,1,296437,37662,2,2
9027,1,39503,LIME TRAVILLE,,1,296431,37662,2,2
9027,1,39504,LIME TRAVILLE,,1,296434,37662,2,2
9027,1,39505,LIME TRAVILLE,,1,296437,37662,2,2
9027,1,39506,LIME TRAVILLE,,1,296431,37662,2,2
9027,1,39507,LIME TRAVILLE,,1,296434,37662,2,2
9028,1,39894,PINK SHADY GROVE,,0,296233,37663,2,2
9028,1,39893,PINK SHADY GROVE,,0,296010,37663,2,2
9028,1,39892,PINK SHADY GROVE,,0,296198,37663,2,2
9028,1,39891,PINK SHADY GROVE,,0,296129,37663,2,2
9028,1,39890,PINK SHADY GROVE,,0,296069,37663,2,2
9028,1,39889,PINK SHADY GROVE,,0,296020,37663,2,2
9028,1,39888,PINK SHADY GROVE,,0,296238,37663,2,2
9028,1,39887,PINK SHADY GROVE,,0,296099,37663,2,2
9028,1,39886,PINK SHADY GROVE,,0,296129,37663,2,2
9028,1,39885,PINK SHADY GROVE,,0,296236,37663,2,2
9028,1,39884,PINK SHADY GROVE,,0,296069,37663,2,2
9028,1,39883,PINK SHADY GROVE,,0,296020,37663,2,2
9028,1,39882,PINK SHADY GROVE,,0,296933,37663,2,2
9028,1,39881,PINK SHADY GROVE,,0,296238,37663,2,2
9028,1,39880,PINK SHADY GROVE,,0,296432,37663,2,2
9028,1,39879,PINK SHADY GROVE,,0,296129,37663,2,2
9028,1,39878,PINK SHADY GROVE,,0,296236,37663,2,2
9028,1,39877,PINK SHADY GROVE,,0,296010,37663,2,2
9028,1,39876,PINK SHADY GROVE,,0,296020,37663,2,2
9028,1,39875,PINK SHADY GROVE,,0,296933,37663,2,2
9028,1,39874,PINK SHADY GROVE,,0,296432,37663,2,2
9028,1,39873,PINK SHADY GROVE,,0,296129,37663,2,2
9028,1,39872,PINK SHADY GROVE,,0,296236,37663,2,2
9028,1,39871,PINK SHADY GROVE,,0,296099,37663,2,2
9028,1,39870,PINK SHADY GROVE,,0,296010,37663,2,2
9028,1,39869,PINK SHADY GROVE,,0,296432,37663,2,2
9028,1,39868,PINK SHADY GROVE,,0,296236,37663,2,2
9028,1,39867,PINK SHADY GROVE,,0,296233,37663,2,2
9028,1,39866,PINK SHADY GROVE,,0,296069,37663,2,2
9028,1,39865,PINK SHADY GROVE,,0,296020,37663,2,2
9028,1,39864,PINK SHADY GROVE,,0,297338,37663,2,2
9028,1,39863,PINK SHADY GROVE,,0,296129,37663,2,2
9028,1,39862,PINK SHADY GROVE,,0,296010,37663,2,2
9028,1,39861,PINK SHADY GROVE,,0,296099,37663,2,2
9028,1,39860,PINK SHADY GROVE,,0,296198,37663,2,2
9028,1,39859,PINK SHADY GROVE,,0,296233,37663,2,2
9028,1,39858,PINK SHADY GROVE,,0,296069,37663,2,2
9028,1,39857,PINK SHADY GROVE,,0,296340,37663,2,2
9028,1,39856,PINK SHADY GROVE,,0,297338,37663,2,2
9028,1,39855,PINK SHADY GROVE,,0,296129,37663,2,2
9028,1,39854,PINK SHADY GROVE,,0,296693,37663,2,2
9028,1,39853,PINK SHADY GROVE,,0,296431,37663,2,2
9028,1,39852,PINK SHADY GROVE,,0,296198,37663,2,2
9028,1,39851,PINK SHADY GROVE,,0,296435,37663,2,2
9028,1,39850,PINK SHADY GROVE,,0,296434,37663,2,2
9028,1,39849,PINK SHADY GROVE,,0,296246,37663,2,2
9028,1,39848,PINK SHADY GROVE,,0,296337,37663,2,2
9028,1,39847,PINK SHADY GROVE,,0,296433,37663,2,2
9028,1,39846,PINK SHADY GROVE,,0,296693,37663,2,2
9028,1,39845,PINK SHADY GROVE,,0,296358,37663,2,2
9028,1,39844,PINK SHADY GROVE,,0,296437,37663,2,2
9028,1,39843,PINK SHADY GROVE,,0,296431,37663,2,2
9028,1,39842,PINK SHADY GROVE,,0,296337,37663,2,2
9028,1,39841,PINK SHADY GROVE,,0,296365,37663,2,2
9028,1,39840,PINK SHADY GROVE,,0,296435,37663,2,2
9028,1,39839,PINK SHADY GROVE,,0,296693,37663,2,2
9028,1,39838,PINK SHADY GROVE,,0,296358,37663,2,2
9028,1,39837,PINK SHADY GROVE,,0,296437,37663,2,2
9028,1,39836,PINK SHADY GROVE,,0,296431,37663,2,2
9028,1,39835,PINK SHADY GROVE,,0,296337,37663,2,2
9028,1,39834,PINK SHADY GROVE,,0,296433,37663,2,2
9028,1,39833,PINK SHADY GROVE,,0,296434,37663,2,2
9028,1,39832,PINK SHADY GROVE,,0,296693,37663,2,2
9028,1,39831,PINK SHADY GROVE,,0,296246,37663,2,2
9028,1,39830,PINK SHADY GROVE,,0,297338,37663,2,2
9028,1,39829,PINK SHADY GROVE,,0,296337,37663,2,2
9028,1,39828,PINK SHADY GROVE,,0,296434,37663,2,2
9028,1,39827,PINK SHADY GROVE,,0,296246,37663,2,2
9028,1,39826,PINK SHADY GROVE,,0,297338,37663,2,2
9028,1,39964,PINK TRAVILLE,,1,296020,37664,2,2
9028,1,39963,PINK TRAVILLE,,1,296099,37664,2,2
9028,1,39962,PINK TRAVILLE,,1,296233,37664,2,2
9028,1,39961,PINK TRAVILLE,,1,296010,37664,2,2
9028,1,39960,PINK TRAVILLE,,1,296198,37664,2,2
9028,1,39959,PINK TRAVILLE,,1,296432,37664,2,2
9028,1,39958,PINK TRAVILLE,,1,296236,37664,2,2
9028,1,39957,PINK TRAVILLE,,1,296233,37664,2,2
9028,1,39956,PINK TRAVILLE,,1,296010,37664,2,2
9028,1,39955,PINK TRAVILLE,,1,296933,37664,2,2
9028,1,39954,PINK TRAVILLE,,1,296198,37664,2,2
9028,1,39953,PINK TRAVILLE,,1,296099,37664,2,2
9028,1,39952,PINK TRAVILLE,,1,296129,37664,2,2
9028,1,39951,PINK TRAVILLE,,1,296233,37664,2,2
9028,1,39950,PINK TRAVILLE,,1,296069,37664,2,2
9028,1,39949,PINK TRAVILLE,,1,296020,37664,2,2
9028,1,39948,PINK TRAVILLE,,1,296198,37664,2,2
9028,1,39947,PINK TRAVILLE,,1,296099,37664,2,2
9028,1,39946,PINK TRAVILLE,,1,296432,37664,2,2
9028,1,39945,PINK TRAVILLE,,1,296233,37664,2,2
9028,1,39944,PINK TRAVILLE,,1,296069,37664,2,2
9028,1,39943,PINK TRAVILLE,,1,296198,37664,2,2
9028,1,39942,PINK TRAVILLE,,1,296933,37664,2,2
9028,1,39941,PINK TRAVILLE,,1,296020,37664,2,2
9028,1,39940,PINK TRAVILLE,,1,297338,37664,2,2
9028,1,39939,PINK TRAVILLE,,1,296233,37664,2,2
9028,1,39938,PINK TRAVILLE,,1,296069,37664,2,2
9028,1,39937,PINK TRAVILLE,,1,296020,37664,2,2
9028,1,39936,PINK TRAVILLE,,1,297338,37664,2,2
9028,1,39935,PINK TRAVILLE,,1,296129,37664,2,2
9028,1,39934,PINK TRAVILLE,,1,296010,37664,2,2
9028,1,39933,PINK TRAVILLE,,1,296099,37664,2,2
9028,1,39932,PINK TRAVILLE,,1,296198,37664,2,2
9028,1,39931,PINK TRAVILLE,,1,296233,37664,2,2
9028,1,39930,PINK TRAVILLE,,1,296069,37664,2,2
9028,1,39929,PINK TRAVILLE,,1,296340,37664,2,2
9028,1,39928,PINK TRAVILLE,,1,297338,37664,2,2
9028,1,39927,PINK TRAVILLE,,1,296129,37664,2,2
9028,1,39926,PINK TRAVILLE,,1,296693,37664,2,2
9028,1,39925,PINK TRAVILLE,,1,296431,37664,2,2
9028,1,39924,PINK TRAVILLE,,1,296198,37664,2,2
9028,1,39923,PINK TRAVILLE,,1,296435,37664,2,2
9028,1,39922,PINK TRAVILLE,,1,296434,37664,2,2
9028,1,39921,PINK TRAVILLE,,1,296246,37664,2,2
9028,1,39920,PINK TRAVILLE,,1,296433,37664,2,2
9028,1,39919,PINK TRAVILLE,,1,296693,37664,2,2
9028,1,39897,PINK TRAVILLE,,1,296437,37664,2,2
9028,1,39918,PINK TRAVILLE,,1,296431,37664,2,2
9028,1,39917,PINK TRAVILLE,,1,297338,37664,2,2
9028,1,39916,PINK TRAVILLE,,1,296365,37664,2,2
9028,1,39915,PINK TRAVILLE,,1,296435,37664,2,2
9028,1,39914,PINK TRAVILLE,,1,296434,37664,2,2
9028,1,39913,PINK TRAVILLE,,1,296358,37664,2,2
9028,1,39912,PINK TRAVILLE,,1,296437,37664,2,2
9028,1,39911,PINK TRAVILLE,,1,297338,37664,2,2
9028,1,39910,PINK TRAVILLE,,1,296337,37664,2,2
9028,1,39909,PINK TRAVILLE,,1,296433,37664,2,2
9028,1,39908,PINK TRAVILLE,,1,296435,37664,2,2
9028,1,39907,PINK TRAVILLE,,1,296693,37664,2,2
9028,1,39906,PINK TRAVILLE,,1,296246,37664,2,2
9028,1,39905,PINK TRAVILLE,,1,296437,37664,2,2
9028,1,39904,PINK TRAVILLE,,1,296431,37664,2,2
9028,1,39903,PINK TRAVILLE,,1,296365,37664,2,2
9028,1,39902,PINK TRAVILLE,,1,296433,37664,2,2
9028,1,39901,PINK TRAVILLE,,1,296358,37664,2,2
9028,1,39900,PINK TRAVILLE,,1,296693,37664,2,2
9028,1,39899,PINK TRAVILLE,,1,297338,37664,2,2
9028,1,39898,PINK TRAVILLE,,1,296337,37664,2,2
9028,1,39896,PINK TRAVILLE,,1,296437,37664,2,2
9028,1,39895,PINK TRAVILLE,,1,296693,37664,2,2
8925,2,40640,Silver Spring,,0,295664,37336,2,2
8925,2,40639,Silver Spring,,0,295663,37336,2,2
8925,2,40638,Silver Spring,,0,295660,37336,2,2
8925,2,40637,Silver Spring,,0,295662,37336,2,2
8925,2,40636,Silver Spring,,0,295660,37336,2,2
8925,2,40635,Silver Spring,,0,295661,37336,2,2
8925,2,40634,Silver Spring,,0,295660,37336,2,2
8925,2,40633,Silver Spring,,0,295659,37336,2,2
8925,2,40642,Silver Spring via Leland,,0,295665,37338,2,2
8925,2,40632,Silver Spring via Leland,,0,295658,37338,2,2
8925,2,40631,Silver Spring via Leland,,0,295657,37338,2,2
8925,2,40630,Silver Spring via Leland,,0,295656,37338,2,2
8925,2,40629,Silver Spring via Leland,,0,295655,37338,2,2
8925,2,40628,Silver Spring via Leland,,0,295646,37338,2,2
8925,2,40627,Silver Spring via Leland,,0,295654,37338,2,2
8925,2,40619,Silver Spring via Leland,,0,295646,37338,2,2
8925,2,40618,Silver Spring via Leland,,0,295647,37338,2,2
8925,2,40617,Silver Spring via Leland,,0,295646,37338,2,2
8925,2,40616,Silver Spring,,0,295645,37336,2,2
8925,2,40615,Silver Spring,,0,295644,37336,2,2
8925,2,40626,Silver Spring,,0,295653,37336,2,2
8925,2,40625,Silver Spring,,0,295646,37336,2,2
8925,2,40624,Silver Spring,,0,295652,37336,2,2
8925,2,40623,Silver Spring,,0,295651,37336,2,2
8925,2,40641,Silver Spring,,0,295648,37336,2,2
8925,2,40622,Silver Spring,,0,295650,37336,2,2
8925,2,40621,Silver Spring,,0,295649,37336,2,2
8925,2,40620,Silver Spring,,0,295648,37336,2,2
8925,2,40670,Friendship Heights,,1,295664,37340,2,2
8925,2,40669,Friendship Heights,,1,295663,37340,2,2
8925,2,40668,Friendship Heights,,1,295660,37340,2,2
8925,2,40667,Friendship Heights,,1,295662,37340,2,2
8925,2,40666,Friendship Heights,,1,295660,37340,2,2
8925,2,40665,Friendship Heights,,1,295661,37340,2,2
8925,2,40664,Friendship Heights,,1,295660,37340,2,2
8925,2,40663,Friendship Heights,,1,295659,37340,2,2
8925,2,40662,Friendship Heights,,1,295665,37340,2,2
8925,2,40671,Friendship Heights via Leland,,1,295658,37341,2,2
8925,2,40661,Friendship Heights via Leland,,1,295657,37341,2,2
8925,2,40660,Friendship Heights via Leland,,1,295656,37341,2,2
8925,2,40659,Friendship Heights via Leland,,1,295655,37341,2,2
8925,2,40658,Friendship Heights via Leland,,1,295646,37341,2,2
8925,2,40657,Friendship Heights via Leland,,1,295654,37341,2,2
8925,2,40656,Friendship Heights via Leland,,1,295646,37341,2,2
8925,2,40646,Friendship Heights via Leland,,1,295647,37341,2,2
8925,2,40645,Friendship Heights via Leland,,1,295646,37341,2,2
8925,2,40644,Friendship Heights via Leland,,1,295645,37341,2,2
8925,2,40643,Friendship Heights,,1,295644,37340,2,2
8925,2,40655,Friendship Heights,,1,295653,37340,2,2
8925,2,40654,Friendship Heights,,1,295646,37340,2,2
8925,2,40653,Friendship Heights,,1,295652,37340,2,2
8925,2,40652,Friendship Heights,,1,295651,37340,2,2
8925,2,40651,Friendship Heights,,1,295652,37340,2,2
8925,2,40650,Friendship Heights,,1,295650,37340,2,2
8925,2,40649,Friendship Heights,,1,295649,37340,2,2
8925,2,40648,Friendship Heights,,1,295648,37340,2,2
8925,2,40647,Friendship Heights,,1,295666,37340,2,2
8927,2,14646,Germantown Transit Center Express,,0,296668,37344,2,2
8927,2,14645,Germantown Transit Center Express,,0,296058,37344,2,2
8927,2,14644,Germantown Transit Center Express,,0,295989,37344,2,2
8927,2,14643,Germantown Transit Center Express,,0,297305,37344,2,2
8927,2,14642,Germantown Transit Center Express,,0,296172,37344,2,2
8927,2,14641,Germantown Transit Center Express,,0,296055,37344,2,2
8927,2,14640,Germantown Transit Center Express,,0,296178,37344,2,2
8927,2,14639,Germantown Transit Center Express,,0,295989,37344,2,2
8927,2,14638,Germantown Transit Center Express,,0,296180,37344,2,2
8927,2,14637,Germantown Transit Center Express,,0,296168,37344,2,2
8927,2,14647,Germantown Transit Center Express,,0,296167,37344,2,2
8927,2,14648,Germantown Transit Center Express,,0,295984,37344,2,2
8927,2,14649,Germantown Transit Center Express,,0,296046,37344,2,2
8927,2,14650,Germantown Transit Center Express,,0,296487,37344,2,2
8927,2,14651,Germantown Transit Center Express,,0,295989,37344,2,2
8927,2,14652,Germantown Transit Center Express,,0,296915,37344,2,2
8927,2,14653,Germantown Transit Center Express,,0,296668,37344,2,2
8927,2,14654,Germantown Transit Center Express,,0,296425,37344,2,2
8927,2,14655,Germantown Transit Center Express,,0,296168,37344,2,2
8927,2,14656,Germantown Transit Center Express,,0,296177,37344,2,2
8927,2,14657,Germantown Transit Center Express,,0,296430,37344,2,2
8927,2,14658,Germantown Transit Center Express,,0,297331,37344,2,2
8927,2,14659,Germantown Transit Center Express,,0,296691,37344,2,2
8927,2,14660,Germantown Transit Center Express,,0,296184,37344,2,2
8927,2,14661,Germantown Transit Center Express,,0,296442,37344,2,2
8927,2,14662,Germantown Transit Center Express,,0,295924,37344,2,2
8927,2,14663,Germantown Transit Center Express,,0,296184,37344,2,2
8927,2,14636,Germantown Transit Center Express,,0,296177,37344,2,2
8927,2,14665,Germantown Transit Center Express,,0,296707,37344,2,2
8927,2,14635,Germantown Transit Center Express,,0,296189,37344,2,2
8927,2,14664,Germantown Transit Center Express,,0,296710,37344,2,2
8927,2,14634,Germantown Transit Center Express,,0,296422,37344,2,2
8927,2,14633,Germantown Transit Center Express,,0,296526,37344,2,2
8927,2,14632,Germantown Transit Center Express,,0,296691,37344,2,2
8927,2,14673,Shady Grove Express,,1,295992,37345,2,2
8927,2,14672,Shady Grove Express,,1,295984,37345,2,2
8927,2,14674,Shady Grove Express,,1,296168,37345,2,2
8927,2,14675,Shady Grove Express,,1,296456,37345,2,2
8927,2,14676,Shady Grove Express,,1,296087,37345,2,2
8927,2,14677,Shady Grove Express,,1,295992,37345,2,2
8927,2,14678,Shady Grove Express,,1,296055,37345,2,2
8927,2,14679,Shady Grove Express,,1,297345,37345,2,2
8927,2,14680,Shady Grove Express,,1,295989,37345,2,2
8927,2,14681,Shady Grove Express,,1,296180,37345,2,2
8927,2,14682,Shady Grove Express,,1,295903,37345,2,2
8927,2,14683,Shady Grove Express,,1,296167,37345,2,2
8927,2,14684,Shady Grove Express,,1,295984,37345,2,2
8927,2,14685,Shady Grove Express,,1,296168,37345,2,2
8927,2,14686,Shady Grove Express,,1,295992,37345,2,2
8927,2,14687,Shady Grove Express,,1,295989,37345,2,2
8927,2,14688,Shady Grove Express,,1,296046,37345,2,2
8927,2,14689,Shady Grove Express,,1,296456,37345,2,2
8927,2,14690,Shady Grove Express,,1,296078,37345,2,2
8927,2,14691,Shady Grove Express,,1,296430,37345,2,2
8927,2,14692,Shady Grove Express,,1,297285,37345,2,2
8927,2,14693,Shady Grove Express,,1,296691,37345,2,2
8927,2,14694,Shady Grove Express,,1,296526,37345,2,2
8927,2,14695,Shady Grove Express,,1,296442,37345,2,2
8927,2,14696,Shady Grove Express,,1,296430,37345,2,2
8927,2,14697,Shady Grove Express,,1,296682,37345,2,2
8927,2,14671,Shady Grove Express,,1,296177,37345,2,2
8927,2,14670,Shady Grove Express,,1,296429,37345,2,2
8927,2,14699,Shady Grove Express,,1,296526,37345,2,2
8927,2,14669,Shady Grove Express,,1,296710,37345,2,2
8927,2,14698,Shady Grove Express,,1,296457,37345,2,2
8927,2,14668,Shady Grove Express,,1,296710,37345,2,2
8927,2,14667,Shady Grove Express,,1,296526,37345,2,2
8927,2,14666,Shady Grove Express,,1,296526,37345,2,2
8930,2,40896,Silver Spring,,0,295707,37353,2,2
8930,2,40895,Silver Spring,,0,295702,37353,2,2
8930,2,40894,Silver Spring,,0,295647,37353,2,2
8930,2,40893,Silver Spring,,0,295655,37353,2,2
8930,2,40892,Silver Spring,,0,295723,37353,2,2
8930,2,40891,Silver Spring,,0,295716,37353,2,2
8930,2,40890,Silver Spring,,0,295664,37353,2,2
8930,2,40889,Silver Spring,,0,295657,37353,2,2
8930,2,40888,Silver Spring,,0,295675,37353,2,2
8930,2,40887,Silver Spring,,0,295655,37353,2,2
8930,2,40886,Silver Spring,,0,295665,37353,2,2
8930,2,40885,Silver Spring,,0,295704,37353,2,2
8930,2,40884,Silver Spring,,0,295694,37353,2,2
8930,2,40883,Silver Spring,,0,295691,37353,2,2
8930,2,40882,Silver Spring,,0,295722,37353,2,2
8930,2,40881,Silver Spring,,0,295671,37353,2,2
8930,2,40880,Silver Spring,,0,295670,37353,2,2
8930,2,40879,Silver Spring,,0,295662,37353,2,2
8930,2,40878,Silver Spring,,0,295679,37353,2,2
8930,2,40877,Silver Spring,,0,295721,37353,2,2
8930,2,40897,Silver Spring,,0,295650,37353,2,2
8930,2,40898,Silver Spring,,0,295688,37353,2,2
8930,2,40899,Silver Spring,,0,295656,37353,2,2
8930,2,40876,Silver Spring,,0,295644,37353,2,2
8930,2,40875,Silver Spring,,0,295689,37353,2,2
8930,2,40874,Silver Spring,,0,295720,37353,2,2
8930,2,40872,Silver Spring,,0,295715,37353,2,2
8930,2,40873,Silver Spring,,0,295687,37353,2,2
8930,2,40871,Silver Spring,,0,295685,37353,2,2
8930,2,40870,Silver Spring,,0,295648,37353,2,2
8930,2,40869,Silver Spring,,0,295686,37353,2,2
8930,2,40868,Silver Spring,,0,295651,37353,2,2
8930,2,40928,Takoma,,1,295702,37355,2,2
8930,2,40927,Takoma,,1,295678,37355,2,2
8930,2,40926,Takoma,,1,295680,37355,2,2
8930,2,40925,Takoma,,1,295723,37355,2,2
8930,2,40924,Takoma,,1,295658,37355,2,2
8930,2,40923,Takoma,,1,295664,37355,2,2
8930,2,40922,Takoma,,1,295657,37355,2,2
8930,2,40921,Takoma,,1,295675,37355,2,2
8930,2,40920,Takoma,,1,295662,37355,2,2
8930,2,40919,Takoma,,1,295691,37355,2,2
8930,2,40918,Takoma,,1,295723,37355,2,2
8930,2,40917,Takoma,,1,295662,37355,2,2
8930,2,40916,Takoma,,1,295672,37355,2,2
8930,2,40915,Takoma,,1,295647,37355,2,2
8930,2,40914,Takoma,,1,295711,37355,2,2
8930,2,40913,Takoma,,1,295661,37355,2,2
8930,2,40912,Takoma,,1,295724,37355,2,2
8930,2,40911,Takoma,,1,295717,37355,2,2
8930,2,40910,Takoma,,1,295661,37355,2,2
8930,2,40929,Takoma,,1,295667,37355,2,2
8930,2,40930,Takoma,,1,295651,37355,2,2
8930,2,40931,Takoma,,1,295656,37355,2,2
8930,2,40909,Takoma,,1,295644,37355,2,2
8930,2,40908,Takoma,,1,295681,37355,2,2
8930,2,40907,Takoma,,1,295671,37355,2,2
8930,2,40906,Takoma,,1,295714,37355,2,2
8930,2,40905,Takoma,,1,295687,37355,2,2
8930,2,40904,Takoma,,1,295685,37355,2,2
8930,2,40903,Takoma,,1,295648,37355,2,2
8930,2,40902,Takoma,,1,295686,37355,2,2
8930,2,40901,Takoma,,1,295651,37355,2,2
8930,2,40900,Takoma,,1,295650,37355,2,2
8933,2,40936,Silver Spring,,0,295657,37360,2,2
8933,2,40937,Silver Spring,,0,295679,37360,2,2
8933,2,40938,Silver Spring,,0,295662,37360,2,2
8933,2,40939,Silver Spring,,0,295655,37360,2,2
8933,2,40940,Silver Spring,,0,295647,37360,2,2
8933,2,40941,Silver Spring,,0,295663,37360,2,2
8933,2,40942,Silver Spring,,0,295723,37360,2,2
8933,2,40943,Silver Spring,,0,295691,37360,2,2
8933,2,40944,Silver Spring,,0,295725,37360,2,2
8933,2,40945,Silver Spring,,0,295657,37360,2,2
8933,2,40946,Silver Spring,,0,295658,37360,2,2
8933,2,40947,Silver Spring,,0,295644,37360,2,2
8933,2,40948,Silver Spring,,0,295668,37360,2,2
8933,2,40935,Silver Spring,,0,295722,37360,2,2
8933,2,40934,Silver Spring,,0,295717,37360,2,2
8933,2,40933,Silver Spring,,0,295666,37360,2,2
8933,2,40949,Silver Spring,,0,295715,37360,2,2
8933,2,40950,Silver Spring,,0,295658,37360,2,2
8933,2,40932,Silver Spring,,0,295720,37360,2,2
8933,2,40951,Silver Spring,,0,295681,37360,2,2
8933,2,40952,Silver Spring,,0,295713,37360,2,2
8933,2,40959,Takoma,,1,295677,37362,2,2
8933,2,40960,Takoma,,1,295705,37362,2,2
8933,2,40961,Takoma,,1,295662,37362,2,2
8933,2,40953,Takoma,,1,295655,37362,2,2
8933,2,40956,Takoma,,1,295680,37362,2,2
8933,2,40954,Takoma,,1,295663,37362,2,2
8933,2,40962,Takoma,,1,295723,37362,2,2
8933,2,40963,Takoma,,1,295665,37362,2,2
8933,2,40964,Takoma,,1,295725,37362,2,2
8933,2,40965,Takoma,,1,295657,37362,2,2
8933,2,40966,Takoma,,1,295725,37362,2,2
8933,2,40967,Takoma,,1,295644,37362,2,2
8933,2,40968,Takoma,,1,295668,37362,2,2
8933,2,40969,Takoma,,1,295662,37362,2,2
8933,2,40970,Takoma,,1,295671,37362,2,2
8933,2,40958,Takoma,,1,295666,37362,2,2
8933,2,40971,Takoma,,1,295715,37362,2,2
8933,2,40957,Takoma,,1,295658,37362,2,2
8933,2,40972,Takoma,,1,295720,37362,2,2
8933,2,40973,Takoma,,1,295689,37362,2,2
8933,2,40955,Takoma,,1,295720,37362,2,2
8933,2,40974,Takoma,,1,295681,37362,2,2
8934,2,40979,Silver Spring,,0,295704,37363,2,2
8934,2,40980,Silver Spring,,0,295663,37363,2,2
8934,2,40981,Silver Spring,,0,295723,37363,2,2
8934,2,40982,Silver Spring,,0,295663,37363,2,2
8934,2,41019,Silver Spring,,0,295680,37363,2,2
8934,2,40983,Silver Spring,,0,295703,37363,2,2
8934,2,40984,Silver Spring,,0,295680,37363,2,2
8934,2,40975,Silver Spring,,0,295725,37363,2,2
8934,2,41020,Silver Spring,,0,295723,37363,2,2
8934,2,40985,Silver Spring,,0,295647,37363,2,2
8934,2,40986,Silver Spring,,0,295675,37363,2,2
8934,2,40987,Silver Spring,,0,295678,37363,2,2
8934,2,40988,Silver Spring,,0,295677,37363,2,2
8934,2,40989,Silver Spring,,0,295656,37363,2,2
8934,2,40990,Silver Spring,,0,295678,37363,2,2
8934,2,40978,Silver Spring,,0,295723,37363,2,2
8934,2,40977,Silver Spring,,0,295661,37363,2,2
8934,2,40976,Silver Spring,,0,295676,37363,2,2
8934,2,40991,Silver Spring,,0,295660,37363,2,2
8934,2,40992,Silver Spring,,0,295716,37363,2,2
8934,2,40993,Silver Spring,,0,295647,37363,2,2
8934,2,40994,Silver Spring,,0,295644,37363,2,2
8934,2,40995,Silver Spring,,0,295716,37363,2,2
8934,2,40996,Silver Spring,,0,295674,37363,2,2
8934,2,41015,Silver Spring,,0,295661,37363,2,2
8934,2,41016,Silver Spring,,0,295702,37363,2,2
8934,2,40997,Silver Spring,,0,295665,37363,2,2
8934,2,41021,Silver Spring,,0,295670,37363,2,2
8934,2,41022,Silver Spring,,0,295674,37363,2,2
8934,2,40998,Silver Spring,,0,295653,37363,2,2
8934,2,40999,Silver Spring,,0,295662,37363,2,2
8934,2,41000,Silver Spring,,0,295691,37363,2,2
8934,2,41001,Silver Spring,,0,295721,37363,2,2
8934,2,41023,Silver Spring,,0,295674,37363,2,2
8934,2,41024,Silver Spring,,0,295668,37363,2,2
8934,2,41002,Silver Spring,,0,295644,37363,2,2
8934,2,41003,Silver Spring,,0,295658,37363,2,2
8934,2,41004,Silver Spring,,0,295652,37363,2,2
8934,2,41005,Silver Spring,,0,295712,37363,2,2
8934,2,41006,Silver Spring,,0,295687,37363,2,2
8934,2,41027,Silver Spring,,0,295645,37363,2,2
8934,2,41007,Silver Spring,,0,295649,37363,2,2
8934,2,41008,Silver Spring,,0,295646,37363,2,2
8934,2,41018,Silver Spring,,0,295688,37363,2,2
8934,2,41009,Silver Spring,,0,295651,37363,2,2
8934,2,41010,Silver Spring,,0,295646,37363,2,2
8934,2,41026,Silver Spring,,0,295718,37363,2,2
8934,2,41011,Silver Spring,,0,295651,37363,2,2
8934,2,41012,Silver Spring,,0,295709,37363,2,2
8934,2,41013,Silver Spring,,0,295687,37363,2,2
8934,2,41014,Silver Spring,,0,295718,37363,2,2
8934,2,41017,Silver Spring,,0,295686,37363,2,2
8934,2,41025,Silver Spring,,0,295645,37363,2,2
8934,2,41031,Takoma Langley Transit Center,,1,295663,37364,2,2
8934,2,41032,Takoma Langley Transit Center,,1,295655,37364,2,2
8934,2,41033,Takoma Langley Transit Center,,1,295680,37364,2,2
8934,2,41034,Takoma Langley Transit Center,,1,295723,37364,2,2
8934,2,41035,Takoma Langley Transit Center,,1,295647,37364,2,2
8934,2,41036,Takoma Langley Transit Center,,1,295678,37364,2,2
8934,2,41037,Takoma Langley Transit Center,,1,295677,37364,2,2
8934,2,41038,Takoma Langley Transit Center,,1,295656,37364,2,2
8934,2,41039,Takoma Langley Transit Center,,1,295723,37364,2,2
8934,2,41040,Takoma Langley Transit Center,,1,295661,37364,2,2
8934,2,41041,Takoma Langley Transit Center,,1,295711,37364,2,2
8934,2,41076,Takoma Langley Transit Center,,1,295660,37364,2,2
8934,2,41077,Takoma Langley Transit Center,,1,295661,37364,2,2
8934,2,41029,Takoma Langley Transit Center,,1,295647,37364,2,2
8934,2,41042,Takoma Langley Transit Center,,1,295644,37364,2,2
8934,2,41043,Takoma Langley Transit Center,,1,295716,37364,2,2
8934,2,41044,Takoma Langley Transit Center,,1,295647,37364,2,2
8934,2,41045,Takoma Langley Transit Center,,1,295661,37364,2,2
8934,2,41046,Takoma Langley Transit Center,,1,295716,37364,2,2
8934,2,41047,Takoma Langley Transit Center,,1,295665,37364,2,2
8934,2,41048,Takoma Langley Transit Center,,1,295711,37364,2,2
8934,2,41075,Takoma Langley Transit Center,,1,295674,37364,2,2
8934,2,41049,Takoma Langley Transit Center,,1,295694,37364,2,2
8934,2,41050,Takoma Langley Transit Center,,1,295662,37364,2,2
8934,2,41051,Takoma Langley Transit Center,,1,295675,37364,2,2
8934,2,41071,Takoma Langley Transit Center,,1,295721,37364,2,2
8934,2,41052,Takoma Langley Transit Center,,1,295674,37364,2,2
8934,2,41053,Takoma Langley Transit Center,,1,295688,37364,2,2
8934,2,41054,Takoma Langley Transit Center,,1,295668,37364,2,2
8934,2,41055,Takoma Langley Transit Center,,1,295644,37364,2,2
8934,2,41056,Takoma Langley Transit Center,,1,295711,37364,2,2
8934,2,41057,Takoma Langley Transit Center,,1,295658,37364,2,2
8934,2,41058,Takoma Langley Transit Center,,1,295652,37364,2,2
8934,2,41059,Takoma Langley Transit Center,,1,295647,37364,2,2
8934,2,41060,Takoma Langley Transit Center,,1,295681,37364,2,2
8934,2,41061,Takoma Langley Transit Center,,1,295661,37364,2,2
8934,2,41062,Takoma Langley Transit Center,,1,295687,37364,2,2
8934,2,41063,Takoma Langley Transit Center,,1,295667,37364,2,2
8934,2,41078,Takoma Langley Transit Center,,1,295658,37364,2,2
8934,2,41030,Takoma Langley Transit Center,,1,295649,37364,2,2
8934,2,41028,Takoma Langley Transit Center,,1,295646,37364,2,2
8934,2,41064,Takoma Langley Transit Center,,1,295719,37364,2,2
8934,2,41074,Takoma Langley Transit Center,,1,295688,37364,2,2
8934,2,41065,Takoma Langley Transit Center,,1,295651,37364,2,2
8934,2,41073,Takoma Langley Transit Center,,1,295646,37364,2,2
8934,2,41066,Takoma Langley Transit Center,,1,295718,37364,2,2
8934,2,41067,Takoma Langley Transit Center,,1,295651,37364,2,2
8934,2,41068,Takoma Langley Transit Center,,1,295709,37364,2,2
8934,2,41079,Takoma Langley Transit Center,,1,295687,37364,2,2
8934,2,41080,Takoma Langley Transit Center,,1,295648,37364,2,2
8934,2,41069,Takoma Langley Transit Center,,1,295686,37364,2,2
8934,2,41070,Takoma Langley Transit Center,,1,295645,37364,2,2
8934,2,41072,Takoma Langley Transit Center,,1,295687,37364,2,2
8935,2,41126,Silver Spring,,0,295704,37365,2,2
8935,2,41125,Silver Spring,,0,295705,37365,2,2
8935,2,41124,Silver Spring,,0,295659,37365,2,2
8935,2,41123,Silver Spring,,0,295704,37365,2,2
8935,2,41122,Silver Spring,,0,295678,37365,2,2
8935,2,41087,Silver Spring,,0,295677,37365,2,2
8935,2,41121,Silver Spring,,0,295680,37365,2,2
8935,2,41120,Silver Spring,,0,295705,37365,2,2
8935,2,41119,Silver Spring,,0,295676,37365,2,2
8935,2,41081,Silver Spring,,0,295658,37365,2,2
8935,2,41100,Silver Spring,,0,295679,37365,2,2
8935,2,41085,Silver Spring,,0,295680,37365,2,2
8935,2,41084,Silver Spring,,0,295674,37365,2,2
8935,2,41083,Silver Spring,,0,295656,37365,2,2
8935,2,41118,Silver Spring,,0,295662,37365,2,2
8935,2,41117,Silver Spring,,0,295681,37365,2,2
8935,2,41116,Silver Spring,,0,295664,37365,2,2
8935,2,41115,Silver Spring,,0,295723,37365,2,2
8935,2,41088,Silver Spring,,0,295659,37365,2,2
8935,2,41094,Silver Spring,,0,295662,37365,2,2
8935,2,41114,Silver Spring,,0,295676,37365,2,2
8935,2,41113,Silver Spring,,0,295672,37365,2,2
8935,2,41112,Silver Spring,,0,295725,37365,2,2
8935,2,41111,Silver Spring,,0,295647,37365,2,2
8935,2,41110,Silver Spring,,0,295720,37365,2,2
8935,2,41109,Silver Spring,,0,295711,37365,2,2
8935,2,41108,Silver Spring,,0,295667,37365,2,2
8935,2,41107,Silver Spring,,0,295661,37365,2,2
8935,2,41127,Silver Spring,,0,295658,37365,2,2
8935,2,41106,Silver Spring,,0,295724,37365,2,2
8935,2,41099,Silver Spring,,0,295714,37365,2,2
8935,2,41098,Silver Spring,,0,295671,37365,2,2
8935,2,41097,Silver Spring,,0,295681,37365,2,2
8935,2,41093,Silver Spring,,0,295661,37365,2,2
8935,2,41092,Silver Spring,,0,295720,37365,2,2
8935,2,41128,Silver Spring,,0,295667,37365,2,2
8935,2,41129,Silver Spring,,0,295651,37365,2,2
8935,2,41082,Silver Spring,,0,295717,37365,2,2
8935,2,41096,Silver Spring,,0,295669,37365,2,2
8935,2,41095,Silver Spring,,0,295668,37365,2,2
8935,2,41091,Silver Spring,,0,295724,37365,2,2
8935,2,41089,Silver Spring,,0,295671,37365,2,2
8935,2,41105,Silver Spring,,0,295714,37365,2,2
8935,2,41104,Silver Spring,,0,295668,37365,2,2
8935,2,41103,Silver Spring,,0,295713,37365,2,2
8935,2,41102,Silver Spring,,0,295645,37365,2,2
8935,2,41101,Silver Spring,,0,295690,37365,2,2
8935,2,41090,Silver Spring,,0,295650,37365,2,2
8935,2,41086,Silver Spring,,0,295687,37365,2,2
8935,2,41172,Takoma,,1,295704,37366,2,2
8935,2,41171,Takoma,,1,295657,37366,2,2
8935,2,41170,Takoma,,1,295655,37366,2,2
8935,2,41169,Takoma,,1,295679,37366,2,2
8935,2,41168,Takoma,,1,295676,37366,2,2
8935,2,41131,Takoma,,1,295716,37366,2,2
8935,2,41167,Takoma,,1,295679,37366,2,2
8935,2,41133,Takoma,,1,295647,37366,2,2
8935,2,41132,Takoma,,1,295674,37366,2,2
8935,2,41166,Takoma,,1,295656,37366,2,2
8935,2,41165,Takoma,,1,295655,37366,2,2
8935,2,41164,Takoma,,1,295664,37366,2,2
8935,2,41130,Takoma,,1,295704,37366,2,2
8935,2,41163,Takoma,,1,295659,37366,2,2
8935,2,41134,Takoma,,1,295694,37366,2,2
8935,2,41162,Takoma,,1,295676,37366,2,2
8935,2,41161,Takoma,,1,295691,37366,2,2
8935,2,41160,Takoma,,1,295658,37366,2,2
8935,2,41159,Takoma,,1,295722,37366,2,2
8935,2,41142,Takoma,,1,295720,37366,2,2
8935,2,41141,Takoma,,1,295671,37366,2,2
8935,2,41140,Takoma,,1,295667,37366,2,2
8935,2,41158,Takoma,,1,295670,37366,2,2
8935,2,41139,Takoma,,1,295658,37366,2,2
8935,2,41157,Takoma,,1,295722,37366,2,2
8935,2,41156,Takoma,,1,295714,37366,2,2
8935,2,41155,Takoma,,1,295679,37366,2,2
8935,2,41154,Takoma,,1,295681,37366,2,2
8935,2,41153,Takoma,,1,295721,37366,2,2
8935,2,41152,Takoma,,1,295720,37366,2,2
8935,2,41151,Takoma,,1,295650,37366,2,2
8935,2,41143,Takoma,,1,295688,37366,2,2
8935,2,41173,Takoma,,1,295717,37366,2,2
8935,2,41174,Takoma,,1,295673,37366,2,2
8935,2,41175,Takoma,,1,295669,37366,2,2
8935,2,41138,Takoma,,1,295668,37366,2,2
8935,2,41137,Takoma,,1,295724,37366,2,2
8935,2,41176,Takoma,,1,295713,37366,2,2
8935,2,41177,Takoma,,1,295715,37366,2,2
8935,2,41150,Takoma,,1,295668,37366,2,2
8935,2,41149,Takoma,,1,295713,37366,2,2
8935,2,41148,Takoma,,1,295671,37366,2,2
8935,2,41147,Takoma,,1,295645,37366,2,2
8935,2,41146,Takoma,,1,295690,37366,2,2
8935,2,41145,Takoma,,1,295650,37366,2,2
8935,2,41144,Takoma,,1,295687,37366,2,2
8935,2,41135,Takoma,,1,295648,37366,2,2
8935,2,41136,Takoma,,1,295651,37366,2,2
8936,2,41182,Silver Spring,,0,295655,37367,2,2
8936,2,41183,Silver Spring,,0,295691,37367,2,2
8936,2,41184,Silver Spring,,0,295704,37367,2,2
8936,2,41185,Silver Spring,,0,295659,37367,2,2
8936,2,41186,Silver Spring,,0,295674,37367,2,2
8936,2,41187,Silver Spring,,0,295694,37367,2,2
8936,2,41188,Silver Spring,,0,295711,37367,2,2
8936,2,41189,Silver Spring,,0,295661,37367,2,2
8936,2,41190,Silver Spring,,0,295711,37367,2,2
8936,2,41191,Silver Spring,,0,295647,37367,2,2
8936,2,41192,Silver Spring,,0,295716,37367,2,2
8936,2,41193,Silver Spring,,0,295711,37367,2,2
8936,2,41194,Silver Spring,,0,295694,37367,2,2
8936,2,41195,Silver Spring,,0,295675,37367,2,2
8936,2,41196,Silver Spring,,0,295725,37367,2,2
8936,2,41181,Silver Spring,,0,295688,37367,2,2
8936,2,41180,Silver Spring,,0,295711,37367,2,2
8936,2,41179,Silver Spring,,0,295724,37367,2,2
8936,2,41197,Silver Spring,,0,295681,37367,2,2
8936,2,41198,Silver Spring,,0,295667,37367,2,2
8936,2,41199,Silver Spring,,0,295688,37367,2,2
8936,2,41200,Silver Spring,,0,295689,37367,2,2
8936,2,41201,Silver Spring,,0,295686,37367,2,2
8936,2,41202,Silver Spring,,0,295689,37367,2,2
8936,2,41203,Silver Spring,,0,295687,37367,2,2
8936,2,41204,Silver Spring,,0,295718,37367,2,2
8936,2,41178,Silver Spring,,0,295648,37367,2,2
8936,2,41214,Takoma Langley Transit Center,,1,295725,37368,2,2
8936,2,41215,Takoma Langley Transit Center,,1,295704,37368,2,2
8936,2,41216,Takoma Langley Transit Center,,1,295659,37368,2,2
8936,2,41217,Takoma Langley Transit Center,,1,295678,37368,2,2
8936,2,41230,Takoma Langley Transit Center,,1,295676,37368,2,2
8936,2,41218,Takoma Langley Transit Center,,1,295716,37368,2,2
8936,2,41219,Takoma Langley Transit Center,,1,295711,37368,2,2
8936,2,41220,Takoma Langley Transit Center,,1,295674,37368,2,2
8936,2,41221,Takoma Langley Transit Center,,1,295702,37368,2,2
8936,2,41222,Takoma Langley Transit Center,,1,295670,37368,2,2
8936,2,41223,Takoma Langley Transit Center,,1,295653,37368,2,2
8936,2,41224,Takoma Langley Transit Center,,1,295691,37368,2,2
8936,2,41225,Takoma Langley Transit Center,,1,295725,37368,2,2
8936,2,41226,Takoma Langley Transit Center,,1,295676,37368,2,2
8936,2,41227,Takoma Langley Transit Center,,1,295698,37368,2,2
8936,2,41228,Takoma Langley Transit Center,,1,295724,37368,2,2
8936,2,41207,Takoma Langley Transit Center,,1,295712,37368,2,2
8936,2,41206,Takoma Langley Transit Center,,1,295684,37368,2,2
8936,2,41205,Takoma Langley Transit Center,,1,295645,37368,2,2
8936,2,41229,Takoma Langley Transit Center,,1,295688,37368,2,2
8936,2,41213,Takoma Langley Transit Center,,1,295689,37368,2,2
8936,2,41212,Takoma Langley Transit Center,,1,295686,37368,2,2
8936,2,41211,Takoma Langley Transit Center,,1,295689,37368,2,2
8936,2,41210,Takoma Langley Transit Center,,1,295687,37368,2,2
8936,2,41209,Takoma Langley Transit Center,,1,295718,37368,2,2
8936,2,41208,Takoma Langley Transit Center,,1,295718,37368,2,2
8937,2,41251,Takoma,,0,295695,37371,2,2
8937,2,41250,Takoma,,0,295695,37371,2,2
8937,2,41233,Takoma,,0,295695,37371,2,2
8937,2,41249,Takoma,,0,295695,37371,2,2
8937,2,41248,Silver Spring via Takoma,,0,295695,37369,2,2
8937,2,41232,Silver Spring via Takoma,,0,295693,37369,2,2
8937,2,41247,Silver Spring via Takoma,,0,295700,37369,2,2
8937,2,41246,Silver Spring via Takoma,,0,295693,37369,2,2
8937,2,41245,Silver Spring via Takoma,,0,295700,37369,2,2
8937,2,41244,Silver Spring via Takoma,,0,295693,37369,2,2
8937,2,41243,Silver Spring via Takoma,,0,295726,37369,2,2
8937,2,41242,Silver Spring via Takoma,,0,295697,37369,2,2
8937,2,41241,Silver Spring via Takoma,,0,295694,37369,2,2
8937,2,41231,Silver Spring via Takoma,,0,295697,37369,2,2
8937,2,41240,Silver Spring via Takoma,,0,295686,37369,2,2
8937,2,41239,Takoma,,0,295697,37371,2,2
8937,2,41238,Takoma,,0,295684,37371,2,2
8937,2,41237,Takoma,,0,295684,37371,2,2
8937,2,41236,Takoma,,0,295684,37371,2,2
8937,2,41235,Takoma,,0,295684,37371,2,2
8937,2,41234,Takoma,,0,295684,37371,2,2
8937,2,41273,Takoma Langley Transit Center,,1,295695,37374,2,2
8937,2,41272,Takoma Langley Transit Center,,1,295695,37374,2,2
8937,2,41271,Takoma Langley Transit Center,,1,295695,37374,2,2
8937,2,41270,Takoma Langley Transit Center,,1,295695,37374,2,2
8937,2,41269,Takoma Langley Transit Center,,1,295695,37374,2,2
8937,2,41253,Takoma Langley Trn Ctr via Takoma,,1,295693,37372,2,2
8937,2,41254,Takoma Langley Trn Ctr via Takoma,,1,295700,37372,2,2
8937,2,41268,Takoma Langley Trn Ctr via Takoma,,1,295693,37372,2,2
8937,2,41267,Takoma Langley Trn Ctr via Takoma,,1,295700,37372,2,2
8937,2,41266,Takoma Langley Trn Ctr via Takoma,,1,295693,37372,2,2
8937,2,41265,Takoma Langley Trn Ctr via Takoma,,1,295726,37372,2,2
8937,2,41264,Takoma Langley Trn Ctr via Takoma,,1,295697,37372,2,2
8937,2,41263,Takoma Langley Trn Ctr via Takoma,,1,295694,37372,2,2
8937,2,41262,Takoma Langley Trn Ctr via Takoma,,1,295697,37372,2,2
8937,2,41252,Takoma Langley Trn Ctr via Takoma,,1,295686,37372,2,2
8937,2,41261,Takoma Langley Trn Ctr via Takoma,,1,295697,37372,2,2
8937,2,41260,Takoma Langley Transit Center,,1,295697,37374,2,2
8937,2,41259,Takoma Langley Transit Center,,1,295684,37374,2,2
8937,2,41258,Takoma Langley Transit Center,,1,295684,37374,2,2
8937,2,41257,Takoma Langley Transit Center,,1,295684,37374,2,2
8937,2,41256,Takoma Langley Transit Center,,1,295684,37374,2,2
8937,2,41255,Takoma Langley Transit Center,,1,295684,37374,2,2
8939,2,40697,Lyttonsville,,0,295663,37378,2,2
8939,2,40677,Lyttonsville,,0,295661,37378,2,2
8939,2,40696,Lyttonsville,,0,295655,37378,2,2
8939,2,40695,Lyttonsville,,0,295659,37378,2,2
8939,2,40694,Lyttonsville,,0,295665,37378,2,2
8939,2,40693,Lyttonsville,,0,295658,37378,2,2
8939,2,40692,Lyttonsville,,0,295676,37378,2,2
8939,2,40691,Lyttonsville,,0,295675,37378,2,2
8939,2,40690,Lyttonsville,,0,295655,37378,2,2
8939,2,40689,Lyttonsville,,0,295674,37378,2,2
8939,2,40688,Lyttonsville,,0,295673,37378,2,2
8939,2,40687,Lyttonsville,,0,295655,37378,2,2
8939,2,40686,Lyttonsville,,0,295672,37378,2,2
8939,2,40685,Lyttonsville,,0,295671,37378,2,2
8939,2,40684,Lyttonsville,,0,295670,37378,2,2
8939,2,40683,Lyttonsville,,0,295653,37378,2,2
8939,2,40682,Lyttonsville,,0,295646,37378,2,2
8939,2,40681,Lyttonsville,,0,295645,37378,2,2
8939,2,40680,Lyttonsville,,0,295652,37378,2,2
8939,2,40676,Lyttonsville,,0,295651,37378,2,2
8939,2,40675,Lyttonsville,,0,295667,37378,2,2
8939,2,40674,Lyttonsville,,0,295649,37378,2,2
8939,2,40673,Lyttonsville,,0,295649,37378,2,2
8939,2,40679,Lyttonsville,,0,295669,37378,2,2
8939,2,40672,Lyttonsville,,0,295666,37378,2,2
8939,2,40678,Lyttonsville,,0,295668,37378,2,2
8939,2,40723,Silver Spring,,1,295662,37380,2,2
8939,2,40703,Silver Spring,,1,295663,37380,2,2
8939,2,40722,Silver Spring,,1,295661,37380,2,2
8939,2,40721,Silver Spring,,1,295655,37380,2,2
8939,2,40720,Silver Spring,,1,295659,37380,2,2
8939,2,40719,Silver Spring,,1,295665,37380,2,2
8939,2,40718,Silver Spring,,1,295658,37380,2,2
8939,2,40717,Silver Spring,,1,295676,37380,2,2
8939,2,40716,Silver Spring,,1,295675,37380,2,2
8939,2,40715,Silver Spring,,1,295655,37380,2,2
8939,2,40714,Silver Spring,,1,295674,37380,2,2
8939,2,40713,Silver Spring,,1,295673,37380,2,2
8939,2,40712,Silver Spring,,1,295668,37380,2,2
8939,2,40711,Silver Spring,,1,295672,37380,2,2
8939,2,40710,Silver Spring,,1,295671,37380,2,2
8939,2,40709,Silver Spring,,1,295645,37380,2,2
8939,2,40708,Silver Spring,,1,295653,37380,2,2
8939,2,40707,Silver Spring,,1,295646,37380,2,2
8939,2,40706,Silver Spring,,1,295645,37380,2,2
8939,2,40702,Silver Spring,,1,295652,37380,2,2
8939,2,40701,Silver Spring,,1,295651,37380,2,2
8939,2,40700,Silver Spring,,1,295667,37380,2,2
8939,2,40699,Silver Spring,,1,295649,37380,2,2
8939,2,40698,Silver Spring,,1,295649,37380,2,2
8939,2,40705,Silver Spring,,1,295669,37380,2,2
8939,2,40704,Silver Spring,,1,295666,37380,2,2
8940,2,41303,Hillandale,,0,295707,37383,2,2
8940,2,41302,Hillandale,,0,295705,37383,2,2
8940,2,41301,Hillandale,,0,295659,37383,2,2
8940,2,41276,Hillandale,,0,295725,37383,2,2
8940,2,41300,Hillandale,,0,295657,37383,2,2
8940,2,41299,Hillandale,,0,295675,37383,2,2
8940,2,41298,Hillandale,,0,295707,37383,2,2
8940,2,41297,Hillandale,,0,295702,37383,2,2
8940,2,41296,Hillandale,,0,295694,37383,2,2
8940,2,41295,Hillandale,,0,295720,37383,2,2
8940,2,41294,Hillandale,,0,295663,37383,2,2
8940,2,41293,Hillandale,,0,295660,37383,2,2
8940,2,41292,Hillandale,,0,295644,37383,2,2
8940,2,41291,Hillandale,,0,295675,37383,2,2
8940,2,41290,Hillandale,,0,295661,37383,2,2
8940,2,41289,Hillandale,,0,295679,37383,2,2
8940,2,41288,Hillandale,,0,295673,37383,2,2
8940,2,41287,Hillandale,,0,295698,37383,2,2
8940,2,41286,Hillandale,,0,295653,37383,2,2
8940,2,41285,Hillandale,,0,295675,37383,2,2
8940,2,41304,Hillandale,,0,295712,37383,2,2
8940,2,41305,Hillandale,,0,295674,37383,2,2
8940,2,41306,Hillandale,,0,295690,37383,2,2
8940,2,41284,Hillandale,,0,295675,37383,2,2
8940,2,41277,Hillandale,,0,295721,37383,2,2
8940,2,41307,Hillandale,,0,295650,37383,2,2
8940,2,41308,Hillandale,,0,295685,37383,2,2
8940,2,41274,Hillandale,,0,295656,37383,2,2
8940,2,41309,Hillandale,,0,295644,37383,2,2
8940,2,41275,Hillandale,,0,295721,37383,2,2
8940,2,41282,Hillandale,,0,295690,37383,2,2
8940,2,41283,Hillandale,,0,295721,37383,2,2
8940,2,41281,Hillandale,,0,295669,37383,2,2
8940,2,41280,Hillandale,,0,295651,37383,2,2
8940,2,41279,Hillandale,,0,295645,37383,2,2
8940,2,41278,Hillandale,,0,295685,37383,2,2
8940,2,41310,Hillandale,,0,295669,37383,2,2
8940,2,41338,Silver Spring,,1,295702,37384,2,2
8940,2,41337,Silver Spring,,1,295657,37384,2,2
8940,2,41336,Silver Spring,,1,295665,37384,2,2
8940,2,41335,Silver Spring,,1,295705,37384,2,2
8940,2,41341,Silver Spring,,1,295659,37384,2,2
8940,2,41339,Silver Spring,,1,295707,37384,2,2
8940,2,41340,Silver Spring,,1,295647,37384,2,2
8940,2,41334,Silver Spring,,1,295657,37384,2,2
8940,2,41333,Silver Spring,,1,295675,37384,2,2
8940,2,41332,Silver Spring,,1,295707,37384,2,2
8940,2,41331,Silver Spring,,1,295725,37384,2,2
8940,2,41330,Silver Spring,,1,295694,37384,2,2
8940,2,41329,Silver Spring,,1,295702,37384,2,2
8940,2,41342,Silver Spring,,1,295663,37384,2,2
8940,2,41328,Silver Spring,,1,295720,37384,2,2
8940,2,41327,Silver Spring,,1,295644,37384,2,2
8940,2,41326,Silver Spring,,1,295675,37384,2,2
8940,2,41325,Silver Spring,,1,295661,37384,2,2
8940,2,41324,Silver Spring,,1,295679,37384,2,2
8940,2,41323,Silver Spring,,1,295673,37384,2,2
8940,2,41312,Silver Spring,,1,295698,37384,2,2
8940,2,41322,Silver Spring,,1,295653,37384,2,2
8940,2,41321,Silver Spring,,1,295675,37384,2,2
8940,2,41320,Silver Spring,,1,295712,37384,2,2
8940,2,41343,Silver Spring,,1,295674,37384,2,2
8940,2,41344,Silver Spring,,1,295689,37384,2,2
8940,2,41345,Silver Spring,,1,295721,37384,2,2
8940,2,41346,Silver Spring,,1,295650,37384,2,2
8940,2,41319,Silver Spring,,1,295690,37384,2,2
8940,2,41311,Silver Spring,,1,295644,37384,2,2
8940,2,41318,Silver Spring,,1,295721,37384,2,2
8940,2,41317,Silver Spring,,1,295690,37384,2,2
8940,2,41316,Silver Spring,,1,295721,37384,2,2
8940,2,41315,Silver Spring,,1,295669,37384,2,2
8940,2,41314,Silver Spring,,1,295651,37384,2,2
8940,2,41313,Silver Spring,,1,295645,37384,2,2
8940,2,41347,Silver Spring,,1,295685,37384,2,2
8955,2,41348,Friendship Heights,,0,295727,37406,2,2
8955,2,41349,Friendship Heights,,0,295728,37406,2,2
8955,2,41350,Friendship Heights,,0,295726,37406,2,2
8955,2,41351,Friendship Heights,,0,295729,37406,2,2
8955,2,41352,Friendship Heights,,0,295726,37406,2,2
8955,2,41353,Friendship Heights,,0,295729,37406,2,2
8955,2,41354,Friendship Heights,,0,295728,37406,2,2
8955,2,41355,Friendship Heights,,0,295729,37406,2,2
8955,2,41356,Friendship Heights,,0,295726,37406,2,2
8955,2,41357,Friendship Heights,,0,295730,37406,2,2
8955,2,41358,Friendship Heights,,0,295727,37406,2,2
8955,2,41359,Friendship Heights,,0,295728,37406,2,2
8955,2,41360,Friendship Heights,,0,295731,37406,2,2
8955,2,41361,Friendship Heights,,0,295732,37406,2,2
8955,2,41362,Friendship Heights,,0,295733,37406,2,2
8955,2,41363,Friendship Heights,,0,295730,37406,2,2
8955,2,41364,Friendship Heights,,0,295731,37406,2,2
8955,2,41365,Friendship Heights,,0,295732,37406,2,2
8955,2,41366,Friendship Heights,,0,295733,37406,2,2
8955,2,41367,Friendship Heights,,0,295730,37406,2,2
8955,2,41368,Friendship Heights,,0,295733,37406,2,2
8955,2,41369,Friendship Heights,,0,295730,37406,2,2
8955,2,41370,Friendship Heights,,0,295648,37406,2,2
8955,2,41371,Friendship Heights,,0,295732,37406,2,2
8955,2,41384,Sibley Hospital,,1,295727,37407,2,2
8955,2,41383,Sibley Hospital,,1,295728,37407,2,2
8955,2,41382,Sibley Hospital,,1,295726,37407,2,2
8955,2,41381,Sibley Hospital,,1,295729,37407,2,2
8955,2,41380,Sibley Hospital,,1,295726,37407,2,2
8955,2,41379,Sibley Hospital,,1,295729,37407,2,2
8955,2,41378,Sibley Hospital,,1,295728,37407,2,2
8955,2,41377,Sibley Hospital,,1,295729,37407,2,2
8955,2,41376,Sibley Hospital,,1,295726,37407,2,2
8955,2,41385,Sibley Hospital,,1,295730,37407,2,2
8955,2,41386,Sibley Hospital,,1,295727,37407,2,2
8955,2,41387,Sibley Hospital,,1,295728,37407,2,2
8955,2,41388,Sibley Hospital,,1,295731,37407,2,2
8955,2,41389,Sibley Hospital,,1,295732,37407,2,2
8955,2,41390,Sibley Hospital,,1,295733,37407,2,2
8955,2,41391,Sibley Hospital,,1,295730,37407,2,2
8955,2,41375,Sibley Hospital,,1,295731,37407,2,2
8955,2,41392,Sibley Hospital,,1,295732,37407,2,2
8955,2,41393,Sibley Hospital,,1,295733,37407,2,2
8955,2,41394,Sibley Hospital,,1,295730,37407,2,2
8955,2,41374,Sibley Hospital,,1,295733,37407,2,2
8955,2,41395,Sibley Hospital,,1,295730,37407,2,2
8955,2,41373,Sibley Hospital,,1,295648,37407,2,2
8955,2,41372,Sibley Hospital,,1,295732,37407,2,2
8958,2,41428,Glenmont,,0,295745,37412,2,2
8958,2,41427,Glenmont,,0,295743,37412,2,2
8958,2,41426,Glenmont,,0,295748,37412,2,2
8958,2,41425,Glenmont,,0,295744,37412,2,2
8958,2,41424,Glenmont,,0,295746,37412,2,2
8958,2,41423,Glenmont,,0,295745,37412,2,2
8958,2,41422,Glenmont,,0,295743,37412,2,2
8958,2,41421,Glenmont,,0,295747,37412,2,2
8958,2,41420,Glenmont,,0,295742,37412,2,2
8958,2,41419,Glenmont,,0,295746,37412,2,2
8958,2,41418,Glenmont,,0,295652,37412,2,2
8958,2,41417,Glenmont,,0,295745,37412,2,2
8958,2,41416,Glenmont,,0,295744,37412,2,2
8958,2,41415,Glenmont,,0,295743,37412,2,2
8958,2,41414,Glenmont,,0,295742,37412,2,2
8958,2,41413,Glenmont,,0,295652,37412,2,2
8958,2,41412,Glenmont,,0,295740,37412,2,2
8958,2,41411,Glenmont,,0,295706,37412,2,2
8958,2,41410,Glenmont,,0,295737,37412,2,2
8958,2,41409,Glenmont,,0,295738,37412,2,2
8958,2,41408,Glenmont,,0,295741,37412,2,2
8958,2,41407,Glenmont,,0,295740,37412,2,2
8958,2,41406,Glenmont,,0,295706,37412,2,2
8958,2,41405,Glenmont,,0,295737,37412,2,2
8958,2,41404,Glenmont,,0,295734,37412,2,2
8958,2,41403,Glenmont,,0,295739,37412,2,2
8958,2,41402,Glenmont,,0,295735,37412,2,2
8958,2,41401,Glenmont,,0,295738,37412,2,2
8958,2,41400,Glenmont,,0,295737,37412,2,2
8958,2,41399,Glenmont,,0,295734,37412,2,2
8958,2,41398,Glenmont,,0,295736,37412,2,2
8958,2,41397,Glenmont,,0,295735,37412,2,2
8958,2,41396,Glenmont,,0,295734,37412,2,2
8958,2,41429,Glenmont,,0,295736,37412,2,2
8958,2,41463,Montgomery Mall,,1,295743,37413,2,2
8958,2,41462,Montgomery Mall,,1,295744,37413,2,2
8958,2,41461,Montgomery Mall,,1,295746,37413,2,2
8958,2,41460,Montgomery Mall,,1,295745,37413,2,2
8958,2,41459,Montgomery Mall,,1,295743,37413,2,2
8958,2,41458,Montgomery Mall,,1,295748,37413,2,2
8958,2,41457,Montgomery Mall,,1,295744,37413,2,2
8958,2,41456,Montgomery Mall,,1,295746,37413,2,2
8958,2,41455,Montgomery Mall,,1,295652,37413,2,2
8958,2,41454,Montgomery Mall,,1,295745,37413,2,2
8958,2,41453,Montgomery Mall,,1,295747,37413,2,2
8958,2,41452,Montgomery Mall,,1,295743,37413,2,2
8958,2,41451,Montgomery Mall,,1,295742,37413,2,2
8958,2,41450,Montgomery Mall,,1,295652,37413,2,2
8958,2,41449,Montgomery Mall,,1,295745,37413,2,2
8958,2,41448,Montgomery Mall,,1,295706,37413,2,2
8958,2,41447,Montgomery Mall,,1,295737,37413,2,2
8958,2,41446,Montgomery Mall,,1,295738,37413,2,2
8958,2,41445,Montgomery Mall,,1,295749,37413,2,2
8958,2,41444,Montgomery Mall,,1,295740,37413,2,2
8958,2,41443,Montgomery Mall,,1,295706,37413,2,2
8958,2,41442,Montgomery Mall,,1,295737,37413,2,2
8958,2,41441,Montgomery Mall,,1,295735,37413,2,2
8958,2,41440,Montgomery Mall,,1,295738,37413,2,2
8958,2,41439,Montgomery Mall,,1,295741,37413,2,2
8958,2,41438,Montgomery Mall,,1,295706,37413,2,2
8958,2,41437,Montgomery Mall,,1,295740,37413,2,2
8958,2,41436,Montgomery Mall,,1,295737,37413,2,2
8958,2,41435,Montgomery Mall,,1,295734,37413,2,2
8958,2,41434,Montgomery Mall,,1,295736,37413,2,2
8958,2,41433,Montgomery Mall,,1,295735,37413,2,2
8958,2,41432,Montgomery Mall,,1,295737,37413,2,2
8958,2,41431,Montgomery Mall,,1,295734,37413,2,2
8958,2,41430,Montgomery Mall,,1,295736,37413,2,2
8958,2,41464,Montgomery Mall,,1,295735,37413,2,2
8959,2,41465,Tech Rd via Adventist Healthcare,,0,295665,37414,2,2
8959,2,41466,Tech Rd via Adventist Healthcare,,0,295707,37414,2,2
8959,2,41467,Tech Rd via Adventist Healthcare,,0,295707,37414,2,2
8959,2,41468,Tech Rd via Adventist Healthcare,,0,295725,37414,2,2
8959,2,41469,Tech Rd via Adventist Healthcare,,0,295725,37414,2,2
8959,2,41470,Tech Rd via Adventist Healthcare,,0,295725,37414,2,2
8959,2,41471,Tech Rd via Adventist Healthcare,,0,295702,37414,2,2
8959,2,41472,Tech Rd via Adventist Healthcare,,0,295720,37414,2,2
8959,2,41473,Tech Rd via Adventist Healthcare,,0,295660,37414,2,2
8959,2,41474,Tech Rd via Adventist Healthcare,,0,295660,37414,2,2
8959,2,41475,Tech Rd via Adventist Healthcare,,0,295660,37414,2,2
8959,2,41476,Tech Rd via Adventist Healthcare,,0,295689,37414,2,2
8959,2,41477,Tech Rd via Adventist Healthcare,,0,295689,37414,2,2
8959,2,41478,Tech Rd via Adventist Healthcare,,0,295689,37414,2,2
8959,2,41479,Tech Rd via Adventist Healthcare,,0,295690,37414,2,2
8959,2,41480,Tech Rd via Adventist Healthcare,,0,295690,37414,2,2
8959,2,41481,Tech Rd via Adventist Healthcare,,0,295685,37414,2,2
8959,2,41482,Tech Rd via Adventist Healthcare,,0,295685,37414,2,2
8959,2,41483,Hillandale via Adventist Healthcare,,1,295665,37415,2,2
8959,2,41484,Hillandale via Adventist Healthcare,,1,295707,37415,2,2
8959,2,41485,Hillandale via Adventist Healthcare,,1,295707,37415,2,2
8959,2,41486,Hillandale via Adventist Healthcare,,1,295725,37415,2,2
8959,2,41487,Hillandale via Adventist Healthcare,,1,295725,37415,2,2
8959,2,41488,Hillandale via Adventist Healthcare,,1,295725,37415,2,2
8959,2,41489,Hillandale via Adventist Healthcare,,1,295702,37415,2,2
8959,2,41490,Hillandale via Adventist Healthcare,,1,295720,37415,2,2
8959,2,41491,Hillandale via Adventist Healthcare,,1,295660,37415,2,2
8959,2,41492,Hillandale via Adventist Healthcare,,1,295660,37415,2,2
8959,2,41493,Hillandale via Adventist Healthcare,,1,295660,37415,2,2
8959,2,41494,Hillandale via Adventist Healthcare,,1,295689,37415,2,2
8959,2,41495,Hillandale via Adventist Healthcare,,1,295689,37415,2,2
8959,2,41496,Hillandale via Adventist Healthcare,,1,295689,37415,2,2
8959,2,41497,Hillandale via Adventist Healthcare,,1,295690,37415,2,2
8959,2,41498,Hillandale via Adventist Healthcare,,1,295690,37415,2,2
8959,2,41499,Hillandale via Adventist Healthcare,,1,295685,37415,2,2
8959,2,41500,Hillandale via Adventist Healthcare,,1,295685,37415,2,2
8960,2,41534,Vango-Free Silver Spring,,0,295703,37416,2,2
8960,2,41533,Vango-Free Silver Spring,,0,295691,37416,2,2
8960,2,41532,Vango-Free Silver Spring,,0,295691,37416,2,2
8960,2,41531,Vango-Free Silver Spring,,0,295691,37416,2,2
8960,2,41530,Vango-Free Silver Spring,,0,295665,37416,2,2
8960,2,41529,Vango-Free Silver Spring,,0,295656,37416,2,2
8960,2,41528,Vango-Free Silver Spring,,0,295662,37416,2,2
8960,2,41527,Vango-Free Silver Spring,,0,295708,37416,2,2
8960,2,41526,Vango-Free Silver Spring,,0,295679,37416,2,2
8960,2,41525,Vango-Free Silver Spring,,0,295708,37416,2,2
8960,2,41524,Vango-Free Silver Spring,,0,295711,37416,2,2
8960,2,41523,Vango-Free Silver Spring,,0,295673,37416,2,2
8960,2,41522,Vango-Free Silver Spring,,0,295664,37416,2,2
8960,2,41521,Vango-Free Silver Spring,,0,295659,37416,2,2
8960,2,41520,Vango-Free Silver Spring,,0,295676,37416,2,2
8960,2,41519,Vango-Free Silver Spring,,0,295676,37416,2,2
8960,2,41518,Vango-Free Silver Spring,,0,295684,37416,2,2
8960,2,41517,Vango-Free Silver Spring,,0,295690,37416,2,2
8960,2,41516,Vango-Free Silver Spring,,0,295647,37416,2,2
8960,2,41515,Vango-Free Silver Spring,,0,295653,37416,2,2
8960,2,41514,Vango-Free Silver Spring,,0,295687,37416,2,2
8960,2,41513,Vango-Free Silver Spring,,0,295715,37416,2,2
8960,2,41512,Vango-Free Silver Spring,,0,295715,37416,2,2
8960,2,41511,Vango-Free Silver Spring,,0,295721,37416,2,2
8960,2,41510,Vango-Free Silver Spring,,0,295650,37416,2,2
8960,2,41509,Vango-Free Silver Spring,,0,295686,37416,2,2
8960,2,41508,Vango-Free Silver Spring,,0,295646,37416,2,2
8960,2,41507,Vango-Free Silver Spring,,0,295718,37416,2,2
8960,2,41506,Vango-Free Silver Spring,,0,295686,37416,2,2
8960,2,41505,Vango-Free Silver Spring,,0,295690,37416,2,2
8960,2,41504,Vango-Free Silver Spring,,0,295686,37416,2,2
8960,2,41503,Vango-Free Silver Spring,,0,295686,37416,2,2
8960,2,41502,Vango-Free Silver Spring,,0,295709,37416,2,2
8960,2,41501,Vango-Free Silver Spring,,0,295709,37416,2,2
8961,2,41881,Bethesda,,0,295729,37418,2,2
8961,2,41899,Bethesda,,0,295727,37418,2,2
8961,2,41898,Bethesda,,0,295728,37418,2,2
8961,2,41897,Bethesda,,0,295727,37418,2,2
8961,2,41896,Bethesda,,0,295726,37418,2,2
8961,2,41895,Bethesda,,0,295730,37418,2,2
8961,2,41894,Bethesda,,0,295727,37418,2,2
8961,2,41893,Bethesda,,0,295728,37418,2,2
8961,2,41892,Bethesda,,0,295729,37418,2,2
8961,2,41891,Bethesda,,0,295730,37418,2,2
8961,2,41890,Bethesda,,0,295729,37418,2,2
8961,2,41889,Bethesda,,0,295731,37418,2,2
8961,2,41888,Bethesda,,0,295732,37418,2,2
8961,2,41887,Bethesda,,0,295733,37418,2,2
8961,2,41886,Bethesda,,0,295730,37418,2,2
8961,2,41885,Bethesda,,0,295731,37418,2,2
8961,2,41884,Bethesda,,0,295648,37418,2,2
8961,2,41880,Bethesda,,0,295732,37418,2,2
8961,2,41879,Bethesda,,0,295731,37418,2,2
8961,2,41878,Bethesda,,0,295733,37418,2,2
8961,2,41883,Bethesda,,0,295731,37418,2,2
8961,2,41877,Bethesda,,0,295733,37418,2,2
8961,2,41882,Bethesda,,0,295731,37418,2,2
8961,2,41922,Friendship Heights,,1,295726,37421,2,2
8961,2,41921,Friendship Heights,,1,295729,37421,2,2
8961,2,41920,Friendship Heights,,1,295727,37421,2,2
8961,2,41919,Friendship Heights,,1,295728,37421,2,2
8961,2,41918,Friendship Heights,,1,295727,37421,2,2
8961,2,41917,Friendship Heights,,1,295726,37421,2,2
8961,2,41916,Friendship Heights,,1,295730,37421,2,2
8961,2,41915,Friendship Heights,,1,295727,37421,2,2
8961,2,41914,Friendship Heights,,1,295728,37421,2,2
8961,2,41913,Friendship Heights,,1,295729,37421,2,2
8961,2,41912,Friendship Heights,,1,295730,37421,2,2
8961,2,41911,Friendship Heights,,1,295729,37421,2,2
8961,2,41910,Friendship Heights,,1,295731,37421,2,2
8961,2,41909,Friendship Heights,,1,295732,37421,2,2
8961,2,41908,Friendship Heights,,1,295733,37421,2,2
8961,2,41907,Friendship Heights,,1,295730,37421,2,2
8961,2,41906,Friendship Heights,,1,295731,37421,2,2
8961,2,41904,Friendship Heights,,1,295648,37421,2,2
8961,2,41902,Friendship Heights,,1,295732,37421,2,2
8961,2,41901,Friendship Heights,,1,295731,37421,2,2
8961,2,41900,Friendship Heights,,1,295733,37421,2,2
8961,2,41903,Friendship Heights,,1,295731,37421,2,2
8961,2,41905,Friendship Heights,,1,295733,37421,2,2
8966,2,22519,,,0,294329,37437,2,2
8966,2,22520,,,0,294329,37437,2,2
8966,2,22521,,,0,294329,37437,2,2
8966,2,22522,,,0,294329,37436,2,2
8966,2,22523,,,0,294329,37436,2,2
8966,2,22524,,,0,294330,37436,2,2
8966,2,22525,,,0,294330,37436,2,2
8966,2,22527,,,0,294330,37436,2,2
8966,2,22526,,,0,294330,37436,2,2
8966,2,22528,,,1,294329,37439,2,2
8966,2,22529,,,1,294329,37438,2,2
8966,2,22530,,,1,294329,37438,2,2
8966,2,22531,,,1,294329,37438,2,2
8966,2,22532,,,1,294330,37438,2,2
8966,2,22533,,,1,294330,37438,2,2
8966,2,22534,,,1,294330,37438,2,2
8966,2,22535,,,1,294330,37438,2,2
8966,2,22536,,,1,294330,37439,2,2
8970,2,41535,Wheaton,,0,295750,37450,2,2
8970,2,41536,Wheaton,,0,295751,37450,2,2
8970,2,41537,Wheaton,,0,295749,37450,2,2
8970,2,41538,Wheaton,,0,295682,37450,2,2
8970,2,41539,Wheaton,,0,295722,37450,2,2
8970,2,41540,Wheaton,,0,295703,37450,2,2
8970,2,41541,Wheaton,,0,295750,37450,2,2
8970,2,41542,Wheaton,,0,295752,37450,2,2
8970,2,41543,Wheaton,,0,295701,37450,2,2
8970,2,41544,Wheaton,,0,295717,37450,2,2
8970,2,41545,Wheaton,,0,295753,37450,2,2
8970,2,41546,Wheaton,,0,295649,37450,2,2
8970,2,41547,Wheaton,,0,295717,37450,2,2
8970,2,41548,Wheaton,,0,295656,37450,2,2
8970,2,41549,Wheaton,,0,295713,37450,2,2
8970,2,41550,Wheaton,,0,295754,37450,2,2
8970,2,41551,Wheaton,,0,295747,37450,2,2
8970,2,41552,Wheaton,,0,295754,37450,2,2
8970,2,41553,Wheaton,,0,295714,37450,2,2
8970,2,41554,Wheaton,,0,295711,37450,2,2
8970,2,41555,Wheaton,,0,295714,37450,2,2
8970,2,41556,Wheaton,,0,295718,37450,2,2
8970,2,41557,Wheaton,,0,295654,37450,2,2
8970,2,41558,Wheaton,,0,295755,37450,2,2
8970,2,41559,Wheaton,,0,295756,37450,2,2
8970,2,41560,Wheaton,,0,295710,37450,2,2
8970,2,41561,Wheaton,,0,295757,37450,2,2
8970,2,41562,Wheaton,,0,295712,37450,2,2
8970,2,41563,Wheaton,,0,295710,37450,2,2
8970,2,41573,Bethesda,,1,295751,37451,2,2
8970,2,41588,Bethesda,,1,295722,37451,2,2
8970,2,41565,Bethesda,,1,295751,37451,2,2
8970,2,41566,Bethesda,,1,295701,37451,2,2
8970,2,41575,Bethesda,,1,295670,37451,2,2
8970,2,41576,Bethesda,,1,295703,37451,2,2
8970,2,41577,Bethesda,,1,295750,37451,2,2
8970,2,41578,Bethesda,,1,295752,37451,2,2
8970,2,41579,Bethesda,,1,295722,37451,2,2
8970,2,41580,Bethesda,,1,295717,37451,2,2
8970,2,41581,Bethesda,,1,295753,37451,2,2
8970,2,41582,Bethesda,,1,295707,37451,2,2
8970,2,41583,Bethesda,,1,295717,37451,2,2
8970,2,41584,Bethesda,,1,295656,37451,2,2
8970,2,41585,Bethesda,,1,295713,37451,2,2
8970,2,41586,Bethesda,,1,295701,37451,2,2
8970,2,41589,Bethesda,,1,295747,37451,2,2
8970,2,41590,Bethesda,,1,295754,37451,2,2
8970,2,41591,Bethesda,,1,295654,37451,2,2
8970,2,41592,Bethesda,,1,295711,37451,2,2
8970,2,41587,Bethesda,,1,295714,37451,2,2
8970,2,41564,Bethesda,,1,295718,37451,2,2
8970,2,41568,Bethesda,,1,295653,37451,2,2
8970,2,41567,Bethesda,,1,295683,37451,2,2
8970,2,41569,Bethesda,,1,295712,37451,2,2
8970,2,41570,Bethesda,,1,295710,37451,2,2
8970,2,41571,Bethesda,,1,295757,37451,2,2
8970,2,41574,Bethesda,,1,295712,37451,2,2
8970,2,41572,Bethesda,,1,295710,37451,2,2
8973,2,41593,Wheaton,,0,295758,37461,2,2
8973,2,41606,Wheaton,,0,295700,37461,2,2
8973,2,41607,Wheaton,,0,295758,37461,2,2
8973,2,41608,Wheaton,,0,295700,37461,2,2
8973,2,41609,Wheaton Via Wheaton Plaza,,0,295758,37463,2,2
8973,2,41610,Wheaton Via Wheaton Plaza,,0,295699,37463,2,2
8973,2,41611,Wheaton Via Wheaton Plaza,,0,295758,37463,2,2
8973,2,41605,Wheaton Via Wheaton Plaza,,0,295698,37463,2,2
8973,2,41604,Wheaton Via Wheaton Plaza,,0,295699,37463,2,2
8973,2,41603,Wheaton Via Wheaton Plaza,,0,295758,37463,2,2
8973,2,41602,Wheaton Via Wheaton Plaza,,0,295699,37463,2,2
8973,2,41601,Wheaton Via Wheaton Plaza,,0,295758,37463,2,2
8973,2,41600,Wheaton Via Wheaton Plaza,,0,295692,37463,2,2
8973,2,41599,Wheaton Via Wheaton Plaza,,0,295759,37463,2,2
8973,2,41598,Wheaton,,0,295696,37461,2,2
8973,2,41597,Wheaton,,0,295759,37461,2,2
8973,2,41612,Wheaton,,0,295696,37461,2,2
8973,2,41613,Wheaton,,0,295759,37461,2,2
8973,2,41614,Wheaton,,0,295694,37461,2,2
8973,2,41615,Wheaton,,0,295696,37461,2,2
8973,2,41616,Wheaton,,0,295759,37461,2,2
8973,2,41596,Wheaton,,0,295696,37461,2,2
8973,2,41595,Wheaton,,0,295759,37461,2,2
8973,2,41617,Wheaton,,0,295692,37461,2,2
8973,2,41594,Wheaton,,0,295759,37461,2,2
8973,2,41631,North Bethesda,,1,295758,37465,2,2
8973,2,41630,North Bethesda,,1,295700,37465,2,2
8973,2,41629,North Bethesda,,1,295758,37465,2,2
8973,2,41628,North Bethesda,,1,295700,37465,2,2
8973,2,41627,North Bethesda,,1,295758,37465,2,2
8973,2,41626,North Bethesda via Wheaton Plaza,,1,295699,37467,2,2
8973,2,41625,North Bethesda via Wheaton Plaza,,1,295758,37467,2,2
8973,2,41624,North Bethesda via Wheaton Plaza,,1,295698,37467,2,2
8973,2,41623,North Bethesda via Wheaton Plaza,,1,295699,37467,2,2
8973,2,41622,North Bethesda via Wheaton Plaza,,1,295758,37467,2,2
8973,2,41621,North Bethesda via Wheaton Plaza,,1,295699,37467,2,2
8973,2,41632,North Bethesda via Wheaton Plaza,,1,295758,37467,2,2
8973,2,41633,North Bethesda via Wheaton Plaza,,1,295692,37467,2,2
8973,2,41634,North Bethesda via Wheaton Plaza,,1,295759,37467,2,2
8973,2,41635,North Bethesda via Wheaton Plaza,,1,295696,37467,2,2
8973,2,41636,North Bethesda via Wheaton Plaza,,1,295759,37467,2,2
8973,2,41637,North Bethesda,,1,295696,37465,2,2
8973,2,41638,North Bethesda,,1,295759,37465,2,2
8973,2,41639,North Bethesda,,1,295694,37465,2,2
8973,2,41640,North Bethesda,,1,295696,37465,2,2
8973,2,41641,North Bethesda,,1,295759,37465,2,2
8973,2,41620,North Bethesda,,1,295696,37465,2,2
8973,2,41619,North Bethesda,,1,295759,37465,2,2
8973,2,41642,North Bethesda,,1,295692,37465,2,2
8973,2,41618,North Bethesda,,1,295759,37465,2,2
8976,2,41712,Rockville,,0,295716,37474,2,2
8976,2,41711,Rockville,,0,295677,37474,2,2
8976,2,41710,Rockville,,0,295708,37474,2,2
8976,2,41709,Montgomery College,,0,295716,37475,2,2
8976,2,41708,Montgomery College,,0,295701,37475,2,2
8976,2,41707,Montgomery College,,0,295708,37475,2,2
8976,2,41706,Montgomery College,,0,295702,37475,2,2
8976,2,41705,Montgomery College,,0,295753,37475,2,2
8976,2,41704,Montgomery College,,0,295750,37475,2,2
8976,2,41703,Montgomery College,,0,295703,37475,2,2
8976,2,41702,Montgomery College,,0,295672,37475,2,2
8976,2,41701,Montgomery College,,0,295708,37475,2,2
8976,2,41700,Montgomery College,,0,295682,37475,2,2
8976,2,41699,Montgomery College,,0,295753,37475,2,2
8976,2,41698,Montgomery College,,0,295704,37475,2,2
8976,2,41697,Montgomery College,,0,295749,37475,2,2
8976,2,41696,Montgomery College,,0,295722,37475,2,2
8976,2,41695,Montgomery College,,0,295673,37475,2,2
8976,2,41694,Montgomery College,,0,295717,37475,2,2
8976,2,41693,Montgomery College,,0,295705,37475,2,2
8976,2,41692,Montgomery College,,0,295706,37475,2,2
8976,2,41691,Montgomery College,,0,295682,37475,2,2
8976,2,41690,Montgomery College,,0,295750,37475,2,2
8976,2,41689,Montgomery College,,0,295707,37475,2,2
8976,2,41688,Montgomery College,,0,295752,37475,2,2
8976,2,41687,Montgomery College,,0,295677,37475,2,2
8976,2,41686,Montgomery College,,0,295701,37475,2,2
8976,2,41685,Montgomery College,,0,295703,37475,2,2
8976,2,41684,Montgomery College,,0,295708,37475,2,2
8976,2,41683,Montgomery College,,0,295746,37475,2,2
8976,2,41682,Montgomery College,,0,295749,37475,2,2
8976,2,41681,Montgomery College,,0,295753,37475,2,2
8976,2,41680,Montgomery College,,0,295701,37475,2,2
8976,2,41679,Montgomery College,,0,295649,37475,2,2
8976,2,41678,Montgomery College,,0,295747,37475,2,2
8976,2,41677,Montgomery College,,0,295746,37475,2,2
8976,2,41676,Montgomery College,,0,295709,37475,2,2
8976,2,41675,Montgomery College,,0,295753,37475,2,2
8976,2,41674,Montgomery College,,0,295656,37475,2,2
8976,2,41673,Montgomery College,,0,295654,37475,2,2
8976,2,41672,Montgomery College,,0,295713,37475,2,2
8976,2,41671,Montgomery College,,0,295718,37475,2,2
8976,2,41670,Montgomery College,,0,295710,37475,2,2
8976,2,41669,Montgomery College,,0,295753,37475,2,2
8976,2,41668,Montgomery College,,0,295683,37475,2,2
8976,2,41667,Montgomery College,,0,295747,37475,2,2
8976,2,41666,Montgomery College,,0,295719,37475,2,2
8976,2,41665,Montgomery College,,0,295754,37475,2,2
8976,2,41664,Montgomery College,,0,295757,37475,2,2
8976,2,41663,Montgomery College,,0,295666,37475,2,2
8976,2,41662,Montgomery College,,0,295683,37475,2,2
8976,2,41661,Montgomery College,,0,295736,37475,2,2
8976,2,41660,Montgomery College,,0,295711,37475,2,2
8976,2,41659,Montgomery College,,0,295754,37475,2,2
8976,2,41658,Montgomery College,,0,295666,37475,2,2
8976,2,41657,Montgomery College,,0,295710,37475,2,2
8976,2,41656,Montgomery College,,0,295709,37475,2,2
8976,2,41655,Montgomery College,,0,295754,37475,2,2
8976,2,41654,Montgomery College,,0,295724,37475,2,2
8976,2,41653,Montgomery College,,0,295757,37475,2,2
8976,2,41652,Montgomery College,,0,295715,37475,2,2
8976,2,41651,Rockville,,0,295714,37474,2,2
8976,2,41650,Rockville,,0,295754,37474,2,2
8976,2,41649,Rockville,,0,295710,37474,2,2
8976,2,41648,Rockville,,0,295754,37474,2,2
8976,2,41647,Rockville,,0,295757,37474,2,2
8976,2,41646,Rockville,,0,295754,37474,2,2
8976,2,41645,Rockville,,0,295757,37474,2,2
8976,2,41644,Rockville,,0,295754,37474,2,2
8976,2,41643,Rockville,,0,295757,37474,2,2
8976,2,41779,Wheaton,,1,295716,37476,2,2
8976,2,41781,Wheaton,,1,295677,37476,2,2
8976,2,41780,Wheaton,,1,295708,37476,2,2
8976,2,41778,Wheaton,,1,295670,37476,2,2
8976,2,41777,Wheaton,,1,295716,37477,2,2
8976,2,41776,Wheaton,,1,295701,37477,2,2
8976,2,41775,Wheaton,,1,295708,37477,2,2
8976,2,41774,Wheaton,,1,295702,37477,2,2
8976,2,41773,Wheaton,,1,295753,37477,2,2
8976,2,41772,Wheaton,,1,295750,37477,2,2
8976,2,41771,Wheaton,,1,295703,37477,2,2
8976,2,41770,Wheaton,,1,295672,37477,2,2
8976,2,41754,Wheaton,,1,295708,37477,2,2
8976,2,41753,Wheaton,,1,295682,37477,2,2
8976,2,41752,Wheaton,,1,295753,37477,2,2
8976,2,41751,Wheaton,,1,295704,37477,2,2
8976,2,41750,Wheaton,,1,295749,37477,2,2
8976,2,41749,Wheaton,,1,295722,37477,2,2
8976,2,41748,Wheaton,,1,295673,37477,2,2
8976,2,41747,Wheaton,,1,295717,37477,2,2
8976,2,41746,Wheaton,,1,295705,37477,2,2
8976,2,41745,Wheaton,,1,295706,37477,2,2
8976,2,41744,Wheaton,,1,295682,37477,2,2
8976,2,41743,Wheaton,,1,295750,37477,2,2
8976,2,41742,Wheaton,,1,295707,37477,2,2
8976,2,41741,Wheaton,,1,295752,37477,2,2
8976,2,41740,Wheaton,,1,295677,37477,2,2
8976,2,41739,Wheaton,,1,295701,37477,2,2
8976,2,41738,Wheaton,,1,295703,37477,2,2
8976,2,41737,Wheaton,,1,295708,37477,2,2
8976,2,41736,Wheaton,,1,295746,37477,2,2
8976,2,41735,Wheaton,,1,295749,37477,2,2
8976,2,41734,Wheaton,,1,295753,37477,2,2
8976,2,41733,Wheaton,,1,295701,37477,2,2
8976,2,41732,Wheaton,,1,295649,37477,2,2
8976,2,41731,Wheaton,,1,295747,37477,2,2
8976,2,41730,Wheaton,,1,295746,37477,2,2
8976,2,41729,Wheaton,,1,295709,37477,2,2
8976,2,41728,Wheaton,,1,295753,37477,2,2
8976,2,41727,Wheaton,,1,295656,37477,2,2
8976,2,41726,Wheaton,,1,295654,37477,2,2
8976,2,41725,Wheaton,,1,295713,37477,2,2
8976,2,41724,Wheaton,,1,295718,37477,2,2
8976,2,41723,Wheaton,,1,295710,37477,2,2
8976,2,41722,Wheaton,,1,295753,37477,2,2
8976,2,41721,Wheaton,,1,295683,37477,2,2
8976,2,41720,Wheaton,,1,295747,37477,2,2
8976,2,41719,Wheaton,,1,295719,37477,2,2
8976,2,41718,Wheaton,,1,295754,37477,2,2
8976,2,41717,Wheaton,,1,295757,37477,2,2
8976,2,41716,Wheaton,,1,295666,37477,2,2
8976,2,41715,Wheaton,,1,295683,37477,2,2
8976,2,41714,Wheaton,,1,295736,37477,2,2
8976,2,41769,Wheaton,,1,295754,37477,2,2
8976,2,41768,Wheaton,,1,295666,37477,2,2
8976,2,41767,Wheaton,,1,295710,37477,2,2
8976,2,41766,Wheaton,,1,295709,37477,2,2
8976,2,41765,Wheaton,,1,295754,37477,2,2
8976,2,41764,Wheaton,,1,295724,37477,2,2
8976,2,41763,Wheaton,,1,295757,37477,2,2
8976,2,41762,Wheaton,,1,295715,37477,2,2
8976,2,41761,Wheaton,,1,295712,37476,2,2
8976,2,41713,Wheaton,,1,295754,37476,2,2
8976,2,41760,Wheaton,,1,295710,37476,2,2
8976,2,41759,Wheaton,,1,295754,37476,2,2
8976,2,41758,Wheaton,,1,295757,37476,2,2
8976,2,41757,Wheaton,,1,295754,37476,2,2
8976,2,41756,Wheaton,,1,295757,37476,2,2
8976,2,41755,Wheaton,,1,295754,37476,2,2
8977,2,41810,Aspen Hill via Glenmont,,0,295750,37478,2,2
8977,2,41809,Aspen Hill via Glenmont,,0,295672,37478,2,2
8977,2,41808,Aspen Hill via Glenmont,,0,295670,37478,2,2
8977,2,41807,Aspen Hill via Glenmont,,0,295749,37478,2,2
8977,2,41806,Aspen Hill via Glenmont,,0,295673,37478,2,2
8977,2,41805,Aspen Hill via Glenmont,,0,295752,37478,2,2
8977,2,41804,Aspen Hill via Glenmont,,0,295672,37478,2,2
8977,2,41803,Aspen Hill via Glenmont,,0,295753,37478,2,2
8977,2,41802,Aspen Hill via Glenmont,,0,295703,37478,2,2
8977,2,41801,Aspen Hill via Glenmont,,0,295749,37478,2,2
8977,2,41800,Aspen Hill via Glenmont,,0,295705,37478,2,2
8977,2,41799,Aspen Hill via Glenmont,,0,295750,37478,2,2
8977,2,41798,Aspen Hill via Glenmont,,0,295719,37478,2,2
8977,2,41797,Aspen Hill via Glenmont,,0,295666,37478,2,2
8977,2,41796,Aspen Hill via Glenmont,,0,295715,37478,2,2
8977,2,41795,Aspen Hill via Glenmont,,0,295719,37478,2,2
8977,2,41794,Aspen Hill via Glenmont,,0,295649,37478,2,2
8977,2,41793,Aspen Hill via Glenmont,,0,295709,37478,2,2
8977,2,41792,Aspen Hill via Glenmont,,0,295736,37478,2,2
8977,2,41791,Aspen Hill via Glenmont,,0,295718,37478,2,2
8977,2,41790,Aspen Hill via Glenmont,,0,295710,37478,2,2
8977,2,41789,Aspen Hill via Glenmont,,0,295709,37478,2,2
8977,2,41788,Aspen Hill via Glenmont,,0,295757,37478,2,2
8977,2,41787,Aspen Hill via Glenmont,,0,295712,37478,2,2
8977,2,41786,Aspen Hill via Glenmont,,0,295667,37478,2,2
8977,2,41785,Aspen Hill via Glenmont,,0,295654,37478,2,2
8977,2,41784,Aspen Hill via Glenmont,,0,295755,37478,2,2
8977,2,41783,Aspen Hill via Glenmont,,0,295724,37478,2,2
8977,2,41782,Aspen Hill via Glenmont,,0,295688,37478,2,2
8977,2,41840,Wheaton via Glenmont,,1,295722,37479,2,2
8977,2,41839,Wheaton via Glenmont,,1,295676,37479,2,2
8977,2,41838,Wheaton via Glenmont,,1,295750,37479,2,2
8977,2,41837,Wheaton via Glenmont,,1,295672,37479,2,2
8977,2,41836,Wheaton via Glenmont,,1,295670,37479,2,2
8977,2,41835,Wheaton via Glenmont,,1,295749,37479,2,2
8977,2,41834,Wheaton via Glenmont,,1,295673,37479,2,2
8977,2,41833,Wheaton via Glenmont,,1,295752,37479,2,2
8977,2,41832,Wheaton via Glenmont,,1,295672,37479,2,2
8977,2,41831,Wheaton via Glenmont,,1,295753,37479,2,2
8977,2,41830,Wheaton via Glenmont,,1,295703,37479,2,2
8977,2,41829,Wheaton via Glenmont,,1,295749,37479,2,2
8977,2,41828,Wheaton via Glenmont,,1,295705,37479,2,2
8977,2,41827,Wheaton via Glenmont,,1,295750,37479,2,2
8977,2,41826,Wheaton via Glenmont,,1,295719,37479,2,2
8977,2,41825,Wheaton via Glenmont,,1,295666,37479,2,2
8977,2,41824,Wheaton via Glenmont,,1,295715,37479,2,2
8977,2,41823,Wheaton via Glenmont,,1,295719,37479,2,2
8977,2,41822,Wheaton via Glenmont,,1,295649,37479,2,2
8977,2,41821,Wheaton via Glenmont,,1,295709,37479,2,2
8977,2,41820,Wheaton via Glenmont,,1,295736,37479,2,2
8977,2,41819,Wheaton via Glenmont,,1,295718,37479,2,2
8977,2,41818,Wheaton via Glenmont,,1,295710,37479,2,2
8977,2,41817,Wheaton via Glenmont,,1,295709,37479,2,2
8977,2,41816,Wheaton via Glenmont,,1,295757,37479,2,2
8977,2,41815,Wheaton via Glenmont,,1,295712,37479,2,2
8977,2,41814,Wheaton via Glenmont,,1,295667,37479,2,2
8977,2,41813,Wheaton via Glenmont,,1,295654,37479,2,2
8977,2,41812,Wheaton via Glenmont,,1,295755,37479,2,2
8977,2,41811,Wheaton via Glenmont,,1,295724,37479,2,2
8978,2,41845,North Bethesda,,0,295742,37480,2,2
8978,2,41846,North Bethesda,,0,295748,37480,2,2
8978,2,41844,North Bethesda,,0,295739,37480,2,2
8978,2,41847,North Bethesda,,0,295744,37480,2,2
8978,2,41843,North Bethesda,,0,295739,37480,2,2
8978,2,41848,North Bethesda,,0,295747,37480,2,2
8978,2,41842,North Bethesda,,0,295739,37480,2,2
8978,2,41849,North Bethesda,,0,295741,37480,2,2
8978,2,41850,North Bethesda,,0,295739,37480,2,2
8978,2,41851,North Bethesda,,0,295741,37480,2,2
8978,2,41852,North Bethesda,,0,295734,37480,2,2
8978,2,41853,North Bethesda,,0,295739,37480,2,2
8978,2,41855,North Bethesda,,0,295734,37480,2,2
8978,2,41854,North Bethesda,,0,295739,37480,2,2
8978,2,41856,North Bethesda,,0,295735,37480,2,2
8978,2,41857,North Bethesda,,0,295738,37480,2,2
8978,2,41841,North Bethesda,,0,295741,37480,2,2
8978,2,41858,North Bethesda,,0,295740,37480,2,2
8978,2,41864,Montgomery Mall,,1,295742,37481,2,2
8978,2,41863,Montgomery Mall,,1,295747,37481,2,2
8978,2,41862,Montgomery Mall,,1,295742,37481,2,2
8978,2,41865,Montgomery Mall,,1,295748,37481,2,2
8978,2,41866,Montgomery Mall,,1,295739,37481,2,2
8978,2,41867,Montgomery Mall,,1,295744,37481,2,2
8978,2,41868,Montgomery Mall,,1,295739,37481,2,2
8978,2,41869,Montgomery Mall,,1,295747,37481,2,2
8978,2,41870,Montgomery Mall,,1,295739,37481,2,2
8978,2,41861,Montgomery Mall,,1,295741,37481,2,2
8978,2,41871,Montgomery Mall,,1,295739,37481,2,2
8978,2,41872,Montgomery Mall,,1,295741,37481,2,2
8978,2,41873,Montgomery Mall,,1,295734,37481,2,2
8978,2,41874,Montgomery Mall,,1,295739,37481,2,2
8978,2,41860,Montgomery Mall,,1,295734,37481,2,2
8978,2,41859,Montgomery Mall,,1,295739,37481,2,2
8978,2,41875,Montgomery Mall,,1,295735,37481,2,2
8978,2,41876,Montgomery Mall,,1,295738,37481,2,2
8979,2,25934,Shady Grove,,0,296073,37483,2,2
8979,2,25935,Shady Grove,,0,297285,37483,2,2
8979,2,25936,Shady Grove,,0,296051,37483,2,2
8979,2,25937,Shady Grove,,0,296072,37483,2,2
8979,2,25938,Shady Grove,,0,296168,37483,2,2
8979,2,25951,Shady Grove,,0,297288,37483,2,2
8979,2,25933,Shady Grove,,0,295989,37483,2,2
8979,2,25932,Shady Grove,,0,295903,37483,2,2
8979,2,25939,Shady Grove,,0,296180,37483,2,2
8979,2,25940,Shady Grove,,0,296055,37483,2,2
8979,2,25931,Shady Grove,,0,296168,37483,2,2
8979,2,25941,Shady Grove,,0,296710,37483,2,2
8979,2,25930,Shady Grove,,0,295924,37483,2,2
8979,2,25942,Shady Grove,,0,296184,37483,2,2
8979,2,25943,Shady Grove,,0,297293,37483,2,2
8979,2,25944,Shady Grove,,0,296416,37483,2,2
8979,2,25945,Shady Grove,,0,296423,37483,2,2
8979,2,25947,Shady Grove,,0,296430,37483,2,2
8979,2,25948,Shady Grove,,0,297293,37483,2,2
8979,2,25949,Shady Grove,,0,296917,37483,2,2
8979,2,25950,Shady Grove,,0,296430,37483,2,2
8979,2,25946,Shady Grove,,0,296442,37483,2,2
8979,2,25953,Traville,,1,296073,37485,2,2
8979,2,25954,Traville,,1,297285,37485,2,2
8979,2,25955,Traville,,1,296051,37485,2,2
8979,2,25952,Traville,,1,296072,37485,2,2
8979,2,25956,Traville,,1,296168,37485,2,2
8979,2,25957,Traville,,1,297288,37485,2,2
8979,2,25958,Traville,,1,295989,37485,2,2
8979,2,25973,Traville,,1,295903,37485,2,2
8979,2,25959,Traville,,1,296180,37485,2,2
8979,2,25960,Traville,,1,296055,37485,2,2
8979,2,25961,Traville,,1,296168,37485,2,2
8979,2,25962,Traville,,1,296710,37485,2,2
8979,2,25963,Traville,,1,295924,37485,2,2
8979,2,25964,Traville,,1,296184,37485,2,2
8979,2,25965,Traville,,1,297293,37485,2,2
8979,2,25966,Traville,,1,296416,37485,2,2
8979,2,25967,Traville,,1,296423,37485,2,2
8979,2,25968,Traville,,1,296430,37485,2,2
8979,2,25969,Traville,,1,297293,37485,2,2
8979,2,25970,Traville,,1,296917,37485,2,2
8979,2,25971,Traville,,1,296430,37485,2,2
8979,2,25972,Traville,,1,296442,37485,2,2
8981,2,26366,Falls Grove via TC,,0,297282,37489,2,2
8981,2,26377,Falls Grove via TC,,0,297299,37489,2,2
8981,2,26376,Falls Grove via TC,,0,297282,37489,2,2
8981,2,26375,Falls Grove via TC,,0,297299,37489,2,2
8981,2,26374,Falls Grove via TC,,0,297282,37489,2,2
8981,2,26378,Falls Grove via TC,,0,297299,37489,2,2
8981,2,26373,Falls Grove via TC,,0,296455,37489,2,2
8981,2,26379,Falls Grove via TC,,0,297282,37489,2,2
8981,2,26372,Falls Grove via TC,,0,296455,37489,2,2
8981,2,26371,Falls Grove via TC,,0,297282,37489,2,2
8981,2,26370,Falls Grove via TC,,0,296455,37489,2,2
8981,2,26369,Falls Grove via TC,,0,297282,37489,2,2
8981,2,26368,Falls Grove via TC,,0,297344,37489,2,2
8981,2,26367,Falls Grove via TC,,0,296455,37489,2,2
8981,2,26380,Falls Grove via TC,,0,297344,37489,2,2
8981,2,26381,Falls Grove via TC,,0,296455,37489,2,2
8981,2,26382,Falls Grove via TC,,0,297344,37489,2,2
8981,2,26383,Falls Grove via TC,,0,296455,37489,2,2
8981,2,26384,Falls Grove via TC,,0,297344,37489,2,2
8981,2,26397,Twinbrook via TC,,1,297299,37491,2,2
8981,2,26400,Twinbrook via TC,,1,297282,37491,2,2
8981,2,26401,Twinbrook via TC,,1,297299,37491,2,2
8981,2,26396,Twinbrook via TC,,1,297282,37491,2,2
8981,2,26395,Twinbrook via TC,,1,297299,37491,2,2
8981,2,26394,Twinbrook via TC,,1,296455,37491,2,2
8981,2,26393,Twinbrook via TC,,1,297282,37491,2,2
8981,2,26392,Twinbrook via TC,,1,296455,37491,2,2
8981,2,26398,Twinbrook via TC,,1,297282,37491,2,2
8981,2,26399,Twinbrook via TC,,1,296455,37491,2,2
8981,2,26391,Twinbrook via TC,,1,297282,37491,2,2
8981,2,26390,Twinbrook via TC,,1,297344,37491,2,2
8981,2,26389,Twinbrook via TC,,1,296455,37491,2,2
8981,2,26388,Twinbrook via TC,,1,297344,37491,2,2
8981,2,26387,Twinbrook via TC,,1,296455,37491,2,2
8981,2,26386,Twinbrook via TC,,1,297344,37491,2,2
8981,2,26402,Twinbrook via TC,,1,296455,37491,2,2
8981,2,26403,Twinbrook via TC,,1,297344,37491,2,2
8981,2,26385,Twinbrook via TC,,1,296455,37491,2,2
8982,2,26788,Mont College Rockville,,0,296064,37492,2,2
8982,2,26789,Mont College Rockville,,0,295918,37492,2,2
8982,2,26790,Mont College Rockville,,0,296002,37492,2,2
8982,2,26791,Mont College Rockville,,0,295900,37492,2,2
8982,2,26792,Mont College Rockville,,0,295918,37492,2,2
8982,2,26793,Mont College Rockville,,0,296002,37492,2,2
8982,2,26794,Mont College Rockville,,0,295900,37492,2,2
8982,2,26795,Mont College Rockville,,0,297343,37492,2,2
8982,2,26796,Mont College Rockville,,0,297293,37492,2,2
8982,2,26797,Mont College Rockville,,0,295918,37492,2,2
8982,2,26798,Mont College Rockville,,0,296002,37492,2,2
8982,2,26799,Mont College Rockville,,0,295900,37492,2,2
8982,2,26800,Mont College Rockville,,0,297293,37492,2,2
8982,2,26801,Mont College Rockville,,0,296196,37492,2,2
8982,2,26802,Mont College Rockville,,0,295918,37492,2,2
8982,2,26803,Mont College Rockville,,0,296002,37492,2,2
8982,2,26804,Mont College Rockville,,0,295900,37492,2,2
8982,2,26805,Mont College Rockville,,0,297293,37492,2,2
8982,2,26806,Mont College Rockville,,0,296196,37492,2,2
8982,2,26807,Mont College Rockville,,0,295918,37492,2,2
8982,2,26808,Mont College Rockville,,0,297343,37492,2,2
8982,2,26809,Mont College Rockville,,0,296172,37492,2,2
8982,2,26810,Mont College Rockville,,0,296429,37492,2,2
8982,2,26811,Mont College Rockville,,0,296187,37492,2,2
8982,2,26812,Mont College Rockville,,0,296196,37492,2,2
8982,2,26784,Mont College Rockville,,0,296386,37492,2,2
8982,2,26783,Mont College Rockville,,0,297343,37492,2,2
8982,2,26782,Mont College Rockville,,0,296428,37492,2,2
8982,2,26813,Mont College Rockville,,0,296187,37492,2,2
8982,2,26814,Mont College Rockville,,0,296708,37492,2,2
8982,2,26780,Mont College Rockville,,0,296386,37492,2,2
8982,2,26779,Mont College Rockville,,0,297343,37492,2,2
8982,2,26778,Mont College Rockville,,0,296187,37492,2,2
8982,2,26777,Mont College Rockville,,0,296708,37492,2,2
8982,2,26787,Mont College Rockville,,0,296191,37492,2,2
8982,2,26786,Mont College Rockville,,0,296386,37492,2,2
8982,2,26815,Mont College Rockville,,0,296187,37492,2,2
8982,2,26785,Mont College Rockville,,0,296386,37492,2,2
8982,2,26816,Mont College Rockville,,0,296187,37492,2,2
8982,2,26817,Mont College Rockville,,0,296386,37492,2,2
8982,2,26781,Mont College Rockville,,0,296187,37492,2,2
8982,2,26831,Medical Center,,1,296064,37493,2,2
8982,2,26858,Medical Center,,1,295918,37493,2,2
8982,2,26832,Medical Center,,1,296002,37493,2,2
8982,2,26833,Medical Center,,1,295900,37493,2,2
8982,2,26834,Medical Center,,1,295918,37493,2,2
8982,2,26835,Medical Center,,1,296002,37493,2,2
8982,2,26827,Medical Center,,1,295900,37493,2,2
8982,2,26836,Medical Center,,1,297343,37493,2,2
8982,2,26837,Medical Center,,1,297293,37493,2,2
8982,2,26838,Medical Center,,1,295918,37493,2,2
8982,2,26839,Medical Center,,1,296002,37493,2,2
8982,2,26840,Medical Center,,1,295900,37493,2,2
8982,2,26841,Medical Center,,1,297293,37493,2,2
8982,2,26842,Medical Center,,1,296196,37493,2,2
8982,2,26843,Medical Center,,1,295918,37493,2,2
8982,2,26844,Medical Center,,1,296002,37493,2,2
8982,2,26845,Medical Center,,1,295900,37493,2,2
8982,2,26846,Medical Center,,1,297293,37493,2,2
8982,2,26847,Medical Center,,1,296196,37493,2,2
8982,2,26848,Medical Center,,1,295918,37493,2,2
8982,2,26849,Medical Center,,1,297343,37493,2,2
8982,2,26826,Medical Center,,1,296172,37493,2,2
8982,2,26825,Medical Center,,1,296429,37493,2,2
8982,2,26824,Medical Center,,1,296187,37493,2,2
8982,2,26850,Medical Center,,1,296196,37493,2,2
8982,2,26823,Medical Center,,1,296386,37493,2,2
8982,2,26851,Medical Center,,1,297343,37493,2,2
8982,2,26852,Medical Center,,1,296428,37493,2,2
8982,2,26821,Medical Center,,1,296187,37493,2,2
8982,2,26820,Medical Center,,1,296708,37493,2,2
8982,2,26819,Medical Center,,1,296386,37493,2,2
8982,2,26818,Medical Center,,1,297343,37493,2,2
8982,2,26828,Medical Center,,1,296187,37493,2,2
8982,2,26853,Medical Center,,1,296708,37493,2,2
8982,2,26830,Medical Center,,1,296191,37493,2,2
8982,2,26829,Medical Center,,1,296386,37493,2,2
8982,2,26854,Medical Center,,1,296187,37493,2,2
8982,2,26855,Medical Center,,1,296386,37493,2,2
8982,2,26856,Medical Center,,1,296187,37493,2,2
8982,2,26857,Medical Center,,1,296386,37493,2,2
8982,2,26822,Medical Center,,1,296187,37493,2,2
8983,2,41948,Rockville,,0,295760,37494,2,2
8983,2,41947,Rockville,,0,295722,37494,2,2
8983,2,41946,Rockville,,0,295751,37494,2,2
8983,2,41945,Rockville,,0,295760,37494,2,2
8983,2,41944,Rockville,,0,295701,37494,2,2
8983,2,41943,Rockville,,0,295670,37494,2,2
8983,2,41942,Rockville,,0,295751,37494,2,2
8983,2,41941,Rockville,,0,295760,37494,2,2
8983,2,41940,Rockville,,0,295748,37494,2,2
8983,2,41939,Rockville,,0,295751,37494,2,2
8983,2,41938,Rockville,,0,295760,37494,2,2
8983,2,41937,Rockville,,0,295748,37494,2,2
8983,2,41936,Rockville,,0,295756,37494,2,2
8983,2,41935,Rockville,,0,295752,37494,2,2
8983,2,41934,Rockville,,0,295755,37494,2,2
8983,2,41933,Rockville,,0,295756,37494,2,2
8983,2,41932,Rockville,,0,295752,37494,2,2
8983,2,41931,Rockville,,0,295755,37494,2,2
8983,2,41930,Rockville,,0,295756,37494,2,2
8983,2,41929,Rockville,,0,295752,37494,2,2
8983,2,41928,Rockville,,0,295654,37494,2,2
8983,2,41927,Rockville,,0,295755,37494,2,2
8983,2,41923,Rockville,,0,295756,37494,2,2
8983,2,41926,Rockville,,0,295653,37494,2,2
8983,2,41925,Rockville,,0,295683,37494,2,2
8983,2,41924,Rockville,,0,295712,37494,2,2
8983,2,41972,Bethesda,,1,295682,37495,2,2
8983,2,41971,Bethesda,,1,295760,37495,2,2
8983,2,41970,Bethesda,,1,295722,37495,2,2
8983,2,41969,Bethesda,,1,295751,37495,2,2
8983,2,41968,Bethesda,,1,295760,37495,2,2
8983,2,41967,Bethesda,,1,295701,37495,2,2
8983,2,41966,Bethesda,,1,295670,37495,2,2
8983,2,41965,Bethesda,,1,295751,37495,2,2
8983,2,41964,Bethesda,,1,295760,37495,2,2
8983,2,41963,Bethesda,,1,295748,37495,2,2
8983,2,41962,Bethesda,,1,295751,37495,2,2
8983,2,41961,Bethesda,,1,295760,37495,2,2
8983,2,41960,Bethesda,,1,295748,37495,2,2
8983,2,41959,Bethesda,,1,295756,37495,2,2
8983,2,41958,Bethesda,,1,295752,37495,2,2
8983,2,41957,Bethesda,,1,295755,37495,2,2
8983,2,41956,Bethesda,,1,295756,37495,2,2
8983,2,41955,Bethesda,,1,295752,37495,2,2
8983,2,41954,Bethesda,,1,295755,37495,2,2
8983,2,41953,Bethesda,,1,295756,37495,2,2
8983,2,41974,Bethesda,,1,295752,37495,2,2
8983,2,41952,Bethesda,,1,295654,37495,2,2
8983,2,41949,Bethesda,,1,295755,37495,2,2
8983,2,41951,Bethesda,,1,295756,37495,2,2
8983,2,41950,Bethesda,,1,295653,37495,2,2
8983,2,41973,Bethesda,,1,295683,37495,2,2
8984,2,27901,Rockville,,0,296159,37496,2,2
8984,2,27900,Rockville,,0,295921,37496,2,2
8984,2,27898,Rockville,,0,296159,37496,2,2
8984,2,27899,Rockville,,0,296083,37496,2,2
8984,2,27897,Rockville,,0,295991,37496,2,2
8984,2,27896,Rockville,,0,296064,37496,2,2
8984,2,27903,Rockville,,0,296917,37496,2,2
8984,2,27905,Rockville,,0,295986,37496,2,2
8984,2,27895,Rockville,,0,295921,37496,2,2
8984,2,27894,Rockville,,0,296917,37496,2,2
8984,2,27893,Rockville,,0,295986,37496,2,2
8984,2,27892,Rockville,,0,296064,37496,2,2
8984,2,27891,Rockville,,0,296159,37496,2,2
8984,2,27890,Rockville,,0,296077,37496,2,2
8984,2,27889,Rockville,,0,297288,37496,2,2
8984,2,27888,Rockville,,0,296671,37496,2,2
8984,2,27887,Rockville,,0,296077,37496,2,2
8984,2,27886,Rockville,,0,296058,37496,2,2
8984,2,27881,Rockville,,0,296418,37496,2,2
8984,2,27880,Rockville,,0,296191,37496,2,2
8984,2,27885,Rockville,,0,296706,37496,2,2
8984,2,27902,Rockville,,0,297311,37496,2,2
8984,2,27884,Rockville,,0,296191,37496,2,2
8984,2,27879,Rockville,,0,296453,37496,2,2
8984,2,27878,Rockville,,0,296706,37496,2,2
8984,2,27877,Rockville,,0,296185,37496,2,2
8984,2,27883,Rockville,,0,297311,37496,2,2
8984,2,27882,Rockville,,0,296726,37496,2,2
8984,2,27904,Rockville,,0,296428,37496,2,2
8984,2,27929,Wheaton,,1,295921,37497,2,2
8984,2,27928,Wheaton,,1,296159,37497,2,2
8984,2,27927,Wheaton,,1,296083,37497,2,2
8984,2,27926,Wheaton,,1,295991,37497,2,2
8984,2,27925,Wheaton,,1,296064,37497,2,2
8984,2,27924,Wheaton,,1,296917,37497,2,2
8984,2,27933,Wheaton,,1,295986,37497,2,2
8984,2,27911,Wheaton,,1,295921,37497,2,2
8984,2,27923,Wheaton,,1,296917,37497,2,2
8984,2,27922,Wheaton,,1,295986,37497,2,2
8984,2,27921,Wheaton,,1,296064,37497,2,2
8984,2,27931,Wheaton,,1,296159,37497,2,2
8984,2,27920,Wheaton,,1,296077,37497,2,2
8984,2,27919,Wheaton,,1,297288,37497,2,2
8984,2,27918,Wheaton,,1,296671,37497,2,2
8984,2,27917,Wheaton,,1,296077,37497,2,2
8984,2,27916,Wheaton,,1,296058,37497,2,2
8984,2,27915,Wheaton,,1,296418,37497,2,2
8984,2,27908,Wheaton,,1,296191,37497,2,2
8984,2,27907,Wheaton,,1,296706,37497,2,2
8984,2,27906,Wheaton,,1,297311,37497,2,2
8984,2,27910,Wheaton,,1,296191,37497,2,2
8984,2,27909,Wheaton,,1,296453,37497,2,2
8984,2,27932,Wheaton,,1,296706,37497,2,2
8984,2,27930,Wheaton,,1,296185,37497,2,2
8984,2,27914,Wheaton,,1,297311,37497,2,2
8984,2,27913,Wheaton,,1,296726,37497,2,2
8984,2,27912,Wheaton,,1,296428,37497,2,2
8985,2,28414,Rockville,,0,295921,37498,2,2
8985,2,28415,Rockville,,0,295986,37498,2,2
8985,2,28416,Rockville,,0,296075,37498,2,2
8985,2,28417,Rockville,,0,295986,37498,2,2
8985,2,28418,Rockville,,0,296075,37498,2,2
8985,2,28419,Rockville,,0,295986,37498,2,2
8985,2,28420,Rockville,,0,296075,37498,2,2
8985,2,28421,Rockville,,0,295991,37498,2,2
8985,2,28422,Rockville,,0,295906,37498,2,2
8985,2,28423,Rockville,,0,296064,37498,2,2
8985,2,28424,Rockville,,0,296159,37498,2,2
8985,2,28425,Rockville,,0,295921,37498,2,2
8985,2,28438,Rockville,,0,296917,37498,2,2
8985,2,28439,Rockville,,0,297311,37498,2,2
8985,2,28426,Rockville,,0,296917,37498,2,2
8985,2,28427,Rockville,,0,296185,37498,2,2
8985,2,28428,Rockville,,0,296420,37498,2,2
8985,2,28429,Rockville,,0,296185,37498,2,2
8985,2,28430,Rockville,,0,296420,37498,2,2
8985,2,28431,Rockville,,0,296726,37498,2,2
8985,2,28432,Rockville,,0,296418,37498,2,2
8985,2,28413,Rockville,,0,296726,37498,2,2
8985,2,28433,Rockville,,0,297311,37498,2,2
8985,2,28434,Rockville,,0,296726,37498,2,2
8985,2,28435,Rockville,,0,296420,37498,2,2
8985,2,28436,Rockville,,0,296671,37498,2,2
8985,2,28437,Rockville,,0,296420,37498,2,2
8985,2,28443,Glenmont,,1,295986,37499,2,2
8985,2,28444,Glenmont,,1,296075,37499,2,2
8985,2,28445,Glenmont,,1,295986,37499,2,2
8985,2,28446,Glenmont,,1,296075,37499,2,2
8985,2,28447,Glenmont,,1,295986,37499,2,2
8985,2,28448,Glenmont,,1,296075,37499,2,2
8985,2,28449,Glenmont,,1,295991,37499,2,2
8985,2,28450,Glenmont,,1,295906,37499,2,2
8985,2,28451,Glenmont,,1,296064,37499,2,2
8985,2,28465,Glenmont,,1,296159,37499,2,2
8985,2,28466,Glenmont,,1,295921,37499,2,2
8985,2,28452,Glenmont,,1,296917,37499,2,2
8985,2,28453,Glenmont,,1,297311,37499,2,2
8985,2,28454,Glenmont,,1,296917,37499,2,2
8985,2,28455,Glenmont,,1,296185,37499,2,2
8985,2,28456,Glenmont,,1,296420,37499,2,2
8985,2,28457,Glenmont,,1,296185,37499,2,2
8985,2,28458,Glenmont,,1,296420,37499,2,2
8985,2,28442,Glenmont,,1,296726,37499,2,2
8985,2,28441,Glenmont,,1,296418,37499,2,2
8985,2,28440,Glenmont,,1,296726,37499,2,2
8985,2,28459,Glenmont,,1,297311,37499,2,2
8985,2,28460,Glenmont,,1,296726,37499,2,2
8985,2,28461,Glenmont,,1,296420,37499,2,2
8985,2,28462,Glenmont,,1,296671,37499,2,2
8985,2,28463,Glenmont,,1,296420,37499,2,2
8985,2,28464,Glenmont,,1,296671,37499,2,2
8986,2,40724,Twinbrook,,0,295723,37501,2,2
8986,2,40725,Twinbrook,,0,295664,37501,2,2
8986,2,40726,Twinbrook,,0,295665,37501,2,2
8986,2,40753,Twinbrook,,0,295664,37501,2,2
8986,2,40727,Twinbrook,,0,295663,37501,2,2
8986,2,40752,Twinbrook Victory F,,0,295691,37500,2,2
8986,2,40729,Twinbrook,,0,295677,37501,2,2
8986,2,40728,Twinbrook Victory F,,0,295678,37500,2,2
8986,2,40731,Twinbrook,,0,295680,37501,2,2
8986,2,40730,Twinbrook Victory F,,0,295679,37500,2,2
8986,2,40733,Twinbrook,,0,295678,37501,2,2
8986,2,40732,Twinbrook Victory F,,0,295681,37500,2,2
8986,2,40735,Twinbrook,,0,295682,37501,2,2
8986,2,40734,Twinbrook Victory F,,0,295678,37500,2,2
8986,2,40737,Twinbrook,,0,295683,37501,2,2
8986,2,40736,Twinbrook Victory F,,0,295673,37500,2,2
8986,2,40738,Twinbrook,,0,295684,37501,2,2
8986,2,40739,Twinbrook,,0,295685,37501,2,2
8986,2,40740,Twinbrook,,0,295671,37501,2,2
8986,2,40751,Twinbrook,,0,295674,37501,2,2
8986,2,40741,Twinbrook,,0,295686,37501,2,2
8986,2,40742,Twinbrook,,0,295687,37501,2,2
8986,2,40743,Twinbrook,,0,295669,37501,2,2
8986,2,40744,Twinbrook,,0,295645,37501,2,2
8986,2,40745,Twinbrook,,0,295688,37501,2,2
8986,2,40746,Twinbrook,,0,295650,37501,2,2
8986,2,40747,Twinbrook,,0,295689,37501,2,2
8986,2,40748,Twinbrook,,0,295685,37501,2,2
8986,2,40749,Twinbrook,,0,295669,37501,2,2
8986,2,40750,Twinbrook,,0,295690,37501,2,2
8986,2,40754,Silver Spring,,1,295723,37503,2,2
8986,2,40755,Silver Spring,,1,295664,37503,2,2
8986,2,40756,Silver Spring,,1,295665,37503,2,2
8986,2,40757,Silver Spring,,1,295664,37503,2,2
8986,2,40758,Silver Spring Victory F,,1,295663,37502,2,2
8986,2,40759,Silver Spring,,1,295691,37503,2,2
8986,2,40782,Silver Spring Victory F,,1,295677,37502,2,2
8986,2,40760,Silver Spring,,1,295678,37503,2,2
8986,2,40761,Silver Spring Victory F,,1,295680,37502,2,2
8986,2,40762,Silver Spring,,1,295679,37503,2,2
8986,2,40763,Silver Spring Victory F,,1,295678,37502,2,2
8986,2,40764,Silver Spring,,1,295681,37503,2,2
8986,2,40765,Silver Spring Victory F,,1,295682,37502,2,2
8986,2,40766,Silver Spring,,1,295678,37503,2,2
8986,2,40768,Silver Spring Victory F,,1,295683,37502,2,2
8986,2,40767,Silver Spring,,1,295673,37503,2,2
8986,2,40769,Silver Spring,,1,295684,37503,2,2
8986,2,40770,Silver Spring,,1,295685,37503,2,2
8986,2,40771,Silver Spring,,1,295671,37503,2,2
8986,2,40780,Silver Spring,,1,295674,37503,2,2
8986,2,40772,Silver Spring,,1,295686,37503,2,2
8986,2,40783,Silver Spring,,1,295687,37503,2,2
8986,2,40773,Silver Spring,,1,295669,37503,2,2
8986,2,40774,Silver Spring,,1,295645,37503,2,2
8986,2,40775,Silver Spring,,1,295688,37503,2,2
8986,2,40776,Silver Spring,,1,295650,37503,2,2
8986,2,40777,Silver Spring,,1,295689,37503,2,2
8986,2,40781,Silver Spring,,1,295685,37503,2,2
8986,2,40778,Silver Spring,,1,295669,37503,2,2
8986,2,40779,Silver Spring,,1,295690,37503,2,2
8990,2,29838,Lakeforest,,0,295903,37525,2,2
8990,2,29839,Lakeforest,,0,296043,37525,2,2
8990,2,29864,Lakeforest,,0,296082,37525,2,2
8990,2,29840,Lakeforest,,0,296177,37525,2,2
8990,2,29841,Lakeforest,,0,295998,37525,2,2
8990,2,29842,Lakeforest,,0,296423,37523,2,2
8990,2,29858,Lakeforest,,0,296177,37523,2,2
8990,2,29843,Lakeforest,,0,297285,37523,2,2
8990,2,29859,Lakeforest,,0,296423,37523,2,2
8990,2,29860,Lakeforest,,0,297305,37523,2,2
8990,2,29844,Lakeforest,,0,296708,37523,2,2
8990,2,29861,Lakeforest,,0,296189,37523,2,2
8990,2,29845,Lakeforest,,0,295991,37523,2,2
8990,2,29846,Lakeforest,,0,296180,37523,2,2
8990,2,29847,Lakeforest,,0,296439,37523,2,2
8990,2,29848,Lakeforest,,0,296679,37523,2,2
8990,2,29849,Lakeforest,,0,296457,37523,2,2
8990,2,29850,Lakeforest,,0,296178,37523,2,2
8990,2,29856,Lakeforest,,0,296055,37523,2,2
8990,2,29857,Lakeforest,,0,296194,37523,2,2
8990,2,29851,Lakeforest,,0,296178,37525,2,2
8990,2,29852,Lakeforest,,0,296186,37525,2,2
8990,2,29862,Lakeforest,,0,296424,37525,2,2
8990,2,29863,Lakeforest,,0,296184,37525,2,2
8990,2,29853,Lakeforest,,0,296915,37525,2,2
8990,2,29854,Lakeforest,,0,296426,37525,2,2
8990,2,29855,Lakeforest,,0,296439,37525,2,2
8990,2,29888,Rockville,,1,296060,37528,2,2
8990,2,29865,Rockville,,1,295999,37528,2,2
8990,2,29866,Rockville,,1,296043,37528,2,2
8990,2,29867,Rockville,,1,295903,37528,2,2
8990,2,29885,Rockville,,1,296177,37526,2,2
8990,2,29886,Rockville,,1,296043,37526,2,2
8990,2,29868,Rockville,,1,296423,37526,2,2
8990,2,29887,Rockville,,1,296456,37526,2,2
8990,2,29869,Rockville,,1,296708,37526,2,2
8990,2,29870,Rockville,,1,295998,37526,2,2
8990,2,29871,Rockville,,1,297345,37526,2,2
8990,2,29872,Rockville,,1,296423,37526,2,2
8990,2,29873,Rockville,,1,296178,37526,2,2
8990,2,29874,Rockville,,1,297299,37526,2,2
8990,2,29875,Rockville,,1,296708,37526,2,2
8990,2,29882,Rockville,,1,296178,37526,2,2
8990,2,29883,Rockville,,1,296422,37526,2,2
8990,2,29876,Rockville,,1,296439,37526,2,2
8990,2,29889,Rockville,,1,296178,37526,2,2
8990,2,29884,Rockville,,1,296457,37528,2,2
8990,2,29877,Rockville,,1,296679,37528,2,2
8990,2,29878,Rockville,,1,296055,37528,2,2
8990,2,29879,Rockville,,1,296194,37528,2,2
8990,2,29890,Rockville,,1,296428,37528,2,2
8990,2,29880,Rockville,,1,296439,37528,2,2
8990,2,29881,Rockville,,1,296194,37528,2,2
8991,2,30474,Germantown,,0,295984,37530,2,2
8991,2,30444,Germantown,,0,295998,37530,2,2
8991,2,30462,Germantown,,0,296673,37530,2,2
8991,2,30478,Germantown,,0,296060,37530,2,2
8991,2,30447,Germantown,,0,296046,37530,2,2
8991,2,30495,Germantown,,0,296668,37530,2,2
8991,2,30471,Germantown,,0,296042,37530,2,2
8991,2,30459,Germantown,,0,295913,37530,2,2
8991,2,30449,Germantown,,0,296082,37530,2,2
8991,2,30450,Germantown,,0,296074,37530,2,2
8991,2,30458,Germantown,,0,295903,37530,2,2
8991,2,30490,Germantown,,0,296487,37530,2,2
8991,2,30460,Germantown,,0,296060,37530,2,2
8991,2,30452,Germantown,,0,297343,37530,2,2
8991,2,30453,Germantown,,0,296043,37530,2,2
8991,2,30465,Germantown,,0,296673,37530,2,2
8991,2,30475,Germantown,,0,296087,37530,2,2
8991,2,30455,Germantown,,0,296014,37530,2,2
8991,2,30446,Germantown,,0,295925,37530,2,2
8991,2,30476,Germantown,,0,296457,37530,2,2
8991,2,30480,Germantown,,0,296082,37530,2,2
8991,2,30443,Germantown,,0,296456,37530,2,2
8991,2,30479,Germantown,,0,297290,37530,2,2
8991,2,30472,Germantown,,0,296060,37530,2,2
8991,2,30473,Germantown,,0,296430,37530,2,2
8991,2,30463,Germantown,,0,296426,37530,2,2
8991,2,30442,Germantown,,0,297285,37530,2,2
8991,2,30457,Germantown,,0,296087,37530,2,2
8991,2,30464,Germantown,,0,296423,37530,2,2
8991,2,30470,Germantown,,0,296526,37530,2,2
8991,2,30461,Germantown,,0,296707,37530,2,2
8991,2,30441,Germantown,,0,296442,37530,2,2
8991,2,30477,Germantown,,0,296189,37530,2,2
8991,2,30468,Germantown,,0,295922,37530,2,2
8991,2,30456,Germantown,,0,296917,37530,2,2
8991,2,30454,Germantown,,0,296424,37530,2,2
8991,2,30440,Germantown,,0,296487,37530,2,2
8991,2,30445,Germantown,,0,296177,37530,2,2
8991,2,30467,Germantown,,0,296422,37530,2,2
8991,2,30448,Germantown,,0,296429,37530,2,2
8991,2,30451,Germantown,,0,296915,37530,2,2
8991,2,30496,Germantown,,0,296196,37530,2,2
8991,2,30469,Germantown,,0,296180,37530,2,2
8991,2,30497,Germantown,,0,296710,37530,2,2
8991,2,30498,Germantown,,0,296691,37530,2,2
8991,2,30466,Germantown,,0,296457,37530,2,2
8991,2,30481,Germantown,,0,296442,37530,2,2
8991,2,30491,Germantown,,0,296438,37530,2,2
8991,2,30482,Germantown,,0,296679,37530,2,2
8991,2,30492,Germantown,,0,296730,37530,2,2
8991,2,30483,Germantown,,0,296707,37530,2,2
8991,2,30484,Germantown,,0,296186,37530,2,2
8991,2,30485,Germantown,,0,297295,37530,2,2
8991,2,30486,Germantown,,0,296194,37530,2,2
8991,2,30487,Germantown,,0,296422,37530,2,2
8991,2,30488,Germantown,,0,296441,37530,2,2
8991,2,30489,Germantown,,0,296186,37530,2,2
8991,2,30493,Germantown,,0,297295,37530,2,2
8991,2,30494,Germantown,,0,296705,37530,2,2
8991,2,30507,Rockville,,1,295903,37532,2,2
8991,2,30522,Rockville,,1,295998,37532,2,2
8991,2,30530,Rockville,,1,296673,37532,2,2
8991,2,30532,Rockville,,1,296046,37532,2,2
8991,2,30534,Rockville,,1,296668,37532,2,2
8991,2,30518,Rockville,,1,295913,37532,2,2
8991,2,30554,Rockville,,1,295998,37532,2,2
8991,2,30509,Rockville,,1,295917,37532,2,2
8991,2,30526,Rockville,,1,296074,37532,2,2
8991,2,30500,Rockville,,1,296487,37532,2,2
8991,2,30504,Rockville,,1,296060,37532,2,2
8991,2,30503,Rockville,,1,295906,37532,2,2
8991,2,30502,Rockville,,1,297285,37532,2,2
8991,2,30501,Rockville,,1,296673,37532,2,2
8991,2,30513,Rockville,,1,296087,37532,2,2
8991,2,30539,Rockville,,1,295913,37532,2,2
8991,2,30525,Rockville,,1,297305,37532,2,2
8991,2,30511,Rockville,,1,296082,37532,2,2
8991,2,30550,Rockville,,1,296457,37532,2,2
8991,2,30538,Rockville,,1,297333,37532,2,2
8991,2,30551,Rockville,,1,296189,37532,2,2
8991,2,30517,Rockville,,1,295910,37532,2,2
8991,2,30537,Rockville,,1,296060,37532,2,2
8991,2,30520,Rockville,,1,296042,37532,2,2
8991,2,30524,Rockville,,1,296043,37532,2,2
8991,2,30521,Rockville,,1,296673,37532,2,2
8991,2,30529,Rockville,,1,296087,37532,2,2
8991,2,30506,Rockville,,1,296014,37532,2,2
8991,2,30519,Rockville,,1,296073,37532,2,2
8991,2,30515,Rockville,,1,296915,37532,2,2
8991,2,30510,Rockville,,1,296457,37532,2,2
8991,2,30512,Rockville,,1,296668,37532,2,2
8991,2,30505,Rockville,,1,297290,37532,2,2
8991,2,30531,Rockville,,1,296060,37532,2,2
8991,2,30523,Rockville,,1,296168,37532,2,2
8991,2,30514,Rockville,,1,296083,37532,2,2
8991,2,30528,Rockville,,1,296177,37532,2,2
8991,2,30516,Rockville,,1,296438,37532,2,2
8991,2,30499,Rockville,,1,296423,37532,2,2
8991,2,30533,Rockville,,1,296194,37532,2,2
8991,2,30536,Rockville,,1,296691,37532,2,2
8991,2,30508,Rockville,,1,296710,37532,2,2
8991,2,30535,Rockville,,1,296442,37532,2,2
8991,2,30527,Rockville,,1,296424,37532,2,2
8991,2,30540,Rockville,,1,297295,37532,2,2
8991,2,30555,Rockville,,1,296184,37532,2,2
8991,2,30556,Rockville,,1,296425,37532,2,2
8991,2,30541,Rockville,,1,296915,37532,2,2
8991,2,30542,Rockville,,1,296707,37532,2,2
8991,2,30552,Rockville,,1,296426,37532,2,2
8991,2,30543,Rockville,,1,296682,37532,2,2
8991,2,30544,Rockville,,1,296438,37532,2,2
8991,2,30545,Rockville,,1,296422,37532,2,2
8991,2,30546,Rockville,,1,296441,37532,2,2
8991,2,30547,Rockville,,1,296186,37532,2,2
8991,2,30548,Rockville,,1,297295,37532,2,2
8991,2,30549,Rockville,,1,296705,37532,2,2
8991,2,30553,Rockville,,1,296422,37532,2,2
8992,2,31261,Lakeforest,,0,296042,37534,2,2
8992,2,31262,Lakeforest,,0,296014,37534,2,2
8992,2,31263,Lakeforest,,0,295999,37534,2,2
8992,2,31264,Lakeforest,,0,296043,37534,2,2
8992,2,31265,Lakeforest,,0,296189,37534,2,2
8992,2,31281,Lakeforest,,0,295917,37534,2,2
8992,2,31266,Lakeforest,,0,295999,37534,2,2
8992,2,31284,Lakeforest,,0,295998,37534,2,2
8992,2,31285,Lakeforest,,0,295991,37534,2,2
8992,2,31282,Lakeforest,,0,297299,37534,2,2
8992,2,31267,Lakeforest,,0,295913,37534,2,2
8992,2,31283,Lakeforest,,0,296177,37534,2,2
8992,2,31268,Lakeforest,,0,297345,37534,2,2
8992,2,31269,Lakeforest,,0,296667,37534,2,2
8992,2,31270,Lakeforest,,0,296178,37534,2,2
8992,2,31271,Lakeforest,,0,296915,37534,2,2
8992,2,31272,Lakeforest,,0,296730,37534,2,2
8992,2,31273,Lakeforest,,0,296180,37534,2,2
8992,2,31274,Lakeforest,,0,296186,37534,2,2
8992,2,31275,Lakeforest,,0,296438,37534,2,2
8992,2,31276,Lakeforest,,0,296730,37534,2,2
8992,2,31286,Lakeforest,,0,296428,37534,2,2
8992,2,31277,Lakeforest,,0,296439,37534,2,2
8992,2,31278,Lakeforest,,0,297295,37534,2,2
8992,2,31279,Lakeforest,,0,296425,37534,2,2
8992,2,31280,Lakeforest,,0,296194,37534,2,2
8992,2,31287,Rockville,,1,296043,37536,2,2
8992,2,31288,Rockville,,1,296082,37536,2,2
8992,2,31289,Rockville,,1,296042,37536,2,2
8992,2,31290,Rockville,,1,296082,37536,2,2
8992,2,31291,Rockville,,1,295999,37536,2,2
8992,2,31311,Rockville,,1,295998,37536,2,2
8992,2,31312,Rockville,,1,296014,37536,2,2
8992,2,31292,Rockville,,1,295925,37536,2,2
8992,2,31308,Rockville,,1,296177,37536,2,2
8992,2,31293,Rockville,,1,297285,37536,2,2
8992,2,31309,Rockville,,1,296051,37536,2,2
8992,2,31310,Rockville,,1,295991,37536,2,2
8992,2,31294,Rockville,,1,296072,37536,2,2
8992,2,31295,Rockville,,1,295913,37536,2,2
8992,2,31296,Rockville,,1,296189,37536,2,2
8992,2,31297,Rockville,,1,295991,37536,2,2
8992,2,31298,Rockville,,1,296180,37536,2,2
8992,2,31299,Rockville,,1,296487,37536,2,2
8992,2,31300,Rockville,,1,296915,37536,2,2
8992,2,31301,Rockville,,1,296730,37536,2,2
8992,2,31313,Rockville,,1,296180,37536,2,2
8992,2,31302,Rockville,,1,296186,37536,2,2
8992,2,31303,Rockville,,1,296438,37536,2,2
8992,2,31304,Rockville,,1,296730,37536,2,2
8992,2,31305,Rockville,,1,296186,37536,2,2
8992,2,31306,Rockville,,1,297295,37536,2,2
8992,2,31307,Rockville,,1,296425,37536,2,2
8993,2,31772,Lakeforest,,0,295910,37537,2,2
8993,2,31771,Lakeforest,,0,295999,37537,2,2
8993,2,31742,Lakeforest,,0,295910,37537,2,2
8993,2,31770,Lakeforest,,0,295903,37537,2,2
8993,2,31769,Lakeforest,,0,296167,37537,2,2
8993,2,31768,Lakeforest,,0,295910,37537,2,2
8993,2,31767,Lakeforest,,0,296014,37537,2,2
8993,2,31766,Lakeforest,,0,295925,37537,2,2
8993,2,31765,Lakeforest,,0,296456,37537,2,2
8993,2,31743,Lakeforest,,0,296708,37537,2,2
8993,2,31764,Lakeforest,,0,296051,37537,2,2
8993,2,31763,Lakeforest,,0,297345,37537,2,2
8993,2,31762,Lakeforest,,0,295999,37537,2,2
8993,2,31761,Lakeforest,,0,296423,37537,2,2
8993,2,31760,Lakeforest,,0,296178,37537,2,2
8993,2,31759,Lakeforest,,0,297299,37537,2,2
8993,2,31758,Lakeforest,,0,296708,37537,2,2
8993,2,31757,Lakeforest,,0,296487,37537,2,2
8993,2,31744,Lakeforest,,0,297340,37537,2,2
8993,2,31741,Lakeforest,,0,296667,37537,2,2
8993,2,31740,Lakeforest,,0,296439,37537,2,2
8993,2,31756,Lakeforest,,0,296679,37537,2,2
8993,2,31755,Lakeforest,,0,296457,37537,2,2
8993,2,31754,Lakeforest,,0,296679,37537,2,2
8993,2,31753,Lakeforest,,0,296055,37537,2,2
8993,2,31752,Lakeforest,,0,296194,37537,2,2
8993,2,31751,Lakeforest,,0,296428,37537,2,2
8993,2,31750,Lakeforest,,0,296439,37537,2,2
8993,2,31749,Lakeforest,,0,296424,37537,2,2
8993,2,31748,Lakeforest,,0,296184,37537,2,2
8993,2,31747,Lakeforest,,0,296424,37537,2,2
8993,2,31746,Lakeforest,,0,296184,37537,2,2
8993,2,31745,Lakeforest,,0,296424,37537,2,2
8993,2,31806,Shady Grove,,1,295910,37538,2,2
8993,2,31805,Shady Grove,,1,295999,37538,2,2
8993,2,31773,Shady Grove,,1,295910,37538,2,2
8993,2,31804,Shady Grove,,1,295903,37538,2,2
8993,2,31776,Shady Grove,,1,296167,37538,2,2
8993,2,31779,Shady Grove,,1,295910,37538,2,2
8993,2,31803,Shady Grove,,1,296014,37538,2,2
8993,2,31802,Shady Grove,,1,295925,37538,2,2
8993,2,31801,Shady Grove,,1,296456,37538,2,2
8993,2,31777,Shady Grove,,1,296708,37538,2,2
8993,2,31800,Shady Grove,,1,296051,37538,2,2
8993,2,31799,Shady Grove,,1,297345,37538,2,2
8993,2,31798,Shady Grove,,1,295999,37538,2,2
8993,2,31797,Shady Grove,,1,296423,37538,2,2
8993,2,31796,Shady Grove,,1,297305,37538,2,2
8993,2,31795,Shady Grove,,1,297299,37538,2,2
8993,2,31794,Shady Grove,,1,296708,37538,2,2
8993,2,31793,Shady Grove,,1,295992,37538,2,2
8993,2,31778,Shady Grove,,1,297340,37538,2,2
8993,2,31792,Shady Grove,,1,296667,37538,2,2
8993,2,31775,Shady Grove,,1,296439,37538,2,2
8993,2,31774,Shady Grove,,1,296679,37538,2,2
8993,2,31791,Shady Grove,,1,296457,37538,2,2
8993,2,31790,Shady Grove,,1,296679,37538,2,2
8993,2,31789,Shady Grove,,1,296055,37538,2,2
8993,2,31788,Shady Grove,,1,296194,37538,2,2
8993,2,31787,Shady Grove,,1,296428,37538,2,2
8993,2,31786,Shady Grove,,1,296439,37538,2,2
8993,2,31785,Shady Grove,,1,296424,37538,2,2
8993,2,31784,Shady Grove,,1,296184,37538,2,2
8993,2,31783,Shady Grove,,1,296424,37538,2,2
8993,2,31782,Shady Grove,,1,296184,37538,2,2
8993,2,31781,Shady Grove,,1,296424,37538,2,2
8993,2,31780,Shady Grove,,1,296184,37538,2,2
8994,2,32238,Lakeforest,,0,296051,37540,2,2
8994,2,32239,Lakeforest,,0,297288,37540,2,2
8994,2,32240,Lakeforest,,0,295925,37540,2,2
8994,2,32241,Lakeforest,,0,296456,37540,2,2
8994,2,32242,Lakeforest,,0,296073,37540,2,2
8994,2,32243,Lakeforest,,0,296051,37540,2,2
8994,2,32244,Lakeforest,,0,297345,37540,2,2
8994,2,32245,Lakeforest,,0,296073,37540,2,2
8994,2,32246,Lakeforest,,0,297340,37540,2,2
8994,2,32247,Lakeforest,,0,296072,37540,2,2
8994,2,32248,Lakeforest,,0,297340,37540,2,2
8994,2,32249,Lakeforest,,0,295992,37540,2,2
8994,2,32250,Lakeforest,,0,297340,37540,2,2
8994,2,32251,Lakeforest,,0,297331,37540,2,2
8994,2,32252,Lakeforest,,0,296167,37540,2,2
8994,2,32253,Lakeforest,,0,296046,37540,2,2
8994,2,32254,Lakeforest,,0,296426,37540,2,2
8994,2,32255,Lakeforest,,0,296667,37540,2,2
8994,2,32256,Lakeforest,,0,297333,37540,2,2
8994,2,32257,Lakeforest,,0,296441,37540,2,2
8994,2,32258,Lakeforest,,0,296681,37540,2,2
8994,2,32259,Lakeforest,,0,296430,37540,2,2
8994,2,32260,Lakeforest,,0,296681,37540,2,2
8994,2,32261,Lakeforest,,0,296429,37540,2,2
8994,2,32262,Shady Grove,,1,296072,37542,2,2
8994,2,32263,Shady Grove,,1,296051,37542,2,2
8994,2,32264,Shady Grove,,1,297288,37542,2,2
8994,2,32265,Shady Grove,,1,296167,37542,2,2
8994,2,32266,Shady Grove,,1,295910,37542,2,2
8994,2,32267,Shady Grove,,1,296073,37542,2,2
8994,2,32268,Shady Grove,,1,296189,37542,2,2
8994,2,32269,Shady Grove,,1,295917,37542,2,2
8994,2,32270,Shady Grove,,1,296073,37542,2,2
8994,2,32271,Shady Grove,,1,297340,37542,2,2
8994,2,32272,Shady Grove,,1,295999,37542,2,2
8994,2,32273,Shady Grove,,1,297340,37542,2,2
8994,2,32274,Shady Grove,,1,296177,37542,2,2
8994,2,32275,Shady Grove,,1,297345,37542,2,2
8994,2,32276,Shady Grove,,1,297331,37542,2,2
8994,2,32277,Shady Grove,,1,296167,37542,2,2
8994,2,32278,Shady Grove,,1,296667,37542,2,2
8994,2,32279,Shady Grove,,1,296426,37542,2,2
8994,2,32280,Shady Grove,,1,296667,37542,2,2
8994,2,32281,Shady Grove,,1,297333,37542,2,2
8994,2,32282,Shady Grove,,1,296441,37542,2,2
8994,2,32283,Shady Grove,,1,296681,37542,2,2
8994,2,32284,Shady Grove,,1,296430,37542,2,2
8994,2,32285,Shady Grove,,1,296681,37542,2,2
8994,2,32286,Shady Grove,,1,296429,37542,2,2
8995,2,32679,Montgomery Village,,0,295917,37544,2,2
8995,2,32672,Montgomery Village,,0,295925,37544,2,2
8995,2,32680,Montgomery Village,,0,296064,37544,2,2
8995,2,32681,Montgomery Village,,0,296077,37544,2,2
8995,2,32682,Montgomery Village,,0,295921,37544,2,2
8995,2,32683,Montgomery Village,,0,296159,37544,2,2
8995,2,32692,Montgomery Village,,0,296083,37544,2,2
8995,2,32684,Montgomery Village,,0,296077,37544,2,2
8995,2,32685,Montgomery Village,,0,295922,37544,2,2
8995,2,32686,Montgomery Village,,0,296075,37544,2,2
8995,2,32700,Montgomery Village,,0,296681,37544,2,2
8995,2,32687,Montgomery Village,,0,295906,37544,2,2
8995,2,32688,Montgomery Village,,0,295922,37544,2,2
8995,2,32703,Montgomery Village,,0,296058,37544,2,2
8995,2,32704,Montgomery Village,,0,296191,37544,2,2
8995,2,32689,Montgomery Village,,0,296726,37544,2,2
8995,2,32690,Montgomery Village,,0,297311,37544,2,2
8995,2,32691,Montgomery Village,,0,296055,37544,2,2
8995,2,32677,Montgomery Village,,0,296671,37544,2,2
8995,2,32676,Montgomery Village,,0,297290,37544,2,2
8995,2,32675,Montgomery Village,,0,296185,37544,2,2
8995,2,32693,Montgomery Village,,0,296420,37544,2,2
8995,2,32694,Montgomery Village,,0,296671,37544,2,2
8995,2,32673,Montgomery Village,,0,297290,37544,2,2
8995,2,32695,Montgomery Village,,0,296418,37544,2,2
8995,2,32696,Montgomery Village,,0,296453,37544,2,2
8995,2,32697,Montgomery Village,,0,296706,37544,2,2
8995,2,32678,Montgomery Village,,0,296185,37544,2,2
8995,2,32698,Montgomery Village,,0,296416,37544,2,2
8995,2,32699,Montgomery Village,,0,296453,37544,2,2
8995,2,32701,Montgomery Village,,0,296428,37544,2,2
8995,2,32702,Montgomery Village,,0,296416,37544,2,2
8995,2,32674,Montgomery Village,,0,296386,37544,2,2
8995,2,32716,Rockville,,1,296075,37545,2,2
8995,2,32717,Rockville,,1,296014,37545,2,2
8995,2,32734,Rockville,,1,296083,37545,2,2
8995,2,32718,Rockville,,1,295991,37545,2,2
8995,2,32706,Rockville,,1,296064,37545,2,2
8995,2,32719,Rockville,,1,296077,37545,2,2
8995,2,32720,Rockville,,1,295921,37545,2,2
8995,2,32736,Rockville,,1,296159,37545,2,2
8995,2,32721,Rockville,,1,296083,37545,2,2
8995,2,32710,Rockville,,1,296077,37545,2,2
8995,2,32722,Rockville,,1,295922,37545,2,2
8995,2,32723,Rockville,,1,296058,37545,2,2
8995,2,32724,Rockville,,1,297288,37545,2,2
8995,2,32725,Rockville,,1,295906,37545,2,2
8995,2,32726,Rockville,,1,295922,37545,2,2
8995,2,32727,Rockville,,1,296058,37545,2,2
8995,2,32737,Rockville,,1,296191,37545,2,2
8995,2,32728,Rockville,,1,296726,37545,2,2
8995,2,32729,Rockville,,1,296706,37545,2,2
8995,2,32730,Rockville,,1,296055,37545,2,2
8995,2,32731,Rockville,,1,296671,37545,2,2
8995,2,32732,Rockville,,1,297290,37545,2,2
8995,2,32709,Rockville,,1,296185,37545,2,2
8995,2,32708,Rockville,,1,296420,37545,2,2
8995,2,32707,Rockville,,1,296671,37545,2,2
8995,2,32733,Rockville,,1,297290,37545,2,2
8995,2,32715,Rockville,,1,296416,37545,2,2
8995,2,32714,Rockville,,1,296453,37545,2,2
8995,2,32713,Rockville,,1,296706,37545,2,2
8995,2,32735,Rockville,,1,296185,37545,2,2
8995,2,32712,Rockville,,1,296416,37545,2,2
8995,2,32711,Rockville,,1,296453,37545,2,2
8995,2,32705,Rockville,,1,296428,37545,2,2
8998,2,33446,Germantown Trans Cntr via Watkins Mill Rd,,0,295913,37550,2,2
8998,2,33445,Germantown Trans Cntr via Watkins Mill Rd,,0,295917,37550,2,2
8998,2,33444,Germantown Trans Cntr via Watkins Mill Rd,,0,296087,37550,2,2
8998,2,33443,Germantown Trans Cntr via Watkins Mill Rd,,0,297285,37550,2,2
8998,2,33442,Germantown Trans Cntr via Watkins Mill Rd,,0,297305,37550,2,2
8998,2,33441,Germantown Trans Cntr via Watkins Mill Rd,,0,296457,37550,2,2
8998,2,33440,Germantown Trans Cntr via Watkins Mill Rd,,0,295910,37550,2,2
8998,2,33439,Germantown Trans Cntr via Watkins Mill Rd,,0,296042,37550,2,2
8998,2,33438,Germantown Trans Cntr via Watkins Mill Rd,,0,295917,37550,2,2
8998,2,33437,Germantown Trans Cntr via Watkins Mill Rd,,0,296073,37550,2,2
8998,2,33448,Germantown Trans Cntr via Watkins Mill Rd,,0,296083,37550,2,2
8998,2,33424,Germantown Trans Cntr via Watkins Mill Rd,,0,296682,37550,2,2
8998,2,33436,Germantown Trans Cntr via Watkins Mill Rd,,0,296175,37550,2,2
8998,2,33435,Germantown Trans Cntr via Watkins Mill Rd,,0,296438,37550,2,2
8998,2,33434,Germantown Trans Cntr via Watkins Mill Rd,,0,296425,37550,2,2
8998,2,33433,Germantown Trans Cntr via Watkins Mill Rd,,0,297285,37550,2,2
8998,2,33449,Germantown Trans Cntr via Watkins Mill Rd,,0,296167,37550,2,2
8998,2,33432,Germantown Trans Cntr via Watkins Mill Rd,,0,297295,37550,2,2
8998,2,33431,Germantown Trans Cntr via Watkins Mill Rd,,0,296425,37550,2,2
8998,2,33430,Germantown Trans Cntr via Watkins Mill Rd,,0,296526,37550,2,2
8998,2,33423,Germantown Trans Cntr via Watkins Mill Rd,,0,296705,37550,2,2
8998,2,33447,Germantown Trans Cntr via Watkins Mill Rd,,0,295922,37550,2,2
8998,2,33429,Germantown Trans Cntr via Watkins Mill Rd,,0,296196,37550,2,2
8998,2,33428,Germantown Trans Cntr via Watkins Mill Rd,,0,296691,37550,2,2
8998,2,33427,Germantown Trans Cntr via Watkins Mill Rd,,0,296667,37550,2,2
8998,2,33426,Germantown Trans Cntr via Watkins Mill Rd,,0,296442,37550,2,2
8998,2,33425,Germantown Trans Cntr via Watkins Mill Rd,,0,296705,37550,2,2
8998,2,33473,Shady Grove via Watkins Mill Rd,,1,295906,37552,2,2
8998,2,33472,Shady Grove via Watkins Mill Rd,,1,295989,37552,2,2
8998,2,33471,Shady Grove via Watkins Mill Rd,,1,296058,37552,2,2
8998,2,33470,Shady Grove via Watkins Mill Rd,,1,295989,37552,2,2
8998,2,33469,Shady Grove via Watkins Mill Rd,,1,296175,37552,2,2
8998,2,33468,Shady Grove via Watkins Mill Rd,,1,296180,37552,2,2
8998,2,33467,Shady Grove via Watkins Mill Rd,,1,296178,37552,2,2
8998,2,33466,Shady Grove via Watkins Mill Rd,,1,296172,37552,2,2
8998,2,33465,Shady Grove via Watkins Mill Rd,,1,295992,37552,2,2
8998,2,33464,Shady Grove via Watkins Mill Rd,,1,296178,37552,2,2
8998,2,33463,Shady Grove via Watkins Mill Rd,,1,296172,37552,2,2
8998,2,33474,Shady Grove via Watkins Mill Rd,,1,296487,37552,2,2
8998,2,33475,Shady Grove via Watkins Mill Rd,,1,295925,37552,2,2
8998,2,33462,Shady Grove via Watkins Mill Rd,,1,296681,37552,2,2
8998,2,33461,Shady Grove via Watkins Mill Rd,,1,295984,37552,2,2
8998,2,33460,Shady Grove via Watkins Mill Rd,,1,296426,37552,2,2
8998,2,33459,Shady Grove via Watkins Mill Rd,,1,296682,37552,2,2
8998,2,33476,Shady Grove via Watkins Mill Rd,,1,296175,37552,2,2
8998,2,33458,Shady Grove via Watkins Mill Rd,,1,296184,37552,2,2
8998,2,33450,Shady Grove via Watkins Mill Rd,,1,296707,37552,2,2
8998,2,33457,Shady Grove via Watkins Mill Rd,,1,295922,37552,2,2
8998,2,33456,Shady Grove via Watkins Mill Rd,,1,295924,37552,2,2
8998,2,33455,Shady Grove via Watkins Mill Rd,,1,296422,37552,2,2
8998,2,33454,Shady Grove via Watkins Mill Rd,,1,295922,37552,2,2
8998,2,33453,Shady Grove via Watkins Mill Rd,,1,296705,37552,2,2
8998,2,33452,Shady Grove via Watkins Mill Rd,,1,296691,37552,2,2
8998,2,33451,Shady Grove via Watkins Mill Rd,,1,296679,37552,2,2
9000,2,34052,Montgomery Village,,0,296072,37557,2,2
9000,2,34051,Montgomery Village,,0,296168,37557,2,2
9000,2,34050,Montgomery Village,,0,297288,37557,2,2
9000,2,34049,Montgomery Village,,0,296167,37557,2,2
9000,2,34048,Montgomery Village,,0,296046,37557,2,2
9000,2,34047,Montgomery Village,,0,296072,37557,2,2
9000,2,34053,Montgomery Village,,0,296058,37557,2,2
9000,2,34054,Montgomery Village,,0,297288,37557,2,2
9000,2,34046,Montgomery Village,,0,295984,37557,2,2
9000,2,34055,Montgomery Village,,0,297331,37557,2,2
9000,2,34045,Montgomery Village,,0,295989,37557,2,2
9000,2,34044,Montgomery Village,,0,296046,37557,2,2
9000,2,34043,Montgomery Village,,0,296706,37557,2,2
9000,2,34042,Montgomery Village,,0,296681,37557,2,2
9000,2,34041,Montgomery Village,,0,295924,37557,2,2
9000,2,34040,Montgomery Village,,0,296441,37557,2,2
9000,2,34039,Montgomery Village,,0,296681,37557,2,2
9000,2,34038,Montgomery Village,,0,296416,37557,2,2
9000,2,34037,Montgomery Village,,0,296667,37557,2,2
9000,2,34036,Montgomery Village,,0,296416,37557,2,2
9000,2,34035,Montgomery Village,,0,296667,37557,2,2
9000,2,34034,Montgomery Village,,0,296418,37557,2,2
9000,2,34033,Montgomery Village,,0,296429,37557,2,2
9000,2,34032,Montgomery Village,,0,296418,37557,2,2
9000,2,34076,Shady Grove,,1,295917,37558,2,2
9000,2,34075,Shady Grove,,1,295925,37558,2,2
9000,2,34074,Shady Grove,,1,296072,37558,2,2
9000,2,34056,Shady Grove,,1,296168,37558,2,2
9000,2,34073,Shady Grove,,1,297288,37558,2,2
9000,2,34072,Shady Grove,,1,296167,37558,2,2
9000,2,34071,Shady Grove,,1,296046,37558,2,2
9000,2,34070,Shady Grove,,1,296072,37558,2,2
9000,2,34077,Shady Grove,,1,296075,37558,2,2
9000,2,34069,Shady Grove,,1,296681,37558,2,2
9000,2,34078,Shady Grove,,1,295984,37558,2,2
9000,2,34079,Shady Grove,,1,297331,37558,2,2
9000,2,34068,Shady Grove,,1,295989,37558,2,2
9000,2,34067,Shady Grove,,1,296046,37558,2,2
9000,2,34066,Shady Grove,,1,297311,37558,2,2
9000,2,34065,Shady Grove,,1,296681,37558,2,2
9000,2,34064,Shady Grove,,1,295924,37558,2,2
9000,2,34063,Shady Grove,,1,296441,37558,2,2
9000,2,34062,Shady Grove,,1,296681,37558,2,2
9000,2,34061,Shady Grove,,1,296416,37558,2,2
9000,2,34060,Shady Grove,,1,296667,37558,2,2
9000,2,34059,Shady Grove,,1,296418,37558,2,2
9000,2,34058,Shady Grove,,1,296667,37558,2,2
9000,2,34057,Shady Grove,,1,296418,37558,2,2
9008,2,34944,Germantown Trans Cntr,,0,296456,37579,2,2
9008,2,34924,Germantown Trans Cntr,,0,295992,37579,2,2
9008,2,34943,Germantown Trans Cntr,,0,296074,37579,2,2
9008,2,34942,Germantown Trans Cntr,,0,295906,37579,2,2
9008,2,34941,Germantown Trans Cntr,,0,296087,37579,2,2
9008,2,34926,Germantown Trans Cntr,,0,296668,37579,2,2
9008,2,34940,Germantown Trans Cntr,,0,295992,37579,2,2
9008,2,34925,Germantown Trans Cntr,,0,296178,37579,2,2
9008,2,34923,Germantown Trans Cntr,,0,296172,37579,2,2
9008,2,34938,Germantown Trans Cntr,,0,295992,37579,2,2
9008,2,34939,Germantown Trans Cntr,,0,296710,37579,2,2
9008,2,34937,Germantown Trans Cntr,,0,296681,37579,2,2
9008,2,34936,Germantown Trans Cntr,,0,295984,37579,2,2
9008,2,34935,Germantown Trans Cntr,,0,296074,37579,2,2
9008,2,34934,Germantown Trans Cntr,,0,296691,37579,2,2
9008,2,34931,Germantown Trans Cntr,,0,296194,37579,2,2
9008,2,34933,Germantown Trans Cntr,,0,296710,37579,2,2
9008,2,34922,Germantown Trans Cntr,,0,296682,37579,2,2
9008,2,34921,Germantown Trans Cntr,,0,297293,37579,2,2
9008,2,34930,Germantown Trans Cntr,,0,296189,37579,2,2
9008,2,34929,Germantown Trans Cntr,,0,296682,37579,2,2
9008,2,34932,Germantown Trans Cntr,,0,296426,37579,2,2
9008,2,34928,Germantown Trans Cntr,,0,296441,37579,2,2
9008,2,34927,Germantown Trans Cntr,,0,296526,37579,2,2
9008,2,34968,Shady Grove,,1,296051,37580,2,2
9008,2,34967,Shady Grove,,1,296087,37580,2,2
9008,2,34966,Shady Grove,,1,296172,37580,2,2
9008,2,34951,Shady Grove,,1,297305,37580,2,2
9008,2,34965,Shady Grove,,1,296046,37580,2,2
9008,2,34950,Shady Grove,,1,296042,37580,2,2
9008,2,34949,Shady Grove,,1,296668,37580,2,2
9008,2,34964,Shady Grove,,1,296074,37580,2,2
9008,2,34948,Shady Grove,,1,296487,37580,2,2
9008,2,34963,Shady Grove,,1,297343,37580,2,2
9008,2,34962,Shady Grove,,1,295917,37580,2,2
9008,2,34961,Shady Grove,,1,296710,37580,2,2
9008,2,34960,Shady Grove,,1,296082,37580,2,2
9008,2,34959,Shady Grove,,1,296425,37580,2,2
9008,2,34958,Shady Grove,,1,296074,37580,2,2
9008,2,34947,Shady Grove,,1,296087,37580,2,2
9008,2,34946,Shady Grove,,1,296425,37580,2,2
9008,2,34945,Shady Grove,,1,296189,37580,2,2
9008,2,34957,Shady Grove,,1,296917,37580,2,2
9008,2,34956,Shady Grove,,1,297293,37580,2,2
9008,2,34955,Shady Grove,,1,296189,37580,2,2
9008,2,34954,Shady Grove,,1,296196,37580,2,2
9008,2,34953,Shady Grove,,1,296691,37580,2,2
9008,2,34952,Shady Grove,,1,296442,37580,2,2
9009,2,35284,Clarksburg M. C. C. F.,,0,296456,37583,2,2
9009,2,35285,Clarksburg M. C. C. F.,,0,295992,37583,2,2
9009,2,35286,Clarksburg M. C. C. F.,,0,296673,37583,2,2
9009,2,35287,Clarksburg M. C. C. F.,,0,296172,37583,2,2
9009,2,35288,Clarksburg M. C. C. F.,,0,297333,37583,2,2
9009,2,35289,Clarksburg M. C. C. F.,,0,296078,37583,2,2
9009,2,35290,Clarksburg M. C. C. F.,,0,296168,37583,2,2
9009,2,35291,Clarksburg M. C. C. F.,,0,296078,37583,2,2
9009,2,35292,Clarksburg M. C. C. F.,,0,296046,37583,2,2
9009,2,35293,Clarksburg M. C. C. F.,,0,296078,37583,2,2
9009,2,35294,Clarksburg M. C. C. F.,,0,296083,37583,2,2
9009,2,35295,Clarksburg M. C. C. F.,,0,296682,37583,2,2
9009,2,35296,Clarksburg M. C. C. F.,,0,296175,37583,2,2
9009,2,35297,Clarksburg M. C. C. F.,,0,296430,37583,2,2
9009,2,35298,Clarksburg M. C. C. F.,,0,296707,37583,2,2
9009,2,35299,Clarksburg M. C. C. F.,,0,295922,37583,2,2
9009,2,35300,Clarksburg M. C. C. F.,,0,295924,37583,2,2
9009,2,35301,Clarksburg M. C. C. F.,,0,296422,37583,2,2
9009,2,35302,Clarksburg M. C. C. F.,,0,296682,37583,2,2
9009,2,35303,Clarksburg M. C. C. F.,,0,296705,37583,2,2
9009,2,35304,Clarksburg M. C. C. F.,,0,296441,37583,2,2
9009,2,35305,Clarksburg M. C. C. F.,,0,296679,37583,2,2
9009,2,35306,Clarksburg M. C. C. F.,,0,296730,37583,2,2
9009,2,35307,Germantown Trans Cntr,,1,296456,37587,2,2
9009,2,35308,Germantown Trans Cntr,,1,295992,37587,2,2
9009,2,35309,Germantown Trans Cntr,,1,296673,37587,2,2
9009,2,35310,Germantown Trans Cntr,,1,296172,37587,2,2
9009,2,35311,Germantown Trans Cntr,,1,297333,37587,2,2
9009,2,35312,Germantown Trans Cntr,,1,296078,37587,2,2
9009,2,35313,Germantown Trans Cntr,,1,296168,37587,2,2
9009,2,35314,Germantown Trans Cntr,,1,296078,37587,2,2
9009,2,35315,Germantown Trans Cntr,,1,296046,37587,2,2
9009,2,35316,Germantown Trans Cntr,,1,296078,37587,2,2
9009,2,35317,Germantown Trans Cntr,,1,296083,37587,2,2
9009,2,35318,Germantown Trans Cntr,,1,296682,37587,2,2
9009,2,35319,Germantown Trans Cntr,,1,296175,37587,2,2
9009,2,35320,Germantown Trans Cntr,,1,296430,37587,2,2
9009,2,35321,Germantown Trans Cntr,,1,296707,37587,2,2
9009,2,35322,Germantown Trans Cntr,,1,295922,37587,2,2
9009,2,35323,Germantown Trans Cntr,,1,295924,37587,2,2
9009,2,35324,Germantown Trans Cntr,,1,296422,37587,2,2
9009,2,35325,Germantown Trans Cntr,,1,296682,37587,2,2
9009,2,35326,Germantown Trans Cntr,,1,296705,37587,2,2
9009,2,35327,Germantown Trans Cntr,,1,296441,37587,2,2
9009,2,35328,Germantown Trans Cntr,,1,296679,37587,2,2
9009,2,35329,Germantown Trans Cntr,,1,296730,37587,2,2
9010,2,35630,Darnestown & Quince Orchard Rd,,0,296074,37589,2,2
9010,2,35631,Darnestown & Quince Orchard Rd,,0,295984,37589,2,2
9010,2,35632,Darnestown & Quince Orchard Rd,,0,296058,37589,2,2
9010,2,35633,Darnestown & Quince Orchard Rd,,0,295989,37589,2,2
9010,2,35634,Darnestown & Quince Orchard Rd,,0,296175,37589,2,2
9010,2,35635,Darnestown & Quince Orchard Rd,,0,295984,37589,2,2
9010,2,35636,Darnestown & Quince Orchard Rd,,0,296180,37589,2,2
9010,2,35637,Darnestown & Quince Orchard Rd,,0,296167,37589,2,2
9010,2,35638,Darnestown & Quince Orchard Rd,,0,296175,37589,2,2
9010,2,35639,Darnestown & Quince Orchard Rd,,0,295917,37589,2,2
9010,2,35640,Darnestown & Quince Orchard Rd,,0,297305,37589,2,2
9010,2,35641,Darnestown & Quince Orchard Rd,,0,295989,37589,2,2
9010,2,35642,Darnestown & Quince Orchard Rd,,0,296416,37589,2,2
9010,2,35643,Darnestown & Quince Orchard Rd,,0,296526,37589,2,2
9010,2,35644,Darnestown & Quince Orchard Rd,,0,296175,37589,2,2
9010,2,35645,Darnestown & Quince Orchard Rd,,0,296426,37589,2,2
9010,2,35646,Darnestown & Quince Orchard Rd,,0,297333,37589,2,2
9010,2,35647,Darnestown & Quince Orchard Rd,,0,296526,37589,2,2
9010,2,35648,Shady Grove,,1,296074,37593,2,2
9010,2,35649,Shady Grove,,1,295984,37593,2,2
9010,2,35650,Shady Grove,,1,296058,37593,2,2
9010,2,35651,Shady Grove,,1,295989,37593,2,2
9010,2,35652,Shady Grove,,1,296175,37593,2,2
9010,2,35653,Shady Grove,,1,295984,37593,2,2
9010,2,35654,Shady Grove,,1,296180,37593,2,2
9010,2,35655,Shady Grove,,1,296167,37593,2,2
9010,2,35656,Shady Grove,,1,296175,37593,2,2
9010,2,35657,Shady Grove,,1,295917,37593,2,2
9010,2,35658,Shady Grove,,1,297305,37593,2,2
9010,2,35659,Shady Grove,,1,295989,37593,2,2
9010,2,35660,Shady Grove,,1,296416,37593,2,2
9010,2,35661,Shady Grove,,1,296526,37593,2,2
9010,2,35662,Shady Grove,,1,296175,37593,2,2
9010,2,35663,Shady Grove,,1,296426,37593,2,2
9010,2,35664,Shady Grove,,1,297333,37593,2,2
9010,2,35665,Shady Grove,,1,296526,37593,2,2
9011,2,35855,Kingsview,,0,295906,37597,2,2
9011,2,35856,Kingsview,,0,296073,37597,2,2
9011,2,35857,Kingsview,,0,295984,37597,2,2
9011,2,35858,Kingsview,,0,296058,37597,2,2
9011,2,35859,Kingsview,,0,296055,37597,2,2
9011,2,35860,Kingsview,,0,296175,37597,2,2
9011,2,35861,Kingsview,,0,296055,37597,2,2
9011,2,35862,Kingsview,,0,296668,37597,2,2
9011,2,35863,Kingsview,,0,296074,37597,2,2
9011,2,35864,Kingsview,,0,296167,37597,2,2
9011,2,35865,Kingsview,,0,297333,37597,2,2
9011,2,35866,Kingsview,,0,297305,37597,2,2
9011,2,35867,Kingsview,,0,297333,37597,2,2
9011,2,35868,Kingsview,,0,297305,37597,2,2
9011,2,35869,Kingsview,,0,296705,37597,2,2
9011,2,35870,Kingsview,,0,296917,37597,2,2
9011,2,35871,Kingsview,,0,296429,37597,2,2
9011,2,35872,Kingsview,,0,297333,37597,2,2
9011,2,35873,Shady Grove,,1,297288,37599,2,2
9011,2,35874,Shady Grove,,1,295906,37599,2,2
9011,2,35875,Shady Grove,,1,296073,37599,2,2
9011,2,35876,Shady Grove,,1,295984,37599,2,2
9011,2,35877,Shady Grove,,1,296058,37599,2,2
9011,2,35878,Shady Grove,,1,296055,37599,2,2
9011,2,35879,Shady Grove,,1,296175,37599,2,2
9011,2,35880,Shady Grove,,1,296055,37599,2,2
9011,2,35881,Shady Grove,,1,296668,37599,2,2
9011,2,35882,Shady Grove,,1,296074,37599,2,2
9011,2,35883,Shady Grove,,1,296167,37599,2,2
9011,2,35884,Shady Grove,,1,297333,37599,2,2
9011,2,35885,Shady Grove,,1,297305,37599,2,2
9011,2,35886,Shady Grove,,1,297333,37599,2,2
9011,2,35887,Shady Grove,,1,297305,37599,2,2
9011,2,35888,Shady Grove,,1,296705,37599,2,2
9011,2,35889,Shady Grove,,1,296917,37599,2,2
9011,2,35890,Shady Grove,,1,296429,37599,2,2
9013,2,40799,Wheaton,,0,295700,37603,2,2
9013,2,40798,Wheaton,,0,295699,37603,2,2
9013,2,40797,Wheaton,,0,295698,37603,2,2
9013,2,40796,Wheaton,,0,295699,37603,2,2
9013,2,40795,Wheaton,,0,295698,37603,2,2
9013,2,40794,Wheaton,,0,295697,37603,2,2
9013,2,40793,Wheaton,,0,295695,37603,2,2
9013,2,40792,Wheaton,,0,295697,37603,2,2
9013,2,40791,Wheaton,,0,295696,37603,2,2
9013,2,40790,Wheaton,,0,295695,37603,2,2
9013,2,40789,Wheaton,,0,295696,37603,2,2
9013,2,40788,Wheaton,,0,295695,37603,2,2
9013,2,40787,Wheaton,,0,295692,37603,2,2
9013,2,40786,Wheaton,,0,295694,37603,2,2
9013,2,40785,Wheaton,,0,295693,37603,2,2
9013,2,40800,Wheaton,,0,295692,37603,2,2
9013,2,40801,Wheaton,,0,295693,37603,2,2
9013,2,40784,Wheaton,,0,295692,37603,2,2
9013,2,40818,Silver Spring,,1,295699,37605,2,2
9013,2,40817,Silver Spring,,1,295698,37605,2,2
9013,2,40816,Silver Spring,,1,295699,37605,2,2
9013,2,40815,Silver Spring,,1,295698,37605,2,2
9013,2,40814,Silver Spring,,1,295693,37605,2,2
9013,2,40813,Silver Spring,,1,295700,37605,2,2
9013,2,40812,Silver Spring,,1,295697,37605,2,2
9013,2,40811,Silver Spring,,1,295695,37605,2,2
9013,2,40810,Silver Spring,,1,295697,37605,2,2
9013,2,40809,Silver Spring,,1,295696,37605,2,2
9013,2,40808,Silver Spring,,1,295695,37605,2,2
9013,2,40807,Silver Spring,,1,295692,37605,2,2
9013,2,40806,Silver Spring,,1,295695,37605,2,2
9013,2,40805,Silver Spring,,1,295693,37605,2,2
9013,2,40804,Silver Spring,,1,295692,37605,2,2
9013,2,40819,Silver Spring,,1,295693,37605,2,2
9013,2,40803,Silver Spring,,1,295692,37605,2,2
9013,2,40802,Silver Spring,,1,295693,37605,2,2
9015,2,36615,Holy Cross Germ,,0,296084,37610,2,2
9015,2,36616,Holy Cross Germ,,0,297342,37610,2,2
9015,2,36614,Holy Cross Germ,,0,296084,37610,2,2
9015,2,36617,Holy Cross Germ,,0,297342,37610,2,2
9015,2,36618,Holy Cross Germ,,0,296084,37610,2,2
9015,2,36613,Holy Cross Germ,,0,297342,37610,2,2
9015,2,36612,Holy Cross Germ,,0,296169,37610,2,2
9015,2,36611,Holy Cross Germ,,0,297342,37610,2,2
9015,2,36621,Holy Cross Germ,,0,296169,37610,2,2
9015,2,36622,Holy Cross Germ,,0,296936,37610,2,2
9015,2,36610,Holy Cross Germ,,0,296169,37610,2,2
9015,2,36609,Holy Cross Germ,,0,296084,37610,2,2
9015,2,36608,Holy Cross Germ,,0,296161,37610,2,2
9015,2,36607,Holy Cross Germ,,0,296084,37610,2,2
9015,2,36606,Holy Cross Germ,,0,296936,37610,2,2
9015,2,36605,Holy Cross Germ,,0,297259,37610,2,2
9015,2,36604,Holy Cross Germ,,0,296936,37610,2,2
9015,2,36603,Holy Cross Germ,,0,297259,37610,2,2
9015,2,36619,Holy Cross Germ,,0,296936,37610,2,2
9015,2,36602,Holy Cross Germ,,0,297259,37610,2,2
9015,2,36601,Holy Cross Germ,,0,296936,37610,2,2
9015,2,36620,Holy Cross Germ,,0,297260,37610,2,2
9015,2,36636,Germantown Trans Cntr,,1,296084,37614,2,2
9015,2,36635,Germantown Trans Cntr,,1,297342,37614,2,2
9015,2,36637,Germantown Trans Cntr,,1,296084,37614,2,2
9015,2,36634,Germantown Trans Cntr,,1,297342,37614,2,2
9015,2,36639,Germantown Trans Cntr,,1,296084,37614,2,2
9015,2,36638,Germantown Trans Cntr,,1,297342,37614,2,2
9015,2,36640,Germantown Trans Cntr,,1,296169,37614,2,2
9015,2,36633,Germantown Trans Cntr,,1,297342,37614,2,2
9015,2,36642,Germantown Trans Cntr,,1,296169,37614,2,2
9015,2,36643,Germantown Trans Cntr,,1,296936,37614,2,2
9015,2,36641,Germantown Trans Cntr,,1,296169,37614,2,2
9015,2,36632,Germantown Trans Cntr,,1,296084,37614,2,2
9015,2,36631,Germantown Trans Cntr,,1,296161,37614,2,2
9015,2,36630,Germantown Trans Cntr,,1,296084,37614,2,2
9015,2,36629,Germantown Trans Cntr,,1,296936,37614,2,2
9015,2,36628,Germantown Trans Cntr,,1,297259,37614,2,2
9015,2,36627,Germantown Trans Cntr,,1,296936,37614,2,2
9015,2,36626,Germantown Trans Cntr,,1,297259,37614,2,2
9015,2,36624,Germantown Trans Cntr,,1,296936,37614,2,2
9015,2,36623,Germantown Trans Cntr,,1,297259,37614,2,2
9015,2,36625,Germantown Trans Cntr,,1,296936,37614,2,2
9015,2,36644,Germantown Trans Cntr,,1,297260,37614,2,2
9016,2,40820,Wheaton,,0,295701,37617,2,2
9016,2,40821,Wheaton,,0,295702,37617,2,2
9016,2,40822,Wheaton,,0,295703,37617,2,2
9016,2,40823,Wheaton,,0,295673,37617,2,2
9016,2,40824,Wheaton,,0,295704,37617,2,2
9016,2,40825,Wheaton,,0,295705,37617,2,2
9016,2,40826,Wheaton,,0,295706,37617,2,2
9016,2,40827,Wheaton,,0,295707,37617,2,2
9016,2,40828,Wheaton,,0,295677,37617,2,2
9016,2,40829,Wheaton,,0,295708,37617,2,2
9016,2,40830,Wheaton,,0,295680,37617,2,2
9016,2,40831,Wheaton,,0,295656,37617,2,2
9016,2,40832,Wheaton,,0,295709,37617,2,2
9016,2,40833,Wheaton,,0,295654,37617,2,2
9016,2,40834,Wheaton,,0,295710,37617,2,2
9016,2,40835,Wheaton,,0,295683,37617,2,2
9016,2,40836,Wheaton,,0,295711,37617,2,2
9016,2,40837,Wheaton,,0,295666,37617,2,2
9016,2,40838,Wheaton,,0,295712,37617,2,2
9016,2,40839,Wheaton,,0,295653,37617,2,2
9016,2,40840,Wheaton,,0,295667,37617,2,2
9016,2,40841,Wheaton,,0,295724,37617,2,2
9016,2,40844,Wheaton,,0,295715,37617,2,2
9016,2,40842,Wheaton,,0,295714,37617,2,2
9016,2,40843,Wheaton,,0,295688,37617,2,2
9016,2,40867,Silver Spring,,1,295677,37618,2,2
9016,2,40845,Silver Spring,,1,295676,37618,2,2
9016,2,40846,Silver Spring,,1,295716,37618,2,2
9016,2,40847,Silver Spring,,1,295702,37618,2,2
9016,2,40848,Silver Spring,,1,295706,37618,2,2
9016,2,40849,Silver Spring,,1,295708,37618,2,2
9016,2,40850,Silver Spring,,1,295704,37618,2,2
9016,2,40851,Silver Spring,,1,295672,37618,2,2
9016,2,40852,Silver Spring,,1,295673,37618,2,2
9016,2,40853,Silver Spring,,1,295682,37618,2,2
9016,2,40854,Silver Spring,,1,295698,37618,2,2
9016,2,40855,Silver Spring,,1,295703,37618,2,2
9016,2,40856,Silver Spring,,1,295717,37618,2,2
9016,2,40857,Silver Spring,,1,295666,37618,2,2
9016,2,40858,Silver Spring,,1,295715,37618,2,2
9016,2,40859,Silver Spring,,1,295656,37618,2,2
9016,2,40860,Silver Spring,,1,295713,37618,2,2
9016,2,40861,Silver Spring,,1,295649,37618,2,2
9016,2,40863,Silver Spring,,1,295719,37618,2,2
9016,2,40864,Silver Spring,,1,295714,37618,2,2
9016,2,40862,Silver Spring,,1,295718,37618,2,2
9016,2,40865,Silver Spring,,1,295666,37618,2,2
9016,2,40866,Silver Spring,,1,295709,37618,2,2
9021,2,37821,Germantown Loop,,0,295924,37636,2,2
9021,2,37820,Germantown Loop,,0,295924,37636,2,2
9021,2,37819,Germantown Loop,,0,295924,37636,2,2
9021,2,37818,Germantown Loop,,0,297308,37636,2,2
9021,2,37817,Germantown Loop,,0,297259,37636,2,2
9021,2,37816,Germantown Loop,,0,297259,37636,2,2
9021,2,37815,Germantown Loop,,0,297260,37636,2,2
9021,2,37814,Germantown Loop,,0,297260,37636,2,2
9021,2,37813,Germantown Loop,,0,297260,37636,2,2
9021,2,37812,Germantown Loop,,0,297260,37636,2,2
9021,2,37811,Germantown Loop,,0,296084,37636,2,2
9021,2,37810,Germantown Loop,,0,297260,37636,2,2
9021,2,37809,Germantown Loop,,0,297331,37636,2,2
9021,2,37808,Germantown Loop,,0,297331,37636,2,2
9021,2,37807,Germantown Loop,,0,297331,37636,2,2
9021,2,37806,Germantown Loop,,0,297260,37636,2,2
9021,2,37805,Germantown Loop,,0,297260,37636,2,2
9021,2,37804,Germantown Loop,,0,297260,37636,2,2
9021,2,37803,Germantown Loop,,0,297259,37636,2,2
9021,2,37802,Germantown Loop,,0,297259,37636,2,2
9021,2,37832,Germantown Loop,,1,296169,37638,2,2
9021,2,37831,Germantown Loop,,1,296169,37638,2,2
9021,2,37830,Germantown Loop,,1,296078,37638,2,2
9021,2,37829,Germantown Loop,,1,296078,37638,2,2
9021,2,37828,Germantown Loop,,1,296078,37638,2,2
9021,2,37827,Germantown Loop,,1,296078,37638,2,2
9021,2,37826,Germantown Loop,,1,295924,37638,2,2
9021,2,37825,Germantown Loop,,1,295924,37638,2,2
9021,2,37823,Germantown Loop,,1,297308,37638,2,2
9021,2,37824,Germantown Loop,,1,297308,37638,2,2
9021,2,37822,Germantown Loop,,1,297308,37638,2,2
9022,2,38089,Kingsview Soccerplex,,0,296161,37640,2,2
9022,2,38091,Kingsview Soccerplex,,0,296169,37640,2,2
9022,2,38088,Kingsview Soccerplex,,0,296161,37640,2,2
9022,2,38087,Kingsview Soccerplex,,0,296169,37640,2,2
9022,2,38086,Kingsview Soccerplex,,0,296161,37640,2,2
9022,2,38074,Kingsview Soccerplex,,0,295924,37640,2,2
9022,2,38075,Kingsview Soccerplex,,0,296161,37640,2,2
9022,2,38076,Kingsview Soccerplex,,0,297308,37640,2,2
9022,2,38077,Kingsview Soccerplex,,0,296084,37640,2,2
9022,2,38078,Kingsview Soccerplex,,0,296161,37640,2,2
9022,2,38079,Kingsview Soccerplex,,0,296936,37640,2,2
9022,2,38090,Kingsview Soccerplex,,0,297259,37640,2,2
9022,2,38080,Kingsview Soccerplex,,0,297308,37640,2,2
9022,2,38081,Kingsview Soccerplex,,0,297331,37640,2,2
9022,2,38082,Kingsview Soccerplex,,0,297308,37640,2,2
9022,2,38083,Kingsview Soccerplex,,0,297260,37640,2,2
9022,2,38073,Kingsview Soccerplex,,0,297308,37640,2,2
9022,2,38084,Kingsview Soccerplex,,0,297331,37640,2,2
9022,2,38071,Kingsview Soccerplex,,0,297308,37640,2,2
9022,2,38110,Germantown Soccerplex,,1,296078,37644,2,2
9022,2,38107,Germantown Soccerplex,,1,296161,37644,2,2
9022,2,38109,Germantown Soccerplex,,1,296169,37644,2,2
9022,2,38108,Germantown Soccerplex,,1,296161,37644,2,2
9022,2,38106,Germantown Soccerplex,,1,296169,37644,2,2
9022,2,38105,Germantown Soccerplex,,1,296161,37644,2,2
9022,2,38111,Germantown Soccerplex,,1,295924,37644,2,2
9022,2,38104,Germantown Soccerplex,,1,296161,37644,2,2
9022,2,38103,Germantown Soccerplex,,1,297308,37644,2,2
9022,2,38102,Germantown Soccerplex,,1,296084,37644,2,2
9022,2,38101,Germantown Soccerplex,,1,296161,37644,2,2
9022,2,38100,Germantown Soccerplex,,1,296936,37644,2,2
9022,2,38099,Germantown Soccerplex,,1,297259,37644,2,2
9022,2,38098,Germantown Soccerplex,,1,297308,37644,2,2
9022,2,38097,Germantown Soccerplex,,1,297331,37644,2,2
9022,2,38112,Germantown Soccerplex,,1,297308,37644,2,2
9022,2,38096,Germantown Soccerplex,,1,297260,37644,2,2
9022,2,38094,Germantown Soccerplex,,1,297308,37644,2,2
9022,2,38095,Germantown Soccerplex,,1,297331,37644,2,2
9023,2,38497,Briggs Chaney Park & Ride (Orange),,0,295471,37647,2,2
9023,2,38498,Briggs Chaney Park & Ride (Orange),,0,295472,37647,2,2
9023,2,38499,Briggs Chaney Park & Ride (Orange),,0,295473,37647,2,2
9023,2,38500,Briggs Chaney Park & Ride (Orange),,0,295474,37647,2,2
9023,2,38501,Briggs Chaney Park & Ride (Orange),,0,295475,37647,2,2
9023,2,38502,Briggs Chaney Park & Ride (Orange),,0,295471,37647,2,2
9023,2,38503,Briggs Chaney Park & Ride (Orange),,0,295476,37647,2,2
9023,2,38504,Briggs Chaney Park & Ride (Orange),,0,295472,37647,2,2
9023,2,38505,Briggs Chaney Park & Ride (Orange),,0,295473,37647,2,2
9023,2,38506,Briggs Chaney Park & Ride (Orange),,0,295474,37647,2,2
9023,2,38507,Briggs Chaney Park & Ride (Orange),,0,295475,37647,2,2
9023,2,38508,Briggs Chaney Park & Ride (Orange),,0,295471,37647,2,2
9023,2,38509,Briggs Chaney Park & Ride (Orange),,0,295476,37647,2,2
9023,2,38510,Briggs Chaney Park & Ride (Orange),,0,295477,37647,2,2
9023,2,38511,Briggs Chaney Park & Ride (Orange),,0,295473,37647,2,2
9023,2,38512,Briggs Chaney Park & Ride (Orange),,0,295472,37647,2,2
9023,2,38513,Briggs Chaney Park & Ride (Orange),,0,295475,37647,2,2
9023,2,38514,Briggs Chaney Park & Ride (Orange),,0,295474,37647,2,2
9023,2,38515,Briggs Chaney Park & Ride (Orange),,0,295476,37647,2,2
9023,2,38516,Briggs Chaney Park & Ride (Orange),,0,295471,37647,2,2
9023,2,38517,Briggs Chaney Park & Ride (Orange),,0,295477,37647,2,2
9023,2,38518,Briggs Chaney Park & Ride (Orange),,0,295472,37647,2,2
9023,2,38519,Briggs Chaney Park & Ride (Orange),,0,295473,37647,2,2
9023,2,38520,Briggs Chaney Park & Ride (Orange),,0,295474,37647,2,2
9023,2,38521,Briggs Chaney Park & Ride (Orange),,0,295475,37647,2,2
9023,2,38522,Briggs Chaney Park & Ride (Orange),,0,295471,37647,2,2
9023,2,38523,Briggs Chaney Park & Ride (Orange),,0,295476,37647,2,2
9023,2,38524,Briggs Chaney Park & Ride (Orange),,0,295472,37647,2,2
9023,2,38525,Briggs Chaney Park & Ride (Orange),,0,295477,37647,2,2
9023,2,38526,Briggs Chaney Park & Ride (Orange),,0,295474,37647,2,2
9023,2,38527,Briggs Chaney Park & Ride (Orange),,0,295475,37647,2,2
9023,2,38528,Briggs Chaney Park & Ride (Orange),,0,295471,37647,2,2
9023,2,38529,Briggs Chaney Park & Ride (Orange),,0,295476,37647,2,2
9023,2,38530,Briggs Chaney Park & Ride (Orange),,0,295472,37647,2,2
9023,2,38531,Briggs Chaney Park & Ride (Orange),,0,295477,37647,2,2
9023,2,38532,Briggs Chaney Park & Ride (Orange),,0,295478,37647,2,2
9023,2,38533,Briggs Chaney Park & Ride (Orange),,0,295469,37647,2,2
9023,2,38534,Briggs Chaney Park & Ride (Orange),,0,295468,37647,2,2
9023,2,38535,Briggs Chaney Park & Ride (Orange),,0,295476,37647,2,2
9023,2,38536,Briggs Chaney Park & Ride (Orange),,0,295479,37647,2,2
9023,2,38537,Briggs Chaney Park & Ride (Orange),,0,295477,37647,2,2
9023,2,38538,Briggs Chaney Park & Ride (Orange),,0,295478,37647,2,2
9023,2,38539,Briggs Chaney Park & Ride (Orange),,0,295469,37647,2,2
9023,2,38540,Briggs Chaney Park & Ride (Orange),,0,295468,37647,2,2
9023,2,38541,Briggs Chaney Park & Ride (Orange),,0,295480,37647,2,2
9023,2,38542,Briggs Chaney Park & Ride (Orange),,0,295479,37647,2,2
9023,2,38543,Briggs Chaney Park & Ride (Orange),,0,295470,37647,2,2
9023,2,38544,Briggs Chaney Park & Ride (Orange),,0,295477,37647,2,2
9023,2,38545,Briggs Chaney Park & Ride (Orange),,0,295469,37647,2,2
9023,2,38546,Briggs Chaney Park & Ride (Orange),,0,295468,37647,2,2
9023,2,38547,Briggs Chaney Park & Ride (Orange),,0,295480,37647,2,2
9023,2,38548,Briggs Chaney Park & Ride (Orange),,0,295479,37647,2,2
9023,2,38549,Briggs Chaney Park & Ride (Orange),,0,295470,37647,2,2
9023,2,38550,Briggs Chaney Park & Ride (Orange),,0,295478,37647,2,2
9023,2,38551,Briggs Chaney Park & Ride (Orange),,0,295469,37647,2,2
9023,2,38552,Briggs Chaney Park & Ride (Orange),,0,295481,37647,2,2
9023,2,38553,Briggs Chaney Park & Ride (Orange),,0,295480,37647,2,2
9023,2,38554,Briggs Chaney Park & Ride (Orange),,0,295468,37647,2,2
9023,2,38555,Briggs Chaney Park & Ride (Orange),,0,295470,37647,2,2
9023,2,38556,Briggs Chaney Park & Ride (Orange),,0,295478,37647,2,2
9023,2,38557,Briggs Chaney Park & Ride (Orange),,0,295479,37647,2,2
9023,2,38558,Briggs Chaney Park & Ride (Orange),,0,295481,37647,2,2
9023,2,38559,Briggs Chaney Park & Ride (Orange),,0,295469,37647,2,2
9023,2,38560,Briggs Chaney Park & Ride (Orange),,0,295468,37647,2,2
9023,2,38561,Briggs Chaney Park & Ride (Orange),,0,295480,37647,2,2
9023,2,38562,Briggs Chaney Park & Ride (Orange),,0,295478,37647,2,2
9023,2,38563,Briggs Chaney Park & Ride (Orange),,0,295479,37647,2,2
9023,2,38564,Briggs Chaney Park & Ride (Orange),,0,295470,37647,2,2
9023,2,38565,Briggs Chaney Park & Ride (Orange),,0,295469,37647,2,2
9023,2,38566,Briggs Chaney Park & Ride (Orange),,0,295468,37647,2,2
9023,2,38567,Briggs Chaney Park & Ride (Orange),,0,295481,37647,2,2
9023,2,38568,Briggs Chaney Park & Ride (Orange),,0,295480,37647,2,2
9023,2,38569,Briggs Chaney Park & Ride (Orange),,0,295479,37647,2,2
9023,2,38496,Briggs Chaney Park & Ride (Orange),,0,295470,37647,2,2
9023,2,38495,Briggs Chaney Park & Ride (Orange),,0,295469,37647,2,2
9023,2,38494,Briggs Chaney Park & Ride (Orange),,0,295468,37647,2,2
9023,2,38574,Silver Spring Station (Orange),,1,295473,37650,2,2
9023,2,38575,Silver Spring Station (Orange),,1,295474,37650,2,2
9023,2,38576,Silver Spring Station (Orange),,1,295475,37650,2,2
9023,2,38577,Silver Spring Station (Orange),,1,295471,37650,2,2
9023,2,38578,Silver Spring Station (Orange),,1,295476,37650,2,2
9023,2,38579,Silver Spring Station (Orange),,1,295472,37650,2,2
9023,2,38580,Silver Spring Station (Orange),,1,295473,37650,2,2
9023,2,38581,Silver Spring Station (Orange),,1,295474,37650,2,2
9023,2,38582,Silver Spring Station (Orange),,1,295475,37650,2,2
9023,2,38583,Silver Spring Station (Orange),,1,295471,37650,2,2
9023,2,38584,Silver Spring Station (Orange),,1,295476,37650,2,2
9023,2,38585,Silver Spring Station (Orange),,1,295477,37650,2,2
9023,2,38586,Silver Spring Station (Orange),,1,295473,37650,2,2
9023,2,38587,Silver Spring Station (Orange),,1,295472,37650,2,2
9023,2,38588,Silver Spring Station (Orange),,1,295475,37650,2,2
9023,2,38589,Silver Spring Station (Orange),,1,295474,37650,2,2
9023,2,38590,Silver Spring Station (Orange),,1,295476,37650,2,2
9023,2,38591,Silver Spring Station (Orange),,1,295471,37650,2,2
9023,2,38592,Silver Spring Station (Orange),,1,295477,37650,2,2
9023,2,38593,Silver Spring Station (Orange),,1,295472,37650,2,2
9023,2,38594,Silver Spring Station (Orange),,1,295473,37650,2,2
9023,2,38595,Silver Spring Station (Orange),,1,295474,37650,2,2
9023,2,38596,Silver Spring Station (Orange),,1,295475,37650,2,2
9023,2,38597,Silver Spring Station (Orange),,1,295471,37650,2,2
9023,2,38598,Silver Spring Station (Orange),,1,295476,37650,2,2
9023,2,38599,Silver Spring Station (Orange),,1,295472,37650,2,2
9023,2,38600,Silver Spring Station (Orange),,1,295477,37650,2,2
9023,2,38601,Silver Spring Station (Orange),,1,295474,37650,2,2
9023,2,38602,Silver Spring Station (Orange),,1,295475,37650,2,2
9023,2,38603,Silver Spring Station (Orange),,1,295471,37650,2,2
9023,2,38604,Silver Spring Station (Orange),,1,295476,37650,2,2
9023,2,38605,Silver Spring Station (Orange),,1,295472,37650,2,2
9023,2,38606,Silver Spring Station (Orange),,1,295477,37650,2,2
9023,2,38607,Silver Spring Station (Orange),,1,295478,37650,2,2
9023,2,38608,Silver Spring Station (Orange),,1,295475,37650,2,2
9023,2,38609,Silver Spring Station (Orange),,1,295471,37650,2,2
9023,2,38610,Silver Spring Station (Orange),,1,295476,37650,2,2
9023,2,38611,Silver Spring Station (Orange),,1,295479,37650,2,2
9023,2,38612,Silver Spring Station (Orange),,1,295477,37650,2,2
9023,2,38613,Silver Spring Station (Orange),,1,295478,37650,2,2
9023,2,38614,Silver Spring Station (Orange),,1,295469,37650,2,2
9023,2,38615,Silver Spring Station (Orange),,1,295468,37650,2,2
9023,2,38616,Silver Spring Station (Orange),,1,295480,37650,2,2
9023,2,38617,Silver Spring Station (Orange),,1,295479,37650,2,2
9023,2,38618,Silver Spring Station (Orange),,1,295470,37650,2,2
9023,2,38619,Silver Spring Station (Orange),,1,295477,37650,2,2
9023,2,38620,Silver Spring Station (Orange),,1,295469,37650,2,2
9023,2,38621,Silver Spring Station (Orange),,1,295468,37650,2,2
9023,2,38622,Silver Spring Station (Orange),,1,295480,37650,2,2
9023,2,38623,Silver Spring Station (Orange),,1,295479,37650,2,2
9023,2,38624,Silver Spring Station (Orange),,1,295470,37650,2,2
9023,2,38625,Silver Spring Station (Orange),,1,295478,37650,2,2
9023,2,38626,Silver Spring Station (Orange),,1,295469,37650,2,2
9023,2,38627,Silver Spring Station (Orange),,1,295481,37650,2,2
9023,2,38628,Silver Spring Station (Orange),,1,295480,37650,2,2
9023,2,38629,Silver Spring Station (Orange),,1,295468,37650,2,2
9023,2,38630,Silver Spring Station (Orange),,1,295470,37650,2,2
9023,2,38631,Silver Spring Station (Orange),,1,295478,37650,2,2
9023,2,38632,Silver Spring Station (Orange),,1,295479,37650,2,2
9023,2,38633,Silver Spring Station (Orange),,1,295481,37650,2,2
9023,2,38634,Silver Spring Station (Orange),,1,295469,37650,2,2
9023,2,38635,Silver Spring Station (Orange),,1,295468,37650,2,2
9023,2,38636,Silver Spring Station (Orange),,1,295480,37650,2,2
9023,2,38637,Silver Spring Station (Orange),,1,295478,37650,2,2
9023,2,38638,Silver Spring Station (Orange),,1,295479,37650,2,2
9023,2,38639,Silver Spring Station (Orange),,1,295470,37650,2,2
9023,2,38640,Silver Spring Station (Orange),,1,295469,37650,2,2
9023,2,38641,Silver Spring Station (Orange),,1,295468,37650,2,2
9023,2,38642,Silver Spring Station (Orange),,1,295481,37650,2,2
9023,2,38643,Silver Spring Station (Orange),,1,295480,37650,2,2
9023,2,38644,Silver Spring Station (Orange),,1,295479,37650,2,2
9023,2,38645,Silver Spring Station (Orange),,1,295470,37650,2,2
9023,2,38573,Silver Spring Station (Orange),,1,295469,37650,2,2
9023,2,38572,Silver Spring Station (Orange),,1,295468,37650,2,2
9023,2,38571,Silver Spring Station (Orange),,1,295481,37650,2,2
9023,2,38570,Silver Spring Station (Orange),,1,295480,37650,2,2
9027,2,39534,LIME SHADY GROVE,,0,297317,37661,2,2
9027,2,39533,LIME SHADY GROVE,,0,297315,37661,2,2
9027,2,39532,LIME SHADY GROVE,,0,297317,37661,2,2
9027,2,39531,LIME SHADY GROVE,,0,297315,37661,2,2
9027,2,39530,LIME SHADY GROVE,,0,297317,37661,2,2
9027,2,39529,LIME SHADY GROVE,,0,297315,37661,2,2
9027,2,39528,LIME SHADY GROVE,,0,297317,37661,2,2
9027,2,39527,LIME SHADY GROVE,,0,296071,37661,2,2
9027,2,39526,LIME SHADY GROVE,,0,297315,37661,2,2
9027,2,39525,LIME SHADY GROVE,,0,297317,37661,2,2
9027,2,39524,LIME SHADY GROVE,,0,297315,37661,2,2
9027,2,39523,LIME SHADY GROVE,,0,297317,37661,2,2
9027,2,39522,LIME SHADY GROVE,,0,297315,37661,2,2
9027,2,39521,LIME SHADY GROVE,,0,297317,37661,2,2
9027,2,39520,LIME SHADY GROVE,,0,297315,37661,2,2
9027,2,39519,LIME SHADY GROVE,,0,297317,37661,2,2
9027,2,39518,LIME SHADY GROVE,,0,297315,37661,2,2
9027,2,39517,LIME SHADY GROVE,,0,296174,37661,2,2
9027,2,39516,LIME SHADY GROVE,,0,297314,37661,2,2
9027,2,39515,LIME SHADY GROVE,,0,296174,37661,2,2
9027,2,39514,LIME SHADY GROVE,,0,297314,37661,2,2
9027,2,39513,LIME SHADY GROVE,,0,296174,37661,2,2
9027,2,39512,LIME SHADY GROVE,,0,297314,37661,2,2
9027,2,39511,LIME SHADY GROVE,,0,296174,37661,2,2
9027,2,39510,LIME SHADY GROVE,,0,296039,37661,2,2
9027,2,39509,LIME SHADY GROVE,,0,297314,37661,2,2
9027,2,39508,LIME SHADY GROVE,,0,296039,37661,2,2
9027,2,39535,LIME SHADY GROVE,,0,297314,37661,2,2
9027,2,39536,LIME SHADY GROVE,,0,296039,37661,2,2
9027,2,39537,LIME SHADY GROVE,,0,297314,37661,2,2
9027,2,39538,LIME SHADY GROVE,,0,296039,37661,2,2
9027,2,39539,LIME SHADY GROVE,,0,297314,37661,2,2
9027,2,39566,LIME TRAVILLE,,1,297315,37662,2,2
9027,2,39565,LIME TRAVILLE,,1,297317,37662,2,2
9027,2,39564,LIME TRAVILLE,,1,297315,37662,2,2
9027,2,39563,LIME TRAVILLE,,1,297317,37662,2,2
9027,2,39562,LIME TRAVILLE,,1,297315,37662,2,2
9027,2,39561,LIME TRAVILLE,,1,297317,37662,2,2
9027,2,39560,LIME TRAVILLE,,1,296071,37662,2,2
9027,2,39559,LIME TRAVILLE,,1,297315,37662,2,2
9027,2,39558,LIME TRAVILLE,,1,297317,37662,2,2
9027,2,39557,LIME TRAVILLE,,1,297315,37662,2,2
9027,2,39556,LIME TRAVILLE,,1,297317,37662,2,2
9027,2,39555,LIME TRAVILLE,,1,297315,37662,2,2
9027,2,39554,LIME TRAVILLE,,1,297317,37662,2,2
9027,2,39553,LIME TRAVILLE,,1,297315,37662,2,2
9027,2,39552,LIME TRAVILLE,,1,297317,37662,2,2
9027,2,39551,LIME TRAVILLE,,1,297315,37662,2,2
9027,2,39550,LIME TRAVILLE,,1,296174,37662,2,2
9027,2,39549,LIME TRAVILLE,,1,297314,37662,2,2
9027,2,39548,LIME TRAVILLE,,1,296174,37662,2,2
9027,2,39547,LIME TRAVILLE,,1,297314,37662,2,2
9027,2,39546,LIME TRAVILLE,,1,296174,37662,2,2
9027,2,39545,LIME TRAVILLE,,1,297314,37662,2,2
9027,2,39544,LIME TRAVILLE,,1,296174,37662,2,2
9027,2,39543,LIME TRAVILLE,,1,296039,37662,2,2
9027,2,39542,LIME TRAVILLE,,1,297314,37662,2,2
9027,2,39541,LIME TRAVILLE,,1,296039,37662,2,2
9027,2,39540,LIME TRAVILLE,,1,297314,37662,2,2
9027,2,39567,LIME TRAVILLE,,1,296039,37662,2,2
9027,2,39568,LIME TRAVILLE,,1,297314,37662,2,2
9027,2,39569,LIME TRAVILLE,,1,296039,37662,2,2
9027,2,39570,LIME TRAVILLE,,1,297314,37662,2,2
9027,2,39571,LIME TRAVILLE,,1,296039,37662,2,2
9028,2,39990,PINK SHADY GROVE,,0,296052,37663,2,2
9028,2,39989,PINK SHADY GROVE,,0,296047,37663,2,2
9028,2,39988,PINK SHADY GROVE,,0,296052,37663,2,2
9028,2,39987,PINK SHADY GROVE,,0,296047,37663,2,2
9028,2,39986,PINK SHADY GROVE,,0,296052,37663,2,2
9028,2,39985,PINK SHADY GROVE,,0,296047,37663,2,2
9028,2,39984,PINK SHADY GROVE,,0,296052,37663,2,2
9028,2,39983,PINK SHADY GROVE,,0,296047,37663,2,2
9028,2,39982,PINK SHADY GROVE,,0,296052,37663,2,2
9028,2,39981,PINK SHADY GROVE,,0,296071,37663,2,2
9028,2,39980,PINK SHADY GROVE,,0,297300,37663,2,2
9028,2,39979,PINK SHADY GROVE,,0,296052,37663,2,2
9028,2,39978,PINK SHADY GROVE,,0,297300,37663,2,2
9028,2,39977,PINK SHADY GROVE,,0,296052,37663,2,2
9028,2,39976,PINK SHADY GROVE,,0,296039,37663,2,2
9028,2,39975,PINK SHADY GROVE,,0,296071,37663,2,2
9028,2,39974,PINK SHADY GROVE,,0,296039,37663,2,2
9028,2,39973,PINK SHADY GROVE,,0,296071,37663,2,2
9028,2,39972,PINK SHADY GROVE,,0,296039,37663,2,2
9028,2,39971,PINK SHADY GROVE,,0,296071,37663,2,2
9028,2,39970,PINK SHADY GROVE,,0,296039,37663,2,2
9028,2,39969,PINK SHADY GROVE,,0,297321,37663,2,2
9028,2,39968,PINK SHADY GROVE,,0,296071,37663,2,2
9028,2,39967,PINK SHADY GROVE,,0,297321,37663,2,2
9028,2,39966,PINK SHADY GROVE,,0,296071,37663,2,2
9028,2,39965,PINK SHADY GROVE,,0,297321,37663,2,2
9028,2,40016,PINK TRAVILLE,,1,296047,37664,2,2
9028,2,40015,PINK TRAVILLE,,1,296052,37664,2,2
9028,2,40014,PINK TRAVILLE,,1,296047,37664,2,2
9028,2,40013,PINK TRAVILLE,,1,296052,37664,2,2
9028,2,40012,PINK TRAVILLE,,1,296047,37664,2,2
9028,2,40011,PINK TRAVILLE,,1,296052,37664,2,2
9028,2,40010,PINK TRAVILLE,,1,296047,37664,2,2
9028,2,40009,PINK TRAVILLE,,1,296052,37664,2,2
9028,2,40008,PINK TRAVILLE,,1,296071,37664,2,2
9028,2,40007,PINK TRAVILLE,,1,297300,37664,2,2
9028,2,40006,PINK TRAVILLE,,1,296052,37664,2,2
9028,2,40005,PINK TRAVILLE,,1,297300,37664,2,2
9028,2,40004,PINK TRAVILLE,,1,296052,37664,2,2
9028,2,40003,PINK TRAVILLE,,1,296039,37664,2,2
9028,2,40002,PINK TRAVILLE,,1,296071,37664,2,2
9028,2,40001,PINK TRAVILLE,,1,296039,37664,2,2
9028,2,40000,PINK TRAVILLE,,1,296071,37664,2,2
9028,2,39999,PINK TRAVILLE,,1,296039,37664,2,2
9028,2,39998,PINK TRAVILLE,,1,296071,37664,2,2
9028,2,39997,PINK TRAVILLE,,1,296039,37664,2,2
9028,2,39996,PINK TRAVILLE,,1,297321,37664,2,2
9028,2,39995,PINK TRAVILLE,,1,296071,37664,2,2
9028,2,39994,PINK TRAVILLE,,1,297321,37664,2,2
9028,2,39993,PINK TRAVILLE,,1,296071,37664,2,2
9028,2,39992,PINK TRAVILLE,,1,297321,37664,2,2
9028,2,39991,PINK TRAVILLE,,1,296071,37664,2,2
8925,3,14005,Silver Spring,,0,295763,37336,2,2
8925,3,14004,Silver Spring,,0,295794,37336,2,2
8925,3,14003,Silver Spring,,0,295785,37336,2,2
8925,3,14002,Silver Spring,,0,295786,37336,2,2
8925,3,14001,Silver Spring,,0,295794,37336,2,2
8925,3,14000,Silver Spring,,0,295781,37336,2,2
8925,3,13999,Silver Spring,,0,295771,37336,2,2
8925,3,13998,Silver Spring,,0,295770,37336,2,2
8925,3,14007,Silver Spring,,0,295761,37336,2,2
8925,3,13997,Silver Spring,,0,295870,37336,2,2
8925,3,13996,Silver Spring,,0,295794,37336,2,2
8925,3,13995,Silver Spring,,0,295768,37336,2,2
8925,3,13994,Silver Spring,,0,295848,37336,2,2
8925,3,13993,Silver Spring,,0,295862,37336,2,2
8925,3,13992,Silver Spring,,0,295801,37336,2,2
8925,3,13984,Silver Spring,,0,295765,37336,2,2
8925,3,13983,Silver Spring,,0,295876,37336,2,2
8925,3,13982,Silver Spring,,0,295870,37336,2,2
8925,3,13981,Silver Spring,,0,295804,37336,2,2
8925,3,13980,Silver Spring,,0,295797,37336,2,2
8925,3,13991,Silver Spring,,0,295833,37336,2,2
8925,3,13990,Silver Spring,,0,295825,37336,2,2
8925,3,13989,Silver Spring,,0,295857,37336,2,2
8925,3,13988,Silver Spring,,0,295858,37336,2,2
8925,3,14006,Silver Spring,,0,295825,37336,2,2
8925,3,13987,Silver Spring,,0,295807,37336,2,2
8925,3,13986,Silver Spring,,0,295864,37336,2,2
8925,3,13985,Silver Spring,,0,295846,37336,2,2
8925,3,14035,Friendship Heights,,1,295763,37340,2,2
8925,3,14034,Friendship Heights,,1,295794,37340,2,2
8925,3,14033,Friendship Heights,,1,295785,37340,2,2
8925,3,14032,Friendship Heights,,1,295786,37340,2,2
8925,3,14031,Friendship Heights,,1,295794,37340,2,2
8925,3,14030,Friendship Heights,,1,295781,37340,2,2
8925,3,14029,Friendship Heights,,1,295771,37340,2,2
8925,3,14028,Friendship Heights,,1,295770,37340,2,2
8925,3,14027,Friendship Heights,,1,295761,37340,2,2
8925,3,14036,Friendship Heights,,1,295870,37340,2,2
8925,3,14026,Friendship Heights,,1,295794,37340,2,2
8925,3,14025,Friendship Heights,,1,295768,37340,2,2
8925,3,14024,Friendship Heights,,1,295848,37340,2,2
8925,3,14023,Friendship Heights,,1,295862,37340,2,2
8925,3,14022,Friendship Heights,,1,295801,37340,2,2
8925,3,14021,Friendship Heights,,1,295765,37340,2,2
8925,3,14011,Friendship Heights,,1,295876,37340,2,2
8925,3,14010,Friendship Heights,,1,295870,37340,2,2
8925,3,14009,Friendship Heights,,1,295804,37340,2,2
8925,3,14008,Friendship Heights,,1,295797,37340,2,2
8925,3,14020,Friendship Heights,,1,295833,37340,2,2
8925,3,14019,Friendship Heights,,1,295825,37340,2,2
8925,3,14018,Friendship Heights,,1,295857,37340,2,2
8925,3,14017,Friendship Heights,,1,295858,37340,2,2
8925,3,14016,Friendship Heights,,1,295825,37340,2,2
8925,3,14015,Friendship Heights,,1,295807,37340,2,2
8925,3,14014,Friendship Heights,,1,295864,37340,2,2
8925,3,14013,Friendship Heights,,1,295846,37340,2,2
8925,3,14012,Friendship Heights,,1,295845,37340,2,2
8927,3,48252,Germantown Transit Center Express,,0,297804,37344,2,2
8927,3,48253,Germantown Transit Center Express,,0,295932,37344,2,2
8927,3,48254,Germantown Transit Center Express,,0,295920,37344,2,2
8927,3,48255,Germantown Transit Center Express,,0,295886,37344,2,2
8927,3,48256,Germantown Transit Center Express,,0,295881,37344,2,2
8927,3,48257,Germantown Transit Center Express,,0,295983,37344,2,2
8927,3,48258,Germantown Transit Center Express,,0,295919,37344,2,2
8927,3,48259,Germantown Transit Center Express,,0,297772,37344,2,2
8927,3,48260,Germantown Transit Center Express,,0,295912,37344,2,2
8927,3,48261,Germantown Transit Center Express,,0,295934,37344,2,2
8927,3,48262,Germantown Transit Center Express,,0,295974,37344,2,2
8927,3,48263,Germantown Transit Center Express,,0,297805,37344,2,2
8927,3,48264,Germantown Transit Center Express,,0,296136,37344,2,2
8927,3,48265,Germantown Transit Center Express,,0,297777,37344,2,2
8927,3,48266,Germantown Transit Center Express,,0,296017,37344,2,2
8927,3,48267,Germantown Transit Center Express,,0,296103,37344,2,2
8927,3,48268,Germantown Transit Center Express,,0,296513,37344,2,2
8927,3,48269,Germantown Transit Center Express,,0,296955,37344,2,2
8927,3,48270,Germantown Transit Center Express,,0,296580,37344,2,2
8927,3,48271,Germantown Transit Center Express,,0,297774,37344,2,2
8927,3,48272,Germantown Transit Center Express,,0,297809,37344,2,2
8927,3,48273,Germantown Transit Center Express,,0,297805,37344,2,2
8927,3,48274,Germantown Transit Center Express,,0,297778,37344,2,2
8927,3,48275,Germantown Transit Center Express,,0,297775,37344,2,2
8927,3,48276,Germantown Transit Center Express,,0,297790,37344,2,2
8927,3,48277,Germantown Transit Center Express,,0,297801,37344,2,2
8927,3,48278,Germantown Transit Center Express,,0,296955,37344,2,2
8927,3,48279,Shady Grove Express,,1,297804,37345,2,2
8927,3,48280,Shady Grove Express,,1,295983,37345,2,2
8927,3,48281,Shady Grove Express,,1,297771,37345,2,2
8927,3,48282,Shady Grove Express,,1,295889,37345,2,2
8927,3,48283,Shady Grove Express,,1,295945,37345,2,2
8927,3,48284,Shady Grove Express,,1,295919,37345,2,2
8927,3,48285,Shady Grove Express,,1,297771,37345,2,2
8927,3,48286,Shady Grove Express,,1,296017,37345,2,2
8927,3,48287,Shady Grove Express,,1,297803,37345,2,2
8927,3,48288,Shady Grove Express,,1,297789,37345,2,2
8927,3,48289,Shady Grove Express,,1,296017,37345,2,2
8927,3,48290,Shady Grove Express,,1,295887,37345,2,2
8927,3,48291,Shady Grove Express,,1,295892,37345,2,2
8927,3,48292,Shady Grove Express,,1,297777,37345,2,2
8927,3,48293,Shady Grove Express,,1,295886,37345,2,2
8927,3,48294,Shady Grove Express,,1,297802,37345,2,2
8927,3,48295,Shady Grove Express,,1,295886,37345,2,2
8927,3,48296,Shady Grove Express,,1,296955,37345,2,2
8927,3,48297,Shady Grove Express,,1,297775,37345,2,2
8927,3,48298,Shady Grove Express,,1,297777,37345,2,2
8927,3,48299,Shady Grove Express,,1,297807,37345,2,2
8927,3,48300,Shady Grove Express,,1,297805,37345,2,2
8927,3,48301,Shady Grove Express,,1,296109,37345,2,2
8927,3,48302,Shady Grove Express,,1,296102,37345,2,2
8927,3,48303,Shady Grove Express,,1,297790,37345,2,2
8927,3,48304,Shady Grove Express,,1,297801,37345,2,2
8927,3,48305,Shady Grove Express,,1,297811,37345,2,2
8930,3,42003,Silver Spring,,0,295764,37353,2,2
8930,3,42002,Silver Spring,,0,295773,37353,2,2
8930,3,42001,Silver Spring,,0,295771,37353,2,2
8930,3,42000,Silver Spring,,0,295763,37353,2,2
8930,3,41999,Silver Spring,,0,295782,37353,2,2
8930,3,41998,Silver Spring,,0,295763,37353,2,2
8930,3,41997,Silver Spring,,0,295872,37353,2,2
8930,3,41996,Silver Spring,,0,295768,37353,2,2
8930,3,41995,Silver Spring,,0,295774,37353,2,2
8930,3,41994,Silver Spring,,0,295769,37353,2,2
8930,3,41993,Silver Spring,,0,295781,37353,2,2
8930,3,41992,Silver Spring,,0,295872,37353,2,2
8930,3,41991,Silver Spring,,0,295765,37353,2,2
8930,3,41990,Silver Spring,,0,295782,37353,2,2
8930,3,41989,Silver Spring,,0,295768,37353,2,2
8930,3,41988,Silver Spring,,0,295878,37353,2,2
8930,3,41987,Silver Spring,,0,295848,37353,2,2
8930,3,41986,Silver Spring,,0,295807,37353,2,2
8930,3,41985,Silver Spring,,0,295801,37353,2,2
8930,3,41984,Silver Spring,,0,295824,37353,2,2
8930,3,42004,Silver Spring,,0,295846,37353,2,2
8930,3,42005,Silver Spring,,0,295876,37353,2,2
8930,3,42006,Silver Spring,,0,295815,37353,2,2
8930,3,41983,Silver Spring,,0,295797,37353,2,2
8930,3,41982,Silver Spring,,0,295845,37353,2,2
8930,3,41981,Silver Spring,,0,295807,37353,2,2
8930,3,41979,Silver Spring,,0,295804,37353,2,2
8930,3,41980,Silver Spring,,0,295858,37353,2,2
8930,3,41978,Silver Spring,,0,295836,37353,2,2
8930,3,41977,Silver Spring,,0,295838,37353,2,2
8930,3,41976,Silver Spring,,0,295825,37353,2,2
8930,3,41975,Silver Spring,,0,295839,37353,2,2
8930,3,42035,Takoma,,1,295773,37355,2,2
8930,3,42034,Takoma,,1,295784,37355,2,2
8930,3,42033,Takoma,,1,295763,37355,2,2
8930,3,42032,Takoma,,1,295787,37355,2,2
8930,3,42031,Takoma,,1,295763,37355,2,2
8930,3,42030,Takoma,,1,295872,37355,2,2
8930,3,42029,Takoma,,1,295768,37355,2,2
8930,3,42028,Takoma,,1,295774,37355,2,2
8930,3,42027,Takoma,,1,295769,37355,2,2
8930,3,42026,Takoma,,1,295782,37355,2,2
8930,3,42025,Takoma,,1,295857,37355,2,2
8930,3,42024,Takoma,,1,295866,37355,2,2
8930,3,42023,Takoma,,1,295782,37355,2,2
8930,3,42022,Takoma,,1,295831,37355,2,2
8930,3,42021,Takoma,,1,295853,37355,2,2
8930,3,42020,Takoma,,1,295798,37355,2,2
8930,3,42019,Takoma,,1,295833,37355,2,2
8930,3,42018,Takoma,,1,295825,37355,2,2
8930,3,42017,Takoma,,1,295824,37355,2,2
8930,3,42036,Takoma,,1,295846,37355,2,2
8930,3,42037,Takoma,,1,295876,37355,2,2
8930,3,42038,Takoma,,1,295815,37355,2,2
8930,3,42016,Takoma,,1,295797,37355,2,2
8930,3,42015,Takoma,,1,295845,37355,2,2
8930,3,42014,Takoma,,1,295846,37355,2,2
8930,3,42013,Takoma,,1,295804,37355,2,2
8930,3,42012,Takoma,,1,295858,37355,2,2
8930,3,42011,Takoma,,1,295836,37355,2,2
8930,3,42010,Takoma,,1,295838,37355,2,2
8930,3,42009,Takoma,,1,295825,37355,2,2
8930,3,42008,Takoma,,1,295826,37355,2,2
8930,3,42007,Takoma,,1,295838,37355,2,2
8934,3,16794,Silver Spring,,0,295761,37363,2,2
8934,3,16795,Silver Spring,,0,295773,37363,2,2
8934,3,16796,Silver Spring,,0,295761,37363,2,2
8934,3,16830,Silver Spring,,0,295781,37363,2,2
8934,3,16797,Silver Spring,,0,295763,37363,2,2
8934,3,16792,Silver Spring,,0,295764,37363,2,2
8934,3,42400,Silver Spring,,0,295870,37363,2,2
8934,3,16798,Silver Spring,,0,295764,37363,2,2
8934,3,16799,Silver Spring,,0,295761,37363,2,2
8934,3,16800,Silver Spring,,0,295794,37363,2,2
8934,3,16801,Silver Spring,,0,295762,37363,2,2
8934,3,16802,Silver Spring,,0,295781,37363,2,2
8934,3,16805,Silver Spring,,0,295842,37363,2,2
8934,3,16806,Silver Spring,,0,295785,37363,2,2
8934,3,16807,Silver Spring,,0,295866,37363,2,2
8934,3,16808,Silver Spring,,0,295769,37363,2,2
8934,3,16826,Silver Spring,,0,295764,37363,2,2
8934,3,16827,Silver Spring,,0,295793,37363,2,2
8934,3,16809,Silver Spring,,0,295815,37363,2,2
8934,3,16810,Silver Spring,,0,295793,37363,2,2
8934,3,16831,Silver Spring,,0,295783,37363,2,2
8934,3,16811,Silver Spring,,0,295872,37363,2,2
8934,3,16812,Silver Spring,,0,295831,37363,2,2
8934,3,16832,Silver Spring,,0,295828,37363,2,2
8934,3,16833,Silver Spring,,0,295858,37363,2,2
8934,3,16813,Silver Spring,,0,295863,37363,2,2
8934,3,16814,Silver Spring,,0,295815,37363,2,2
8934,3,16815,Silver Spring,,0,295825,37363,2,2
8934,3,16816,Silver Spring,,0,295839,37363,2,2
8934,3,16817,Silver Spring,,0,295872,37363,2,2
8934,3,16835,Silver Spring,,0,295798,37363,2,2
8934,3,16818,Silver Spring,,0,295828,37363,2,2
8934,3,16819,Silver Spring,,0,295865,37363,2,2
8934,3,16829,Silver Spring,,0,295845,37363,2,2
8934,3,16821,Silver Spring,,0,295836,37363,2,2
8934,3,16834,Silver Spring,,0,295845,37363,2,2
8934,3,16822,Silver Spring,,0,295865,37363,2,2
8934,3,16823,Silver Spring,,0,295825,37363,2,2
8934,3,16824,Silver Spring,,0,295839,37363,2,2
8934,3,16825,Silver Spring,,0,295840,37363,2,2
8934,3,16828,Silver Spring,,0,295840,37363,2,2
8934,3,16877,Takoma Langley Transit Center,,1,295761,37364,2,2
8934,3,16837,Takoma Langley Transit Center,,1,295792,37364,2,2
8934,3,16838,Takoma Langley Transit Center,,1,295763,37364,2,2
8934,3,16839,Takoma Langley Transit Center,,1,295764,37364,2,2
8934,3,16840,Takoma Langley Transit Center,,1,295870,37364,2,2
8934,3,16841,Takoma Langley Transit Center,,1,295764,37364,2,2
8934,3,16842,Takoma Langley Transit Center,,1,295761,37364,2,2
8934,3,16843,Takoma Langley Transit Center,,1,295857,37364,2,2
8934,3,16844,Takoma Langley Transit Center,,1,295762,37364,2,2
8934,3,16845,Takoma Langley Transit Center,,1,295781,37364,2,2
8934,3,16846,Takoma Langley Transit Center,,1,295842,37364,2,2
8934,3,16847,Takoma Langley Transit Center,,1,295785,37364,2,2
8934,3,16873,Takoma Langley Transit Center,,1,295866,37364,2,2
8934,3,16874,Takoma Langley Transit Center,,1,295769,37364,2,2
8934,3,16848,Takoma Langley Transit Center,,1,295770,37364,2,2
8934,3,16849,Takoma Langley Transit Center,,1,295793,37364,2,2
8934,3,16869,Takoma Langley Transit Center,,1,295815,37364,2,2
8934,3,16850,Takoma Langley Transit Center,,1,295793,37364,2,2
8934,3,16851,Takoma Langley Transit Center,,1,295783,37364,2,2
8934,3,16852,Takoma Langley Transit Center,,1,295872,37364,2,2
8934,3,16853,Takoma Langley Transit Center,,1,295831,37364,2,2
8934,3,16854,Takoma Langley Transit Center,,1,295846,37364,2,2
8934,3,16855,Takoma Langley Transit Center,,1,295858,37364,2,2
8934,3,16856,Takoma Langley Transit Center,,1,295863,37364,2,2
8934,3,16857,Takoma Langley Transit Center,,1,295878,37364,2,2
8934,3,16858,Takoma Langley Transit Center,,1,295825,37364,2,2
8934,3,16859,Takoma Langley Transit Center,,1,295845,37364,2,2
8934,3,16860,Takoma Langley Transit Center,,1,295858,37364,2,2
8934,3,16861,Takoma Langley Transit Center,,1,295798,37364,2,2
8934,3,16836,Takoma Langley Transit Center,,1,295804,37364,2,2
8934,3,16872,Takoma Langley Transit Center,,1,295865,37364,2,2
8934,3,16863,Takoma Langley Transit Center,,1,295845,37364,2,2
8934,3,16871,Takoma Langley Transit Center,,1,295836,37364,2,2
8934,3,16864,Takoma Langley Transit Center,,1,295826,37364,2,2
8934,3,16865,Takoma Langley Transit Center,,1,295865,37364,2,2
8934,3,16866,Takoma Langley Transit Center,,1,295825,37364,2,2
8934,3,16876,Takoma Langley Transit Center,,1,295839,37364,2,2
8934,3,16875,Takoma Langley Transit Center,,1,295840,37364,2,2
8934,3,16867,Takoma Langley Transit Center,,1,295840,37364,2,2
8934,3,16868,Takoma Langley Transit Center,,1,295840,37364,2,2
8934,3,16870,Takoma Langley Transit Center,,1,295836,37364,2,2
8935,3,17696,Silver Spring,,0,295762,37365,2,2
8935,3,17695,Silver Spring,,0,295769,37365,2,2
8935,3,17694,Silver Spring,,0,295778,37365,2,2
8935,3,17693,Silver Spring,,0,295766,37365,2,2
8935,3,17692,Silver Spring,,0,295784,37365,2,2
8935,3,17663,Silver Spring,,0,295781,37365,2,2
8935,3,17691,Silver Spring,,0,295766,37365,2,2
8935,3,17690,Silver Spring,,0,295787,37365,2,2
8935,3,17689,Silver Spring,,0,295784,37365,2,2
8935,3,17688,Silver Spring,,0,295764,37365,2,2
8935,3,17674,Silver Spring,,0,295785,37365,2,2
8935,3,17687,Silver Spring,,0,295863,37365,2,2
8935,3,17664,Silver Spring,,0,295765,37365,2,2
8935,3,17665,Silver Spring,,0,295762,37365,2,2
8935,3,17686,Silver Spring,,0,295782,37365,2,2
8935,3,17685,Silver Spring,,0,295857,37365,2,2
8935,3,17684,Silver Spring,,0,295795,37365,2,2
8935,3,17683,Silver Spring,,0,295866,37365,2,2
8935,3,17682,Silver Spring,,0,295798,37365,2,2
8935,3,17697,Silver Spring,,0,295792,37365,2,2
8935,3,17681,Silver Spring,,0,295831,37365,2,2
8935,3,17673,Silver Spring,,0,295828,37365,2,2
8935,3,17672,Silver Spring,,0,295853,37365,2,2
8935,3,17698,Silver Spring,,0,295798,37365,2,2
8935,3,17670,Silver Spring,,0,295815,37365,2,2
8935,3,17661,Silver Spring,,0,295833,37365,2,2
8935,3,17660,Silver Spring,,0,295825,37365,2,2
8935,3,17659,Silver Spring,,0,295857,37365,2,2
8935,3,17669,Silver Spring,,0,295831,37365,2,2
8935,3,17668,Silver Spring,,0,295807,37365,2,2
8935,3,17699,Silver Spring,,0,295865,37365,2,2
8935,3,17700,Silver Spring,,0,295863,37365,2,2
8935,3,17671,Silver Spring,,0,295826,37365,2,2
8935,3,17667,Silver Spring,,0,295831,37365,2,2
8935,3,17680,Silver Spring,,0,295846,37365,2,2
8935,3,17666,Silver Spring,,0,295806,37365,2,2
8935,3,17679,Silver Spring,,0,295876,37365,2,2
8935,3,17678,Silver Spring,,0,295797,37365,2,2
8935,3,17677,Silver Spring,,0,295804,37365,2,2
8935,3,17676,Silver Spring,,0,295846,37365,2,2
8935,3,17675,Silver Spring,,0,295804,37365,2,2
8935,3,17662,Silver Spring,,0,295826,37365,2,2
8935,3,17740,Takoma,,1,295766,37366,2,2
8935,3,17739,Takoma,,1,295771,37366,2,2
8935,3,17738,Takoma,,1,295781,37366,2,2
8935,3,17737,Takoma,,1,295766,37366,2,2
8935,3,17736,Takoma,,1,295782,37366,2,2
8935,3,17735,Takoma,,1,295784,37366,2,2
8935,3,17734,Takoma,,1,295764,37366,2,2
8935,3,17733,Takoma,,1,295785,37366,2,2
8935,3,17732,Takoma,,1,295863,37366,2,2
8935,3,17731,Takoma,,1,295765,37366,2,2
8935,3,17730,Takoma,,1,295762,37366,2,2
8935,3,17729,Takoma,,1,295781,37366,2,2
8935,3,17728,Takoma,,1,295872,37366,2,2
8935,3,17701,Takoma,,1,295765,37366,2,2
8935,3,17708,Takoma,,1,295798,37366,2,2
8935,3,17727,Takoma,,1,295792,37366,2,2
8935,3,17707,Takoma,,1,295768,37366,2,2
8935,3,17726,Takoma,,1,295878,37366,2,2
8935,3,17725,Takoma,,1,295848,37366,2,2
8935,3,17724,Takoma,,1,295815,37366,2,2
8935,3,17723,Takoma,,1,295807,37366,2,2
8935,3,17722,Takoma,,1,295801,37366,2,2
8935,3,17721,Takoma,,1,295857,37366,2,2
8935,3,17720,Takoma,,1,295848,37366,2,2
8935,3,17711,Takoma,,1,295831,37366,2,2
8935,3,17710,Takoma,,1,295807,37366,2,2
8935,3,17703,Takoma,,1,295801,37366,2,2
8935,3,17741,Takoma,,1,295865,37366,2,2
8935,3,17706,Takoma,,1,295863,37366,2,2
8935,3,17702,Takoma,,1,295826,37366,2,2
8935,3,17705,Takoma,,1,295831,37366,2,2
8935,3,17709,Takoma,,1,295807,37366,2,2
8935,3,17742,Takoma,,1,295798,37366,2,2
8935,3,17719,Takoma,,1,295806,37366,2,2
8935,3,17718,Takoma,,1,295876,37366,2,2
8935,3,17717,Takoma,,1,295797,37366,2,2
8935,3,17716,Takoma,,1,295804,37366,2,2
8935,3,17715,Takoma,,1,295846,37366,2,2
8935,3,17714,Takoma,,1,295804,37366,2,2
8935,3,17713,Takoma,,1,295839,37366,2,2
8935,3,17712,Takoma,,1,295804,37366,2,2
8935,3,17704,Takoma,,1,295826,37366,2,2
8936,3,18298,Silver Spring,,0,295792,37367,2,2
8936,3,18299,Silver Spring,,0,295773,37367,2,2
8936,3,18300,Silver Spring,,0,295771,37367,2,2
8936,3,18301,Silver Spring,,0,295762,37367,2,2
8936,3,18302,Silver Spring,,0,295786,37367,2,2
8936,3,18303,Silver Spring,,0,295857,37367,2,2
8936,3,18304,Silver Spring,,0,295773,37367,2,2
8936,3,18305,Silver Spring,,0,295872,37367,2,2
8936,3,18306,Silver Spring,,0,295764,37367,2,2
8936,3,18307,Silver Spring,,0,295848,37367,2,2
8936,3,18308,Silver Spring,,0,295770,37367,2,2
8936,3,18309,Silver Spring,,0,295853,37367,2,2
8936,3,18310,Silver Spring,,0,295765,37367,2,2
8936,3,18311,Silver Spring,,0,295812,37367,2,2
8936,3,18312,Silver Spring,,0,295858,37367,2,2
8936,3,18297,Silver Spring,,0,295846,37367,2,2
8936,3,18296,Silver Spring,,0,295862,37367,2,2
8936,3,18295,Silver Spring,,0,295878,37367,2,2
8936,3,18313,Silver Spring,,0,295845,37367,2,2
8936,3,18314,Silver Spring,,0,295858,37367,2,2
8936,3,18315,Silver Spring,,0,295804,37367,2,2
8936,3,18316,Silver Spring,,0,295838,37367,2,2
8936,3,18317,Silver Spring,,0,295831,37367,2,2
8936,3,18318,Silver Spring,,0,295826,37367,2,2
8936,3,18326,Takoma Langley Transit Center,,1,295773,37368,2,2
8936,3,18327,Takoma Langley Transit Center,,1,295771,37368,2,2
8936,3,18328,Takoma Langley Transit Center,,1,295762,37368,2,2
8936,3,18329,Takoma Langley Transit Center,,1,295794,37368,2,2
8936,3,18342,Takoma Langley Transit Center,,1,295773,37368,2,2
8936,3,18330,Takoma Langley Transit Center,,1,295872,37368,2,2
8936,3,18331,Takoma Langley Transit Center,,1,295764,37368,2,2
8936,3,18332,Takoma Langley Transit Center,,1,295848,37368,2,2
8936,3,18333,Takoma Langley Transit Center,,1,295764,37368,2,2
8936,3,18334,Takoma Langley Transit Center,,1,295853,37368,2,2
8936,3,18335,Takoma Langley Transit Center,,1,295765,37368,2,2
8936,3,18336,Takoma Langley Transit Center,,1,295812,37368,2,2
8936,3,18337,Takoma Langley Transit Center,,1,295858,37368,2,2
8936,3,18338,Takoma Langley Transit Center,,1,295828,37368,2,2
8936,3,18339,Takoma Langley Transit Center,,1,295862,37368,2,2
8936,3,18340,Takoma Langley Transit Center,,1,295815,37368,2,2
8936,3,18321,Takoma Langley Transit Center,,1,295839,37368,2,2
8936,3,18320,Takoma Langley Transit Center,,1,295872,37368,2,2
8936,3,18319,Takoma Langley Transit Center,,1,295837,37368,2,2
8936,3,18341,Takoma Langley Transit Center,,1,295828,37368,2,2
8936,3,18325,Takoma Langley Transit Center,,1,295838,37368,2,2
8936,3,18324,Takoma Langley Transit Center,,1,295831,37368,2,2
8936,3,18323,Takoma Langley Transit Center,,1,295845,37368,2,2
8936,3,18322,Takoma Langley Transit Center,,1,295858,37368,2,2
8937,3,18725,Takoma,,0,295848,37371,2,2
8937,3,18724,Takoma,,0,295848,37371,2,2
8937,3,18723,Takoma,,0,295848,37371,2,2
8937,3,18709,Takoma,,0,295848,37371,2,2
8937,3,18722,Takoma,,0,295848,37371,2,2
8937,3,18721,Takoma,,0,295786,37371,2,2
8937,3,18720,Takoma,,0,295786,37371,2,2
8937,3,18719,Takoma,,0,295786,37371,2,2
8937,3,18718,Takoma,,0,295786,37371,2,2
8937,3,18717,Takoma,,0,295786,37371,2,2
8937,3,18716,Takoma,,0,295786,37371,2,2
8937,3,18715,Takoma,,0,295786,37371,2,2
8937,3,18714,Takoma,,0,295786,37371,2,2
8937,3,18713,Takoma,,0,295853,37371,2,2
8937,3,18712,Takoma,,0,295853,37371,2,2
8937,3,18711,Takoma,,0,295853,37371,2,2
8937,3,18708,Takoma,,0,295853,37371,2,2
8937,3,18710,Takoma,,0,295853,37371,2,2
8937,3,18728,Takoma Langley Transit Center,,1,295848,37374,2,2
8937,3,18743,Takoma Langley Transit Center,,1,295848,37374,2,2
8937,3,18742,Takoma Langley Transit Center,,1,295848,37374,2,2
8937,3,18741,Takoma Langley Transit Center,,1,295848,37374,2,2
8937,3,18740,Takoma Langley Transit Center,,1,295848,37374,2,2
8937,3,18739,Takoma Langley Transit Center,,1,295786,37374,2,2
8937,3,18738,Takoma Langley Transit Center,,1,295786,37374,2,2
8937,3,18737,Takoma Langley Transit Center,,1,295786,37374,2,2
8937,3,18736,Takoma Langley Transit Center,,1,295786,37374,2,2
8937,3,18735,Takoma Langley Transit Center,,1,295786,37374,2,2
8937,3,18734,Takoma Langley Transit Center,,1,295786,37374,2,2
8937,3,18733,Takoma Langley Transit Center,,1,295786,37374,2,2
8937,3,18732,Takoma Langley Transit Center,,1,295853,37374,2,2
8937,3,18731,Takoma Langley Transit Center,,1,295853,37374,2,2
8937,3,18730,Takoma Langley Transit Center,,1,295853,37374,2,2
8937,3,18727,Takoma Langley Transit Center,,1,295853,37374,2,2
8937,3,18726,Takoma Langley Transit Center,,1,295853,37374,2,2
8937,3,18729,Takoma Langley Transit Center,,1,295853,37374,2,2
8939,3,19184,Lyttonsville,,0,295794,37378,2,2
8939,3,19164,Lyttonsville,,0,295784,37378,2,2
8939,3,19183,Lyttonsville,,0,295771,37378,2,2
8939,3,19182,Lyttonsville,,0,295770,37378,2,2
8939,3,19181,Lyttonsville,,0,295761,37378,2,2
8939,3,19180,Lyttonsville,,0,295870,37378,2,2
8939,3,19179,Lyttonsville,,0,295794,37378,2,2
8939,3,19178,Lyttonsville,,0,295768,37378,2,2
8939,3,19177,Lyttonsville,,0,295766,37378,2,2
8939,3,19176,Lyttonsville,,0,295766,37378,2,2
8939,3,19175,Lyttonsville,,0,295857,37378,2,2
8939,3,19174,Lyttonsville,,0,295857,37378,2,2
8939,3,19173,Lyttonsville,,0,295866,37378,2,2
8939,3,19172,Lyttonsville,,0,295812,37378,2,2
8939,3,19171,Lyttonsville,,0,295804,37378,2,2
8939,3,19170,Lyttonsville,,0,295797,37378,2,2
8939,3,19169,Lyttonsville,,0,295858,37378,2,2
8939,3,19168,Lyttonsville,,0,295857,37378,2,2
8939,3,19167,Lyttonsville,,0,295857,37378,2,2
8939,3,19163,Lyttonsville,,0,295833,37378,2,2
8939,3,19162,Lyttonsville,,0,295797,37378,2,2
8939,3,19161,Lyttonsville,,0,295797,37378,2,2
8939,3,19160,Lyttonsville,,0,295858,37378,2,2
8939,3,19166,Lyttonsville,,0,295839,37378,2,2
8939,3,19159,Lyttonsville,,0,295806,37378,2,2
8939,3,19165,Lyttonsville,,0,295806,37378,2,2
8939,3,19210,Silver Spring,,1,295786,37380,2,2
8939,3,19190,Silver Spring,,1,295794,37380,2,2
8939,3,19209,Silver Spring,,1,295784,37380,2,2
8939,3,19208,Silver Spring,,1,295771,37380,2,2
8939,3,19207,Silver Spring,,1,295770,37380,2,2
8939,3,19206,Silver Spring,,1,295761,37380,2,2
8939,3,19205,Silver Spring,,1,295870,37380,2,2
8939,3,19204,Silver Spring,,1,295794,37380,2,2
8939,3,19203,Silver Spring,,1,295768,37380,2,2
8939,3,19202,Silver Spring,,1,295766,37380,2,2
8939,3,19201,Silver Spring,,1,295862,37380,2,2
8939,3,19200,Silver Spring,,1,295857,37380,2,2
8939,3,19199,Silver Spring,,1,295857,37380,2,2
8939,3,19198,Silver Spring,,1,295866,37380,2,2
8939,3,19197,Silver Spring,,1,295804,37380,2,2
8939,3,19196,Silver Spring,,1,295804,37380,2,2
8939,3,19195,Silver Spring,,1,295797,37380,2,2
8939,3,19194,Silver Spring,,1,295858,37380,2,2
8939,3,19193,Silver Spring,,1,295857,37380,2,2
8939,3,19189,Silver Spring,,1,295857,37380,2,2
8939,3,19188,Silver Spring,,1,295833,37380,2,2
8939,3,19187,Silver Spring,,1,295797,37380,2,2
8939,3,19186,Silver Spring,,1,295797,37380,2,2
8939,3,19185,Silver Spring,,1,295858,37380,2,2
8939,3,19192,Silver Spring,,1,295839,37380,2,2
8939,3,19191,Silver Spring,,1,295806,37380,2,2
8940,3,42068,Hillandale,,0,295762,37383,2,2
8940,3,42067,Hillandale,,0,295769,37383,2,2
8940,3,42066,Hillandale,,0,295768,37383,2,2
8940,3,42041,Hillandale,,0,295773,37383,2,2
8940,3,42065,Hillandale,,0,295795,37383,2,2
8940,3,42064,Hillandale,,0,295774,37383,2,2
8940,3,42063,Hillandale,,0,295782,37383,2,2
8940,3,42062,Hillandale,,0,295763,37383,2,2
8940,3,42061,Hillandale,,0,295857,37383,2,2
8940,3,42060,Hillandale,,0,295770,37383,2,2
8940,3,42059,Hillandale,,0,295761,37383,2,2
8940,3,42058,Hillandale,,0,295812,37383,2,2
8940,3,42057,Hillandale,,0,295784,37383,2,2
8940,3,42056,Hillandale,,0,295781,37383,2,2
8940,3,42055,Hillandale,,0,295872,37383,2,2
8940,3,42054,Hillandale,,0,295876,37383,2,2
8940,3,42053,Hillandale,,0,295784,37383,2,2
8940,3,42052,Hillandale,,0,295862,37383,2,2
8940,3,42051,Hillandale,,0,295797,37383,2,2
8940,3,42050,Hillandale,,0,295878,37383,2,2
8940,3,42069,Hillandale,,0,295839,37383,2,2
8940,3,42070,Hillandale,,0,295872,37383,2,2
8940,3,42071,Hillandale,,0,295836,37383,2,2
8940,3,42049,Hillandale,,0,295870,37383,2,2
8940,3,42042,Hillandale,,0,295824,37383,2,2
8940,3,42072,Hillandale,,0,295846,37383,2,2
8940,3,42073,Hillandale,,0,295876,37383,2,2
8940,3,42039,Hillandale,,0,295815,37383,2,2
8940,3,42074,Hillandale,,0,295833,37383,2,2
8940,3,42040,Hillandale,,0,295826,37383,2,2
8940,3,42047,Hillandale,,0,295865,37383,2,2
8940,3,42048,Hillandale,,0,295838,37383,2,2
8940,3,42046,Hillandale,,0,295864,37383,2,2
8940,3,42045,Hillandale,,0,295836,37383,2,2
8940,3,42044,Hillandale,,0,295864,37383,2,2
8940,3,42043,Hillandale,,0,295846,37383,2,2
8940,3,42075,Hillandale,,0,295864,37383,2,2
8940,3,42103,Silver Spring,,1,295766,37384,2,2
8940,3,42102,Silver Spring,,1,295771,37384,2,2
8940,3,42101,Silver Spring,,1,295768,37384,2,2
8940,3,42100,Silver Spring,,1,295789,37384,2,2
8940,3,42106,Silver Spring,,1,295762,37384,2,2
8940,3,42104,Silver Spring,,1,295769,37384,2,2
8940,3,42105,Silver Spring,,1,295773,37384,2,2
8940,3,42099,Silver Spring,,1,295768,37384,2,2
8940,3,42098,Silver Spring,,1,295774,37384,2,2
8940,3,42097,Silver Spring,,1,295782,37384,2,2
8940,3,42096,Silver Spring,,1,295795,37384,2,2
8940,3,42095,Silver Spring,,1,295857,37384,2,2
8940,3,42094,Silver Spring,,1,295770,37384,2,2
8940,3,42107,Silver Spring,,1,295761,37384,2,2
8940,3,42093,Silver Spring,,1,295763,37384,2,2
8940,3,42092,Silver Spring,,1,295784,37384,2,2
8940,3,42091,Silver Spring,,1,295812,37384,2,2
8940,3,42090,Silver Spring,,1,295872,37384,2,2
8940,3,42089,Silver Spring,,1,295876,37384,2,2
8940,3,42088,Silver Spring,,1,295784,37384,2,2
8940,3,42077,Silver Spring,,1,295862,37384,2,2
8940,3,42087,Silver Spring,,1,295797,37384,2,2
8940,3,42086,Silver Spring,,1,295878,37384,2,2
8940,3,42085,Silver Spring,,1,295839,37384,2,2
8940,3,42108,Silver Spring,,1,295872,37384,2,2
8940,3,42109,Silver Spring,,1,295838,37384,2,2
8940,3,42110,Silver Spring,,1,295824,37384,2,2
8940,3,42111,Silver Spring,,1,295846,37384,2,2
8940,3,42084,Silver Spring,,1,295836,37384,2,2
8940,3,42076,Silver Spring,,1,295876,37384,2,2
8940,3,42083,Silver Spring,,1,295826,37384,2,2
8940,3,42082,Silver Spring,,1,295865,37384,2,2
8940,3,42081,Silver Spring,,1,295838,37384,2,2
8940,3,42080,Silver Spring,,1,295864,37384,2,2
8940,3,42079,Silver Spring,,1,295836,37384,2,2
8940,3,42078,Silver Spring,,1,295864,37384,2,2
8940,3,42112,Silver Spring,,1,295846,37384,2,2
8958,3,42145,Glenmont,,0,295775,37412,2,2
8958,3,42144,Glenmont,,0,295767,37412,2,2
8958,3,42143,Glenmont,,0,295791,37412,2,2
8958,3,42142,Glenmont,,0,295780,37412,2,2
8958,3,42141,Glenmont,,0,295788,37412,2,2
8958,3,42140,Glenmont,,0,295775,37412,2,2
8958,3,42139,Glenmont,,0,295767,37412,2,2
8958,3,42138,Glenmont,,0,295791,37412,2,2
8958,3,42137,Glenmont,,0,295815,37412,2,2
8958,3,42136,Glenmont,,0,295780,37412,2,2
8958,3,42135,Glenmont,,0,295788,37412,2,2
8958,3,42134,Glenmont,,0,295775,37412,2,2
8958,3,42133,Glenmont,,0,295767,37412,2,2
8958,3,42132,Glenmont,,0,295791,37412,2,2
8958,3,42131,Glenmont,,0,295780,37412,2,2
8958,3,42130,Glenmont,,0,295788,37412,2,2
8958,3,42129,Glenmont,,0,295775,37412,2,2
8958,3,42128,Glenmont,,0,295767,37412,2,2
8958,3,42127,Glenmont,,0,295791,37412,2,2
8958,3,42126,Glenmont,,0,295817,37412,2,2
8958,3,42125,Glenmont,,0,295819,37412,2,2
8958,3,42124,Glenmont,,0,295821,37412,2,2
8958,3,42123,Glenmont,,0,295820,37412,2,2
8958,3,42122,Glenmont,,0,295816,37412,2,2
8958,3,42121,Glenmont,,0,295817,37412,2,2
8958,3,42120,Glenmont,,0,295819,37412,2,2
8958,3,42119,Glenmont,,0,295820,37412,2,2
8958,3,42118,Glenmont,,0,295878,37412,2,2
8958,3,42117,Glenmont,,0,295816,37412,2,2
8958,3,42116,Glenmont,,0,295817,37412,2,2
8958,3,42115,Glenmont,,0,295819,37412,2,2
8958,3,42114,Glenmont,,0,295820,37412,2,2
8958,3,42113,Glenmont,,0,295817,37412,2,2
8958,3,42146,Glenmont,,0,295777,37412,2,2
8958,3,42180,Montgomery Mall,,1,295767,37413,2,2
8958,3,42179,Montgomery Mall,,1,295780,37413,2,2
8958,3,42178,Montgomery Mall,,1,295788,37413,2,2
8958,3,42177,Montgomery Mall,,1,295775,37413,2,2
8958,3,42176,Montgomery Mall,,1,295767,37413,2,2
8958,3,42175,Montgomery Mall,,1,295791,37413,2,2
8958,3,42174,Montgomery Mall,,1,295815,37413,2,2
8958,3,42173,Montgomery Mall,,1,295780,37413,2,2
8958,3,42172,Montgomery Mall,,1,295788,37413,2,2
8958,3,42171,Montgomery Mall,,1,295775,37413,2,2
8958,3,42170,Montgomery Mall,,1,295767,37413,2,2
8958,3,42169,Montgomery Mall,,1,295791,37413,2,2
8958,3,42168,Montgomery Mall,,1,295780,37413,2,2
8958,3,42167,Montgomery Mall,,1,295788,37413,2,2
8958,3,42166,Montgomery Mall,,1,295775,37413,2,2
8958,3,42165,Montgomery Mall,,1,295767,37413,2,2
8958,3,42164,Montgomery Mall,,1,295791,37413,2,2
8958,3,42163,Montgomery Mall,,1,295817,37413,2,2
8958,3,42162,Montgomery Mall,,1,295819,37413,2,2
8958,3,42161,Montgomery Mall,,1,295821,37413,2,2
8958,3,42160,Montgomery Mall,,1,295820,37413,2,2
8958,3,42159,Montgomery Mall,,1,295816,37413,2,2
8958,3,42158,Montgomery Mall,,1,295817,37413,2,2
8958,3,42157,Montgomery Mall,,1,295819,37413,2,2
8958,3,42156,Montgomery Mall,,1,295821,37413,2,2
8958,3,42155,Montgomery Mall,,1,295820,37413,2,2
8958,3,42154,Montgomery Mall,,1,295878,37413,2,2
8958,3,42153,Montgomery Mall,,1,295816,37413,2,2
8958,3,42152,Montgomery Mall,,1,295817,37413,2,2
8958,3,42151,Montgomery Mall,,1,295819,37413,2,2
8958,3,42150,Montgomery Mall,,1,295820,37413,2,2
8958,3,42149,Montgomery Mall,,1,295816,37413,2,2
8958,3,42148,Montgomery Mall,,1,295817,37413,2,2
8958,3,42147,Montgomery Mall,,1,295777,37413,2,2
8958,3,42181,Montgomery Mall,,1,295820,37413,2,2
8959,3,21515,Tech Rd via Adventist Healthcare,,0,295768,37414,2,2
8959,3,21516,Tech Rd via Adventist Healthcare,,0,295762,37414,2,2
8959,3,21517,Tech Rd via Adventist Healthcare,,0,295769,37414,2,2
8959,3,21518,Tech Rd via Adventist Healthcare,,0,295768,37414,2,2
8959,3,21519,Tech Rd via Adventist Healthcare,,0,295795,37414,2,2
8959,3,21520,Tech Rd via Adventist Healthcare,,0,295795,37414,2,2
8959,3,21521,Tech Rd via Adventist Healthcare,,0,295763,37414,2,2
8959,3,21522,Tech Rd via Adventist Healthcare,,0,295763,37414,2,2
8959,3,21523,Tech Rd via Adventist Healthcare,,0,295812,37414,2,2
8959,3,21524,Tech Rd via Adventist Healthcare,,0,295781,37414,2,2
8959,3,21525,Tech Rd via Adventist Healthcare,,0,295781,37414,2,2
8959,3,21526,Tech Rd via Adventist Healthcare,,0,295781,37414,2,2
8959,3,21527,Tech Rd via Adventist Healthcare,,0,295838,37414,2,2
8959,3,21528,Tech Rd via Adventist Healthcare,,0,295838,37414,2,2
8959,3,21529,Tech Rd via Adventist Healthcare,,0,295836,37414,2,2
8959,3,21530,Tech Rd via Adventist Healthcare,,0,295836,37414,2,2
8959,3,21531,Tech Rd via Adventist Healthcare,,0,295876,37414,2,2
8959,3,21532,Tech Rd via Adventist Healthcare,,0,295833,37414,2,2
8959,3,21533,Hillandale via Adventist Healthcare,,1,295768,37415,2,2
8959,3,21534,Hillandale via Adventist Healthcare,,1,295762,37415,2,2
8959,3,21535,Hillandale via Adventist Healthcare,,1,295769,37415,2,2
8959,3,21536,Hillandale via Adventist Healthcare,,1,295768,37415,2,2
8959,3,21537,Hillandale via Adventist Healthcare,,1,295795,37415,2,2
8959,3,21538,Hillandale via Adventist Healthcare,,1,295795,37415,2,2
8959,3,21539,Hillandale via Adventist Healthcare,,1,295763,37415,2,2
8959,3,21540,Hillandale via Adventist Healthcare,,1,295763,37415,2,2
8959,3,21541,Hillandale via Adventist Healthcare,,1,295812,37415,2,2
8959,3,21542,Hillandale via Adventist Healthcare,,1,295781,37415,2,2
8959,3,21543,Hillandale via Adventist Healthcare,,1,295781,37415,2,2
8959,3,21544,Hillandale via Adventist Healthcare,,1,295781,37415,2,2
8959,3,21545,Hillandale via Adventist Healthcare,,1,295838,37415,2,2
8959,3,21546,Hillandale via Adventist Healthcare,,1,295838,37415,2,2
8959,3,21547,Hillandale via Adventist Healthcare,,1,295836,37415,2,2
8959,3,21548,Hillandale via Adventist Healthcare,,1,295836,37415,2,2
8959,3,21549,Hillandale via Adventist Healthcare,,1,295876,37415,2,2
8959,3,21550,Hillandale via Adventist Healthcare,,1,295833,37415,2,2
8961,3,22075,Bethesda,,0,295811,37418,2,2
8961,3,22092,Bethesda,,0,295812,37418,2,2
8961,3,22091,Bethesda,,0,295811,37418,2,2
8961,3,22090,Bethesda,,0,295812,37418,2,2
8961,3,22089,Bethesda,,0,295811,37418,2,2
8961,3,22088,Bethesda,,0,295812,37418,2,2
8961,3,22087,Bethesda,,0,295868,37418,2,2
8961,3,22086,Bethesda,,0,295811,37418,2,2
8961,3,22085,Bethesda,,0,295868,37418,2,2
8961,3,22084,Bethesda,,0,295811,37418,2,2
8961,3,22083,Bethesda,,0,295868,37418,2,2
8961,3,22082,Bethesda,,0,295832,37418,2,2
8961,3,22081,Bethesda,,0,295855,37418,2,2
8961,3,22080,Bethesda,,0,295868,37418,2,2
8961,3,22079,Bethesda,,0,295855,37418,2,2
8961,3,22078,Bethesda,,0,295868,37418,2,2
8961,3,22077,Bethesda,,0,295803,37418,2,2
8961,3,22074,Bethesda,,0,295855,37418,2,2
8961,3,22073,Bethesda,,0,295803,37418,2,2
8961,3,22072,Bethesda,,0,295855,37418,2,2
8961,3,22076,Bethesda,,0,295803,37418,2,2
8961,3,22113,Friendship Heights,,1,295812,37421,2,2
8961,3,22112,Friendship Heights,,1,295811,37421,2,2
8961,3,22111,Friendship Heights,,1,295812,37421,2,2
8961,3,22110,Friendship Heights,,1,295811,37421,2,2
8961,3,22109,Friendship Heights,,1,295812,37421,2,2
8961,3,22108,Friendship Heights,,1,295868,37421,2,2
8961,3,22107,Friendship Heights,,1,295811,37421,2,2
8961,3,22106,Friendship Heights,,1,295868,37421,2,2
8961,3,22105,Friendship Heights,,1,295811,37421,2,2
8961,3,22104,Friendship Heights,,1,295868,37421,2,2
8961,3,22103,Friendship Heights,,1,295832,37421,2,2
8961,3,22102,Friendship Heights,,1,295855,37421,2,2
8961,3,22101,Friendship Heights,,1,295868,37421,2,2
8961,3,22100,Friendship Heights,,1,295855,37421,2,2
8961,3,22099,Friendship Heights,,1,295868,37421,2,2
8961,3,22098,Friendship Heights,,1,295803,37421,2,2
8961,3,22097,Friendship Heights,,1,295855,37421,2,2
8961,3,22096,Friendship Heights,,1,295803,37421,2,2
8961,3,22095,Friendship Heights,,1,295855,37421,2,2
8961,3,22094,Friendship Heights,,1,295803,37421,2,2
8961,3,22093,Friendship Heights,,1,295855,37421,2,2
8966,3,22537,,,0,294331,37437,2,2
8966,3,22538,,,0,294331,37437,2,2
8966,3,22539,,,0,294331,37437,2,2
8966,3,22540,,,0,294331,37436,2,2
8966,3,22541,,,0,294331,37436,2,2
8966,3,22542,,,0,294332,37436,2,2
8966,3,22543,,,0,294332,37436,2,2
8966,3,22545,,,0,294332,37436,2,2
8966,3,22544,,,0,294332,37436,2,2
8966,3,22546,,,1,294331,37439,2,2
8966,3,22547,,,1,294331,37438,2,2
8966,3,22548,,,1,294331,37438,2,2
8966,3,22549,,,1,294331,37438,2,2
8966,3,22550,,,1,294332,37438,2,2
8966,3,22551,,,1,294332,37438,2,2
8966,3,22552,,,1,294332,37438,2,2
8966,3,22553,,,1,294332,37438,2,2
8966,3,22554,,,1,294332,37439,2,2
8970,3,42342,Wheaton,,0,295770,37450,2,2
8970,3,42343,Wheaton,,0,295776,37450,2,2
8970,3,42344,Wheaton,,0,295792,37450,2,2
8970,3,42345,Wheaton,,0,295778,37450,2,2
8970,3,42346,Wheaton,,0,295832,37450,2,2
8970,3,42347,Wheaton,,0,295789,37450,2,2
8970,3,42348,Wheaton,,0,295787,37450,2,2
8970,3,42349,Wheaton,,0,295792,37450,2,2
8970,3,42350,Wheaton,,0,295787,37450,2,2
8970,3,42351,Wheaton,,0,295776,37450,2,2
8970,3,42352,Wheaton,,0,295787,37450,2,2
8970,3,42353,Wheaton,,0,295860,37450,2,2
8970,3,42354,Wheaton,,0,295785,37450,2,2
8970,3,42355,Wheaton,,0,295860,37450,2,2
8970,3,42356,Wheaton,,0,295787,37450,2,2
8970,3,42357,Wheaton,,0,295795,37450,2,2
8970,3,42358,Wheaton,,0,295860,37450,2,2
8970,3,42359,Wheaton,,0,295827,37450,2,2
8970,3,42360,Wheaton,,0,295840,37450,2,2
8970,3,42361,Wheaton,,0,295827,37450,2,2
8970,3,42362,Wheaton,,0,295860,37450,2,2
8970,3,42363,Wheaton,,0,295801,37450,2,2
8970,3,42364,Wheaton,,0,295824,37450,2,2
8970,3,42365,Wheaton,,0,295827,37450,2,2
8970,3,42366,Wheaton,,0,295801,37450,2,2
8970,3,42367,Wheaton,,0,295827,37450,2,2
8970,3,42368,Wheaton,,0,295824,37450,2,2
8970,3,42369,Wheaton,,0,295827,37450,2,2
8970,3,42370,Wheaton,,0,295837,37450,2,2
8970,3,42380,Bethesda,,1,295776,37451,2,2
8970,3,42395,Bethesda,,1,295779,37451,2,2
8970,3,42372,Bethesda,,1,295778,37451,2,2
8970,3,42373,Bethesda,,1,295832,37451,2,2
8970,3,42382,Bethesda,,1,295863,37451,2,2
8970,3,42383,Bethesda,,1,295789,37451,2,2
8970,3,42384,Bethesda,,1,295787,37451,2,2
8970,3,42385,Bethesda,,1,295792,37451,2,2
8970,3,42386,Bethesda,,1,295787,37451,2,2
8970,3,42387,Bethesda,,1,295776,37451,2,2
8970,3,42388,Bethesda,,1,295787,37451,2,2
8970,3,42389,Bethesda,,1,295860,37451,2,2
8970,3,42390,Bethesda,,1,295785,37451,2,2
8970,3,42391,Bethesda,,1,295860,37451,2,2
8970,3,42392,Bethesda,,1,295787,37451,2,2
8970,3,42393,Bethesda,,1,295795,37451,2,2
8970,3,42396,Bethesda,,1,295860,37451,2,2
8970,3,42397,Bethesda,,1,295827,37451,2,2
8970,3,42398,Bethesda,,1,295840,37451,2,2
8970,3,42399,Bethesda,,1,295827,37451,2,2
8970,3,42394,Bethesda,,1,295860,37451,2,2
8970,3,42371,Bethesda,,1,295801,37451,2,2
8970,3,42375,Bethesda,,1,295824,37451,2,2
8970,3,42374,Bethesda,,1,295827,37451,2,2
8970,3,42376,Bethesda,,1,295828,37451,2,2
8970,3,42377,Bethesda,,1,295827,37451,2,2
8970,3,42378,Bethesda,,1,295824,37451,2,2
8970,3,42381,Bethesda,,1,295827,37451,2,2
8970,3,42379,Bethesda,,1,295837,37451,2,2
8973,3,23707,Wheaton,,0,295810,37461,2,2
8973,3,23720,Wheaton,,0,295814,37461,2,2
8973,3,23721,Wheaton,,0,295810,37461,2,2
8973,3,23722,Wheaton,,0,295814,37461,2,2
8973,3,23723,Wheaton Via Wheaton Plaza,,0,295874,37463,2,2
8973,3,23724,Wheaton Via Wheaton Plaza,,0,295810,37463,2,2
8973,3,23725,Wheaton Via Wheaton Plaza,,0,295874,37463,2,2
8973,3,23719,Wheaton Via Wheaton Plaza,,0,295810,37463,2,2
8973,3,23718,Wheaton Via Wheaton Plaza,,0,295874,37463,2,2
8973,3,23717,Wheaton Via Wheaton Plaza,,0,295810,37463,2,2
8973,3,23716,Wheaton Via Wheaton Plaza,,0,295874,37463,2,2
8973,3,23715,Wheaton Via Wheaton Plaza,,0,295810,37463,2,2
8973,3,23714,Wheaton Via Wheaton Plaza,,0,295874,37463,2,2
8973,3,23713,Wheaton Via Wheaton Plaza,,0,295852,37463,2,2
8973,3,23712,Wheaton,,0,295842,37461,2,2
8973,3,23711,Wheaton,,0,295852,37461,2,2
8973,3,23726,Wheaton,,0,295842,37461,2,2
8973,3,23727,Wheaton,,0,295874,37461,2,2
8973,3,23728,Wheaton,,0,295852,37461,2,2
8973,3,23729,Wheaton,,0,295849,37461,2,2
8973,3,23730,Wheaton,,0,295852,37461,2,2
8973,3,23710,Wheaton,,0,295849,37461,2,2
8973,3,23709,Wheaton,,0,295852,37461,2,2
8973,3,23731,Wheaton,,0,295851,37461,2,2
8973,3,23708,Wheaton,,0,295852,37461,2,2
8973,3,23745,North Bethesda,,1,295810,37465,2,2
8973,3,23744,North Bethesda,,1,295814,37465,2,2
8973,3,23743,North Bethesda,,1,295810,37465,2,2
8973,3,23742,North Bethesda,,1,295814,37465,2,2
8973,3,23741,North Bethesda,,1,295874,37465,2,2
8973,3,23740,North Bethesda via Wheaton Plaza,,1,295810,37467,2,2
8973,3,23739,North Bethesda via Wheaton Plaza,,1,295874,37467,2,2
8973,3,23738,North Bethesda via Wheaton Plaza,,1,295810,37467,2,2
8973,3,23737,North Bethesda via Wheaton Plaza,,1,295874,37467,2,2
8973,3,23736,North Bethesda via Wheaton Plaza,,1,295810,37467,2,2
8973,3,23735,North Bethesda via Wheaton Plaza,,1,295874,37467,2,2
8973,3,23746,North Bethesda via Wheaton Plaza,,1,295810,37467,2,2
8973,3,23747,North Bethesda via Wheaton Plaza,,1,295874,37467,2,2
8973,3,23748,North Bethesda via Wheaton Plaza,,1,295852,37467,2,2
8973,3,23749,North Bethesda via Wheaton Plaza,,1,295842,37467,2,2
8973,3,23750,North Bethesda via Wheaton Plaza,,1,295852,37467,2,2
8973,3,23751,North Bethesda,,1,295842,37465,2,2
8973,3,23752,North Bethesda,,1,295874,37465,2,2
8973,3,23753,North Bethesda,,1,295852,37465,2,2
8973,3,23754,North Bethesda,,1,295849,37465,2,2
8973,3,23755,North Bethesda,,1,295852,37465,2,2
8973,3,23734,North Bethesda,,1,295849,37465,2,2
8973,3,23733,North Bethesda,,1,295852,37465,2,2
8973,3,23756,North Bethesda,,1,295851,37465,2,2
8973,3,23732,North Bethesda,,1,295852,37465,2,2
8976,3,24617,Rockville,,0,295782,37474,2,2
8976,3,24616,Rockville,,0,295783,37474,2,2
8976,3,24615,Rockville,,0,295776,37474,2,2
8976,3,24614,Rockville,,0,295765,37474,2,2
8976,3,24613,Rockville,,0,295772,37474,2,2
8976,3,24612,Rockville,,0,295792,37474,2,2
8976,3,24611,Rockville,,0,295790,37474,2,2
8976,3,24610,Rockville,,0,295821,37474,2,2
8976,3,24609,Rockville,,0,295793,37474,2,2
8976,3,24606,Rockville,,0,295778,37474,2,2
8976,3,24605,Rockville,,0,295779,37474,2,2
8976,3,24604,Rockville,,0,295832,37474,2,2
8976,3,24603,Rockville,,0,295783,37474,2,2
8976,3,24599,Rockville,,0,295778,37474,2,2
8976,3,24598,Rockville,,0,295772,37474,2,2
8976,3,24602,Rockville,,0,295832,37474,2,2
8976,3,24601,Rockville,,0,295814,37474,2,2
8976,3,24597,Rockville,,0,295771,37474,2,2
8976,3,24600,Rockville,,0,295773,37474,2,2
8976,3,24596,Rockville,,0,295790,37474,2,2
8976,3,24595,Rockville,,0,295863,37474,2,2
8976,3,24594,Rockville,,0,295789,37474,2,2
8976,3,24593,Rockville,,0,295771,37474,2,2
8976,3,24592,Rockville,,0,295814,37474,2,2
8976,3,24591,Rockville,,0,295778,37474,2,2
8976,3,24590,Rockville,,0,295803,37474,2,2
8976,3,24589,Rockville,,0,295844,37474,2,2
8976,3,24588,Rockville,,0,295772,37474,2,2
8976,3,24587,Rockville,,0,295795,37474,2,2
8976,3,24586,Rockville,,0,295837,37474,2,2
8976,3,24585,Rockville,,0,295803,37474,2,2
8976,3,24584,Rockville,,0,295806,37474,2,2
8976,3,24583,Rockville,,0,295864,37474,2,2
8976,3,24582,Rockville,,0,295874,37474,2,2
8976,3,24581,Rockville,,0,295866,37474,2,2
8976,3,24580,Rockville,,0,295787,37474,2,2
8976,3,24579,Rockville,,0,295806,37474,2,2
8976,3,24578,Rockville,,0,295777,37474,2,2
8976,3,24577,Rockville,,0,295795,37474,2,2
8976,3,24576,Rockville,,0,295828,37474,2,2
8976,3,24575,Rockville,,0,295860,37474,2,2
8976,3,24574,Rockville,,0,295806,37474,2,2
8976,3,24573,Rockville,,0,295823,37474,2,2
8976,3,24572,Rockville,,0,295795,37474,2,2
8976,3,24571,Rockville,,0,295862,37474,2,2
8976,3,24570,Rockville,,0,295840,37474,2,2
8976,3,24569,Rockville,,0,295827,37474,2,2
8976,3,24568,Rockville,,0,295777,37474,2,2
8976,3,24567,Rockville,,0,295840,37474,2,2
8976,3,24566,Rockville,,0,295801,37474,2,2
8976,3,24565,Rockville,,0,295777,37474,2,2
8976,3,24562,Rockville,,0,295823,37474,2,2
8976,3,24561,Rockville,,0,295777,37474,2,2
8976,3,24560,Rockville,,0,295837,37474,2,2
8976,3,24559,Rockville,,0,295777,37474,2,2
8976,3,24558,Rockville,,0,295837,37474,2,2
8976,3,24557,Rockville,,0,295823,37474,2,2
8976,3,24677,Wheaton,,1,295782,37476,2,2
8976,3,24663,Wheaton,,1,295772,37476,2,2
8976,3,24662,Wheaton,,1,295832,37476,2,2
8976,3,24661,Wheaton,,1,295765,37476,2,2
8976,3,24660,Wheaton,,1,295779,37476,2,2
8976,3,24659,Wheaton,,1,295792,37476,2,2
8976,3,24658,Wheaton,,1,295783,37476,2,2
8976,3,24655,Wheaton,,1,295776,37476,2,2
8976,3,24654,Wheaton,,1,295793,37476,2,2
8976,3,24653,Wheaton,,1,295778,37476,2,2
8976,3,24652,Wheaton,,1,295772,37476,2,2
8976,3,24651,Wheaton,,1,295832,37476,2,2
8976,3,24650,Wheaton,,1,295790,37476,2,2
8976,3,24645,Wheaton,,1,295778,37476,2,2
8976,3,24648,Wheaton,,1,295772,37476,2,2
8976,3,24647,Wheaton,,1,295832,37476,2,2
8976,3,24646,Wheaton,,1,295814,37476,2,2
8976,3,24649,Wheaton,,1,295771,37476,2,2
8976,3,24644,Wheaton,,1,295773,37476,2,2
8976,3,24643,Wheaton,,1,295783,37476,2,2
8976,3,24642,Wheaton,,1,295863,37476,2,2
8976,3,24641,Wheaton,,1,295789,37476,2,2
8976,3,24640,Wheaton,,1,295771,37476,2,2
8976,3,24639,Wheaton,,1,295814,37476,2,2
8976,3,24638,Wheaton,,1,295778,37476,2,2
8976,3,24637,Wheaton,,1,295803,37476,2,2
8976,3,24636,Wheaton,,1,295790,37476,2,2
8976,3,24635,Wheaton,,1,295772,37476,2,2
8976,3,24634,Wheaton,,1,295795,37476,2,2
8976,3,24633,Wheaton,,1,295837,37476,2,2
8976,3,24632,Wheaton,,1,295803,37476,2,2
8976,3,24631,Wheaton,,1,295806,37476,2,2
8976,3,24630,Wheaton,,1,295864,37476,2,2
8976,3,24629,Wheaton,,1,295874,37476,2,2
8976,3,24628,Wheaton,,1,295866,37476,2,2
8976,3,24627,Wheaton,,1,295787,37476,2,2
8976,3,24626,Wheaton,,1,295806,37476,2,2
8976,3,24625,Wheaton,,1,295777,37476,2,2
8976,3,24624,Wheaton,,1,295795,37476,2,2
8976,3,24623,Wheaton,,1,295828,37476,2,2
8976,3,24622,Wheaton,,1,295860,37476,2,2
8976,3,24621,Wheaton,,1,295806,37476,2,2
8976,3,24620,Wheaton,,1,295829,37476,2,2
8976,3,24619,Wheaton,,1,295862,37476,2,2
8976,3,24676,Wheaton,,1,295840,37476,2,2
8976,3,24675,Wheaton,,1,295827,37476,2,2
8976,3,24674,Wheaton,,1,295777,37476,2,2
8976,3,24673,Wheaton,,1,295840,37476,2,2
8976,3,24671,Wheaton,,1,295823,37476,2,2
8976,3,24664,Wheaton,,1,295777,37476,2,2
8976,3,24670,Wheaton,,1,295823,37476,2,2
8976,3,24669,Wheaton,,1,295777,37476,2,2
8976,3,24668,Wheaton,,1,295837,37476,2,2
8976,3,24667,Wheaton,,1,295777,37476,2,2
8976,3,24666,Wheaton,,1,295837,37476,2,2
8976,3,24665,Wheaton,,1,295823,37476,2,2
8977,3,25286,Aspen Hill via Glenmont,,0,295770,37478,2,2
8977,3,25285,Aspen Hill via Glenmont,,0,295790,37478,2,2
8977,3,25284,Aspen Hill via Glenmont,,0,295793,37478,2,2
8977,3,25283,Aspen Hill via Glenmont,,0,295789,37478,2,2
8977,3,25282,Aspen Hill via Glenmont,,0,295842,37478,2,2
8977,3,25281,Aspen Hill via Glenmont,,0,295792,37478,2,2
8977,3,25280,Aspen Hill via Glenmont,,0,295766,37478,2,2
8977,3,25279,Aspen Hill via Glenmont,,0,295776,37478,2,2
8977,3,25278,Aspen Hill via Glenmont,,0,295789,37478,2,2
8977,3,25277,Aspen Hill via Glenmont,,0,295778,37478,2,2
8977,3,25276,Aspen Hill via Glenmont,,0,295772,37478,2,2
8977,3,25275,Aspen Hill via Glenmont,,0,295774,37478,2,2
8977,3,25274,Aspen Hill via Glenmont,,0,295789,37478,2,2
8977,3,25273,Aspen Hill via Glenmont,,0,295863,37478,2,2
8977,3,25272,Aspen Hill via Glenmont,,0,295865,37478,2,2
8977,3,25271,Aspen Hill via Glenmont,,0,295845,37478,2,2
8977,3,25270,Aspen Hill via Glenmont,,0,295837,37478,2,2
8977,3,25269,Aspen Hill via Glenmont,,0,295864,37478,2,2
8977,3,25268,Aspen Hill via Glenmont,,0,295866,37478,2,2
8977,3,25267,Aspen Hill via Glenmont,,0,295777,37478,2,2
8977,3,25266,Aspen Hill via Glenmont,,0,295864,37478,2,2
8977,3,25265,Aspen Hill via Glenmont,,0,295866,37478,2,2
8977,3,25264,Aspen Hill via Glenmont,,0,295862,37478,2,2
8977,3,25263,Aspen Hill via Glenmont,,0,295829,37478,2,2
8977,3,25262,Aspen Hill via Glenmont,,0,295837,37478,2,2
8977,3,25261,Aspen Hill via Glenmont,,0,295824,37478,2,2
8977,3,25260,Aspen Hill via Glenmont,,0,295829,37478,2,2
8977,3,25259,Aspen Hill via Glenmont,,0,295823,37478,2,2
8977,3,25258,Aspen Hill via Glenmont,,0,295829,37478,2,2
8977,3,25316,Wheaton via Glenmont,,1,295774,37479,2,2
8977,3,25315,Wheaton via Glenmont,,1,295814,37479,2,2
8977,3,25314,Wheaton via Glenmont,,1,295770,37479,2,2
8977,3,25313,Wheaton via Glenmont,,1,295790,37479,2,2
8977,3,25312,Wheaton via Glenmont,,1,295793,37479,2,2
8977,3,25311,Wheaton via Glenmont,,1,295789,37479,2,2
8977,3,25310,Wheaton via Glenmont,,1,295842,37479,2,2
8977,3,25309,Wheaton via Glenmont,,1,295792,37479,2,2
8977,3,25308,Wheaton via Glenmont,,1,295766,37479,2,2
8977,3,25307,Wheaton via Glenmont,,1,295776,37479,2,2
8977,3,25306,Wheaton via Glenmont,,1,295789,37479,2,2
8977,3,25305,Wheaton via Glenmont,,1,295778,37479,2,2
8977,3,25304,Wheaton via Glenmont,,1,295772,37479,2,2
8977,3,25303,Wheaton via Glenmont,,1,295774,37479,2,2
8977,3,25302,Wheaton via Glenmont,,1,295789,37479,2,2
8977,3,25301,Wheaton via Glenmont,,1,295863,37479,2,2
8977,3,25300,Wheaton via Glenmont,,1,295865,37479,2,2
8977,3,25299,Wheaton via Glenmont,,1,295845,37479,2,2
8977,3,25298,Wheaton via Glenmont,,1,295837,37479,2,2
8977,3,25297,Wheaton via Glenmont,,1,295864,37479,2,2
8977,3,25296,Wheaton via Glenmont,,1,295866,37479,2,2
8977,3,25295,Wheaton via Glenmont,,1,295777,37479,2,2
8977,3,25294,Wheaton via Glenmont,,1,295864,37479,2,2
8977,3,25293,Wheaton via Glenmont,,1,295866,37479,2,2
8977,3,25292,Wheaton via Glenmont,,1,295862,37479,2,2
8977,3,25291,Wheaton via Glenmont,,1,295829,37479,2,2
8977,3,25290,Wheaton via Glenmont,,1,295837,37479,2,2
8977,3,25289,Wheaton via Glenmont,,1,295824,37479,2,2
8977,3,25288,Wheaton via Glenmont,,1,295829,37479,2,2
8977,3,25287,Wheaton via Glenmont,,1,295823,37479,2,2
8979,3,47488,Shady Grove,,0,295932,37483,2,2
8979,3,47489,Shady Grove,,0,295881,37483,2,2
8979,3,47490,Shady Grove,,0,297771,37483,2,2
8979,3,47491,Shady Grove,,0,295926,37483,2,2
8979,3,47492,Shady Grove,,0,295890,37483,2,2
8979,3,47493,Shady Grove,,0,297772,37483,2,2
8979,3,47494,Shady Grove,,0,295934,37483,2,2
8979,3,47495,Shady Grove,,0,295884,37483,2,2
8979,3,47496,Shady Grove,,0,297771,37483,2,2
8979,3,47497,Shady Grove,,0,296017,37483,2,2
8979,3,47498,Shady Grove,,0,295887,37483,2,2
8979,3,47499,Shady Grove,,0,296017,37483,2,2
8979,3,47500,Shady Grove,,0,296103,37483,2,2
8979,3,47501,Shady Grove,,0,297773,37483,2,2
8979,3,47502,Shady Grove,,0,297774,37483,2,2
8979,3,47503,Shady Grove,,0,296136,37483,2,2
8979,3,47504,Shady Grove,,0,297775,37483,2,2
8979,3,47505,Shady Grove,,0,297776,37483,2,2
8979,3,47506,Shady Grove,,0,297775,37483,2,2
8979,3,47507,Shady Grove,,0,296136,37483,2,2
8979,3,47508,Shady Grove,,0,297777,37483,2,2
8979,3,47509,Shady Grove,,0,297778,37483,2,2
8979,3,47510,Traville,,1,295932,37485,2,2
8979,3,47511,Traville,,1,295881,37485,2,2
8979,3,47512,Traville,,1,297771,37485,2,2
8979,3,47513,Traville,,1,295926,37485,2,2
8979,3,47514,Traville,,1,295890,37485,2,2
8979,3,47515,Traville,,1,297772,37485,2,2
8979,3,47516,Traville,,1,295934,37485,2,2
8979,3,47517,Traville,,1,295884,37485,2,2
8979,3,47518,Traville,,1,297771,37485,2,2
8979,3,47519,Traville,,1,296017,37485,2,2
8979,3,47520,Traville,,1,295887,37485,2,2
8979,3,47521,Traville,,1,296017,37485,2,2
8979,3,47522,Traville,,1,296103,37485,2,2
8979,3,47523,Traville,,1,297773,37485,2,2
8979,3,47524,Traville,,1,297774,37485,2,2
8979,3,47525,Traville,,1,296136,37485,2,2
8979,3,47526,Traville,,1,297775,37485,2,2
8979,3,47527,Traville,,1,297776,37485,2,2
8979,3,47528,Traville,,1,297775,37485,2,2
8979,3,47529,Traville,,1,296136,37485,2,2
8979,3,47530,Traville,,1,297777,37485,2,2
8979,3,47531,Traville,,1,297778,37485,2,2
8982,3,47532,Mont College Rockville,,0,297779,37492,2,2
8982,3,47533,Mont College Rockville,,0,297780,37492,2,2
8982,3,47534,Mont College Rockville,,0,297781,37492,2,2
8982,3,47535,Mont College Rockville,,0,297779,37492,2,2
8982,3,47536,Mont College Rockville,,0,297780,37492,2,2
8982,3,47537,Mont College Rockville,,0,297781,37492,2,2
8982,3,47538,Mont College Rockville,,0,297779,37492,2,2
8982,3,47539,Mont College Rockville,,0,297780,37492,2,2
8982,3,47540,Mont College Rockville,,0,297781,37492,2,2
8982,3,47541,Mont College Rockville,,0,295932,37492,2,2
8982,3,47542,Mont College Rockville,,0,297782,37492,2,2
8982,3,47543,Mont College Rockville,,0,297779,37492,2,2
8982,3,47544,Mont College Rockville,,0,297780,37492,2,2
8982,3,47545,Mont College Rockville,,0,295932,37492,2,2
8982,3,47546,Mont College Rockville,,0,297782,37492,2,2
8982,3,47547,Mont College Rockville,,0,296030,37492,2,2
8982,3,47548,Mont College Rockville,,0,297780,37492,2,2
8982,3,47549,Mont College Rockville,,0,296125,37492,2,2
8982,3,47550,Mont College Rockville,,0,297782,37492,2,2
8982,3,47551,Mont College Rockville,,0,296030,37492,2,2
8982,3,47552,Mont College Rockville,,0,297783,37492,2,2
8982,3,47553,Mont College Rockville,,0,296125,37492,2,2
8982,3,47554,Mont College Rockville,,0,297784,37492,2,2
8982,3,47555,Mont College Rockville,,0,296030,37492,2,2
8982,3,47556,Mont College Rockville,,0,297783,37492,2,2
8982,3,47557,Mont College Rockville,,0,296104,37492,2,2
8982,3,47558,Mont College Rockville,,0,297784,37492,2,2
8982,3,47559,Mont College Rockville,,0,296125,37492,2,2
8982,3,47560,Mont College Rockville,,0,297783,37492,2,2
8982,3,47561,Mont College Rockville,,0,296104,37492,2,2
8982,3,47562,Mont College Rockville,,0,297784,37492,2,2
8982,3,47563,Mont College Rockville,,0,296125,37492,2,2
8982,3,47564,Mont College Rockville,,0,297785,37492,2,2
8982,3,47565,Mont College Rockville,,0,296104,37492,2,2
8982,3,47566,Mont College Rockville,,0,297785,37492,2,2
8982,3,47567,Mont College Rockville,,0,296104,37492,2,2
8982,3,47568,Mont College Rockville,,0,297785,37492,2,2
8982,3,47569,Mont College Rockville,,0,296104,37492,2,2
8982,3,47570,Medical Center,,1,297779,37493,2,2
8982,3,47571,Medical Center,,1,297780,37493,2,2
8982,3,47572,Medical Center,,1,297781,37493,2,2
8982,3,47573,Medical Center,,1,297779,37493,2,2
8982,3,47574,Medical Center,,1,297780,37493,2,2
8982,3,47575,Medical Center,,1,297781,37493,2,2
8982,3,47576,Medical Center,,1,297779,37493,2,2
8982,3,47577,Medical Center,,1,297780,37493,2,2
8982,3,47578,Medical Center,,1,297781,37493,2,2
8982,3,47579,Medical Center,,1,295932,37493,2,2
8982,3,47580,Medical Center,,1,297782,37493,2,2
8982,3,47581,Medical Center,,1,297779,37493,2,2
8982,3,47582,Medical Center,,1,297780,37493,2,2
8982,3,47583,Medical Center,,1,295932,37493,2,2
8982,3,47584,Medical Center,,1,297782,37493,2,2
8982,3,47585,Medical Center,,1,296030,37493,2,2
8982,3,47586,Medical Center,,1,297780,37493,2,2
8982,3,47587,Medical Center,,1,296125,37493,2,2
8982,3,47588,Medical Center,,1,297782,37493,2,2
8982,3,47589,Medical Center,,1,296030,37493,2,2
8982,3,47590,Medical Center,,1,297783,37493,2,2
8982,3,47591,Medical Center,,1,296125,37493,2,2
8982,3,47592,Medical Center,,1,297784,37493,2,2
8982,3,47593,Medical Center,,1,296030,37493,2,2
8982,3,47594,Medical Center,,1,297783,37493,2,2
8982,3,47595,Medical Center,,1,296104,37493,2,2
8982,3,47596,Medical Center,,1,297784,37493,2,2
8982,3,47597,Medical Center,,1,296125,37493,2,2
8982,3,47598,Medical Center,,1,297783,37493,2,2
8982,3,47599,Medical Center,,1,296104,37493,2,2
8982,3,47600,Medical Center,,1,297784,37493,2,2
8982,3,47601,Medical Center,,1,296125,37493,2,2
8982,3,47602,Medical Center,,1,297785,37493,2,2
8982,3,47603,Medical Center,,1,296104,37493,2,2
8982,3,47604,Medical Center,,1,297785,37493,2,2
8982,3,47605,Medical Center,,1,296104,37493,2,2
8982,3,47606,Medical Center,,1,297785,37493,2,2
8982,3,47607,Medical Center,,1,296104,37493,2,2
8983,3,42315,Rockville,,0,295832,37494,2,2
8983,3,42314,Rockville,,0,295779,37494,2,2
8983,3,42313,Rockville,,0,295783,37494,2,2
8983,3,42312,Rockville,,0,295776,37494,2,2
8983,3,42311,Rockville,,0,295772,37494,2,2
8983,3,42310,Rockville,,0,295790,37494,2,2
8983,3,42309,Rockville,,0,295821,37494,2,2
8983,3,42308,Rockville,,0,295779,37494,2,2
8983,3,42307,Rockville,,0,295783,37494,2,2
8983,3,42306,Rockville,,0,295821,37494,2,2
8983,3,42305,Rockville,,0,295779,37494,2,2
8983,3,42304,Rockville,,0,295790,37494,2,2
8983,3,42303,Rockville,,0,295829,37494,2,2
8983,3,42302,Rockville,,0,295800,37494,2,2
8983,3,42301,Rockville,,0,295844,37494,2,2
8983,3,42300,Rockville,,0,295829,37494,2,2
8983,3,42299,Rockville,,0,295800,37494,2,2
8983,3,42298,Rockville,,0,295844,37494,2,2
8983,3,42297,Rockville,,0,295829,37494,2,2
8983,3,42296,Rockville,,0,295868,37494,2,2
8983,3,42295,Rockville,,0,295800,37494,2,2
8983,3,42294,Rockville,,0,295844,37494,2,2
8983,3,42290,Rockville,,0,295823,37494,2,2
8983,3,42293,Rockville,,0,295800,37494,2,2
8983,3,42292,Rockville,,0,295844,37494,2,2
8983,3,42291,Rockville,,0,295828,37494,2,2
8983,3,42339,Bethesda,,1,295783,37495,2,2
8983,3,42338,Bethesda,,1,295776,37495,2,2
8983,3,42337,Bethesda,,1,295772,37495,2,2
8983,3,42336,Bethesda,,1,295790,37495,2,2
8983,3,42335,Bethesda,,1,295821,37495,2,2
8983,3,42334,Bethesda,,1,295779,37495,2,2
8983,3,42333,Bethesda,,1,295783,37495,2,2
8983,3,42332,Bethesda,,1,295821,37495,2,2
8983,3,42331,Bethesda,,1,295779,37495,2,2
8983,3,42330,Bethesda,,1,295790,37495,2,2
8983,3,42329,Bethesda,,1,295821,37495,2,2
8983,3,42328,Bethesda,,1,295779,37495,2,2
8983,3,42327,Bethesda,,1,295844,37495,2,2
8983,3,42326,Bethesda,,1,295829,37495,2,2
8983,3,42325,Bethesda,,1,295800,37495,2,2
8983,3,42324,Bethesda,,1,295844,37495,2,2
8983,3,42323,Bethesda,,1,295829,37495,2,2
8983,3,42322,Bethesda,,1,295800,37495,2,2
8983,3,42321,Bethesda,,1,295844,37495,2,2
8983,3,42320,Bethesda,,1,295823,37495,2,2
8983,3,42341,Bethesda,,1,295868,37495,2,2
8983,3,42319,Bethesda,,1,295800,37495,2,2
8983,3,42316,Bethesda,,1,295844,37495,2,2
8983,3,42318,Bethesda,,1,295801,37495,2,2
8983,3,42317,Bethesda,,1,295800,37495,2,2
8983,3,42340,Bethesda,,1,295844,37495,2,2
8984,3,47608,Rockville,,0,295892,37496,2,2
8984,3,47609,Rockville,,0,295880,37496,2,2
8984,3,47610,Rockville,,0,296008,37496,2,2
8984,3,47611,Rockville,,0,295884,37496,2,2
8984,3,47612,Rockville,,0,295892,37496,2,2
8984,3,47613,Rockville,,0,297786,37496,2,2
8984,3,47614,Rockville,,0,297784,37496,2,2
8984,3,47615,Rockville,,0,295952,37496,2,2
8984,3,47616,Rockville,,0,295940,37496,2,2
8984,3,47617,Rockville,,0,295885,37496,2,2
8984,3,47618,Rockville,,0,295880,37496,2,2
8984,3,47619,Rockville,,0,296008,37496,2,2
8984,3,47620,Rockville,,0,295945,37496,2,2
8984,3,47621,Rockville,,0,295889,37496,2,2
8984,3,47622,Rockville,,0,297787,37496,2,2
8984,3,47623,Rockville,,0,296510,37496,2,2
8984,3,47624,Rockville,,0,297788,37496,2,2
8984,3,47625,Rockville,,0,297789,37496,2,2
8984,3,47626,Rockville,,0,296510,37496,2,2
8984,3,47627,Rockville,,0,297790,37496,2,2
8984,3,47628,Rockville,,0,297791,37496,2,2
8984,3,47629,Rockville,,0,297792,37496,2,2
8984,3,47630,Rockville,,0,297788,37496,2,2
8984,3,47631,Rockville,,0,297793,37496,2,2
8984,3,47632,Rockville,,0,297788,37496,2,2
8984,3,47633,Rockville,,0,296141,37496,2,2
8984,3,47634,Wheaton,,1,295880,37497,2,2
8984,3,47635,Wheaton,,1,296008,37497,2,2
8984,3,47636,Wheaton,,1,295884,37497,2,2
8984,3,47637,Wheaton,,1,295892,37497,2,2
8984,3,47638,Wheaton,,1,297786,37497,2,2
8984,3,47639,Wheaton,,1,297784,37497,2,2
8984,3,47640,Wheaton,,1,295952,37497,2,2
8984,3,47641,Wheaton,,1,295940,37497,2,2
8984,3,47642,Wheaton,,1,295885,37497,2,2
8984,3,47643,Wheaton,,1,295880,37497,2,2
8984,3,47644,Wheaton,,1,296008,37497,2,2
8984,3,47645,Wheaton,,1,295945,37497,2,2
8984,3,47646,Wheaton,,1,295889,37497,2,2
8984,3,47647,Wheaton,,1,297787,37497,2,2
8984,3,47648,Wheaton,,1,296510,37497,2,2
8984,3,47649,Wheaton,,1,297788,37497,2,2
8984,3,47650,Wheaton,,1,297789,37497,2,2
8984,3,47651,Wheaton,,1,296510,37497,2,2
8984,3,47652,Wheaton,,1,297790,37497,2,2
8984,3,47653,Wheaton,,1,297791,37497,2,2
8984,3,47654,Wheaton,,1,297792,37497,2,2
8984,3,47655,Wheaton,,1,297788,37497,2,2
8984,3,47656,Wheaton,,1,297793,37497,2,2
8984,3,47657,Wheaton,,1,297788,37497,2,2
8984,3,47658,Wheaton,,1,296141,37497,2,2
8985,3,47659,Rockville,,0,295884,37498,2,2
8985,3,47660,Rockville,,0,295885,37498,2,2
8985,3,47661,Rockville,,0,295884,37498,2,2
8985,3,47662,Rockville,,0,295892,37498,2,2
8985,3,47663,Rockville,,0,295952,37498,2,2
8985,3,47664,Rockville,,0,295940,37498,2,2
8985,3,47665,Rockville,,0,295952,37498,2,2
8985,3,47666,Rockville,,0,295940,37498,2,2
8985,3,47667,Rockville,,0,295885,37498,2,2
8985,3,47668,Rockville,,0,295880,37498,2,2
8985,3,47669,Rockville,,0,296008,37498,2,2
8985,3,47670,Rockville,,0,295945,37498,2,2
8985,3,47671,Rockville,,0,295889,37498,2,2
8985,3,47672,Rockville,,0,297784,37498,2,2
8985,3,47673,Rockville,,0,295882,37498,2,2
8985,3,47674,Rockville,,0,296109,37498,2,2
8985,3,47675,Rockville,,0,295940,37498,2,2
8985,3,47676,Rockville,,0,296142,37498,2,2
8985,3,47677,Rockville,,0,296135,37498,2,2
8985,3,47678,Rockville,,0,297793,37498,2,2
8985,3,47679,Rockville,,0,296139,37498,2,2
8985,3,47680,Rockville,,0,297788,37498,2,2
8985,3,47681,Rockville,,0,297793,37498,2,2
8985,3,47682,Rockville,,0,296142,37498,2,2
8985,3,47683,Rockville,,0,296135,37498,2,2
8985,3,47684,Rockville,,0,296139,37498,2,2
8985,3,47685,Rockville,,0,297793,37498,2,2
8985,3,47686,Glenmont,,1,295885,37499,2,2
8985,3,47687,Glenmont,,1,295884,37499,2,2
8985,3,47688,Glenmont,,1,295892,37499,2,2
8985,3,47689,Glenmont,,1,295952,37499,2,2
8985,3,47690,Glenmont,,1,295940,37499,2,2
8985,3,47691,Glenmont,,1,295952,37499,2,2
8985,3,47692,Glenmont,,1,295940,37499,2,2
8985,3,47693,Glenmont,,1,295885,37499,2,2
8985,3,47694,Glenmont,,1,295880,37499,2,2
8985,3,47695,Glenmont,,1,296008,37499,2,2
8985,3,47696,Glenmont,,1,295945,37499,2,2
8985,3,47697,Glenmont,,1,295889,37499,2,2
8985,3,47698,Glenmont,,1,297784,37499,2,2
8985,3,47699,Glenmont,,1,295882,37499,2,2
8985,3,47700,Glenmont,,1,296109,37499,2,2
8985,3,47701,Glenmont,,1,295940,37499,2,2
8985,3,47702,Glenmont,,1,296142,37499,2,2
8985,3,47703,Glenmont,,1,296135,37499,2,2
8985,3,47704,Glenmont,,1,297793,37499,2,2
8985,3,47705,Glenmont,,1,296139,37499,2,2
8985,3,47706,Glenmont,,1,297788,37499,2,2
8985,3,47707,Glenmont,,1,297793,37499,2,2
8985,3,47708,Glenmont,,1,296142,37499,2,2
8985,3,47709,Glenmont,,1,296135,37499,2,2
8985,3,47710,Glenmont,,1,296139,37499,2,2
8985,3,47711,Glenmont,,1,297793,37499,2,2
8985,3,47712,Glenmont,,1,297788,37499,2,2
8986,3,29013,Twinbrook,,0,295764,37501,2,2
8986,3,29012,Twinbrook,,0,295761,37501,2,2
8986,3,29011,Twinbrook,,0,295774,37501,2,2
8986,3,28986,Twinbrook,,0,295785,37501,2,2
8986,3,29010,Twinbrook,,0,295870,37501,2,2
8986,3,29009,Twinbrook,,0,295769,37501,2,2
8986,3,28987,Twinbrook Victory F,,0,295866,37500,2,2
8986,3,29007,Twinbrook,,0,295784,37501,2,2
8986,3,29008,Twinbrook Victory F,,0,295793,37500,2,2
8986,3,29005,Twinbrook,,0,295870,37501,2,2
8986,3,29006,Twinbrook Victory F,,0,295794,37500,2,2
8986,3,29003,Twinbrook,,0,295833,37501,2,2
8986,3,29004,Twinbrook Victory F,,0,295870,37500,2,2
8986,3,29001,Twinbrook,,0,295793,37501,2,2
8986,3,29002,Twinbrook Victory F,,0,295823,37500,2,2
8986,3,28999,Twinbrook,,0,295826,37501,2,2
8986,3,29000,Twinbrook,,0,295798,37501,2,2
8986,3,28998,Twinbrook,,0,295804,37501,2,2
8986,3,28997,Twinbrook,,0,295838,37501,2,2
8986,3,28996,Twinbrook,,0,295872,37501,2,2
8986,3,28988,Twinbrook,,0,295839,37501,2,2
8986,3,28995,Twinbrook,,0,295860,37501,2,2
8986,3,28994,Twinbrook,,0,295825,37501,2,2
8986,3,28993,Twinbrook,,0,295839,37501,2,2
8986,3,28992,Twinbrook,,0,295840,37501,2,2
8986,3,28991,Twinbrook,,0,295826,37501,2,2
8986,3,28990,Twinbrook,,0,295838,37501,2,2
8986,3,28989,Twinbrook,,0,295836,37501,2,2
8986,3,29041,Silver Spring,,1,295764,37503,2,2
8986,3,29040,Silver Spring,,1,295761,37503,2,2
8986,3,29039,Silver Spring,,1,295774,37503,2,2
8986,3,29038,Silver Spring,,1,295785,37503,2,2
8986,3,29037,Silver Spring Victory F,,1,295870,37502,2,2
8986,3,29036,Silver Spring,,1,295769,37503,2,2
8986,3,29016,Silver Spring Victory F,,1,295866,37502,2,2
8986,3,29035,Silver Spring,,1,295784,37503,2,2
8986,3,29015,Silver Spring Victory F,,1,295793,37502,2,2
8986,3,29033,Silver Spring,,1,295870,37503,2,2
8986,3,29034,Silver Spring Victory F,,1,295794,37502,2,2
8986,3,29031,Silver Spring,,1,295833,37503,2,2
8986,3,29032,Silver Spring Victory F,,1,295870,37502,2,2
8986,3,29029,Silver Spring,,1,295793,37503,2,2
8986,3,29030,Silver Spring,,1,295823,37503,2,2
8986,3,29028,Silver Spring,,1,295826,37503,2,2
8986,3,29027,Silver Spring,,1,295798,37503,2,2
8986,3,29026,Silver Spring,,1,295804,37503,2,2
8986,3,29018,Silver Spring,,1,295838,37503,2,2
8986,3,29025,Silver Spring,,1,295872,37503,2,2
8986,3,29014,Silver Spring,,1,295839,37503,2,2
8986,3,29024,Silver Spring,,1,295860,37503,2,2
8986,3,29023,Silver Spring,,1,295825,37503,2,2
8986,3,29022,Silver Spring,,1,295839,37503,2,2
8986,3,29021,Silver Spring,,1,295840,37503,2,2
8986,3,29017,Silver Spring,,1,295826,37503,2,2
8986,3,29020,Silver Spring,,1,295838,37503,2,2
8986,3,29019,Silver Spring,,1,295836,37503,2,2
8990,3,47713,Lakeforest,,0,295891,37525,2,2
8990,3,47714,Lakeforest,,0,295882,37525,2,2
8990,3,47715,Lakeforest,,0,295934,37525,2,2
8990,3,47716,Lakeforest,,0,296024,37525,2,2
8990,3,47717,Lakeforest,,0,297794,37525,2,2
8990,3,47718,Lakeforest,,0,297783,37525,2,2
8990,3,47719,Lakeforest,,0,296095,37525,2,2
8990,3,47720,Lakeforest,,0,295881,37525,2,2
8990,3,47721,Lakeforest,,0,297795,37525,2,2
8990,3,47722,Lakeforest,,0,296063,37525,2,2
8990,3,47723,Lakeforest,,0,297796,37525,2,2
8990,3,47724,Lakeforest,,0,295912,37525,2,2
8990,3,47725,Lakeforest,,0,295934,37525,2,2
8990,3,47726,Lakeforest,,0,297797,37525,2,2
8990,3,47727,Lakeforest,,0,297798,37525,2,2
8990,3,47728,Lakeforest,,0,297799,37525,2,2
8990,3,47729,Lakeforest,,0,297800,37525,2,2
8990,3,47730,Lakeforest,,0,297801,37525,2,2
8990,3,47731,Lakeforest,,0,297795,37525,2,2
8990,3,47732,Lakeforest,,0,296513,37525,2,2
8990,3,47733,Lakeforest,,0,297787,37525,2,2
8990,3,47734,Lakeforest,,0,296955,37525,2,2
8990,3,47735,Lakeforest,,0,297789,37525,2,2
8990,3,47736,Lakeforest,,0,297787,37525,2,2
8990,3,47737,Rockville,,1,296095,37528,2,2
8990,3,47738,Rockville,,1,295974,37528,2,2
8990,3,47739,Rockville,,1,296017,37528,2,2
8990,3,47740,Rockville,,1,296095,37528,2,2
8990,3,47741,Rockville,,1,295968,37528,2,2
8990,3,47742,Rockville,,1,296103,37528,2,2
8990,3,47743,Rockville,,1,297802,37528,2,2
8990,3,47744,Rockville,,1,297794,37528,2,2
8990,3,47745,Rockville,,1,295881,37528,2,2
8990,3,47746,Rockville,,1,296095,37528,2,2
8990,3,47747,Rockville,,1,297783,37528,2,2
8990,3,47748,Rockville,,1,297795,37528,2,2
8990,3,47749,Rockville,,1,295912,37528,2,2
8990,3,47750,Rockville,,1,296102,37528,2,2
8990,3,47751,Rockville,,1,297772,37528,2,2
8990,3,47752,Rockville,,1,295934,37528,2,2
8990,3,47753,Rockville,,1,297797,37528,2,2
8990,3,47754,Rockville,,1,297798,37528,2,2
8990,3,47755,Rockville,,1,297799,37528,2,2
8990,3,47756,Rockville,,1,297800,37528,2,2
8990,3,47757,Rockville,,1,297801,37528,2,2
8990,3,47758,Rockville,,1,297795,37528,2,2
8990,3,47759,Rockville,,1,296513,37528,2,2
8990,3,47760,Rockville,,1,297789,37528,2,2
8991,3,47761,Germantown,,0,295983,37529,2,2
8991,3,47762,Germantown,,0,295968,37529,2,2
8991,3,47763,Germantown,,0,296030,37529,2,2
8991,3,47764,Germantown,,0,295945,37529,2,2
8991,3,47765,Germantown,,0,295919,37529,2,2
8991,3,47766,Germantown,,0,295974,37529,2,2
8991,3,47767,Germantown,,0,296063,37529,2,2
8991,3,47768,Germantown,,0,296017,37529,2,2
8991,3,47769,Germantown,,0,297799,37529,2,2
8991,3,47770,Germantown,,0,297803,37529,2,2
8991,3,47771,Germantown,,0,295891,37529,2,2
8991,3,47772,Germantown,,0,297791,37529,2,2
8991,3,47773,Germantown,,0,296103,37529,2,2
8991,3,47774,Germantown,,0,297804,37529,2,2
8991,3,47775,Germantown,,0,297802,37529,2,2
8991,3,47776,Germantown,,0,295887,37529,2,2
8991,3,47777,Germantown,,0,297794,37529,2,2
8991,3,47778,Germantown,,0,295892,37529,2,2
8991,3,47779,Germantown,,0,295926,37529,2,2
8991,3,47780,Germantown,,0,297798,37529,2,2
8991,3,47781,Germantown,,0,296513,37529,2,2
8991,3,47782,Germantown,,0,297799,37529,2,2
8991,3,47783,Germantown,,0,295886,37529,2,2
8991,3,47784,Germantown,,0,297776,37529,2,2
8991,3,47785,Germantown,,0,297802,37529,2,2
8991,3,47786,Germantown,,0,297775,37529,2,2
8991,3,47787,Germantown,,0,297778,37529,2,2
8991,3,47788,Germantown,,0,297786,37529,2,2
8991,3,47789,Germantown,,0,297795,37529,2,2
8991,3,47790,Germantown,,0,296508,37529,2,2
8991,3,47791,Germantown,,0,297805,37529,2,2
8991,3,47792,Germantown,,0,297787,37529,2,2
8991,3,47793,Germantown,,0,297772,37529,2,2
8991,3,47794,Germantown,,0,297806,37529,2,2
8991,3,47795,Germantown,,0,296102,37529,2,2
8991,3,47796,Germantown,,0,297807,37529,2,2
8991,3,47797,Germantown,,0,296103,37529,2,2
8991,3,47798,Germantown,,0,297778,37529,2,2
8991,3,47799,Germantown,,0,297797,37529,2,2
8991,3,47800,Germantown,,0,296109,37529,2,2
8991,3,47801,Germantown,,0,296510,37529,2,2
8991,3,47802,Germantown,,0,296102,37529,2,2
8991,3,47803,Germantown,,0,297790,37529,2,2
8991,3,47804,Germantown,,0,297773,37529,2,2
8991,3,47805,Germantown,,0,297801,37529,2,2
8991,3,47806,Germantown,,0,297792,37529,2,2
8991,3,47807,Germantown,,0,297806,37529,2,2
8991,3,47808,Germantown,,0,297797,37529,2,2
8991,3,47809,Germantown,,0,297775,37529,2,2
8991,3,47810,Germantown,,0,297790,37529,2,2
8991,3,47811,Germantown,,0,296142,37529,2,2
8991,3,47812,Germantown,,0,297806,37529,2,2
8991,3,47813,Germantown,,0,296955,37529,2,2
8991,3,47814,Rockville,,1,295968,37531,2,2
8991,3,47815,Rockville,,1,295891,37531,2,2
8991,3,47816,Rockville,,1,295882,37531,2,2
8991,3,47817,Rockville,,1,295919,37531,2,2
8991,3,47818,Rockville,,1,295968,37531,2,2
8991,3,47819,Rockville,,1,295932,37531,2,2
8991,3,47820,Rockville,,1,295887,37531,2,2
8991,3,47821,Rockville,,1,297803,37531,2,2
8991,3,47822,Rockville,,1,297804,37531,2,2
8991,3,47823,Rockville,,1,295881,37531,2,2
8991,3,47824,Rockville,,1,296063,37531,2,2
8991,3,47825,Rockville,,1,297795,37531,2,2
8991,3,47826,Rockville,,1,295926,37531,2,2
8991,3,47827,Rockville,,1,297799,37531,2,2
8991,3,47828,Rockville,,1,297808,37531,2,2
8991,3,47829,Rockville,,1,295983,37531,2,2
8991,3,47830,Rockville,,1,295890,37531,2,2
8991,3,47831,Rockville,,1,295912,37531,2,2
8991,3,47832,Rockville,,1,295919,37531,2,2
8991,3,47833,Rockville,,1,295934,37531,2,2
8991,3,47834,Rockville,,1,297802,37531,2,2
8991,3,47835,Rockville,,1,295891,37531,2,2
8991,3,47836,Rockville,,1,295974,37531,2,2
8991,3,47837,Rockville,,1,297801,37531,2,2
8991,3,47838,Rockville,,1,297805,37531,2,2
8991,3,47839,Rockville,,1,297798,37531,2,2
8991,3,47840,Rockville,,1,297789,37531,2,2
8991,3,47841,Rockville,,1,297799,37531,2,2
8991,3,47842,Rockville,,1,297807,37531,2,2
8991,3,47843,Rockville,,1,297776,37531,2,2
8991,3,47844,Rockville,,1,297791,37531,2,2
8991,3,47845,Rockville,,1,296017,37531,2,2
8991,3,47846,Rockville,,1,297778,37531,2,2
8991,3,47847,Rockville,,1,296103,37531,2,2
8991,3,47848,Rockville,,1,297795,37531,2,2
8991,3,47849,Rockville,,1,296513,37531,2,2
8991,3,47850,Rockville,,1,297787,37531,2,2
8991,3,47851,Rockville,,1,296955,37531,2,2
8991,3,47852,Rockville,,1,296102,37531,2,2
8991,3,47853,Rockville,,1,296580,37531,2,2
8991,3,47854,Rockville,,1,297774,37531,2,2
8991,3,47855,Rockville,,1,297806,37531,2,2
8991,3,47856,Rockville,,1,297809,37531,2,2
8991,3,47857,Rockville,,1,296141,37531,2,2
8991,3,47858,Rockville,,1,297797,37531,2,2
8991,3,47859,Rockville,,1,297775,37531,2,2
8991,3,47860,Rockville,,1,297790,37531,2,2
8991,3,47861,Rockville,,1,297806,37531,2,2
8991,3,47862,Rockville,,1,296955,37531,2,2
8991,3,47863,Rockville,,1,297810,37531,2,2
8991,3,47864,Rockville,,1,297792,37531,2,2
8992,3,47865,Lakeforest,,0,295920,37534,2,2
8992,3,47866,Lakeforest,,0,295886,37534,2,2
8992,3,47867,Lakeforest,,0,296095,37534,2,2
8992,3,47868,Lakeforest,,0,295968,37534,2,2
8992,3,47869,Lakeforest,,0,297805,37534,2,2
8992,3,47870,Lakeforest,,0,295887,37534,2,2
8992,3,47871,Lakeforest,,0,296024,37534,2,2
8992,3,47872,Lakeforest,,0,295968,37534,2,2
8992,3,47873,Lakeforest,,0,297781,37534,2,2
8992,3,47874,Lakeforest,,0,297800,37534,2,2
8992,3,47875,Lakeforest,,0,297786,37534,2,2
8992,3,47876,Lakeforest,,0,296508,37534,2,2
8992,3,47877,Lakeforest,,0,297800,37534,2,2
8992,3,47878,Lakeforest,,0,297801,37534,2,2
8992,3,47879,Lakeforest,,0,297811,37534,2,2
8992,3,47880,Lakeforest,,0,297782,37534,2,2
8992,3,47881,Lakeforest,,0,297776,37534,2,2
8992,3,47882,Lakeforest,,0,297811,37534,2,2
8992,3,47883,Lakeforest,,0,297782,37534,2,2
8992,3,47884,Lakeforest,,0,297798,37534,2,2
8992,3,47885,Lakeforest,,0,297800,37534,2,2
8992,3,47886,Lakeforest,,0,297774,37534,2,2
8992,3,47887,Lakeforest,,0,297809,37534,2,2
8992,3,47888,Rockville,,1,295945,37536,2,2
8992,3,47889,Rockville,,1,295934,37536,2,2
8992,3,47890,Rockville,,1,296063,37536,2,2
8992,3,47891,Rockville,,1,295891,37536,2,2
8992,3,47892,Rockville,,1,296024,37536,2,2
8992,3,47893,Rockville,,1,297805,37536,2,2
8992,3,47894,Rockville,,1,295887,37536,2,2
8992,3,47895,Rockville,,1,296024,37536,2,2
8992,3,47896,Rockville,,1,295968,37536,2,2
8992,3,47897,Rockville,,1,295886,37536,2,2
8992,3,47898,Rockville,,1,297800,37536,2,2
8992,3,47899,Rockville,,1,297786,37536,2,2
8992,3,47900,Rockville,,1,296508,37536,2,2
8992,3,47901,Rockville,,1,297800,37536,2,2
8992,3,47902,Rockville,,1,297801,37536,2,2
8992,3,47903,Rockville,,1,297811,37536,2,2
8992,3,47904,Rockville,,1,297782,37536,2,2
8992,3,47905,Rockville,,1,297810,37536,2,2
8992,3,47906,Rockville,,1,297785,37536,2,2
8992,3,47907,Rockville,,1,297773,37536,2,2
8992,3,47908,Rockville,,1,297787,37536,2,2
8992,3,47909,Rockville,,1,296508,37536,2,2
8992,3,47910,Rockville,,1,297776,37536,2,2
8993,3,47911,Lakeforest,,0,296095,37537,2,2
8993,3,47912,Lakeforest,,0,295974,37537,2,2
8993,3,47913,Lakeforest,,0,296017,37537,2,2
8993,3,47914,Lakeforest,,0,295891,37537,2,2
8993,3,47915,Lakeforest,,0,295882,37537,2,2
8993,3,47916,Lakeforest,,0,295934,37537,2,2
8993,3,47917,Lakeforest,,0,295882,37537,2,2
8993,3,47918,Lakeforest,,0,297794,37537,2,2
8993,3,47919,Lakeforest,,0,297783,37537,2,2
8993,3,47920,Lakeforest,,0,296095,37537,2,2
8993,3,47921,Lakeforest,,0,297783,37537,2,2
8993,3,47922,Lakeforest,,0,297795,37537,2,2
8993,3,47923,Lakeforest,,0,296063,37537,2,2
8993,3,47924,Lakeforest,,0,297796,37537,2,2
8993,3,47925,Lakeforest,,0,296063,37537,2,2
8993,3,47926,Lakeforest,,0,295934,37537,2,2
8993,3,47927,Lakeforest,,0,297797,37537,2,2
8993,3,47928,Lakeforest,,0,297798,37537,2,2
8993,3,47929,Lakeforest,,0,297799,37537,2,2
8993,3,47930,Lakeforest,,0,297800,37537,2,2
8993,3,47931,Lakeforest,,0,297801,37537,2,2
8993,3,47932,Lakeforest,,0,297795,37537,2,2
8993,3,47933,Lakeforest,,0,296513,37537,2,2
8993,3,47934,Lakeforest,,0,297807,37537,2,2
8993,3,47935,Lakeforest,,0,297800,37537,2,2
8993,3,47936,Lakeforest,,0,297807,37537,2,2
8993,3,47937,Shady Grove,,1,296095,37538,2,2
8993,3,47938,Shady Grove,,1,295974,37538,2,2
8993,3,47939,Shady Grove,,1,296017,37538,2,2
8993,3,47940,Shady Grove,,1,295891,37538,2,2
8993,3,47941,Shady Grove,,1,295882,37538,2,2
8993,3,47942,Shady Grove,,1,295934,37538,2,2
8993,3,47943,Shady Grove,,1,295882,37538,2,2
8993,3,47944,Shady Grove,,1,297794,37538,2,2
8993,3,47945,Shady Grove,,1,297783,37538,2,2
8993,3,47946,Shady Grove,,1,296095,37538,2,2
8993,3,47947,Shady Grove,,1,297783,37538,2,2
8993,3,47948,Shady Grove,,1,297795,37538,2,2
8993,3,47949,Shady Grove,,1,296063,37538,2,2
8993,3,47950,Shady Grove,,1,297796,37538,2,2
8993,3,47951,Shady Grove,,1,296063,37538,2,2
8993,3,47952,Shady Grove,,1,295934,37538,2,2
8993,3,47953,Shady Grove,,1,297797,37538,2,2
8993,3,47954,Shady Grove,,1,297798,37538,2,2
8993,3,47955,Shady Grove,,1,297799,37538,2,2
8993,3,47956,Shady Grove,,1,297800,37538,2,2
8993,3,47957,Shady Grove,,1,297801,37538,2,2
8993,3,47958,Shady Grove,,1,297795,37538,2,2
8993,3,47959,Shady Grove,,1,296513,37538,2,2
8993,3,47960,Shady Grove,,1,297807,37538,2,2
8993,3,47961,Shady Grove,,1,297800,37538,2,2
8993,3,47962,Shady Grove,,1,297807,37538,2,2
8993,3,47963,Shady Grove,,1,297787,37538,2,2
8994,3,47964,Lakeforest,,0,295934,37540,2,2
8994,3,47965,Lakeforest,,0,296063,37540,2,2
8994,3,47966,Lakeforest,,0,295890,37540,2,2
8994,3,47967,Lakeforest,,0,297808,37540,2,2
8994,3,47968,Lakeforest,,0,296103,37540,2,2
8994,3,47969,Lakeforest,,0,297802,37540,2,2
8994,3,47970,Lakeforest,,0,297771,37540,2,2
8994,3,47971,Lakeforest,,0,296102,37540,2,2
8994,3,47972,Lakeforest,,0,295886,37540,2,2
8994,3,47973,Lakeforest,,0,296102,37540,2,2
8994,3,47974,Lakeforest,,0,297772,37540,2,2
8994,3,47975,Lakeforest,,0,296102,37540,2,2
8994,3,47976,Lakeforest,,0,297772,37540,2,2
8994,3,47977,Lakeforest,,0,297810,37540,2,2
8994,3,47978,Lakeforest,,0,297785,37540,2,2
8994,3,47979,Lakeforest,,0,297810,37540,2,2
8994,3,47980,Lakeforest,,0,297785,37540,2,2
8994,3,47981,Lakeforest,,0,297773,37540,2,2
8994,3,47982,Lakeforest,,0,297807,37540,2,2
8994,3,47983,Lakeforest,,0,296508,37540,2,2
8994,3,47984,Lakeforest,,0,297776,37540,2,2
8994,3,47985,Shady Grove,,1,296024,37542,2,2
8994,3,47986,Shady Grove,,1,295920,37542,2,2
8994,3,47987,Shady Grove,,1,295886,37542,2,2
8994,3,47988,Shady Grove,,1,295890,37542,2,2
8994,3,47989,Shady Grove,,1,297808,37542,2,2
8994,3,47990,Shady Grove,,1,295934,37542,2,2
8994,3,47991,Shady Grove,,1,295882,37542,2,2
8994,3,47992,Shady Grove,,1,297771,37542,2,2
8994,3,47993,Shady Grove,,1,296102,37542,2,2
8994,3,47994,Shady Grove,,1,297781,37542,2,2
8994,3,47995,Shady Grove,,1,296102,37542,2,2
8994,3,47996,Shady Grove,,1,297772,37542,2,2
8994,3,47997,Shady Grove,,1,297796,37542,2,2
8994,3,47998,Shady Grove,,1,296063,37542,2,2
8994,3,47999,Shady Grove,,1,297810,37542,2,2
8994,3,48000,Shady Grove,,1,297785,37542,2,2
8994,3,48001,Shady Grove,,1,297776,37542,2,2
8994,3,48002,Shady Grove,,1,297811,37542,2,2
8994,3,48003,Shady Grove,,1,297782,37542,2,2
8994,3,48004,Shady Grove,,1,297798,37542,2,2
8994,3,48005,Shady Grove,,1,296955,37542,2,2
8994,3,48006,Shady Grove,,1,297774,37542,2,2
8995,3,48007,Montgomery Village,,0,295881,37544,2,2
8995,3,48008,Montgomery Village,,0,295890,37544,2,2
8995,3,48009,Montgomery Village,,0,295926,37544,2,2
8995,3,48010,Montgomery Village,,0,295885,37544,2,2
8995,3,48011,Montgomery Village,,0,295880,37544,2,2
8995,3,48012,Montgomery Village,,0,296008,37544,2,2
8995,3,48013,Montgomery Village,,0,295884,37544,2,2
8995,3,48014,Montgomery Village,,0,295892,37544,2,2
8995,3,48015,Montgomery Village,,0,297786,37544,2,2
8995,3,48016,Montgomery Village,,0,297784,37544,2,2
8995,3,48017,Montgomery Village,,0,297805,37544,2,2
8995,3,48018,Montgomery Village,,0,295920,37544,2,2
8995,3,48019,Montgomery Village,,0,295952,37544,2,2
8995,3,48020,Montgomery Village,,0,295940,37544,2,2
8995,3,48021,Montgomery Village,,0,297788,37544,2,2
8995,3,48022,Montgomery Village,,0,296139,37544,2,2
8995,3,48023,Montgomery Village,,0,297774,37544,2,2
8995,3,48024,Montgomery Village,,0,297809,37544,2,2
8995,3,48025,Montgomery Village,,0,296109,37544,2,2
8995,3,48026,Montgomery Village,,0,297792,37544,2,2
8995,3,48027,Montgomery Village,,0,296142,37544,2,2
8995,3,48028,Montgomery Village,,0,296135,37544,2,2
8995,3,48029,Montgomery Village,,0,297789,37544,2,2
8995,3,48030,Montgomery Village,,0,296139,37544,2,2
8995,3,48031,Montgomery Village,,0,297810,37544,2,2
8995,3,48032,Montgomery Village,,0,297791,37544,2,2
8995,3,48033,Montgomery Village,,0,296580,37544,2,2
8995,3,48034,Montgomery Village,,0,296142,37544,2,2
8995,3,48035,Montgomery Village,,0,296135,37544,2,2
8995,3,48036,Montgomery Village,,0,296580,37544,2,2
8995,3,48037,Montgomery Village,,0,296141,37544,2,2
8995,3,48038,Montgomery Village,,0,296135,37544,2,2
8995,3,48039,Montgomery Village,,0,297785,37544,2,2
8995,3,48040,Rockville,,1,295880,37545,2,2
8995,3,48041,Rockville,,1,296008,37545,2,2
8995,3,48042,Rockville,,1,295952,37545,2,2
8995,3,48043,Rockville,,1,295940,37545,2,2
8995,3,48044,Rockville,,1,296024,37545,2,2
8995,3,48045,Rockville,,1,295885,37545,2,2
8995,3,48046,Rockville,,1,295880,37545,2,2
8995,3,48047,Rockville,,1,296008,37545,2,2
8995,3,48048,Rockville,,1,295920,37545,2,2
8995,3,48049,Rockville,,1,295945,37545,2,2
8995,3,48050,Rockville,,1,295889,37545,2,2
8995,3,48051,Rockville,,1,297784,37545,2,2
8995,3,48052,Rockville,,1,295882,37545,2,2
8995,3,48053,Rockville,,1,295920,37545,2,2
8995,3,48054,Rockville,,1,295952,37545,2,2
8995,3,48055,Rockville,,1,295940,37545,2,2
8995,3,48056,Rockville,,1,297788,37545,2,2
8995,3,48057,Rockville,,1,296139,37545,2,2
8995,3,48058,Rockville,,1,297793,37545,2,2
8995,3,48059,Rockville,,1,297790,37545,2,2
8995,3,48060,Rockville,,1,296109,37545,2,2
8995,3,48061,Rockville,,1,297792,37545,2,2
8995,3,48062,Rockville,,1,296142,37545,2,2
8995,3,48063,Rockville,,1,296135,37545,2,2
8995,3,48064,Rockville,,1,297789,37545,2,2
8995,3,48065,Rockville,,1,296139,37545,2,2
8995,3,48066,Rockville,,1,297782,37545,2,2
8995,3,48067,Rockville,,1,297791,37545,2,2
8995,3,48068,Rockville,,1,296580,37545,2,2
8995,3,48069,Rockville,,1,296142,37545,2,2
8995,3,48070,Rockville,,1,296135,37545,2,2
8995,3,48071,Rockville,,1,296580,37545,2,2
8995,3,48072,Rockville,,1,296141,37545,2,2
8998,3,48073,Germantown Trans Cntr via Watkins Mill Rd,,0,295919,37550,2,2
8998,3,48074,Germantown Trans Cntr via Watkins Mill Rd,,0,297808,37550,2,2
8998,3,48075,Germantown Trans Cntr via Watkins Mill Rd,,0,295887,37550,2,2
8998,3,48076,Germantown Trans Cntr via Watkins Mill Rd,,0,297804,37550,2,2
8998,3,48077,Germantown Trans Cntr via Watkins Mill Rd,,0,297771,37550,2,2
8998,3,48078,Germantown Trans Cntr via Watkins Mill Rd,,0,295926,37550,2,2
8998,3,48079,Germantown Trans Cntr via Watkins Mill Rd,,0,297808,37550,2,2
8998,3,48080,Germantown Trans Cntr via Watkins Mill Rd,,0,295890,37550,2,2
8998,3,48081,Germantown Trans Cntr via Watkins Mill Rd,,0,296017,37550,2,2
8998,3,48082,Germantown Trans Cntr via Watkins Mill Rd,,0,297789,37550,2,2
8998,3,48083,Germantown Trans Cntr via Watkins Mill Rd,,0,297803,37550,2,2
8998,3,48084,Germantown Trans Cntr via Watkins Mill Rd,,0,297777,37550,2,2
8998,3,48085,Germantown Trans Cntr via Watkins Mill Rd,,0,297807,37550,2,2
8998,3,48086,Germantown Trans Cntr via Watkins Mill Rd,,0,297791,37550,2,2
8998,3,48087,Germantown Trans Cntr via Watkins Mill Rd,,0,295886,37550,2,2
8998,3,48088,Germantown Trans Cntr via Watkins Mill Rd,,0,296955,37550,2,2
8998,3,48089,Germantown Trans Cntr via Watkins Mill Rd,,0,295886,37550,2,2
8998,3,48090,Germantown Trans Cntr via Watkins Mill Rd,,0,297809,37550,2,2
8998,3,48091,Germantown Trans Cntr via Watkins Mill Rd,,0,297786,37550,2,2
8998,3,48092,Germantown Trans Cntr via Watkins Mill Rd,,0,297805,37550,2,2
8998,3,48093,Germantown Trans Cntr via Watkins Mill Rd,,0,296141,37550,2,2
8998,3,48094,Germantown Trans Cntr via Watkins Mill Rd,,0,297811,37550,2,2
8998,3,48095,Germantown Trans Cntr via Watkins Mill Rd,,0,297798,37550,2,2
8998,3,48096,Germantown Trans Cntr via Watkins Mill Rd,,0,297810,37550,2,2
8998,3,48097,Germantown Trans Cntr via Watkins Mill Rd,,0,296109,37550,2,2
8998,3,48098,Germantown Trans Cntr via Watkins Mill Rd,,0,297778,37550,2,2
8998,3,48099,Germantown Trans Cntr via Watkins Mill Rd,,0,297792,37550,2,2
8998,3,48100,Shady Grove via Watkins Mill Rd,,1,297808,37552,2,2
8998,3,48101,Shady Grove via Watkins Mill Rd,,1,295887,37552,2,2
8998,3,48102,Shady Grove via Watkins Mill Rd,,1,297804,37552,2,2
8998,3,48103,Shady Grove via Watkins Mill Rd,,1,297808,37552,2,2
8998,3,48104,Shady Grove via Watkins Mill Rd,,1,295920,37552,2,2
8998,3,48105,Shady Grove via Watkins Mill Rd,,1,297772,37552,2,2
8998,3,48106,Shady Grove via Watkins Mill Rd,,1,295974,37552,2,2
8998,3,48107,Shady Grove via Watkins Mill Rd,,1,295886,37552,2,2
8998,3,48108,Shady Grove via Watkins Mill Rd,,1,296030,37552,2,2
8998,3,48109,Shady Grove via Watkins Mill Rd,,1,297772,37552,2,2
8998,3,48110,Shady Grove via Watkins Mill Rd,,1,297791,37552,2,2
8998,3,48111,Shady Grove via Watkins Mill Rd,,1,297804,37552,2,2
8998,3,48112,Shady Grove via Watkins Mill Rd,,1,297794,37552,2,2
8998,3,48113,Shady Grove via Watkins Mill Rd,,1,295926,37552,2,2
8998,3,48114,Shady Grove via Watkins Mill Rd,,1,296513,37552,2,2
8998,3,48115,Shady Grove via Watkins Mill Rd,,1,297803,37552,2,2
8998,3,48116,Shady Grove via Watkins Mill Rd,,1,296136,37552,2,2
8998,3,48117,Shady Grove via Watkins Mill Rd,,1,297786,37552,2,2
8998,3,48118,Shady Grove via Watkins Mill Rd,,1,297805,37552,2,2
8998,3,48119,Shady Grove via Watkins Mill Rd,,1,297772,37552,2,2
8998,3,48120,Shady Grove via Watkins Mill Rd,,1,296508,37552,2,2
8998,3,48121,Shady Grove via Watkins Mill Rd,,1,297778,37552,2,2
8998,3,48122,Shady Grove via Watkins Mill Rd,,1,296103,37552,2,2
8998,3,48123,Shady Grove via Watkins Mill Rd,,1,297778,37552,2,2
8998,3,48124,Shady Grove via Watkins Mill Rd,,1,297798,37552,2,2
8998,3,48125,Shady Grove via Watkins Mill Rd,,1,297792,37552,2,2
8998,3,48126,Shady Grove via Watkins Mill Rd,,1,296510,37552,2,2
9000,3,48127,Montgomery Village,,0,296024,37557,2,2
9000,3,48128,Montgomery Village,,0,295983,37557,2,2
9000,3,48129,Montgomery Village,,0,295889,37557,2,2
9000,3,48130,Montgomery Village,,0,295920,37557,2,2
9000,3,48131,Montgomery Village,,0,295945,37557,2,2
9000,3,48132,Montgomery Village,,0,295889,37557,2,2
9000,3,48133,Montgomery Village,,0,295974,37557,2,2
9000,3,48134,Montgomery Village,,0,295882,37557,2,2
9000,3,48135,Montgomery Village,,0,295884,37557,2,2
9000,3,48136,Montgomery Village,,0,297791,37557,2,2
9000,3,48137,Montgomery Village,,0,297804,37557,2,2
9000,3,48138,Montgomery Village,,0,297794,37557,2,2
9000,3,48139,Montgomery Village,,0,297793,37557,2,2
9000,3,48140,Montgomery Village,,0,297790,37557,2,2
9000,3,48141,Montgomery Village,,0,296580,37557,2,2
9000,3,48142,Montgomery Village,,0,297773,37557,2,2
9000,3,48143,Montgomery Village,,0,296141,37557,2,2
9000,3,48144,Montgomery Village,,0,296136,37557,2,2
9000,3,48145,Montgomery Village,,0,297777,37557,2,2
9000,3,48146,Montgomery Village,,0,297782,37557,2,2
9000,3,48147,Montgomery Village,,0,296109,37557,2,2
9000,3,48148,Montgomery Village,,0,296955,37557,2,2
9000,3,48149,Montgomery Village,,0,297774,37557,2,2
9000,3,48150,Montgomery Village,,0,297811,37557,2,2
9000,3,48151,Shady Grove,,1,295881,37558,2,2
9000,3,48152,Shady Grove,,1,295890,37558,2,2
9000,3,48153,Shady Grove,,1,295926,37558,2,2
9000,3,48154,Shady Grove,,1,295983,37558,2,2
9000,3,48155,Shady Grove,,1,295889,37558,2,2
9000,3,48156,Shady Grove,,1,295884,37558,2,2
9000,3,48157,Shady Grove,,1,295892,37558,2,2
9000,3,48158,Shady Grove,,1,297786,37558,2,2
9000,3,48159,Shady Grove,,1,295974,37558,2,2
9000,3,48160,Shady Grove,,1,297805,37558,2,2
9000,3,48161,Shady Grove,,1,295884,37558,2,2
9000,3,48162,Shady Grove,,1,297791,37558,2,2
9000,3,48163,Shady Grove,,1,297804,37558,2,2
9000,3,48164,Shady Grove,,1,297794,37558,2,2
9000,3,48165,Shady Grove,,1,297774,37558,2,2
9000,3,48166,Shady Grove,,1,297809,37558,2,2
9000,3,48167,Shady Grove,,1,296580,37558,2,2
9000,3,48168,Shady Grove,,1,297773,37558,2,2
9000,3,48169,Shady Grove,,1,296141,37558,2,2
9000,3,48170,Shady Grove,,1,296136,37558,2,2
9000,3,48171,Shady Grove,,1,297777,37558,2,2
9000,3,48172,Shady Grove,,1,297810,37558,2,2
9000,3,48173,Shady Grove,,1,296109,37558,2,2
9000,3,48174,Shady Grove,,1,296955,37558,2,2
9009,3,48175,Clarksburg M. C. C. F.,,0,295889,37583,2,2
9009,3,48176,Clarksburg M. C. C. F.,,0,297803,37583,2,2
9009,3,48177,Clarksburg M. C. C. F.,,0,296030,37583,2,2
9009,3,48178,Clarksburg M. C. C. F.,,0,295886,37583,2,2
9009,3,48179,Clarksburg M. C. C. F.,,0,296030,37583,2,2
9009,3,48180,Clarksburg M. C. C. F.,,0,295983,37583,2,2
9009,3,48181,Clarksburg M. C. C. F.,,0,295919,37583,2,2
9009,3,48182,Clarksburg M. C. C. F.,,0,295891,37583,2,2
9009,3,48183,Clarksburg M. C. C. F.,,0,296103,37583,2,2
9009,3,48184,Clarksburg M. C. C. F.,,0,297789,37583,2,2
9009,3,48185,Clarksburg M. C. C. F.,,0,297803,37583,2,2
9009,3,48186,Clarksburg M. C. C. F.,,0,296136,37583,2,2
9009,3,48187,Clarksburg M. C. C. F.,,0,297777,37583,2,2
9009,3,48188,Clarksburg M. C. C. F.,,0,297775,37583,2,2
9009,3,48189,Clarksburg M. C. C. F.,,0,297777,37583,2,2
9009,3,48190,Clarksburg M. C. C. F.,,0,296508,37583,2,2
9009,3,48191,Clarksburg M. C. C. F.,,0,297806,37583,2,2
9009,3,48192,Clarksburg M. C. C. F.,,0,296103,37583,2,2
9009,3,48193,Clarksburg M. C. C. F.,,0,297797,37583,2,2
9009,3,48194,Clarksburg M. C. C. F.,,0,296510,37583,2,2
9009,3,48195,Clarksburg M. C. C. F.,,0,297811,37583,2,2
9009,3,48196,Clarksburg M. C. C. F.,,0,296510,37583,2,2
9009,3,48197,Clarksburg M. C. C. F.,,0,297810,37583,2,2
9009,3,48198,Germantown Trans Cntr,,1,295889,37587,2,2
9009,3,48199,Germantown Trans Cntr,,1,297803,37587,2,2
9009,3,48200,Germantown Trans Cntr,,1,296030,37587,2,2
9009,3,48201,Germantown Trans Cntr,,1,295886,37587,2,2
9009,3,48202,Germantown Trans Cntr,,1,296030,37587,2,2
9009,3,48203,Germantown Trans Cntr,,1,295983,37587,2,2
9009,3,48204,Germantown Trans Cntr,,1,295919,37587,2,2
9009,3,48205,Germantown Trans Cntr,,1,295891,37587,2,2
9009,3,48206,Germantown Trans Cntr,,1,296103,37587,2,2
9009,3,48207,Germantown Trans Cntr,,1,297789,37587,2,2
9009,3,48208,Germantown Trans Cntr,,1,297803,37587,2,2
9009,3,48209,Germantown Trans Cntr,,1,296136,37587,2,2
9009,3,48210,Germantown Trans Cntr,,1,297777,37587,2,2
9009,3,48211,Germantown Trans Cntr,,1,297775,37587,2,2
9009,3,48212,Germantown Trans Cntr,,1,297777,37587,2,2
9009,3,48213,Germantown Trans Cntr,,1,296508,37587,2,2
9009,3,48214,Germantown Trans Cntr,,1,297806,37587,2,2
9009,3,48215,Germantown Trans Cntr,,1,296103,37587,2,2
9009,3,48216,Germantown Trans Cntr,,1,297797,37587,2,2
9009,3,48217,Germantown Trans Cntr,,1,296510,37587,2,2
9009,3,48218,Germantown Trans Cntr,,1,297811,37587,2,2
9009,3,48219,Germantown Trans Cntr,,1,296510,37587,2,2
9009,3,48220,Germantown Trans Cntr,,1,297810,37587,2,2
9013,3,36225,Wheaton,,0,295809,37603,2,2
9013,3,36224,Wheaton,,0,295808,37603,2,2
9013,3,36223,Wheaton,,0,295809,37603,2,2
9013,3,36222,Wheaton,,0,295808,37603,2,2
9013,3,36221,Wheaton,,0,295809,37603,2,2
9013,3,36220,Wheaton,,0,295814,37603,2,2
9013,3,36219,Wheaton,,0,295808,37603,2,2
9013,3,36218,Wheaton,,0,295809,37603,2,2
9013,3,36217,Wheaton,,0,295842,37603,2,2
9013,3,36216,Wheaton,,0,295809,37603,2,2
9013,3,36215,Wheaton,,0,295842,37603,2,2
9013,3,36214,Wheaton,,0,295849,37603,2,2
9013,3,36213,Wheaton,,0,295851,37603,2,2
9013,3,36212,Wheaton,,0,295849,37603,2,2
9013,3,36211,Wheaton,,0,295851,37603,2,2
9013,3,36226,Wheaton,,0,295842,37603,2,2
9013,3,36227,Wheaton,,0,295874,37603,2,2
9013,3,36210,Wheaton,,0,295851,37603,2,2
9013,3,36244,Silver Spring,,1,295808,37605,2,2
9013,3,36243,Silver Spring,,1,295809,37605,2,2
9013,3,36242,Silver Spring,,1,295808,37605,2,2
9013,3,36241,Silver Spring,,1,295809,37605,2,2
9013,3,36240,Silver Spring,,1,295814,37605,2,2
9013,3,36239,Silver Spring,,1,295808,37605,2,2
9013,3,36238,Silver Spring,,1,295809,37605,2,2
9013,3,36237,Silver Spring,,1,295808,37605,2,2
9013,3,36236,Silver Spring,,1,295809,37605,2,2
9013,3,36235,Silver Spring,,1,295842,37605,2,2
9013,3,36234,Silver Spring,,1,295849,37605,2,2
9013,3,36233,Silver Spring,,1,295851,37605,2,2
9013,3,36232,Silver Spring,,1,295849,37605,2,2
9013,3,36231,Silver Spring,,1,295851,37605,2,2
9013,3,36230,Silver Spring,,1,295842,37605,2,2
9013,3,36245,Silver Spring,,1,295874,37605,2,2
9013,3,36229,Silver Spring,,1,295851,37605,2,2
9013,3,36228,Silver Spring,,1,295874,37605,2,2
9016,3,37037,Wheaton,,0,295779,37617,2,2
9016,3,37038,Wheaton,,0,295778,37617,2,2
9016,3,37039,Wheaton,,0,295789,37617,2,2
9016,3,37040,Wheaton,,0,295842,37617,2,2
9016,3,37041,Wheaton,,0,295766,37617,2,2
9016,3,37042,Wheaton,,0,295787,37617,2,2
9016,3,37043,Wheaton,,0,295771,37617,2,2
9016,3,37044,Wheaton,,0,295773,37617,2,2
9016,3,37045,Wheaton,,0,295863,37617,2,2
9016,3,37046,Wheaton,,0,295774,37617,2,2
9016,3,37047,Wheaton,,0,295785,37617,2,2
9016,3,37048,Wheaton,,0,295795,37617,2,2
9016,3,37049,Wheaton,,0,295806,37617,2,2
9016,3,37050,Wheaton,,0,295866,37617,2,2
9016,3,37051,Wheaton,,0,295777,37617,2,2
9016,3,37052,Wheaton,,0,295828,37617,2,2
9016,3,37053,Wheaton,,0,295823,37617,2,2
9016,3,37054,Wheaton,,0,295862,37617,2,2
9016,3,37055,Wheaton,,0,295801,37617,2,2
9016,3,37056,Wheaton,,0,295824,37617,2,2
9016,3,37057,Wheaton,,0,295837,37617,2,2
9016,3,37058,Wheaton,,0,295828,37617,2,2
9016,3,37080,Silver Spring,,1,295774,37618,2,2
9016,3,37059,Silver Spring,,1,295782,37618,2,2
9016,3,37060,Silver Spring,,1,295770,37618,2,2
9016,3,37061,Silver Spring,,1,295765,37618,2,2
9016,3,37062,Silver Spring,,1,295866,37618,2,2
9016,3,37063,Silver Spring,,1,295842,37618,2,2
9016,3,37064,Silver Spring,,1,295793,37618,2,2
9016,3,37065,Silver Spring,,1,295766,37618,2,2
9016,3,37066,Silver Spring,,1,295832,37618,2,2
9016,3,37067,Silver Spring,,1,295773,37618,2,2
9016,3,37068,Silver Spring,,1,295783,37618,2,2
9016,3,37069,Silver Spring,,1,295814,37618,2,2
9016,3,37070,Silver Spring,,1,295790,37618,2,2
9016,3,37071,Silver Spring,,1,295863,37618,2,2
9016,3,37072,Silver Spring,,1,295865,37618,2,2
9016,3,37073,Silver Spring,,1,295845,37618,2,2
9016,3,37074,Silver Spring,,1,295837,37618,2,2
9016,3,37075,Silver Spring,,1,295828,37618,2,2
9016,3,37077,Silver Spring,,1,295806,37618,2,2
9016,3,37078,Silver Spring,,1,295860,37618,2,2
9016,3,37076,Silver Spring,,1,295864,37618,2,2
9016,3,37079,Silver Spring,,1,295840,37618,2,2
9021,3,48221,Germantown Loop,,0,297773,37636,2,2
9021,3,48222,Germantown Loop,,0,297773,37636,2,2
9021,3,48223,Germantown Loop,,0,297773,37636,2,2
9021,3,48224,Germantown Loop,,0,296024,37636,2,2
9021,3,48225,Germantown Loop,,0,296024,37636,2,2
9021,3,48226,Germantown Loop,,0,296024,37636,2,2
9021,3,48227,Germantown Loop,,0,296024,37636,2,2
9021,3,48228,Germantown Loop,,0,296024,37636,2,2
9021,3,48229,Germantown Loop,,0,297796,37636,2,2
9021,3,48230,Germantown Loop,,0,297796,37636,2,2
9021,3,48231,Germantown Loop,,0,297796,37636,2,2
9021,3,48232,Germantown Loop,,0,297796,37636,2,2
9021,3,48233,Germantown Loop,,0,297796,37636,2,2
9021,3,48234,Germantown Loop,,0,297796,37636,2,2
9021,3,48235,Germantown Loop,,0,297796,37636,2,2
9021,3,48236,Germantown Loop,,0,297796,37636,2,2
9021,3,48237,Germantown Loop,,0,297796,37636,2,2
9021,3,48238,Germantown Loop,,0,297796,37636,2,2
9021,3,48239,Germantown Loop,,0,297796,37636,2,2
9021,3,48240,Germantown Loop,,0,297796,37636,2,2
9021,3,48241,Germantown Loop,,1,295912,37638,2,2
9021,3,48242,Germantown Loop,,1,295912,37638,2,2
9021,3,48243,Germantown Loop,,1,295912,37638,2,2
9021,3,48244,Germantown Loop,,1,295912,37638,2,2
9021,3,48245,Germantown Loop,,1,295912,37638,2,2
9021,3,48246,Germantown Loop,,1,295912,37638,2,2
9021,3,48247,Germantown Loop,,1,295912,37638,2,2
9021,3,48248,Germantown Loop,,1,295912,37638,2,2
9021,3,48249,Germantown Loop,,1,297773,37638,2,2
9021,3,48250,Germantown Loop,,1,297773,37638,2,2
9021,3,48251,Germantown Loop,,1,297773,37638,2,2
9023,3,38718,Briggs Chaney Park & Ride (Orange),,0,295492,37647,2,2
9023,3,38717,Briggs Chaney Park & Ride (Orange),,0,295491,37647,2,2
9023,3,38716,Briggs Chaney Park & Ride (Orange),,0,295495,37647,2,2
9023,3,38715,Briggs Chaney Park & Ride (Orange),,0,295494,37647,2,2
9023,3,38714,Briggs Chaney Park & Ride (Orange),,0,295493,37647,2,2
9023,3,38713,Briggs Chaney Park & Ride (Orange),,0,295492,37647,2,2
9023,3,38712,Briggs Chaney Park & Ride (Orange),,0,295490,37647,2,2
9023,3,38711,Briggs Chaney Park & Ride (Orange),,0,295491,37647,2,2
9023,3,38710,Briggs Chaney Park & Ride (Orange),,0,295495,37647,2,2
9023,3,38709,Briggs Chaney Park & Ride (Orange),,0,295494,37647,2,2
9023,3,38708,Briggs Chaney Park & Ride (Orange),,0,295493,37647,2,2
9023,3,38707,Briggs Chaney Park & Ride (Orange),,0,295492,37647,2,2
9023,3,38706,Briggs Chaney Park & Ride (Orange),,0,295490,37647,2,2
9023,3,38705,Briggs Chaney Park & Ride (Orange),,0,295489,37647,2,2
9023,3,38704,Briggs Chaney Park & Ride (Orange),,0,295495,37647,2,2
9023,3,38703,Briggs Chaney Park & Ride (Orange),,0,295491,37647,2,2
9023,3,38702,Briggs Chaney Park & Ride (Orange),,0,295493,37647,2,2
9023,3,38701,Briggs Chaney Park & Ride (Orange),,0,295494,37647,2,2
9023,3,38700,Briggs Chaney Park & Ride (Orange),,0,295490,37647,2,2
9023,3,38699,Briggs Chaney Park & Ride (Orange),,0,295492,37647,2,2
9023,3,38698,Briggs Chaney Park & Ride (Orange),,0,295489,37647,2,2
9023,3,38697,Briggs Chaney Park & Ride (Orange),,0,295491,37647,2,2
9023,3,38696,Briggs Chaney Park & Ride (Orange),,0,295495,37647,2,2
9023,3,38695,Briggs Chaney Park & Ride (Orange),,0,295494,37647,2,2
9023,3,38694,Briggs Chaney Park & Ride (Orange),,0,295493,37647,2,2
9023,3,38693,Briggs Chaney Park & Ride (Orange),,0,295492,37647,2,2
9023,3,38692,Briggs Chaney Park & Ride (Orange),,0,295490,37647,2,2
9023,3,38691,Briggs Chaney Park & Ride (Orange),,0,295491,37647,2,2
9023,3,38690,Briggs Chaney Park & Ride (Orange),,0,295489,37647,2,2
9023,3,38689,Briggs Chaney Park & Ride (Orange),,0,295494,37647,2,2
9023,3,38688,Briggs Chaney Park & Ride (Orange),,0,295493,37647,2,2
9023,3,38687,Briggs Chaney Park & Ride (Orange),,0,295492,37647,2,2
9023,3,38686,Briggs Chaney Park & Ride (Orange),,0,295490,37647,2,2
9023,3,38685,Briggs Chaney Park & Ride (Orange),,0,295491,37647,2,2
9023,3,38684,Briggs Chaney Park & Ride (Orange),,0,295489,37647,2,2
9023,3,38683,Briggs Chaney Park & Ride (Orange),,0,295488,37647,2,2
9023,3,38682,Briggs Chaney Park & Ride (Orange),,0,295486,37647,2,2
9023,3,38681,Briggs Chaney Park & Ride (Orange),,0,295485,37647,2,2
9023,3,38680,Briggs Chaney Park & Ride (Orange),,0,295490,37647,2,2
9023,3,38679,Briggs Chaney Park & Ride (Orange),,0,295482,37647,2,2
9023,3,38678,Briggs Chaney Park & Ride (Orange),,0,295489,37647,2,2
9023,3,38677,Briggs Chaney Park & Ride (Orange),,0,295488,37647,2,2
9023,3,38676,Briggs Chaney Park & Ride (Orange),,0,295486,37647,2,2
9023,3,38675,Briggs Chaney Park & Ride (Orange),,0,295485,37647,2,2
9023,3,38674,Briggs Chaney Park & Ride (Orange),,0,295483,37647,2,2
9023,3,38673,Briggs Chaney Park & Ride (Orange),,0,295482,37647,2,2
9023,3,38672,Briggs Chaney Park & Ride (Orange),,0,295487,37647,2,2
9023,3,38671,Briggs Chaney Park & Ride (Orange),,0,295489,37647,2,2
9023,3,38670,Briggs Chaney Park & Ride (Orange),,0,295486,37647,2,2
9023,3,38669,Briggs Chaney Park & Ride (Orange),,0,295485,37647,2,2
9023,3,38668,Briggs Chaney Park & Ride (Orange),,0,295483,37647,2,2
9023,3,38667,Briggs Chaney Park & Ride (Orange),,0,295482,37647,2,2
9023,3,38666,Briggs Chaney Park & Ride (Orange),,0,295487,37647,2,2
9023,3,38665,Briggs Chaney Park & Ride (Orange),,0,295488,37647,2,2
9023,3,38664,Briggs Chaney Park & Ride (Orange),,0,295486,37647,2,2
9023,3,38663,Briggs Chaney Park & Ride (Orange),,0,295484,37647,2,2
9023,3,38662,Briggs Chaney Park & Ride (Orange),,0,295483,37647,2,2
9023,3,38661,Briggs Chaney Park & Ride (Orange),,0,295485,37647,2,2
9023,3,38660,Briggs Chaney Park & Ride (Orange),,0,295487,37647,2,2
9023,3,38659,Briggs Chaney Park & Ride (Orange),,0,295488,37647,2,2
9023,3,38658,Briggs Chaney Park & Ride (Orange),,0,295482,37647,2,2
9023,3,38657,Briggs Chaney Park & Ride (Orange),,0,295484,37647,2,2
9023,3,38656,Briggs Chaney Park & Ride (Orange),,0,295486,37647,2,2
9023,3,38655,Briggs Chaney Park & Ride (Orange),,0,295485,37647,2,2
9023,3,38654,Briggs Chaney Park & Ride (Orange),,0,295483,37647,2,2
9023,3,38653,Briggs Chaney Park & Ride (Orange),,0,295488,37647,2,2
9023,3,38652,Briggs Chaney Park & Ride (Orange),,0,295482,37647,2,2
9023,3,38651,Briggs Chaney Park & Ride (Orange),,0,295487,37647,2,2
9023,3,38650,Briggs Chaney Park & Ride (Orange),,0,295486,37647,2,2
9023,3,38649,Briggs Chaney Park & Ride (Orange),,0,295485,37647,2,2
9023,3,38648,Briggs Chaney Park & Ride (Orange),,0,295484,37647,2,2
9023,3,38647,Briggs Chaney Park & Ride (Orange),,0,295483,37647,2,2
9023,3,38646,Briggs Chaney Park & Ride (Orange),,0,295482,37647,2,2
9023,3,38719,Briggs Chaney Park & Ride (Orange),,0,295487,37647,2,2
9023,3,38720,Briggs Chaney Park & Ride (Orange),,0,295486,37647,2,2
9023,3,38721,Briggs Chaney Park & Ride (Orange),,0,295485,37647,2,2
9023,3,38793,Silver Spring Station (Orange),,1,295495,37650,2,2
9023,3,38792,Silver Spring Station (Orange),,1,295494,37650,2,2
9023,3,38791,Silver Spring Station (Orange),,1,295493,37650,2,2
9023,3,38790,Silver Spring Station (Orange),,1,295492,37650,2,2
9023,3,38789,Silver Spring Station (Orange),,1,295490,37650,2,2
9023,3,38788,Silver Spring Station (Orange),,1,295491,37650,2,2
9023,3,38787,Silver Spring Station (Orange),,1,295495,37650,2,2
9023,3,38786,Silver Spring Station (Orange),,1,295494,37650,2,2
9023,3,38785,Silver Spring Station (Orange),,1,295493,37650,2,2
9023,3,38784,Silver Spring Station (Orange),,1,295492,37650,2,2
9023,3,38783,Silver Spring Station (Orange),,1,295490,37650,2,2
9023,3,38782,Silver Spring Station (Orange),,1,295489,37650,2,2
9023,3,38781,Silver Spring Station (Orange),,1,295495,37650,2,2
9023,3,38780,Silver Spring Station (Orange),,1,295491,37650,2,2
9023,3,38779,Silver Spring Station (Orange),,1,295493,37650,2,2
9023,3,38778,Silver Spring Station (Orange),,1,295494,37650,2,2
9023,3,38777,Silver Spring Station (Orange),,1,295490,37650,2,2
9023,3,38776,Silver Spring Station (Orange),,1,295492,37650,2,2
9023,3,38775,Silver Spring Station (Orange),,1,295489,37650,2,2
9023,3,38774,Silver Spring Station (Orange),,1,295491,37650,2,2
9023,3,38773,Silver Spring Station (Orange),,1,295495,37650,2,2
9023,3,38772,Silver Spring Station (Orange),,1,295494,37650,2,2
9023,3,38771,Silver Spring Station (Orange),,1,295493,37650,2,2
9023,3,38770,Silver Spring Station (Orange),,1,295492,37650,2,2
9023,3,38769,Silver Spring Station (Orange),,1,295490,37650,2,2
9023,3,38768,Silver Spring Station (Orange),,1,295491,37650,2,2
9023,3,38767,Silver Spring Station (Orange),,1,295489,37650,2,2
9023,3,38766,Silver Spring Station (Orange),,1,295494,37650,2,2
9023,3,38765,Silver Spring Station (Orange),,1,295493,37650,2,2
9023,3,38764,Silver Spring Station (Orange),,1,295492,37650,2,2
9023,3,38763,Silver Spring Station (Orange),,1,295490,37650,2,2
9023,3,38762,Silver Spring Station (Orange),,1,295491,37650,2,2
9023,3,38761,Silver Spring Station (Orange),,1,295489,37650,2,2
9023,3,38760,Silver Spring Station (Orange),,1,295488,37650,2,2
9023,3,38759,Silver Spring Station (Orange),,1,295493,37650,2,2
9023,3,38758,Silver Spring Station (Orange),,1,295492,37650,2,2
9023,3,38757,Silver Spring Station (Orange),,1,295490,37650,2,2
9023,3,38756,Silver Spring Station (Orange),,1,295482,37650,2,2
9023,3,38755,Silver Spring Station (Orange),,1,295489,37650,2,2
9023,3,38754,Silver Spring Station (Orange),,1,295488,37650,2,2
9023,3,38753,Silver Spring Station (Orange),,1,295486,37650,2,2
9023,3,38752,Silver Spring Station (Orange),,1,295485,37650,2,2
9023,3,38751,Silver Spring Station (Orange),,1,295483,37650,2,2
9023,3,38750,Silver Spring Station (Orange),,1,295482,37650,2,2
9023,3,38749,Silver Spring Station (Orange),,1,295487,37650,2,2
9023,3,38748,Silver Spring Station (Orange),,1,295489,37650,2,2
9023,3,38747,Silver Spring Station (Orange),,1,295486,37650,2,2
9023,3,38746,Silver Spring Station (Orange),,1,295485,37650,2,2
9023,3,38745,Silver Spring Station (Orange),,1,295483,37650,2,2
9023,3,38744,Silver Spring Station (Orange),,1,295482,37650,2,2
9023,3,38743,Silver Spring Station (Orange),,1,295487,37650,2,2
9023,3,38742,Silver Spring Station (Orange),,1,295488,37650,2,2
9023,3,38741,Silver Spring Station (Orange),,1,295486,37650,2,2
9023,3,38740,Silver Spring Station (Orange),,1,295484,37650,2,2
9023,3,38739,Silver Spring Station (Orange),,1,295483,37650,2,2
9023,3,38738,Silver Spring Station (Orange),,1,295485,37650,2,2
9023,3,38737,Silver Spring Station (Orange),,1,295487,37650,2,2
9023,3,38736,Silver Spring Station (Orange),,1,295488,37650,2,2
9023,3,38735,Silver Spring Station (Orange),,1,295482,37650,2,2
9023,3,38734,Silver Spring Station (Orange),,1,295484,37650,2,2
9023,3,38733,Silver Spring Station (Orange),,1,295486,37650,2,2
9023,3,38732,Silver Spring Station (Orange),,1,295485,37650,2,2
9023,3,38731,Silver Spring Station (Orange),,1,295483,37650,2,2
9023,3,38730,Silver Spring Station (Orange),,1,295488,37650,2,2
9023,3,38729,Silver Spring Station (Orange),,1,295482,37650,2,2
9023,3,38728,Silver Spring Station (Orange),,1,295487,37650,2,2
9023,3,38727,Silver Spring Station (Orange),,1,295486,37650,2,2
9023,3,38726,Silver Spring Station (Orange),,1,295485,37650,2,2
9023,3,38725,Silver Spring Station (Orange),,1,295484,37650,2,2
9023,3,38724,Silver Spring Station (Orange),,1,295483,37650,2,2
9023,3,38723,Silver Spring Station (Orange),,1,295482,37650,2,2
9023,3,38722,Silver Spring Station (Orange),,1,295487,37650,2,2
9023,3,38794,Silver Spring Station (Orange),,1,295486,37650,2,2
9023,3,38795,Silver Spring Station (Orange),,1,295485,37650,2,2
9023,3,38796,Silver Spring Station (Orange),,1,295484,37650,2,2
9023,3,38797,Silver Spring Station (Orange),,1,295483,37650,2,2
9027,3,48306,LIME SHADY GROVE,,0,295894,37661,2,2
9027,3,48307,LIME SHADY GROVE,,0,295895,37661,2,2
9027,3,48308,LIME SHADY GROVE,,0,295894,37661,2,2
9027,3,48309,LIME SHADY GROVE,,0,295895,37661,2,2
9027,3,48310,LIME SHADY GROVE,,0,295894,37661,2,2
9027,3,48311,LIME SHADY GROVE,,0,295895,37661,2,2
9027,3,48312,LIME SHADY GROVE,,0,295894,37661,2,2
9027,3,48313,LIME SHADY GROVE,,0,295895,37661,2,2
9027,3,48314,LIME SHADY GROVE,,0,295894,37661,2,2
9027,3,48315,LIME SHADY GROVE,,0,295895,37661,2,2
9027,3,48316,LIME SHADY GROVE,,0,297812,37661,2,2
9027,3,48317,LIME SHADY GROVE,,0,295894,37661,2,2
9027,3,48318,LIME SHADY GROVE,,0,297812,37661,2,2
9027,3,48319,LIME SHADY GROVE,,0,295894,37661,2,2
9027,3,48320,LIME SHADY GROVE,,0,297812,37661,2,2
9027,3,48321,LIME SHADY GROVE,,0,295894,37661,2,2
9027,3,48322,LIME SHADY GROVE,,0,297812,37661,2,2
9027,3,48323,LIME SHADY GROVE,,0,297813,37661,2,2
9027,3,48324,LIME SHADY GROVE,,0,297814,37661,2,2
9027,3,48325,LIME SHADY GROVE,,0,297813,37661,2,2
9027,3,48326,LIME SHADY GROVE,,0,297814,37661,2,2
9027,3,48327,LIME SHADY GROVE,,0,297813,37661,2,2
9027,3,48328,LIME SHADY GROVE,,0,297814,37661,2,2
9027,3,48329,LIME SHADY GROVE,,0,297813,37661,2,2
9027,3,48330,LIME SHADY GROVE,,0,297815,37661,2,2
9027,3,48331,LIME SHADY GROVE,,0,297814,37661,2,2
9027,3,48332,LIME SHADY GROVE,,0,297815,37661,2,2
9027,3,48333,LIME SHADY GROVE,,0,297814,37661,2,2
9027,3,48334,LIME SHADY GROVE,,0,297815,37661,2,2
9027,3,48335,LIME SHADY GROVE,,0,297814,37661,2,2
9027,3,48336,LIME SHADY GROVE,,0,297815,37661,2,2
9027,3,48337,LIME SHADY GROVE,,0,297814,37661,2,2
9027,3,48338,LIME TRAVILLE,,1,295895,37662,2,2
9027,3,48339,LIME TRAVILLE,,1,295894,37662,2,2
9027,3,48340,LIME TRAVILLE,,1,295895,37662,2,2
9027,3,48341,LIME TRAVILLE,,1,295894,37662,2,2
9027,3,48342,LIME TRAVILLE,,1,295895,37662,2,2
9027,3,48343,LIME TRAVILLE,,1,295894,37662,2,2
9027,3,48344,LIME TRAVILLE,,1,295895,37662,2,2
9027,3,48345,LIME TRAVILLE,,1,295894,37662,2,2
9027,3,48346,LIME TRAVILLE,,1,295895,37662,2,2
9027,3,48347,LIME TRAVILLE,,1,297812,37662,2,2
9027,3,48348,LIME TRAVILLE,,1,295894,37662,2,2
9027,3,48349,LIME TRAVILLE,,1,297812,37662,2,2
9027,3,48350,LIME TRAVILLE,,1,295894,37662,2,2
9027,3,48351,LIME TRAVILLE,,1,297812,37662,2,2
9027,3,48352,LIME TRAVILLE,,1,295894,37662,2,2
9027,3,48353,LIME TRAVILLE,,1,297812,37662,2,2
9027,3,48354,LIME TRAVILLE,,1,297813,37662,2,2
9027,3,48355,LIME TRAVILLE,,1,297814,37662,2,2
9027,3,48356,LIME TRAVILLE,,1,297813,37662,2,2
9027,3,48357,LIME TRAVILLE,,1,297814,37662,2,2
9027,3,48358,LIME TRAVILLE,,1,297813,37662,2,2
9027,3,48359,LIME TRAVILLE,,1,297814,37662,2,2
9027,3,48360,LIME TRAVILLE,,1,297813,37662,2,2
9027,3,48361,LIME TRAVILLE,,1,297815,37662,2,2
9027,3,48362,LIME TRAVILLE,,1,297814,37662,2,2
9027,3,48363,LIME TRAVILLE,,1,297815,37662,2,2
9027,3,48364,LIME TRAVILLE,,1,297814,37662,2,2
9027,3,48365,LIME TRAVILLE,,1,297815,37662,2,2
9027,3,48366,LIME TRAVILLE,,1,297814,37662,2,2
9027,3,48367,LIME TRAVILLE,,1,297815,37662,2,2
9027,3,48368,LIME TRAVILLE,,1,297814,37662,2,2
9027,3,48369,LIME TRAVILLE,,1,297815,37662,2,2
9028,3,48370,PINK SHADY GROVE,,0,297812,37663,2,2
9028,3,48371,PINK SHADY GROVE,,0,297816,37663,2,2
9028,3,48372,PINK SHADY GROVE,,0,297812,37663,2,2
9028,3,48373,PINK SHADY GROVE,,0,297816,37663,2,2
9028,3,48374,PINK SHADY GROVE,,0,297812,37663,2,2
9028,3,48375,PINK SHADY GROVE,,0,297816,37663,2,2
9028,3,48376,PINK SHADY GROVE,,0,297812,37663,2,2
9028,3,48377,PINK SHADY GROVE,,0,297817,37663,2,2
9028,3,48378,PINK SHADY GROVE,,0,297816,37663,2,2
9028,3,48379,PINK SHADY GROVE,,0,297817,37663,2,2
9028,3,48380,PINK SHADY GROVE,,0,297816,37663,2,2
9028,3,48381,PINK SHADY GROVE,,0,297817,37663,2,2
9028,3,48382,PINK SHADY GROVE,,0,297816,37663,2,2
9028,3,48383,PINK SHADY GROVE,,0,295895,37663,2,2
9028,3,48384,PINK SHADY GROVE,,0,297816,37663,2,2
9028,3,48385,PINK SHADY GROVE,,0,295895,37663,2,2
9028,3,48386,PINK SHADY GROVE,,0,297816,37663,2,2
9028,3,48387,PINK SHADY GROVE,,0,295895,37663,2,2
9028,3,48388,PINK SHADY GROVE,,0,297815,37663,2,2
9028,3,48389,PINK SHADY GROVE,,0,295895,37663,2,2
9028,3,48390,PINK SHADY GROVE,,0,297815,37663,2,2
9028,3,48391,PINK SHADY GROVE,,0,297818,37663,2,2
9028,3,48392,PINK SHADY GROVE,,0,297819,37663,2,2
9028,3,48393,PINK SHADY GROVE,,0,297818,37663,2,2
9028,3,48394,PINK SHADY GROVE,,0,297819,37663,2,2
9028,3,48395,PINK SHADY GROVE,,0,297818,37663,2,2
9028,3,48396,PINK TRAVILLE,,1,297816,37664,2,2
9028,3,48397,PINK TRAVILLE,,1,297812,37664,2,2
9028,3,48398,PINK TRAVILLE,,1,297816,37664,2,2
9028,3,48399,PINK TRAVILLE,,1,297812,37664,2,2
9028,3,48400,PINK TRAVILLE,,1,297816,37664,2,2
9028,3,48401,PINK TRAVILLE,,1,297812,37664,2,2
9028,3,48402,PINK TRAVILLE,,1,297817,37664,2,2
9028,3,48403,PINK TRAVILLE,,1,297816,37664,2,2
9028,3,48404,PINK TRAVILLE,,1,297817,37664,2,2
9028,3,48405,PINK TRAVILLE,,1,297816,37664,2,2
9028,3,48406,PINK TRAVILLE,,1,297817,37664,2,2
9028,3,48407,PINK TRAVILLE,,1,297816,37664,2,2
9028,3,48408,PINK TRAVILLE,,1,295895,37664,2,2
9028,3,48409,PINK TRAVILLE,,1,297816,37664,2,2
9028,3,48410,PINK TRAVILLE,,1,295895,37664,2,2
9028,3,48411,PINK TRAVILLE,,1,297816,37664,2,2
9028,3,48412,PINK TRAVILLE,,1,295895,37664,2,2
9028,3,48413,PINK TRAVILLE,,1,297815,37664,2,2
9028,3,48414,PINK TRAVILLE,,1,295895,37664,2,2
9028,3,48415,PINK TRAVILLE,,1,297815,37664,2,2
9028,3,48416,PINK TRAVILLE,,1,297818,37664,2,2
9028,3,48417,PINK TRAVILLE,,1,297819,37664,2,2
9028,3,48418,PINK TRAVILLE,,1,297818,37664,2,2
9028,3,48419,PINK TRAVILLE,,1,297819,37664,2,2
9028,3,48420,PINK TRAVILLE,,1,297818,37664,2,2
9028,3,48421,PINK TRAVILLE,,1,297819,37664,2,2
8925,4,14067,Silver Spring,,0,293111,37335,2,2
8925,4,14038,Silver Spring,,0,293110,37335,2,2
8925,4,14039,Silver Spring,,0,293111,37335,2,2
8925,4,14040,Silver Spring,,0,293110,37335,2,2
8925,4,14041,Silver Spring,,0,293111,37337,2,2
8925,4,14071,Silver Spring,,0,293113,37335,2,2
8925,4,14042,Silver Spring,,0,293112,37335,2,2
8925,4,14043,Silver Spring,,0,293111,37337,2,2
8925,4,14044,Silver Spring via Leland,,0,293113,37338,2,2
8925,4,14045,Silver Spring,,0,293112,37336,2,2
8925,4,14046,Silver Spring via Leland,,0,293109,37338,2,2
8925,4,14047,Silver Spring,,0,293114,37336,2,2
8925,4,14048,Silver Spring via Leland,,0,293109,37338,2,2
8925,4,14049,Silver Spring,,0,293115,37336,2,2
8925,4,14050,Silver Spring via Leland,,0,293109,37338,2,2
8925,4,14051,Silver Spring,,0,293115,37336,2,2
8925,4,14052,Silver Spring via Leland,,0,293109,37338,2,2
8925,4,14053,Silver Spring,,0,293115,37336,2,2
8925,4,14037,Silver Spring via Leland,,0,293109,37338,2,2
8925,4,14055,Silver Spring,,0,293117,37336,2,2
8925,4,14054,Silver Spring via Leland,,0,293116,37338,2,2
8925,4,14057,Silver Spring,,0,293119,37336,2,2
8925,4,14056,Silver Spring via Leland,,0,293118,37338,2,2
8925,4,14068,Silver Spring,,0,293116,37336,2,2
8925,4,14069,Silver Spring via Leland,,0,293117,37338,2,2
8925,4,14070,Silver Spring,,0,293120,37336,2,2
8925,4,14059,Silver Spring via Leland,,0,293119,37338,2,2
8925,4,14072,Silver Spring,,0,293116,37336,2,2
8925,4,14073,Silver Spring via Leland,,0,293120,37338,2,2
8925,4,14058,Silver Spring,,0,293119,37336,2,2
8925,4,14060,Silver Spring,,0,293116,37336,2,2
8925,4,14061,Silver Spring,,0,293120,37336,2,2
8925,4,14062,Silver Spring,,0,293121,37336,2,2
8925,4,14063,Silver Spring,,0,293122,37336,2,2
8925,4,14064,Silver Spring,,0,293123,37336,2,2
8925,4,14065,Silver Spring,,0,293122,37336,2,2
8925,4,14066,Silver Spring,,0,293124,37336,2,2
8925,4,14083,Friendship Heights,,1,293110,37340,2,2
8925,4,14081,Friendship Heights,,1,293112,37340,2,2
8925,4,14084,Friendship Heights,,1,293111,37340,2,2
8925,4,14085,Friendship Heights,,1,293110,37340,2,2
8925,4,14086,Friendship Heights,,1,293112,37340,2,2
8925,4,14082,Friendship Heights,,1,293111,37340,2,2
8925,4,14075,Friendship Heights,,1,293113,37340,2,2
8925,4,14087,Friendship Heights,,1,293110,37340,2,2
8925,4,14074,Friendship Heights via Leland,,1,293112,37341,2,2
8925,4,14088,Friendship Heights,,1,293111,37340,2,2
8925,4,14089,Friendship Heights via Leland,,1,293113,37341,2,2
8925,4,14090,Friendship Heights,,1,293112,37340,2,2
8925,4,14079,Friendship Heights via Leland,,1,293113,37341,2,2
8925,4,14078,Friendship Heights,,1,293114,37340,2,2
8925,4,14091,Friendship Heights via Leland,,1,293109,37341,2,2
8925,4,14092,Friendship Heights,,1,293115,37340,2,2
8925,4,14093,Friendship Heights via Leland,,1,293109,37341,2,2
8925,4,14094,Friendship Heights,,1,293115,37340,2,2
8925,4,14095,Friendship Heights via Leland,,1,293109,37341,2,2
8925,4,14096,Friendship Heights,,1,293115,37340,2,2
8925,4,14097,Friendship Heights via Leland,,1,293109,37341,2,2
8925,4,14076,Friendship Heights,,1,293117,37340,2,2
8925,4,14098,Friendship Heights,,1,293116,37340,2,2
8925,4,14099,Friendship Heights,,1,293118,37339,2,2
8925,4,14080,Friendship Heights,,1,293117,37339,2,2
8925,4,14100,Friendship Heights,,1,293119,37340,2,2
8925,4,14101,Friendship Heights,,1,293116,37339,2,2
8925,4,14102,Friendship Heights,,1,293120,37339,2,2
8925,4,14103,Friendship Heights,,1,293119,37340,2,2
8925,4,14104,Friendship Heights,,1,293116,37340,2,2
8925,4,14105,Friendship Heights,,1,293120,37340,2,2
8925,4,14106,Friendship Heights,,1,293121,37340,2,2
8925,4,14107,Friendship Heights,,1,293122,37340,2,2
8925,4,14108,Friendship Heights,,1,293123,37340,2,2
8925,4,14109,Friendship Heights,,1,293122,37340,2,2
8925,4,14110,Friendship Heights,,1,293124,37340,2,2
8925,4,14077,Friendship Heights,,1,293122,37340,2,2
8927,4,14755,Germantown Transit Center Express,,0,293367,37344,2,2
8927,4,14756,Germantown Transit Center Express,,0,293368,37344,2,2
8927,4,14757,Germantown Transit Center Express,,0,293367,37344,2,2
8927,4,14758,Germantown Transit Center Express,,0,293368,37344,2,2
8927,4,14759,Germantown Transit Center Express,,0,293367,37344,2,2
8927,4,14760,Germantown Transit Center Express,,0,293368,37344,2,2
8927,4,14761,Germantown Transit Center Express,,0,293367,37344,2,2
8927,4,14762,Germantown Transit Center Express,,0,293368,37344,2,2
8927,4,14763,Germantown Transit Center Express,,0,293367,37344,2,2
8927,4,14764,Germantown Transit Center Express,,0,293368,37344,2,2
8927,4,14765,Germantown Transit Center Express,,0,293369,37344,2,2
8927,4,14766,Germantown Transit Center Express,,0,293368,37344,2,2
8927,4,14767,Germantown Transit Center Express,,0,293369,37344,2,2
8927,4,14768,Germantown Transit Center Express,,0,293370,37344,2,2
8927,4,14769,Germantown Transit Center Express,,0,293369,37344,2,2
8927,4,14770,Germantown Transit Center Express,,0,293370,37344,2,2
8927,4,14771,Germantown Transit Center Express,,0,293369,37344,2,2
8927,4,14772,Germantown Transit Center Express,,0,293370,37344,2,2
8927,4,14773,Germantown Transit Center Express,,0,293369,37344,2,2
8927,4,14774,Germantown Transit Center Express,,0,293370,37344,2,2
8927,4,14775,Germantown Transit Center Express,,0,293369,37344,2,2
8927,4,14776,Germantown Transit Center Express,,0,293371,37344,2,2
8927,4,14777,Germantown Transit Center Express,,0,293372,37344,2,2
8927,4,14778,Germantown Transit Center Express,,0,293371,37344,2,2
8927,4,14779,Germantown Transit Center Express,,0,293372,37344,2,2
8927,4,14780,Germantown Transit Center Express,,0,293371,37344,2,2
8927,4,14781,Germantown Transit Center Express,,0,293372,37344,2,2
8927,4,14782,Germantown Transit Center Express,,0,293371,37344,2,2
8927,4,14783,Germantown Transit Center Express,,0,293366,37344,2,2
8927,4,14784,Germantown Transit Center Express,,0,293371,37344,2,2
8927,4,14785,Germantown Transit Center Express,,0,293366,37344,2,2
8927,4,14786,Germantown Transit Center Express,,0,293373,37344,2,2
8927,4,14787,Germantown Transit Center Express,,0,293366,37344,2,2
8927,4,14788,Germantown Transit Center Express,,0,293373,37344,2,2
8927,4,14789,Germantown Transit Center Express,,0,293366,37344,2,2
8927,4,14790,Germantown Transit Center Express,,0,293373,37344,2,2
8927,4,14791,Germantown Transit Center Express,,0,293374,37344,2,2
8927,4,14792,Germantown Transit Center Express,,0,293366,37344,2,2
8927,4,14793,Germantown Transit Center Express,,0,293374,37344,2,2
8927,4,14794,Germantown Transit Center Express,,0,293366,37344,2,2
8927,4,14795,Germantown Transit Center Express,,0,293374,37344,2,2
8927,4,14796,Germantown Transit Center Express,,0,293366,37344,2,2
8927,4,14797,Germantown Transit Center Express,,0,293374,37344,2,2
8927,4,14798,Germantown Transit Center Express,,0,293366,37344,2,2
8927,4,14799,Germantown Transit Center Express,,0,293374,37344,2,2
8927,4,14800,Germantown Transit Center Express,,0,293366,37344,2,2
8927,4,14801,Germantown Transit Center Express,,0,293374,37344,2,2
8927,4,14754,Germantown Transit Center Express,,0,293366,37344,2,2
8927,4,14803,Shady Grove Express,,1,293367,37345,2,2
8927,4,14804,Shady Grove Express,,1,293368,37345,2,2
8927,4,14805,Shady Grove Express,,1,293367,37345,2,2
8927,4,14806,Shady Grove Express,,1,293368,37345,2,2
8927,4,14807,Shady Grove Express,,1,293367,37345,2,2
8927,4,14808,Shady Grove Express,,1,293368,37345,2,2
8927,4,14809,Shady Grove Express,,1,293367,37345,2,2
8927,4,14810,Shady Grove Express,,1,293368,37345,2,2
8927,4,14811,Shady Grove Express,,1,293367,37345,2,2
8927,4,14812,Shady Grove Express,,1,293368,37345,2,2
8927,4,14813,Shady Grove Express,,1,293367,37345,2,2
8927,4,14814,Shady Grove Express,,1,293368,37345,2,2
8927,4,14815,Shady Grove Express,,1,293369,37345,2,2
8927,4,14816,Shady Grove Express,,1,293368,37345,2,2
8927,4,14817,Shady Grove Express,,1,293369,37345,2,2
8927,4,14818,Shady Grove Express,,1,293370,37345,2,2
8927,4,14819,Shady Grove Express,,1,293369,37345,2,2
8927,4,14820,Shady Grove Express,,1,293370,37345,2,2
8927,4,14821,Shady Grove Express,,1,293369,37345,2,2
8927,4,14822,Shady Grove Express,,1,293370,37345,2,2
8927,4,14823,Shady Grove Express,,1,293369,37345,2,2
8927,4,14824,Shady Grove Express,,1,293370,37345,2,2
8927,4,14825,Shady Grove Express,,1,293369,37345,2,2
8927,4,14826,Shady Grove Express,,1,293371,37345,2,2
8927,4,14827,Shady Grove Express,,1,293372,37345,2,2
8927,4,14828,Shady Grove Express,,1,293371,37345,2,2
8927,4,14829,Shady Grove Express,,1,293372,37345,2,2
8927,4,14830,Shady Grove Express,,1,293371,37345,2,2
8927,4,14831,Shady Grove Express,,1,293372,37345,2,2
8927,4,14832,Shady Grove Express,,1,293371,37345,2,2
8927,4,14833,Shady Grove Express,,1,293366,37345,2,2
8927,4,14834,Shady Grove Express,,1,293373,37345,2,2
8927,4,14835,Shady Grove Express,,1,293366,37345,2,2
8927,4,14836,Shady Grove Express,,1,293373,37345,2,2
8927,4,14837,Shady Grove Express,,1,293366,37345,2,2
8927,4,14838,Shady Grove Express,,1,293373,37345,2,2
8927,4,14839,Shady Grove Express,,1,293366,37345,2,2
8927,4,14840,Shady Grove Express,,1,293373,37345,2,2
8927,4,14841,Shady Grove Express,,1,293374,37345,2,2
8927,4,14842,Shady Grove Express,,1,293366,37345,2,2
8927,4,14843,Shady Grove Express,,1,293374,37345,2,2
8927,4,14844,Shady Grove Express,,1,293366,37345,2,2
8927,4,14845,Shady Grove Express,,1,293374,37345,2,2
8927,4,14846,Shady Grove Express,,1,293366,37345,2,2
8927,4,14847,Shady Grove Express,,1,293374,37345,2,2
8927,4,14848,Shady Grove Express,,1,293366,37345,2,2
8927,4,14849,Shady Grove Express,,1,293374,37345,2,2
8927,4,14802,Shady Grove Express,,1,293366,37345,2,2
8928,4,15247,Lakeforest,,0,293548,37346,2,2
8928,4,15246,Lakeforest,,0,293551,37346,2,2
8928,4,15245,Lakeforest,,0,293550,37346,2,2
8928,4,15244,Lakeforest,,0,293549,37346,2,2
8928,4,15243,Lakeforest,,0,293548,37346,2,2
8928,4,15242,Lakeforest,,0,293551,37346,2,2
8928,4,15241,Lakeforest,,0,293550,37346,2,2
8928,4,15240,Lakeforest,,0,293549,37346,2,2
8928,4,15239,Lakeforest,,0,293548,37346,2,2
8928,4,15238,Lakeforest,,0,293546,37346,2,2
8928,4,15237,Lakeforest,,0,293545,37346,2,2
8928,4,15236,Lakeforest,,0,293544,37346,2,2
8928,4,15235,Lakeforest,,0,293543,37346,2,2
8928,4,15234,Lakeforest,,0,293547,37346,2,2
8928,4,15233,Lakeforest,,0,293546,37346,2,2
8928,4,15232,Lakeforest,,0,293545,37346,2,2
8928,4,15231,Lakeforest,,0,293544,37346,2,2
8928,4,15230,Lakeforest,,0,293543,37346,2,2
8928,4,15265,Medical Center,,1,293550,37348,2,2
8928,4,15264,Medical Center,,1,293549,37348,2,2
8928,4,15263,Medical Center,,1,293548,37348,2,2
8928,4,15262,Medical Center,,1,293551,37348,2,2
8928,4,15261,Medical Center,,1,293550,37348,2,2
8928,4,15260,Medical Center,,1,293549,37348,2,2
8928,4,15259,Medical Center,,1,293548,37348,2,2
8928,4,15258,Medical Center,,1,293551,37348,2,2
8928,4,15257,Medical Center,,1,293550,37348,2,2
8928,4,15256,Medical Center,,1,293544,37348,2,2
8928,4,15255,Medical Center,,1,293543,37348,2,2
8928,4,15254,Medical Center,,1,293547,37348,2,2
8928,4,15253,Medical Center,,1,293546,37348,2,2
8928,4,15252,Medical Center,,1,293545,37348,2,2
8928,4,15251,Medical Center,,1,293544,37348,2,2
8928,4,15250,Medical Center,,1,293543,37348,2,2
8928,4,15249,Medical Center,,1,293547,37348,2,2
8928,4,15248,Medical Center,,1,293546,37348,2,2
8929,4,15432,Friendship Heights,,0,293601,37351,2,2
8929,4,15431,Friendship Heights,,0,293600,37351,2,2
8929,4,15430,Friendship Heights,,0,293601,37351,2,2
8929,4,15429,Friendship Heights,,0,293600,37351,2,2
8929,4,15423,Friendship Heights,,0,293601,37351,2,2
8929,4,15422,Friendship Heights,,0,293600,37351,2,2
8929,4,15428,Friendship Heights,,0,293602,37351,2,2
8929,4,15427,Friendship Heights,,0,293601,37351,2,2
8929,4,15426,Friendship Heights,,0,293602,37351,2,2
8929,4,15425,Friendship Heights,,0,293603,37351,2,2
8929,4,15424,Friendship Heights,,0,293602,37351,2,2
8929,4,15444,Silver Spring,,1,293604,37352,2,2
8929,4,15443,Silver Spring,,1,293605,37352,2,2
8929,4,15442,Silver Spring,,1,293604,37352,2,2
8929,4,15441,Silver Spring,,1,293605,37352,2,2
8929,4,15440,Silver Spring,,1,293606,37352,2,2
8929,4,15433,Silver Spring,,1,293604,37352,2,2
8929,4,15439,Silver Spring,,1,293605,37352,2,2
8929,4,15438,Silver Spring,,1,293606,37352,2,2
8929,4,15437,Silver Spring,,1,293604,37352,2,2
8929,4,15436,Silver Spring,,1,293605,37352,2,2
8929,4,15434,Silver Spring,,1,293604,37352,2,2
8929,4,15435,Silver Spring,,1,293605,37352,2,2
8930,4,15760,Silver Spring,,0,293706,37353,2,2
8930,4,15761,Silver Spring,,0,293707,37353,2,2
8930,4,15762,Silver Spring,,0,293706,37353,2,2
8930,4,15763,Silver Spring,,0,293707,37353,2,2
8930,4,15764,Silver Spring,,0,293706,37353,2,2
8930,4,15765,Silver Spring,,0,293708,37353,2,2
8930,4,15766,Silver Spring,,0,293707,37353,2,2
8930,4,15767,Silver Spring,,0,293706,37353,2,2
8930,4,15768,Silver Spring,,0,293707,37353,2,2
8930,4,15769,Silver Spring,,0,293706,37353,2,2
8930,4,15794,Silver Spring,,0,293109,37353,2,2
8930,4,15770,Silver Spring,,0,293115,37353,2,2
8930,4,15771,Silver Spring,,0,293111,37353,2,2
8930,4,15772,Silver Spring,,0,293709,37353,2,2
8930,4,15773,Silver Spring,,0,293111,37353,2,2
8930,4,15774,Silver Spring,,0,293709,37353,2,2
8930,4,15775,Silver Spring,,0,293111,37353,2,2
8930,4,15776,Silver Spring,,0,293709,37353,2,2
8930,4,15796,Silver Spring,,0,293606,37353,2,2
8930,4,15797,Silver Spring,,0,293709,37353,2,2
8930,4,15777,Silver Spring,,0,293710,37353,2,2
8930,4,15778,Silver Spring,,0,293606,37353,2,2
8930,4,15779,Silver Spring,,0,293711,37353,2,2
8930,4,15780,Silver Spring,,0,293710,37353,2,2
8930,4,15798,Silver Spring,,0,293713,37353,2,2
8930,4,15781,Silver Spring,,0,293712,37353,2,2
8930,4,15782,Silver Spring,,0,293710,37353,2,2
8930,4,15783,Silver Spring,,0,293713,37353,2,2
8930,4,15784,Silver Spring,,0,293712,37353,2,2
8930,4,15785,Silver Spring,,0,293713,37353,2,2
8930,4,15786,Silver Spring,,0,293712,37353,2,2
8930,4,15795,Silver Spring,,0,293713,37353,2,2
8930,4,15787,Silver Spring,,0,293712,37353,2,2
8930,4,15788,Silver Spring,,0,293713,37353,2,2
8930,4,15789,Silver Spring,,0,293120,37353,2,2
8930,4,15790,Silver Spring,,0,293712,37353,2,2
8930,4,15791,Silver Spring,,0,293120,37353,2,2
8930,4,15792,Silver Spring,,0,293712,37353,2,2
8930,4,15793,Silver Spring,,0,293120,37353,2,2
8930,4,15799,Takoma via Three Oaks,,1,293706,37354,2,2
8930,4,15800,Takoma via Three Oaks,,1,293707,37354,2,2
8930,4,15801,Takoma,,1,293706,37355,2,2
8930,4,15802,Takoma,,1,293707,37355,2,2
8930,4,15803,Takoma,,1,293706,37355,2,2
8930,4,15804,Takoma,,1,293707,37355,2,2
8930,4,15805,Takoma,,1,293706,37355,2,2
8930,4,15806,Takoma,,1,293109,37355,2,2
8930,4,15807,Takoma,,1,293115,37355,2,2
8930,4,15808,Takoma,,1,293111,37355,2,2
8930,4,15809,Takoma,,1,293709,37355,2,2
8930,4,15810,Takoma,,1,293111,37355,2,2
8930,4,15811,Takoma,,1,293709,37355,2,2
8930,4,15812,Takoma,,1,293111,37355,2,2
8930,4,15813,Takoma,,1,293709,37355,2,2
8930,4,15814,Takoma,,1,293111,37355,2,2
8930,4,15815,Takoma,,1,293709,37355,2,2
8930,4,15835,Takoma,,1,293710,37355,2,2
8930,4,15836,Takoma,,1,293606,37355,2,2
8930,4,15816,Takoma,,1,293711,37355,2,2
8930,4,15817,Takoma,,1,293710,37355,2,2
8930,4,15818,Takoma,,1,293713,37355,2,2
8930,4,15819,Takoma,,1,293712,37355,2,2
8930,4,15820,Takoma,,1,293710,37355,2,2
8930,4,15821,Takoma,,1,293713,37355,2,2
8930,4,15832,Takoma,,1,293712,37355,2,2
8930,4,15833,Takoma,,1,293710,37355,2,2
8930,4,15822,Takoma,,1,293713,37355,2,2
8930,4,15823,Takoma,,1,293712,37355,2,2
8930,4,15824,Takoma,,1,293713,37355,2,2
8930,4,15825,Takoma,,1,293712,37355,2,2
8930,4,15826,Takoma,,1,293713,37355,2,2
8930,4,15827,Takoma,,1,293120,37355,2,2
8930,4,15828,Takoma,,1,293712,37355,2,2
8930,4,15829,Takoma,,1,293120,37355,2,2
8930,4,15830,Takoma,,1,293712,37355,2,2
8930,4,15831,Takoma,,1,293120,37355,2,2
8930,4,15834,Takoma,,1,293712,37355,2,2
8932,4,16131,Silver Spring,,0,293115,37358,2,2
8932,4,16130,Silver Spring,,0,293787,37358,2,2
8932,4,16122,Silver Spring,,0,293783,37358,2,2
8932,4,16129,Silver Spring,,0,293115,37358,2,2
8932,4,16128,Silver Spring,,0,293787,37358,2,2
8932,4,16127,Silver Spring,,0,293115,37358,2,2
8932,4,16126,Silver Spring,,0,293784,37358,2,2
8932,4,16125,Silver Spring,,0,293786,37358,2,2
8932,4,16124,Silver Spring,,0,293785,37358,2,2
8932,4,16123,Silver Spring,,0,293784,37358,2,2
8932,4,16141,Takoma,,1,293115,37359,2,2
8932,4,16140,Takoma,,1,293787,37359,2,2
8932,4,16139,Takoma,,1,293783,37359,2,2
8932,4,16138,Takoma,,1,293115,37359,2,2
8932,4,16137,Takoma,,1,293784,37359,2,2
8932,4,16136,Takoma,,1,293786,37359,2,2
8932,4,16135,Takoma,,1,293785,37359,2,2
8932,4,16134,Takoma,,1,293784,37359,2,2
8932,4,16132,Takoma,,1,293786,37359,2,2
8932,4,16133,Takoma,,1,293785,37359,2,2
8933,4,16291,Silver Spring,,0,293815,37360,2,2
8933,4,16299,Silver Spring,,0,293816,37360,2,2
8933,4,16300,Silver Spring,,0,293815,37360,2,2
8933,4,16292,Silver Spring,,0,293816,37360,2,2
8933,4,16293,Silver Spring,,0,293815,37360,2,2
8933,4,16294,Silver Spring,,0,293816,37360,2,2
8933,4,16295,Silver Spring,,0,293814,37360,2,2
8933,4,16296,Silver Spring,,0,293813,37360,2,2
8933,4,16297,Silver Spring,,0,293814,37360,2,2
8933,4,16290,Silver Spring,,0,293813,37360,2,2
8933,4,16289,Silver Spring,,0,293814,37360,2,2
8933,4,16288,Silver Spring,,0,293813,37360,2,2
8933,4,16287,Silver Spring,,0,293811,37360,2,2
8933,4,16286,Silver Spring,,0,293124,37360,2,2
8933,4,16283,Silver Spring,,0,293811,37360,2,2
8933,4,16298,Silver Spring,,0,293812,37360,2,2
8933,4,16282,Silver Spring,,0,293811,37360,2,2
8933,4,16285,Silver Spring,,0,293812,37360,2,2
8933,4,16281,Silver Spring,,0,293811,37360,2,2
8933,4,16284,Silver Spring,,0,293812,37360,2,2
8933,4,16312,Takoma,,1,293816,37362,2,2
8933,4,16301,Takoma,,1,293815,37362,2,2
8933,4,16313,Takoma,,1,293816,37362,2,2
8933,4,16314,Takoma,,1,293815,37362,2,2
8933,4,16315,Takoma,,1,293816,37362,2,2
8933,4,16316,Takoma,,1,293814,37362,2,2
8933,4,16317,Takoma,,1,293816,37362,2,2
8933,4,16318,Takoma,,1,293814,37362,2,2
8933,4,16319,Takoma,,1,293813,37362,2,2
8933,4,16311,Takoma,,1,293814,37362,2,2
8933,4,16310,Takoma,,1,293813,37362,2,2
8933,4,16304,Takoma,,1,293811,37362,2,2
8933,4,16309,Takoma,,1,293124,37362,2,2
8933,4,16308,Takoma,,1,293811,37362,2,2
8933,4,16307,Takoma,,1,293812,37362,2,2
8933,4,16303,Takoma,,1,293811,37362,2,2
8933,4,16302,Takoma,,1,293812,37362,2,2
8933,4,16306,Takoma,,1,293811,37362,2,2
8933,4,16320,Takoma,,1,293812,37362,2,2
8933,4,16305,Takoma,,1,293817,37362,2,2
8934,4,16882,Silver Spring,,0,293898,37363,2,2
8934,4,16883,Silver Spring,,0,293114,37363,2,2
8934,4,16884,Silver Spring,,0,293896,37363,2,2
8934,4,16933,Silver Spring,,0,293898,37363,2,2
8934,4,16885,Silver Spring,,0,293896,37363,2,2
8934,4,16886,Silver Spring,,0,293114,37363,2,2
8934,4,16887,Silver Spring,,0,293898,37363,2,2
8934,4,16879,Silver Spring,,0,293896,37363,2,2
8934,4,16880,Silver Spring,,0,293114,37363,2,2
8934,4,16888,Silver Spring,,0,293899,37363,2,2
8934,4,16889,Silver Spring,,0,293896,37363,2,2
8934,4,16890,Silver Spring,,0,293898,37363,2,2
8934,4,16891,Silver Spring,,0,293895,37363,2,2
8934,4,16892,Silver Spring,,0,293114,37363,2,2
8934,4,16881,Silver Spring,,0,293897,37363,2,2
8934,4,16893,Silver Spring,,0,293896,37363,2,2
8934,4,16895,Silver Spring,,0,293898,37363,2,2
8934,4,16894,Silver Spring,,0,293895,37363,2,2
8934,4,16934,Silver Spring,,0,293114,37363,2,2
8934,4,16935,Silver Spring,,0,293897,37363,2,2
8934,4,16878,Silver Spring,,0,293895,37363,2,2
8934,4,16896,Silver Spring,,0,293898,37363,2,2
8934,4,16897,Silver Spring,,0,293114,37363,2,2
8934,4,16898,Silver Spring,,0,293897,37363,2,2
8934,4,16937,Silver Spring,,0,293110,37363,2,2
8934,4,16938,Silver Spring,,0,293114,37363,2,2
8934,4,16939,Silver Spring,,0,293898,37363,2,2
8934,4,16899,Silver Spring,,0,293110,37363,2,2
8934,4,16925,Silver Spring,,0,293900,37363,2,2
8934,4,16926,Silver Spring,,0,293898,37363,2,2
8934,4,16900,Silver Spring,,0,293110,37363,2,2
8934,4,16932,Silver Spring,,0,293900,37363,2,2
8934,4,16901,Silver Spring,,0,293898,37363,2,2
8934,4,16927,Silver Spring,,0,293110,37363,2,2
8934,4,16902,Silver Spring,,0,293900,37363,2,2
8934,4,16928,Silver Spring,,0,293907,37363,2,2
8934,4,16931,Silver Spring,,0,293110,37363,2,2
8934,4,16929,Silver Spring,,0,293902,37363,2,2
8934,4,16903,Silver Spring,,0,293901,37363,2,2
8934,4,16904,Silver Spring,,0,293812,37363,2,2
8934,4,16905,Silver Spring,,0,293902,37363,2,2
8934,4,16906,Silver Spring,,0,293901,37363,2,2
8934,4,16907,Silver Spring,,0,293812,37363,2,2
8934,4,16908,Silver Spring,,0,293903,37363,2,2
8934,4,16909,Silver Spring,,0,293901,37363,2,2
8934,4,16910,Silver Spring,,0,293904,37363,2,2
8934,4,16911,Silver Spring,,0,293905,37363,2,2
8934,4,16912,Silver Spring,,0,293124,37363,2,2
8934,4,16913,Silver Spring,,0,293905,37363,2,2
8934,4,16914,Silver Spring,,0,293904,37363,2,2
8934,4,16915,Silver Spring,,0,293901,37363,2,2
8934,4,16916,Silver Spring,,0,293904,37363,2,2
8934,4,16917,Silver Spring,,0,293124,37363,2,2
8934,4,16918,Silver Spring,,0,293906,37363,2,2
8934,4,16919,Silver Spring,,0,293124,37363,2,2
8934,4,16920,Silver Spring,,0,293906,37363,2,2
8934,4,16921,Silver Spring,,0,293811,37363,2,2
8934,4,16922,Silver Spring,,0,293906,37363,2,2
8934,4,16923,Silver Spring,,0,293713,37363,2,2
8934,4,16924,Silver Spring,,0,293713,37363,2,2
8934,4,16930,Silver Spring,,0,293713,37363,2,2
8934,4,16936,Silver Spring,,0,293713,37363,2,2
8934,4,16945,Takoma Langley Transit Center,,1,293898,37364,2,2
8934,4,16946,Takoma Langley Transit Center,,1,293114,37364,2,2
8934,4,16947,Takoma Langley Transit Center,,1,293898,37364,2,2
8934,4,16948,Takoma Langley Transit Center,,1,293114,37364,2,2
8934,4,16949,Takoma Langley Transit Center,,1,293898,37364,2,2
8934,4,16950,Takoma Langley Transit Center,,1,293114,37364,2,2
8934,4,16951,Takoma Langley Transit Center,,1,293896,37364,2,2
8934,4,16952,Takoma Langley Transit Center,,1,293895,37364,2,2
8934,4,16953,Takoma Langley Transit Center,,1,293897,37364,2,2
8934,4,16954,Takoma Langley Transit Center,,1,293898,37364,2,2
8934,4,16955,Takoma Langley Transit Center,,1,293114,37364,2,2
8934,4,16956,Takoma Langley Transit Center,,1,293897,37364,2,2
8934,4,16957,Takoma Langley Transit Center,,1,293110,37364,2,2
8934,4,16958,Takoma Langley Transit Center,,1,293114,37364,2,2
8934,4,16959,Takoma Langley Transit Center,,1,293898,37364,2,2
8934,4,16960,Takoma Langley Transit Center,,1,293110,37364,2,2
8934,4,16944,Takoma Langley Transit Center,,1,293900,37364,2,2
8934,4,16961,Takoma Langley Transit Center,,1,293898,37364,2,2
8934,4,16962,Takoma Langley Transit Center,,1,293110,37364,2,2
8934,4,16963,Takoma Langley Transit Center,,1,293900,37364,2,2
8934,4,16964,Takoma Langley Transit Center,,1,293898,37364,2,2
8934,4,16965,Takoma Langley Transit Center,,1,293110,37364,2,2
8934,4,16996,Takoma Langley Transit Center,,1,293900,37364,2,2
8934,4,16966,Takoma Langley Transit Center,,1,293907,37364,2,2
8934,4,16967,Takoma Langley Transit Center,,1,293110,37364,2,2
8934,4,16987,Takoma Langley Transit Center,,1,293900,37364,2,2
8934,4,16988,Takoma Langley Transit Center,,1,293901,37364,2,2
8934,4,16989,Takoma Langley Transit Center,,1,293812,37364,2,2
8934,4,16968,Takoma Langley Transit Center,,1,293902,37364,2,2
8934,4,16990,Takoma Langley Transit Center,,1,293901,37364,2,2
8934,4,16969,Takoma Langley Transit Center,,1,293812,37364,2,2
8934,4,16970,Takoma Langley Transit Center,,1,293903,37364,2,2
8934,4,16971,Takoma Langley Transit Center,,1,293902,37364,2,2
8934,4,16972,Takoma Langley Transit Center,,1,293901,37364,2,2
8934,4,16973,Takoma Langley Transit Center,,1,293904,37364,2,2
8934,4,16941,Takoma Langley Transit Center,,1,293903,37364,2,2
8934,4,16974,Takoma Langley Transit Center,,1,293905,37364,2,2
8934,4,16975,Takoma Langley Transit Center,,1,293901,37364,2,2
8934,4,16976,Takoma Langley Transit Center,,1,293124,37364,2,2
8934,4,16991,Takoma Langley Transit Center,,1,293904,37364,2,2
8934,4,16943,Takoma Langley Transit Center,,1,293903,37364,2,2
8934,4,16999,Takoma Langley Transit Center,,1,293905,37364,2,2
8934,4,17000,Takoma Langley Transit Center,,1,293901,37364,2,2
8934,4,16942,Takoma Langley Transit Center,,1,293904,37364,2,2
8934,4,16992,Takoma Langley Transit Center,,1,293124,37364,2,2
8934,4,16940,Takoma Langley Transit Center,,1,293901,37364,2,2
8934,4,16977,Takoma Langley Transit Center,,1,293905,37364,2,2
8934,4,16993,Takoma Langley Transit Center,,1,293904,37364,2,2
8934,4,16994,Takoma Langley Transit Center,,1,293905,37364,2,2
8934,4,16997,Takoma Langley Transit Center,,1,293124,37364,2,2
8934,4,16978,Takoma Langley Transit Center,,1,293906,37364,2,2
8934,4,16979,Takoma Langley Transit Center,,1,293124,37364,2,2
8934,4,16980,Takoma Langley Transit Center,,1,293906,37364,2,2
8934,4,16981,Takoma Langley Transit Center,,1,293811,37364,2,2
8934,4,16982,Takoma Langley Transit Center,,1,293124,37364,2,2
8934,4,16983,Takoma Langley Transit Center,,1,293906,37364,2,2
8934,4,16984,Takoma Langley Transit Center,,1,293713,37364,2,2
8934,4,16985,Takoma Langley Transit Center,,1,293713,37364,2,2
8934,4,16986,Takoma Langley Transit Center,,1,293713,37364,2,2
8934,4,16995,Takoma Langley Transit Center,,1,293713,37364,2,2
8934,4,16998,Takoma Langley Transit Center,,1,293713,37364,2,2
8935,4,17781,Silver Spring,,0,293960,37365,2,2
8935,4,17780,Silver Spring,,0,293959,37365,2,2
8935,4,17779,Silver Spring,,0,293109,37365,2,2
8935,4,17753,Silver Spring,,0,293960,37365,2,2
8935,4,17778,Silver Spring,,0,293813,37365,2,2
8935,4,17752,Silver Spring,,0,293959,37365,2,2
8935,4,17777,Silver Spring,,0,293109,37365,2,2
8935,4,17751,Silver Spring,,0,293960,37365,2,2
8935,4,17776,Silver Spring,,0,293813,37365,2,2
8935,4,17750,Silver Spring,,0,293959,37365,2,2
8935,4,17775,Silver Spring,,0,293896,37365,2,2
8935,4,17749,Silver Spring,,0,293958,37365,2,2
8935,4,17774,Silver Spring,,0,293896,37365,2,2
8935,4,17748,Silver Spring,,0,293707,37365,2,2
8935,4,17773,Silver Spring,,0,293706,37365,2,2
8935,4,17747,Silver Spring,,0,293958,37365,2,2
8935,4,17772,Silver Spring,,0,293784,37365,2,2
8935,4,17746,Silver Spring,,0,293707,37365,2,2
8935,4,17754,Silver Spring,,0,293706,37365,2,2
8935,4,17771,Silver Spring,,0,293964,37365,2,2
8935,4,17770,Silver Spring,,0,293784,37365,2,2
8935,4,17769,Silver Spring,,0,293963,37365,2,2
8935,4,17768,Silver Spring,,0,293123,37365,2,2
8935,4,17767,Silver Spring,,0,293120,37365,2,2
8935,4,17766,Silver Spring,,0,293961,37365,2,2
8935,4,17765,Silver Spring,,0,293963,37365,2,2
8935,4,17764,Silver Spring,,0,293123,37365,2,2
8935,4,17763,Silver Spring,,0,293118,37365,2,2
8935,4,17762,Silver Spring,,0,293961,37365,2,2
8935,4,17782,Silver Spring,,0,293963,37365,2,2
8935,4,17745,Silver Spring,,0,293123,37365,2,2
8935,4,17761,Silver Spring,,0,293118,37365,2,2
8935,4,17760,Silver Spring,,0,293961,37365,2,2
8935,4,17758,Silver Spring,,0,293605,37365,2,2
8935,4,17759,Silver Spring,,0,293957,37365,2,2
8935,4,17757,Silver Spring,,0,293962,37365,2,2
8935,4,17756,Silver Spring,,0,293118,37365,2,2
8935,4,17755,Silver Spring,,0,293961,37365,2,2
8935,4,17744,Silver Spring,,0,293957,37365,2,2
8935,4,17783,Silver Spring,,0,293962,37365,2,2
8935,4,17743,Silver Spring,,0,293118,37365,2,2
8935,4,17822,Takoma,,1,293960,37366,2,2
8935,4,17821,Takoma,,1,293813,37366,2,2
8935,4,17820,Takoma,,1,293959,37366,2,2
8935,4,17819,Takoma,,1,293109,37366,2,2
8935,4,17795,Takoma,,1,293960,37366,2,2
8935,4,17794,Takoma,,1,293813,37366,2,2
8935,4,17818,Takoma,,1,293959,37366,2,2
8935,4,17793,Takoma,,1,293896,37366,2,2
8935,4,17817,Takoma,,1,293958,37366,2,2
8935,4,17816,Takoma,,1,293813,37366,2,2
8935,4,17815,Takoma,,1,293707,37366,2,2
8935,4,17814,Takoma,,1,293706,37366,2,2
8935,4,17813,Takoma,,1,293958,37366,2,2
8935,4,17812,Takoma,,1,293784,37366,2,2
8935,4,17811,Takoma,,1,293707,37366,2,2
8935,4,17810,Takoma,,1,293706,37366,2,2
8935,4,17809,Takoma,,1,293958,37366,2,2
8935,4,17808,Takoma,,1,293784,37366,2,2
8935,4,17792,Takoma,,1,293963,37366,2,2
8935,4,17823,Takoma,,1,293123,37366,2,2
8935,4,17807,Takoma,,1,293120,37366,2,2
8935,4,17791,Takoma,,1,293961,37366,2,2
8935,4,17806,Takoma,,1,293963,37366,2,2
8935,4,17790,Takoma,,1,293123,37366,2,2
8935,4,17789,Takoma,,1,293118,37366,2,2
8935,4,17805,Takoma,,1,293961,37366,2,2
8935,4,17788,Takoma,,1,293963,37366,2,2
8935,4,17804,Takoma,,1,293123,37366,2,2
8935,4,17787,Takoma,,1,293118,37366,2,2
8935,4,17803,Takoma,,1,293961,37366,2,2
8935,4,17786,Takoma,,1,293605,37366,2,2
8935,4,17824,Takoma,,1,293957,37366,2,2
8935,4,17802,Takoma,,1,293962,37366,2,2
8935,4,17800,Takoma,,1,293118,37366,2,2
8935,4,17801,Takoma,,1,293961,37366,2,2
8935,4,17799,Takoma,,1,293957,37366,2,2
8935,4,17798,Takoma,,1,293962,37366,2,2
8935,4,17797,Takoma,,1,293118,37366,2,2
8935,4,17796,Takoma,,1,293961,37366,2,2
8935,4,17785,Takoma,,1,293965,37366,2,2
8935,4,17784,Takoma,,1,293118,37366,2,2
8936,4,18370,Silver Spring,,0,293979,37367,2,2
8936,4,18369,Silver Spring,,0,293900,37367,2,2
8936,4,18368,Silver Spring,,0,293979,37367,2,2
8936,4,18345,Silver Spring,,0,293900,37367,2,2
8936,4,18344,Silver Spring,,0,293979,37367,2,2
8936,4,18343,Silver Spring,,0,293900,37367,2,2
8936,4,18367,Silver Spring,,0,293979,37367,2,2
8936,4,18366,Silver Spring,,0,293900,37367,2,2
8936,4,18365,Silver Spring,,0,293815,37367,2,2
8936,4,18364,Silver Spring,,0,293982,37367,2,2
8936,4,18363,Silver Spring,,0,293815,37367,2,2
8936,4,18362,Silver Spring,,0,293982,37367,2,2
8936,4,18361,Silver Spring,,0,293815,37367,2,2
8936,4,18360,Silver Spring,,0,293979,37367,2,2
8936,4,18359,Silver Spring,,0,293981,37367,2,2
8936,4,18358,Silver Spring,,0,293979,37367,2,2
8936,4,18357,Silver Spring,,0,293981,37367,2,2
8936,4,18356,Silver Spring,,0,293962,37367,2,2
8936,4,18355,Silver Spring,,0,293981,37367,2,2
8936,4,18354,Silver Spring,,0,293962,37367,2,2
8936,4,18353,Silver Spring,,0,293981,37367,2,2
8936,4,18352,Silver Spring,,0,293962,37367,2,2
8936,4,18351,Silver Spring,,0,293981,37367,2,2
8936,4,18350,Silver Spring,,0,293962,37367,2,2
8936,4,18349,Silver Spring,,0,293981,37367,2,2
8936,4,18348,Silver Spring,,0,293980,37367,2,2
8936,4,18347,Silver Spring,,0,293980,37367,2,2
8936,4,18346,Silver Spring,,0,293980,37367,2,2
8936,4,18397,Takoma Langley Transit Center,,1,293979,37368,2,2
8936,4,18396,Takoma Langley Transit Center,,1,293900,37368,2,2
8936,4,18374,Takoma Langley Transit Center,,1,293979,37368,2,2
8936,4,18395,Takoma Langley Transit Center,,1,293900,37368,2,2
8936,4,18394,Takoma Langley Transit Center,,1,293979,37368,2,2
8936,4,18393,Takoma Langley Transit Center,,1,293900,37368,2,2
8936,4,18392,Takoma Langley Transit Center,,1,293815,37368,2,2
8936,4,18391,Takoma Langley Transit Center,,1,293982,37368,2,2
8936,4,18390,Takoma Langley Transit Center,,1,293815,37368,2,2
8936,4,18389,Takoma Langley Transit Center,,1,293982,37368,2,2
8936,4,18388,Takoma Langley Transit Center,,1,293815,37368,2,2
8936,4,18387,Takoma Langley Transit Center,,1,293979,37368,2,2
8936,4,18386,Takoma Langley Transit Center,,1,293981,37368,2,2
8936,4,18385,Takoma Langley Transit Center,,1,293979,37368,2,2
8936,4,18384,Takoma Langley Transit Center,,1,293981,37368,2,2
8936,4,18383,Takoma Langley Transit Center,,1,293962,37368,2,2
8936,4,18382,Takoma Langley Transit Center,,1,293981,37368,2,2
8936,4,18381,Takoma Langley Transit Center,,1,293962,37368,2,2
8936,4,18380,Takoma Langley Transit Center,,1,293981,37368,2,2
8936,4,18373,Takoma Langley Transit Center,,1,293962,37368,2,2
8936,4,18372,Takoma Langley Transit Center,,1,293981,37368,2,2
8936,4,18371,Takoma Langley Transit Center,,1,293962,37368,2,2
8936,4,18379,Takoma Langley Transit Center,,1,293981,37368,2,2
8936,4,18378,Takoma Langley Transit Center,,1,293980,37368,2,2
8936,4,18377,Takoma Langley Transit Center,,1,293980,37368,2,2
8936,4,18376,Takoma Langley Transit Center,,1,293980,37368,2,2
8936,4,18375,Takoma Langley Transit Center,,1,293980,37368,2,2
8937,4,18771,Silver Spring via Takoma,,0,294010,37369,2,2
8937,4,18744,Silver Spring via Takoma,,0,294009,37369,2,2
8937,4,18745,Silver Spring via Takoma,,0,294010,37369,2,2
8937,4,18746,Silver Spring via Takoma,,0,294009,37369,2,2
8937,4,18747,Silver Spring via Takoma,,0,294010,37369,2,2
8937,4,18748,Silver Spring via Takoma,,0,294009,37369,2,2
8937,4,18749,Silver Spring via Takoma,,0,294010,37369,2,2
8937,4,18750,Silver Spring via Takoma,,0,294009,37369,2,2
8937,4,18751,Silver Spring via Takoma,,0,294011,37369,2,2
8937,4,18752,Silver Spring via Takoma,,0,294010,37369,2,2
8937,4,18753,Silver Spring via Takoma,,0,294011,37369,2,2
8937,4,18754,Silver Spring via Takoma,,0,294010,37369,2,2
8937,4,18755,Silver Spring via Takoma,,0,294012,37369,2,2
8937,4,18756,Silver Spring via Takoma,,0,293907,37369,2,2
8937,4,18757,Silver Spring via Takoma,,0,294012,37369,2,2
8937,4,18758,Silver Spring via Takoma,,0,293907,37369,2,2
8937,4,18767,Silver Spring via Takoma,,0,294013,37369,2,2
8937,4,18768,Silver Spring via Takoma,,0,294012,37369,2,2
8937,4,18769,Silver Spring via Takoma,,0,293907,37369,2,2
8937,4,18770,Silver Spring via Takoma,,0,294013,37369,2,2
8937,4,18759,Silver Spring via Takoma,,0,293907,37369,2,2
8937,4,18760,Takoma,,0,294013,37371,2,2
8937,4,18761,Takoma,,0,294013,37371,2,2
8937,4,18762,Takoma,,0,294013,37371,2,2
8937,4,18763,Takoma,,0,294014,37371,2,2
8937,4,18764,Takoma,,0,294014,37371,2,2
8937,4,18765,Takoma,,0,294014,37371,2,2
8937,4,18766,Takoma,,0,294014,37371,2,2
8937,4,18772,Takoma Langley Trn Ctr via Takoma,,1,294010,37372,2,2
8937,4,18786,Takoma Langley Trn Ctr via Takoma,,1,294009,37372,2,2
8937,4,18787,Takoma Langley Trn Ctr via Takoma,,1,294010,37372,2,2
8937,4,18788,Takoma Langley Trn Ctr via Takoma,,1,294009,37372,2,2
8937,4,18789,Takoma Langley Trn Ctr via Takoma,,1,294010,37372,2,2
8937,4,18790,Takoma Langley Trn Ctr via Takoma,,1,294009,37372,2,2
8937,4,18791,Takoma Langley Trn Ctr via Takoma,,1,294011,37372,2,2
8937,4,18773,Takoma Langley Trn Ctr via Takoma,,1,294010,37372,2,2
8937,4,18774,Takoma Langley Trn Ctr via Takoma,,1,294011,37372,2,2
8937,4,18775,Takoma Langley Trn Ctr via Takoma,,1,294010,37372,2,2
8937,4,18776,Takoma Langley Trn Ctr via Takoma,,1,294012,37372,2,2
8937,4,18777,Takoma Langley Trn Ctr via Takoma,,1,293907,37372,2,2
8937,4,18778,Takoma Langley Trn Ctr via Takoma,,1,294012,37372,2,2
8937,4,18779,Takoma Langley Trn Ctr via Takoma,,1,293907,37372,2,2
8937,4,18780,Takoma Langley Trn Ctr via Takoma,,1,294012,37372,2,2
8937,4,18793,Takoma Langley Trn Ctr via Takoma,,1,293907,37372,2,2
8937,4,18794,Takoma Langley Trn Ctr via Takoma,,1,294013,37372,2,2
8937,4,18795,Takoma Langley Trn Ctr via Takoma,,1,294012,37372,2,2
8937,4,18796,Takoma Langley Trn Ctr via Takoma,,1,293907,37372,2,2
8937,4,18797,Takoma Langley Trn Ctr via Takoma,,1,294013,37372,2,2
8937,4,18781,Takoma Langley Transit Center,,1,294013,37374,2,2
8937,4,18782,Takoma Langley Transit Center,,1,294013,37374,2,2
8937,4,18783,Takoma Langley Transit Center,,1,294013,37374,2,2
8937,4,18784,Takoma Langley Transit Center,,1,294014,37374,2,2
8937,4,18798,Takoma Langley Transit Center,,1,294014,37374,2,2
8937,4,18785,Takoma Langley Transit Center,,1,294014,37374,2,2
8937,4,18792,Takoma Langley Transit Center,,1,294014,37374,2,2
8938,4,18964,Dallas Ave/ Norwood,,0,294034,37376,2,2
8938,4,18963,Dallas Ave/ Norwood,,0,294034,37376,2,2
8938,4,18962,Dallas Ave/ Norwood,,0,294034,37376,2,2
8938,4,18960,Dallas Ave Norwood,,0,294012,37375,2,2
8938,4,18961,Dallas Ave Norwood,,0,294012,37375,2,2
8938,4,18968,Silver Spring,,1,294035,37377,2,2
8938,4,18967,Silver Spring,,1,294035,37377,2,2
8938,4,18965,Silver Spring,,1,294035,37377,2,2
8938,4,18966,Silver Spring,,1,294035,37377,2,2
8939,4,19235,Lyttonsville,,0,294046,37378,2,2
8939,4,19234,Lyttonsville via Fort Detrick,,0,294046,37379,2,2
8939,4,19233,Lyttonsville via Fort Detrick,,0,294046,37379,2,2
8939,4,19232,Lyttonsville via Fort Detrick,,0,294046,37379,2,2
8939,4,19231,Lyttonsville via Fort Detrick,,0,294046,37379,2,2
8939,4,19230,Lyttonsville via Fort Detrick,,0,293709,37379,2,2
8939,4,19229,Lyttonsville,,0,293709,37378,2,2
8939,4,19228,Lyttonsville,,0,293897,37378,2,2
8939,4,19227,Lyttonsville,,0,293897,37378,2,2
8939,4,19226,Lyttonsville,,0,293897,37378,2,2
8939,4,19225,Lyttonsville,,0,293897,37378,2,2
8939,4,19224,Lyttonsville,,0,294045,37378,2,2
8939,4,19223,Lyttonsville,,0,294045,37378,2,2
8939,4,19222,Lyttonsville,,0,293961,37378,2,2
8939,4,19221,Lyttonsville,,0,293980,37378,2,2
8939,4,19220,Lyttonsville,,0,293980,37378,2,2
8939,4,19219,Lyttonsville,,0,293980,37378,2,2
8939,4,19218,Lyttonsville,,0,293980,37378,2,2
8939,4,19211,Lyttonsville,,0,293980,37378,2,2
8939,4,19217,Lyttonsville,,0,293980,37378,2,2
8939,4,19216,Lyttonsville,,0,293980,37378,2,2
8939,4,19215,Lyttonsville,,0,293963,37378,2,2
8939,4,19214,Lyttonsville,,0,293963,37378,2,2
8939,4,19213,Lyttonsville,,0,293963,37378,2,2
8939,4,19212,Lyttonsville,,0,293963,37378,2,2
8939,4,19260,Silver Spring,,1,294046,37380,2,2
8939,4,19259,Silver Spring,,1,294046,37380,2,2
8939,4,19258,Silver Spring,,1,294046,37380,2,2
8939,4,19257,Silver Spring,,1,294046,37380,2,2
8939,4,19256,Silver Spring,,1,294046,37380,2,2
8939,4,19255,Silver Spring,,1,294046,37380,2,2
8939,4,19254,Silver Spring,,1,293709,37380,2,2
8939,4,19253,Silver Spring,,1,293709,37380,2,2
8939,4,19252,Silver Spring,,1,293897,37380,2,2
8939,4,19251,Silver Spring,,1,293897,37380,2,2
8939,4,19250,Silver Spring,,1,293897,37380,2,2
8939,4,19249,Silver Spring,,1,294045,37380,2,2
8939,4,19248,Silver Spring,,1,294045,37380,2,2
8939,4,19247,Silver Spring,,1,294045,37380,2,2
8939,4,19246,Silver Spring via Fort Detrick,,1,293961,37381,2,2
8939,4,19245,Silver Spring via Fort Detrick,,1,293980,37381,2,2
8939,4,19244,Silver Spring via Fort Detrick,,1,293980,37381,2,2
8939,4,19243,Silver Spring via Fort Detrick,,1,293980,37381,2,2
8939,4,19242,Silver Spring via Fort Detrick,,1,293980,37381,2,2
8939,4,19241,Silver Spring,,1,293980,37380,2,2
8939,4,19240,Silver Spring,,1,293980,37380,2,2
8939,4,19239,Silver Spring,,1,293980,37380,2,2
8939,4,19238,Silver Spring,,1,293963,37380,2,2
8939,4,19237,Silver Spring,,1,293963,37380,2,2
8939,4,19236,Silver Spring,,1,293963,37380,2,2
8940,4,19767,Hillandale,,0,294065,37383,2,2
8940,4,19768,Hillandale,,0,293897,37383,2,2
8940,4,19769,Hillandale,,0,294065,37383,2,2
8940,4,19766,Hillandale,,0,293982,37383,2,2
8940,4,19770,Hillandale,,0,294066,37383,2,2
8940,4,19765,Hillandale,,0,294065,37383,2,2
8940,4,19771,Hillandale,,0,293982,37383,2,2
8940,4,19772,Hillandale,,0,293708,37382,2,2
8940,4,19764,Hillandale,,0,294046,37383,2,2
8940,4,19773,Hillandale,,0,293979,37383,2,2
8940,4,19763,Hillandale,,0,294064,37383,2,2
8940,4,19774,Hillandale,,0,294046,37383,2,2
8940,4,19776,Hillandale,,0,293979,37382,2,2
8940,4,19775,Hillandale,,0,294064,37383,2,2
8940,4,19777,Hillandale,,0,293964,37383,2,2
8940,4,19778,Hillandale,,0,293982,37383,2,2
8940,4,19793,Hillandale,,0,294064,37383,2,2
8940,4,19779,Hillandale,,0,293601,37383,2,2
8940,4,19780,Hillandale,,0,293982,37383,2,2
8940,4,19781,Hillandale,,0,294067,37383,2,2
8940,4,19755,Hillandale,,0,293965,37383,2,2
8940,4,19762,Hillandale,,0,293601,37383,2,2
8940,4,19782,Hillandale,,0,294062,37383,2,2
8940,4,19761,Hillandale,,0,294063,37383,2,2
8940,4,19795,Hillandale,,0,293902,37383,2,2
8940,4,19794,Hillandale,,0,294067,37383,2,2
8940,4,19760,Hillandale,,0,294062,37383,2,2
8940,4,19783,Hillandale,,0,293965,37383,2,2
8940,4,19759,Hillandale,,0,293902,37383,2,2
8940,4,19796,Hillandale,,0,294063,37383,2,2
8940,4,19758,Hillandale,,0,294062,37383,2,2
8940,4,19784,Hillandale,,0,294067,37383,2,2
8940,4,19785,Hillandale,,0,293965,37383,2,2
8940,4,19757,Hillandale,,0,293784,37383,2,2
8940,4,19786,Hillandale,,0,294063,37382,2,2
8940,4,19787,Hillandale,,0,294067,37383,2,2
8940,4,19754,Hillandale,,0,293965,37383,2,2
8940,4,19788,Hillandale,,0,294063,37383,2,2
8940,4,19789,Hillandale,,0,294067,37383,2,2
8940,4,19790,Hillandale,,0,293965,37383,2,2
8940,4,19791,Hillandale,,0,294063,37383,2,2
8940,4,19792,Hillandale,,0,294067,37383,2,2
8940,4,19756,Hillandale,,0,293962,37383,2,2
8940,4,19811,Silver Spring,,1,294065,37384,2,2
8940,4,19812,Silver Spring,,1,293897,37384,2,2
8940,4,19810,Silver Spring,,1,293958,37384,2,2
8940,4,19838,Silver Spring,,1,294065,37384,2,2
8940,4,19813,Silver Spring,,1,293982,37384,2,2
8940,4,19809,Silver Spring,,1,293897,37384,2,2
8940,4,19814,Silver Spring,,1,293958,37384,2,2
8940,4,19808,Silver Spring,,1,294066,37384,2,2
8940,4,19839,Silver Spring,,1,294065,37384,2,2
8940,4,19815,Silver Spring,,1,294068,37384,2,2
8940,4,19816,Silver Spring,,1,293982,37384,2,2
8940,4,19807,Silver Spring,,1,293958,37384,2,2
8940,4,19799,Silver Spring,,1,293708,37384,2,2
8940,4,19817,Silver Spring,,1,294066,37384,2,2
8940,4,19840,Silver Spring,,1,294065,37384,2,2
8940,4,19806,Silver Spring,,1,293982,37384,2,2
8940,4,19818,Silver Spring,,1,294064,37384,2,2
8940,4,19805,Silver Spring,,1,294046,37384,2,2
8940,4,19802,Silver Spring,,1,293979,37384,2,2
8940,4,19801,Silver Spring,,1,294064,37384,2,2
8940,4,19798,Silver Spring,,1,294046,37384,2,2
8940,4,19819,Silver Spring,,1,293979,37384,2,2
8940,4,19820,Silver Spring,,1,294064,37384,2,2
8940,4,19821,Silver Spring,,1,293964,37384,2,2
8940,4,19822,Silver Spring,,1,293982,37384,2,2
8940,4,19823,Silver Spring,,1,294064,37384,2,2
8940,4,19824,Silver Spring,,1,293601,37384,2,2
8940,4,19825,Silver Spring,,1,293982,37384,2,2
8940,4,19826,Silver Spring,,1,294067,37384,2,2
8940,4,19804,Silver Spring,,1,293965,37384,2,2
8940,4,19827,Silver Spring,,1,294063,37384,2,2
8940,4,19828,Silver Spring,,1,294067,37384,2,2
8940,4,19803,Silver Spring,,1,293965,37384,2,2
8940,4,19829,Silver Spring,,1,294063,37384,2,2
8940,4,19830,Silver Spring,,1,294067,37384,2,2
8940,4,19831,Silver Spring,,1,293965,37384,2,2
8940,4,19832,Silver Spring,,1,293784,37384,2,2
8940,4,19797,Silver Spring,,1,294063,37384,2,2
8940,4,19833,Silver Spring,,1,294067,37384,2,2
8940,4,19834,Silver Spring,,1,293965,37384,2,2
8940,4,19835,Silver Spring,,1,294063,37384,2,2
8940,4,19836,Silver Spring,,1,294067,37384,2,2
8940,4,19837,Silver Spring,,1,293965,37384,2,2
8940,4,19800,Silver Spring,,1,294063,37384,2,2
8946,4,20127,Briggs Chaney,,0,294086,37395,2,2
8946,4,20126,Briggs Chaney,,0,294085,37395,2,2
8946,4,20125,Briggs Chaney,,0,294086,37395,2,2
8946,4,20124,Briggs Chaney,,0,294085,37395,2,2
8946,4,20123,Briggs Chaney,,0,294086,37395,2,2
8946,4,20122,Briggs Chaney,,0,294085,37395,2,2
8946,4,20132,Silver Spring,,1,294087,37396,2,2
8946,4,20131,Silver Spring,,1,294088,37396,2,2
8946,4,20130,Silver Spring,,1,294087,37396,2,2
8946,4,20129,Silver Spring,,1,294088,37396,2,2
8946,4,20128,Silver Spring,,1,294087,37396,2,2
8954,4,20193,Hillandale,,0,294099,37404,2,2
8954,4,20194,Hillandale,,0,294100,37404,2,2
8954,4,20195,Hillandale,,0,294099,37404,2,2
8954,4,20196,Hillandale,,0,294100,37404,2,2
8954,4,20197,Hillandale,,0,294099,37404,2,2
8954,4,20192,Hillandale,,0,294100,37404,2,2
8954,4,20191,Hillandale,,0,294099,37404,2,2
8954,4,20198,Hillandale,,0,294098,37404,2,2
8954,4,20199,Hillandale,,0,294101,37404,2,2
8954,4,20200,Hillandale,,0,294098,37404,2,2
8954,4,20201,Hillandale,,0,294101,37404,2,2
8954,4,20190,Hillandale,,0,294098,37404,2,2
8954,4,20202,Hillandale,,0,294101,37404,2,2
8954,4,20205,Silver Spring,,1,294100,37405,2,2
8954,4,20206,Silver Spring,,1,294099,37405,2,2
8954,4,20207,Silver Spring,,1,294100,37405,2,2
8954,4,20208,Silver Spring,,1,294099,37405,2,2
8954,4,20204,Silver Spring,,1,294100,37405,2,2
8954,4,20203,Silver Spring,,1,294099,37405,2,2
8954,4,20209,Silver Spring,,1,294100,37405,2,2
8954,4,20210,Silver Spring,,1,294101,37405,2,2
8954,4,20211,Silver Spring,,1,294098,37405,2,2
8954,4,20212,Silver Spring,,1,294101,37405,2,2
8954,4,20213,Silver Spring,,1,294098,37405,2,2
8954,4,20214,Silver Spring,,1,294101,37405,2,2
8954,4,20215,Silver Spring,,1,294098,37405,2,2
8955,4,20402,Friendship Heights,,0,294122,37406,2,2
8955,4,20403,Friendship Heights,,0,294122,37406,2,2
8955,4,20404,Friendship Heights,,0,294122,37406,2,2
8955,4,20405,Friendship Heights,,0,294123,37406,2,2
8955,4,20406,Friendship Heights,,0,294123,37406,2,2
8955,4,20407,Friendship Heights,,0,294124,37406,2,2
8955,4,20408,Friendship Heights,,0,294124,37406,2,2
8955,4,20409,Friendship Heights,,0,294124,37406,2,2
8955,4,20410,Friendship Heights,,0,294125,37406,2,2
8955,4,20411,Friendship Heights,,0,294125,37406,2,2
8955,4,20412,Friendship Heights,,0,294125,37406,2,2
8955,4,20413,Friendship Heights,,0,294126,37406,2,2
8955,4,20414,Friendship Heights,,0,294126,37406,2,2
8955,4,20415,Friendship Heights,,0,294126,37406,2,2
8955,4,20416,Friendship Heights,,0,294127,37406,2,2
8955,4,20417,Friendship Heights,,0,294127,37406,2,2
8955,4,20418,Friendship Heights,,0,294127,37406,2,2
8955,4,20419,Friendship Heights,,0,294127,37406,2,2
8955,4,20420,Friendship Heights,,0,294127,37406,2,2
8955,4,20432,Sibley Hospital,,1,294122,37407,2,2
8955,4,20431,Sibley Hospital,,1,294122,37407,2,2
8955,4,20430,Sibley Hospital,,1,294122,37407,2,2
8955,4,20429,Sibley Hospital,,1,294123,37407,2,2
8955,4,20428,Sibley Hospital,,1,294123,37407,2,2
8955,4,20427,Sibley Hospital,,1,294124,37407,2,2
8955,4,20426,Sibley Hospital,,1,294124,37407,2,2
8955,4,20425,Sibley Hospital,,1,294124,37407,2,2
8955,4,20424,Sibley Hospital,,1,294125,37407,2,2
8955,4,20423,Sibley Hospital,,1,294125,37407,2,2
8955,4,20433,Sibley Hospital,,1,294125,37407,2,2
8955,4,20434,Sibley Hospital,,1,294126,37407,2,2
8955,4,20435,Sibley Hospital,,1,294126,37407,2,2
8955,4,20436,Sibley Hospital,,1,294126,37407,2,2
8955,4,20437,Sibley Hospital,,1,294127,37407,2,2
8955,4,20438,Sibley Hospital,,1,294127,37407,2,2
8955,4,20439,Sibley Hospital,,1,294127,37407,2,2
8955,4,20422,Sibley Hospital,,1,294127,37407,2,2
8955,4,20421,Sibley Hospital,,1,294127,37407,2,2
8956,4,20605,Hillandale,,0,293817,37408,2,2
8956,4,20604,Hillandale,,0,294149,37408,2,2
8956,4,20603,Hillandale,,0,293817,37408,2,2
8956,4,20602,Hillandale,,0,294149,37408,2,2
8956,4,20601,Hillandale,,0,293817,37408,2,2
8956,4,20600,Hillandale,,0,294149,37408,2,2
8956,4,20599,Hillandale,,0,293817,37408,2,2
8956,4,20598,Hillandale,,0,293817,37408,2,2
8956,4,20611,Takoma,,1,293709,37409,2,2
8956,4,20610,Takoma,,1,294150,37409,2,2
8956,4,20609,Takoma,,1,293709,37409,2,2
8956,4,20608,Takoma,,1,294150,37409,2,2
8956,4,20607,Takoma,,1,293709,37409,2,2
8956,4,20606,Takoma,,1,294150,37409,2,2
8957,4,20667,Takoma Langley,,0,294152,37410,2,2
8957,4,20670,Takoma Langley,,0,294152,37410,2,2
8957,4,20668,Takoma Langley,,0,294152,37410,2,2
8957,4,20669,Takoma Langley,,0,294152,37410,2,2
8957,4,20678,Takoma Langley,,0,294152,37410,2,2
8957,4,20672,Takoma Langley,,0,294014,37410,2,2
8957,4,20671,Takoma Langley,,0,294014,37410,2,2
8957,4,20673,Takoma Langley,,0,294014,37410,2,2
8957,4,20674,Takoma Langley,,0,294014,37410,2,2
8957,4,20675,Takoma Langley,,0,294014,37410,2,2
8957,4,20677,Takoma Langley,,0,294014,37410,2,2
8957,4,20666,Takoma Langley,,0,294014,37410,2,2
8957,4,20676,Takoma Langley,,0,294014,37410,2,2
8957,4,20680,Takoma,,1,294152,37411,2,2
8957,4,20681,Takoma,,1,294152,37411,2,2
8957,4,20682,Takoma,,1,294152,37411,2,2
8957,4,20683,Takoma,,1,294152,37411,2,2
8957,4,20684,Takoma,,1,294152,37411,2,2
8957,4,20679,Takoma,,1,294152,37411,2,2
8957,4,20685,Takoma,,1,294014,37411,2,2
8957,4,20686,Takoma,,1,294014,37411,2,2
8957,4,20687,Takoma,,1,294014,37411,2,2
8957,4,20688,Takoma,,1,294014,37411,2,2
8957,4,20689,Takoma,,1,294014,37411,2,2
8957,4,20690,Takoma,,1,294014,37411,2,2
8957,4,20691,Takoma,,1,294014,37411,2,2
8958,4,21078,Glenmont,,0,294223,37412,2,2
8958,4,21050,Glenmont,,0,294214,37412,2,2
8958,4,21079,Glenmont,,0,294222,37412,2,2
8958,4,21080,Glenmont,,0,294229,37412,2,2
8958,4,21081,Glenmont,,0,294223,37412,2,2
8958,4,21082,Glenmont,,0,294227,37412,2,2
8958,4,21077,Glenmont,,0,294214,37412,2,2
8958,4,21083,Glenmont,,0,294222,37412,2,2
8958,4,21076,Glenmont,,0,294228,37412,2,2
8958,4,21084,Glenmont,,0,294229,37412,2,2
8958,4,21075,Glenmont,,0,294223,37412,2,2
8958,4,21074,Glenmont,,0,294227,37412,2,2
8958,4,21085,Glenmont,,0,294221,37412,2,2
8958,4,21086,Glenmont,,0,294214,37412,2,2
8958,4,21088,Glenmont,,0,294222,37412,2,2
8958,4,21068,Glenmont,,0,294224,37412,2,2
8958,4,21067,Glenmont,,0,294223,37412,2,2
8958,4,21066,Glenmont,,0,294221,37412,2,2
8958,4,21065,Glenmont,,0,294222,37412,2,2
8958,4,21064,Glenmont,,0,294220,37412,2,2
8958,4,21073,Glenmont,,0,294224,37412,2,2
8958,4,21063,Glenmont,,0,293906,37412,2,2
8958,4,21072,Glenmont,,0,294226,37412,2,2
8958,4,21062,Glenmont,,0,294215,37412,2,2
8958,4,21071,Glenmont,,0,294218,37412,2,2
8958,4,21061,Glenmont,,0,294221,37412,2,2
8958,4,21070,Glenmont,,0,294217,37412,2,2
8958,4,21060,Glenmont,,0,294220,37412,2,2
8958,4,21069,Glenmont,,0,294225,37412,2,2
8958,4,21059,Glenmont,,0,294219,37412,2,2
8958,4,21058,Glenmont,,0,294215,37412,2,2
8958,4,21057,Glenmont,,0,294218,37412,2,2
8958,4,21056,Glenmont,,0,294217,37412,2,2
8958,4,21087,Glenmont,,0,294216,37412,2,2
8958,4,21055,Glenmont,,0,294219,37412,2,2
8958,4,21090,Glenmont,,0,294215,37412,2,2
8958,4,21054,Glenmont,,0,294218,37412,2,2
8958,4,21053,Glenmont,,0,294217,37412,2,2
8958,4,21052,Glenmont,,0,294216,37412,2,2
8958,4,21051,Glenmont,,0,294215,37412,2,2
8958,4,21089,Glenmont,,0,294217,37412,2,2
8958,4,21121,Montgomery Mall,,1,294229,37413,2,2
8958,4,21120,Montgomery Mall,,1,294223,37413,2,2
8958,4,21119,Montgomery Mall,,1,294227,37413,2,2
8958,4,21122,Montgomery Mall,,1,294214,37413,2,2
8958,4,21118,Montgomery Mall,,1,294222,37413,2,2
8958,4,21123,Montgomery Mall,,1,294228,37413,2,2
8958,4,21117,Montgomery Mall,,1,294229,37413,2,2
8958,4,21124,Montgomery Mall,,1,294223,37413,2,2
8958,4,21116,Montgomery Mall,,1,294227,37413,2,2
8958,4,21125,Montgomery Mall,,1,294221,37413,2,2
8958,4,21115,Montgomery Mall,,1,294214,37413,2,2
8958,4,21126,Montgomery Mall,,1,294222,37413,2,2
8958,4,21114,Montgomery Mall,,1,294224,37413,2,2
8958,4,21113,Montgomery Mall,,1,294223,37413,2,2
8958,4,21112,Montgomery Mall,,1,294221,37413,2,2
8958,4,21111,Montgomery Mall,,1,294222,37413,2,2
8958,4,21110,Montgomery Mall,,1,294224,37413,2,2
8958,4,21109,Montgomery Mall,,1,293906,37413,2,2
8958,4,21108,Montgomery Mall,,1,294226,37413,2,2
8958,4,21107,Montgomery Mall,,1,294218,37413,2,2
8958,4,21106,Montgomery Mall,,1,294221,37413,2,2
8958,4,21105,Montgomery Mall,,1,294220,37413,2,2
8958,4,21104,Montgomery Mall,,1,294225,37413,2,2
8958,4,21103,Montgomery Mall,,1,294219,37413,2,2
8958,4,21102,Montgomery Mall,,1,294226,37413,2,2
8958,4,21101,Montgomery Mall,,1,294215,37413,2,2
8958,4,21127,Montgomery Mall,,1,294218,37413,2,2
8958,4,21100,Montgomery Mall,,1,294221,37413,2,2
8958,4,21099,Montgomery Mall,,1,294217,37413,2,2
8958,4,21128,Montgomery Mall,,1,294216,37413,2,2
8958,4,21098,Montgomery Mall,,1,294225,37413,2,2
8958,4,21097,Montgomery Mall,,1,294219,37413,2,2
8958,4,21096,Montgomery Mall,,1,294215,37413,2,2
8958,4,21095,Montgomery Mall,,1,294218,37413,2,2
8958,4,21094,Montgomery Mall,,1,294217,37413,2,2
8958,4,21093,Montgomery Mall,,1,294216,37413,2,2
8958,4,21092,Montgomery Mall,,1,294215,37413,2,2
8958,4,21091,Montgomery Mall,,1,294217,37413,2,2
8958,4,21129,Montgomery Mall,,1,294216,37413,2,2
8959,4,21551,Tech Rd via Adventist Healthcare,,0,294064,37414,2,2
8959,4,21552,Tech Rd via Adventist Healthcare,,0,294064,37414,2,2
8959,4,21553,Tech Rd via Adventist Healthcare,,0,294064,37414,2,2
8959,4,21554,Tech Rd via Adventist Healthcare,,0,294064,37414,2,2
8959,4,21555,Tech Rd via Adventist Healthcare,,0,293783,37414,2,2
8959,4,21556,Tech Rd via Adventist Healthcare,,0,293783,37414,2,2
8959,4,21557,Tech Rd via Adventist Healthcare,,0,293783,37414,2,2
8959,4,21558,Tech Rd via Adventist Healthcare,,0,293783,37414,2,2
8959,4,21559,Tech Rd via Adventist Healthcare,,0,294267,37414,2,2
8959,4,21560,Tech Rd via Adventist Healthcare,,0,294267,37414,2,2
8959,4,21561,Tech Rd via Adventist Healthcare,,0,294267,37414,2,2
8959,4,21562,Tech Rd via Adventist Healthcare,,0,294267,37414,2,2
8959,4,21563,Tech Rd via Adventist Healthcare,,0,294267,37414,2,2
8959,4,21564,Tech Rd via Adventist Healthcare,,0,294268,37414,2,2
8959,4,21565,Tech Rd via Adventist Healthcare,,0,294268,37414,2,2
8959,4,21566,Tech Rd via Adventist Healthcare,,0,294268,37414,2,2
8959,4,21567,Tech Rd via Adventist Healthcare,,0,294268,37414,2,2
8959,4,21568,Tech Rd via Adventist Healthcare,,0,294268,37414,2,2
8959,4,21569,Hillandale via Adventist Healthcare,,1,294064,37415,2,2
8959,4,21570,Hillandale via Adventist Healthcare,,1,294064,37415,2,2
8959,4,21571,Hillandale via Adventist Healthcare,,1,294064,37415,2,2
8959,4,21572,Hillandale via Adventist Healthcare,,1,294064,37415,2,2
8959,4,21573,Hillandale via Adventist Healthcare,,1,293783,37415,2,2
8959,4,21574,Hillandale via Adventist Healthcare,,1,293783,37415,2,2
8959,4,21575,Hillandale via Adventist Healthcare,,1,293783,37415,2,2
8959,4,21576,Hillandale via Adventist Healthcare,,1,293783,37415,2,2
8959,4,21577,Hillandale via Adventist Healthcare,,1,294267,37415,2,2
8959,4,21578,Hillandale via Adventist Healthcare,,1,294267,37415,2,2
8959,4,21579,Hillandale via Adventist Healthcare,,1,294267,37415,2,2
8959,4,21580,Hillandale via Adventist Healthcare,,1,294267,37415,2,2
8959,4,21581,Hillandale via Adventist Healthcare,,1,294267,37415,2,2
8959,4,21582,Hillandale via Adventist Healthcare,,1,294268,37415,2,2
8959,4,21583,Hillandale via Adventist Healthcare,,1,294268,37415,2,2
8959,4,21584,Hillandale via Adventist Healthcare,,1,294268,37415,2,2
8959,4,21585,Hillandale via Adventist Healthcare,,1,294268,37415,2,2
8959,4,21586,Hillandale via Adventist Healthcare,,1,294268,37415,2,2
8960,4,21830,Vango-Free Silver Spring,,0,294269,37416,2,2
8960,4,21829,Vango-Free Silver Spring,,0,294269,37416,2,2
8960,4,21828,Vango-Free Silver Spring,,0,294269,37416,2,2
8960,4,21827,Vango-Free Silver Spring,,0,294269,37416,2,2
8960,4,21826,Vango-Free Silver Spring,,0,294269,37416,2,2
8960,4,21825,Vango-Free Silver Spring,,0,294269,37416,2,2
8960,4,21824,Vango-Free Silver Spring,,0,294269,37416,2,2
8960,4,21823,Vango-Free Silver Spring,,0,294269,37416,2,2
8960,4,21822,Vango-Free Silver Spring,,0,293899,37416,2,2
8960,4,21821,Vango-Free Silver Spring,,0,293899,37416,2,2
8960,4,21820,Vango-Free Silver Spring,,0,293899,37416,2,2
8960,4,21819,Vango-Free Silver Spring,,0,293899,37416,2,2
8960,4,21818,Vango-Free Silver Spring,,0,293899,37416,2,2
8960,4,21817,Vango-Free Silver Spring,,0,293899,37416,2,2
8960,4,21816,Vango-Free Silver Spring,,0,293899,37416,2,2
8960,4,21815,Vango-Free Silver Spring,,0,293122,37416,2,2
8960,4,21814,Vango-Free Silver Spring,,0,293122,37416,2,2
8960,4,21813,Vango-Free Silver Spring,,0,293122,37416,2,2
8960,4,21812,Vango-Free Silver Spring,,0,293122,37416,2,2
8960,4,21811,Vango-Free Silver Spring,,0,293122,37416,2,2
8960,4,21810,Vango-Free Silver Spring,,0,293122,37416,2,2
8960,4,21809,Vango-Free Silver Spring,,0,293122,37416,2,2
8960,4,21808,Vango-Free Silver Spring,,0,293122,37416,2,2
8960,4,21807,Vango-Free Silver Spring,,0,293122,37416,2,2
8960,4,21806,Vango-Free Silver Spring,,0,293122,37416,2,2
8960,4,21805,Vango-Free Silver Spring,,0,293122,37416,2,2
8960,4,21804,Vango-Free Silver Spring,,0,293122,37416,2,2
8960,4,21803,Vango-Free Silver Spring,,0,293119,37416,2,2
8960,4,21802,Vango-Free Silver Spring,,0,293119,37416,2,2
8960,4,21801,Vango-Free Silver Spring,,0,293119,37416,2,2
8960,4,21800,Vango-Free Silver Spring,,0,293119,37416,2,2
8960,4,21799,Vango-Free Silver Spring,,0,293119,37416,2,2
8960,4,21798,Vango-Free Silver Spring,,0,293119,37416,2,2
8960,4,21797,Vango-Free Silver Spring,,0,293119,37416,2,2
8961,4,22114,Bethesda,,0,294124,37418,2,2
8961,4,22117,Bethesda,,0,294295,37418,2,2
8961,4,22136,Bethesda,,0,294124,37418,2,2
8961,4,22118,Bethesda,,0,294295,37418,2,2
8961,4,22119,Bethesda,,0,294124,37418,2,2
8961,4,22120,Bethesda,,0,294296,37418,2,2
8961,4,22121,Bethesda,,0,294295,37418,2,2
8961,4,22122,Bethesda,,0,294296,37418,2,2
8961,4,22123,Bethesda,,0,294295,37418,2,2
8961,4,22124,Bethesda,,0,294297,37418,2,2
8961,4,22125,Bethesda,,0,294295,37418,2,2
8961,4,22126,Bethesda,,0,294297,37418,2,2
8961,4,22127,Bethesda,,0,294298,37418,2,2
8961,4,22128,Bethesda,,0,294299,37418,2,2
8961,4,22129,Bethesda,,0,294298,37418,2,2
8961,4,22130,Bethesda,,0,294294,37418,2,2
8961,4,22131,Bethesda,,0,294127,37418,2,2
8961,4,22132,Bethesda,,0,294294,37418,2,2
8961,4,22133,Bethesda,,0,294300,37418,2,2
8961,4,22134,Bethesda,,0,294294,37418,2,2
8961,4,22135,Bethesda,,0,294300,37418,2,2
8961,4,22116,Bethesda,,0,294294,37418,2,2
8961,4,22115,Bethesda,,0,294294,37418,2,2
8961,4,22137,Bethesda,,0,294294,37418,2,2
8961,4,22141,Friendship Heights,,1,294295,37421,2,2
8961,4,22139,Friendship Heights,,1,294124,37421,2,2
8961,4,22140,Friendship Heights,,1,294295,37421,2,2
8961,4,22159,Friendship Heights,,1,294124,37421,2,2
8961,4,22142,Friendship Heights,,1,294295,37421,2,2
8961,4,22143,Friendship Heights,,1,294124,37421,2,2
8961,4,22144,Friendship Heights,,1,294296,37421,2,2
8961,4,22145,Friendship Heights,,1,294295,37421,2,2
8961,4,22146,Friendship Heights,,1,294297,37421,2,2
8961,4,22147,Friendship Heights,,1,294295,37421,2,2
8961,4,22148,Friendship Heights,,1,294297,37421,2,2
8961,4,22149,Friendship Heights,,1,294295,37421,2,2
8961,4,22150,Friendship Heights,,1,294299,37421,2,2
8961,4,22151,Friendship Heights,,1,294298,37421,2,2
8961,4,22152,Friendship Heights,,1,294299,37421,2,2
8961,4,22153,Friendship Heights,,1,294127,37421,2,2
8961,4,22154,Friendship Heights,,1,294294,37421,2,2
8961,4,22155,Friendship Heights,,1,294127,37421,2,2
8961,4,22156,Friendship Heights,,1,294294,37421,2,2
8961,4,22157,Friendship Heights,,1,294300,37421,2,2
8961,4,22161,Friendship Heights,,1,294294,37421,2,2
8961,4,22162,Friendship Heights,,1,294300,37421,2,2
8961,4,22138,Friendship Heights,,1,294294,37421,2,2
8961,4,22160,Friendship Heights,,1,294294,37421,2,2
8961,4,22158,Friendship Heights,,1,294294,37421,2,2
8965,4,22380,Medical Center,,0,294315,37433,2,2
8965,4,22371,Medical Center,,0,294316,37433,2,2
8965,4,22372,Medical Center,,0,294315,37433,2,2
8965,4,22373,Medical Center,,0,294316,37433,2,2
8965,4,22370,Medical Center,,0,294315,37433,2,2
8965,4,22369,Medical Center,,0,294068,37433,2,2
8965,4,22374,Medical Center,,0,294314,37433,2,2
8965,4,22368,Medical Center,,0,294068,37433,2,2
8965,4,22375,Medical Center,,0,294314,37433,2,2
8965,4,22367,Medical Center,,0,294313,37433,2,2
8965,4,22366,Medical Center,,0,294314,37433,2,2
8965,4,22361,Medical Center,,0,294313,37433,2,2
8965,4,22360,Medical Center,,0,294311,37433,2,2
8965,4,22359,Medical Center,,0,294312,37433,2,2
8965,4,22358,Medical Center,,0,294311,37433,2,2
8965,4,22365,Medical Center,,0,294312,37433,2,2
8965,4,22364,Medical Center,,0,294311,37433,2,2
8965,4,22363,Medical Center,,0,294310,37433,2,2
8965,4,22376,Medical Center,,0,294312,37433,2,2
8965,4,22377,Medical Center,,0,294310,37433,2,2
8965,4,22362,Medical Center,,0,294312,37433,2,2
8965,4,22357,Medical Center,,0,294310,37433,2,2
8965,4,22378,Medical Center,,0,294312,37433,2,2
8965,4,22379,Medical Center,,0,294310,37433,2,2
8965,4,22394,Bethesda,,1,294316,37435,2,2
8965,4,22390,Bethesda,,1,294315,37435,2,2
8965,4,22393,Bethesda,,1,294316,37435,2,2
8965,4,22395,Bethesda,,1,294315,37435,2,2
8965,4,22392,Bethesda,,1,294316,37435,2,2
8965,4,22396,Bethesda,,1,294315,37435,2,2
8965,4,22398,Bethesda,,1,294068,37435,2,2
8965,4,22399,Bethesda,,1,294314,37434,2,2
8965,4,22400,Bethesda,,1,294068,37434,2,2
8965,4,22391,Bethesda,,1,294314,37434,2,2
8965,4,22389,Bethesda,,1,294313,37434,2,2
8965,4,22388,Bethesda,,1,294314,37434,2,2
8965,4,22385,Bethesda,,1,294313,37434,2,2
8965,4,22384,Bethesda,,1,294311,37435,2,2
8965,4,22383,Bethesda,,1,294312,37435,2,2
8965,4,22387,Bethesda,,1,294311,37435,2,2
8965,4,22386,Bethesda,,1,294312,37435,2,2
8965,4,22401,Bethesda,,1,294311,37435,2,2
8965,4,22397,Bethesda,,1,294310,37435,2,2
8965,4,22402,Bethesda,,1,294312,37435,2,2
8965,4,22403,Bethesda,,1,294310,37435,2,2
8965,4,22382,Bethesda,,1,294312,37435,2,2
8965,4,22404,Bethesda,,1,294310,37435,2,2
8965,4,22381,Bethesda,,1,294312,37435,2,2
8966,4,22555,,,0,0,37437,2,2
8966,4,22556,,,0,0,37437,2,2
8966,4,22557,,,0,0,37436,2,2
8966,4,22558,,,0,0,37436,2,2
8966,4,22559,,,0,0,37436,2,2
8966,4,22560,,,0,0,37436,2,2
8966,4,22561,,,0,0,37436,2,2
8966,4,22563,,,0,0,37436,2,2
8966,4,22562,,,0,0,37436,2,2
8966,4,22564,,,1,0,37438,2,2
8966,4,22565,,,1,0,37438,2,2
8966,4,22566,,,1,0,37438,2,2
8966,4,22567,,,1,0,37438,2,2
8966,4,22568,,,1,0,37438,2,2
8966,4,22569,,,1,0,37438,2,2
8966,4,22570,,,1,0,37438,2,2
8966,4,22571,,,1,0,37439,2,2
8966,4,22572,,,1,0,37439,2,2
8967,4,22616,Glenmont,,0,294346,37440,2,2
8967,4,22615,Glenmont,,0,294346,37440,2,2
8967,4,22610,Glenmont,,0,294346,37440,2,2
8967,4,22609,Glenmont,,0,294346,37440,2,2
8967,4,22614,Glenmont,,0,294347,37440,2,2
8967,4,22613,Glenmont,,0,294347,37440,2,2
8967,4,22612,Glenmont,,0,294347,37440,2,2
8967,4,22611,Glenmont,,0,294347,37440,2,2
8967,4,22624,Wheaton,,1,294346,37441,2,2
8967,4,22623,Wheaton,,1,294346,37441,2,2
8967,4,22622,Wheaton,,1,294346,37441,2,2
8967,4,22621,Wheaton,,1,294346,37441,2,2
8967,4,22620,Wheaton,,1,294347,37441,2,2
8967,4,22619,Wheaton,,1,294347,37441,2,2
8967,4,22618,Wheaton,,1,294347,37441,2,2
8967,4,22617,Wheaton,,1,294347,37441,2,2
8968,4,22694,Bethesda,,0,294358,37444,2,2
8968,4,22693,Bethesda,,0,294359,37443,2,2
8968,4,22692,Bethesda,,0,294358,37443,2,2
8968,4,22691,Bethesda,,0,294359,37443,2,2
8968,4,22690,Bethesda,,0,294358,37443,2,2
8968,4,22689,Bethesda,,0,294356,37442,2,2
8968,4,22688,Bethesda,,0,294357,37442,2,2
8968,4,22687,Bethesda,,0,294356,37442,2,2
8968,4,22686,Bethesda,,0,294357,37442,2,2
8968,4,22685,Bethesda,,0,294356,37442,2,2
8968,4,22684,Bethesda,,0,294357,37442,2,2
8968,4,22683,Bethesda,,0,294356,37442,2,2
8968,4,22706,Naval Ctr Carderock,,1,294359,37445,2,2
8968,4,22705,Naval Ctr Carderock,,1,294358,37445,2,2
8968,4,22704,Naval Ctr Carderock,,1,294359,37445,2,2
8968,4,22703,Naval Ctr Carderock,,1,294358,37445,2,2
8968,4,22702,Naval Ctr Carderock,,1,294359,37445,2,2
8968,4,22701,Naval Ctr Carderock,,1,294356,37446,2,2
8968,4,22700,Naval Ctr Carderock,,1,294357,37446,2,2
8968,4,22699,Naval Ctr Carderock,,1,294356,37446,2,2
8968,4,22698,Naval Ctr Carderock,,1,294357,37446,2,2
8968,4,22697,Naval Ctr Carderock,,1,294356,37446,2,2
8968,4,22696,Mac Arthur Blvd/Vendome Dr,,1,294357,37447,2,2
8968,4,22695,Mac Arthur Blvd/Vendome Dr,,1,294356,37447,2,2
8969,4,22801,Glenmont,,0,294377,37448,2,2
8969,4,22791,Glenmont,,0,294376,37448,2,2
8969,4,22792,Glenmont,,0,294377,37448,2,2
8969,4,22790,Glenmont,,0,294376,37448,2,2
8969,4,22793,Glenmont,,0,294377,37448,2,2
8969,4,22800,Glenmont,,0,294378,37448,2,2
8969,4,22794,Glenmont,,0,294375,37448,2,2
8969,4,22795,Glenmont,,0,294378,37448,2,2
8969,4,22796,Glenmont,,0,294375,37448,2,2
8969,4,22799,Glenmont,,0,294378,37448,2,2
8969,4,22797,Glenmont,,0,294374,37448,2,2
8969,4,22789,Glenmont,,0,294375,37448,2,2
8969,4,22788,Glenmont,,0,294374,37448,2,2
8969,4,22798,Glenmont,,0,294375,37448,2,2
8969,4,22814,Medical Center,,1,294377,37449,2,2
8969,4,22804,Medical Center,,1,294376,37449,2,2
8969,4,22805,Medical Center,,1,294377,37449,2,2
8969,4,22806,Medical Center,,1,294376,37449,2,2
8969,4,22803,Medical Center,,1,294377,37449,2,2
8969,4,22815,Medical Center,,1,294376,37449,2,2
8969,4,22807,Medical Center,,1,294375,37449,2,2
8969,4,22808,Medical Center,,1,294378,37449,2,2
8969,4,22809,Medical Center,,1,294375,37449,2,2
8969,4,22810,Medical Center,,1,294378,37449,2,2
8969,4,22811,Medical Center,,1,294374,37449,2,2
8969,4,22813,Medical Center,,1,294375,37449,2,2
8969,4,22802,Medical Center,,1,294374,37449,2,2
8969,4,22812,Medical Center,,1,294375,37449,2,2
8970,4,23127,Wheaton,,0,294425,37450,2,2
8970,4,23128,Wheaton,,0,294313,37450,2,2
8970,4,23129,Wheaton,,0,294425,37450,2,2
8970,4,23130,Wheaton,,0,294313,37450,2,2
8970,4,23131,Wheaton,,0,294425,37450,2,2
8970,4,23132,Wheaton,,0,294313,37450,2,2
8970,4,23133,Wheaton,,0,294425,37450,2,2
8970,4,23134,Wheaton,,0,294313,37450,2,2
8970,4,23135,Wheaton,,0,294426,37450,2,2
8970,4,23136,Wheaton,,0,294425,37450,2,2
8970,4,23137,Wheaton,,0,294426,37450,2,2
8970,4,23138,Wheaton,,0,294425,37450,2,2
8970,4,23139,Wheaton,,0,294427,37450,2,2
8970,4,23140,Wheaton,,0,294316,37450,2,2
8970,4,23141,Wheaton,,0,294428,37450,2,2
8970,4,23142,Wheaton,,0,294429,37450,2,2
8970,4,23143,Wheaton,,0,294428,37450,2,2
8970,4,23144,Wheaton,,0,294429,37450,2,2
8970,4,23145,Wheaton,,0,294430,37450,2,2
8970,4,23146,Wheaton,,0,294429,37450,2,2
8970,4,23147,Wheaton,,0,294430,37450,2,2
8970,4,23148,Wheaton,,0,294429,37450,2,2
8970,4,23149,Wheaton,,0,294430,37450,2,2
8970,4,23150,Wheaton,,0,294429,37450,2,2
8970,4,23151,Wheaton,,0,294430,37450,2,2
8970,4,23152,Wheaton,,0,294431,37450,2,2
8970,4,23153,Wheaton,,0,294429,37450,2,2
8970,4,23154,Wheaton,,0,294431,37450,2,2
8970,4,23155,Wheaton,,0,294429,37450,2,2
8970,4,23156,Wheaton,,0,294431,37450,2,2
8970,4,23157,Bethesda,,1,294313,37451,2,2
8970,4,23158,Bethesda,,1,294425,37451,2,2
8970,4,23159,Bethesda,,1,294313,37451,2,2
8970,4,23160,Bethesda,,1,294425,37451,2,2
8970,4,23161,Bethesda,,1,294313,37451,2,2
8970,4,23162,Bethesda,,1,294425,37451,2,2
8970,4,23163,Bethesda,,1,294313,37451,2,2
8970,4,23164,Bethesda,,1,294425,37451,2,2
8970,4,23165,Bethesda,,1,294313,37451,2,2
8970,4,23166,Bethesda,,1,294426,37451,2,2
8970,4,23167,Bethesda,,1,294425,37451,2,2
8970,4,23168,Bethesda,,1,294426,37451,2,2
8970,4,23169,Bethesda,,1,294425,37451,2,2
8970,4,23170,Bethesda,,1,294428,37451,2,2
8970,4,23171,Bethesda,,1,294316,37451,2,2
8970,4,23172,Bethesda,,1,294428,37451,2,2
8970,4,23173,Bethesda,,1,294429,37451,2,2
8970,4,23174,Bethesda,,1,294430,37451,2,2
8970,4,23175,Bethesda,,1,294429,37451,2,2
8970,4,23176,Bethesda,,1,294430,37451,2,2
8970,4,23177,Bethesda,,1,294429,37451,2,2
8970,4,23178,Bethesda,,1,294430,37451,2,2
8970,4,23179,Bethesda,,1,294429,37451,2,2
8970,4,23180,Bethesda,,1,294430,37451,2,2
8970,4,23181,Bethesda,,1,294431,37451,2,2
8970,4,23182,Bethesda,,1,294429,37451,2,2
8970,4,23183,Bethesda,,1,294431,37451,2,2
8970,4,23184,Bethesda,,1,294429,37451,2,2
8970,4,23185,Bethesda,,1,294431,37451,2,2
8971,4,23406,Bethesda Loop,,0,294426,37455,2,2
8971,4,23415,Bethesda Loop,,0,294426,37453,2,2
8971,4,23416,Bethesda Loop,,0,294426,37453,2,2
8971,4,23414,Bethesda Loop,,0,294426,37453,2,2
8971,4,23413,Bethesda Loop,,0,294426,37455,2,2
8971,4,23412,Bethesda Loop,,0,294315,37455,2,2
8971,4,23411,Bethesda Loop,,0,294315,37455,2,2
8971,4,23410,Bethesda Loop,,0,294315,37455,2,2
8971,4,23409,Bethesda Loop,,0,294315,37455,2,2
8971,4,23408,Bethesda Loop,,0,294315,37455,2,2
8971,4,23403,Bethesda Loop,,0,294453,37455,2,2
8971,4,23417,Bethesda Loop,,0,294453,37455,2,2
8971,4,23407,Bethesda Loop,,0,294453,37454,2,2
8971,4,23418,Bethesda Loop,,0,294453,37454,2,2
8971,4,23405,Bethesda Loop,,0,294452,37454,2,2
8971,4,23402,Bethesda Loop,,0,294452,37455,2,2
8971,4,23404,Bethesda Loop,,0,294452,37455,2,2
8972,4,23489,Potomac,,0,294462,37457,2,2
8972,4,23488,Potomac,,0,294463,37457,2,2
8972,4,23487,Potomac,,0,294462,37457,2,2
8972,4,23490,Potomac,,0,294463,37457,2,2
8972,4,23486,Potomac,,0,294460,37456,2,2
8972,4,23485,Potomac,,0,294461,37456,2,2
8972,4,23484,Potomac,,0,294460,37456,2,2
8972,4,23483,Potomac,,0,294461,37456,2,2
8972,4,23482,Potomac,,0,294460,37456,2,2
8972,4,23499,Wheaton,,1,294463,37458,2,2
8972,4,23498,Wheaton,,1,294462,37458,2,2
8972,4,23497,Wheaton,,1,294463,37458,2,2
8972,4,23491,Wheaton,,1,294462,37458,2,2
8972,4,23496,Wheaton,,1,294463,37458,2,2
8972,4,23500,Wheaton,,1,294461,37459,2,2
8972,4,23495,Wheaton,,1,294460,37459,2,2
8972,4,23494,Wheaton,,1,294461,37459,2,2
8972,4,23493,Wheaton,,1,294460,37459,2,2
8972,4,23492,Wheaton,,1,294461,37459,2,2
8973,4,23782,Wheaton,,0,294484,37461,2,2
8973,4,23784,Wheaton,,0,294490,37461,2,2
8973,4,23781,Wheaton,,0,294484,37461,2,2
8973,4,23780,Wheaton,,0,294490,37461,2,2
8973,4,23760,Wheaton,,0,294484,37461,2,2
8973,4,23759,Wheaton,,0,294483,37461,2,2
8973,4,23758,Wheaton Via Holiday Park & Wheaton Plaza,,0,294484,37462,2,2
8973,4,23757,Wheaton Via Holiday Park & Wheaton Plaza,,0,294483,37462,2,2
8973,4,23779,Wheaton Via Holiday Park & Wheaton Plaza,,0,294489,37462,2,2
8973,4,23778,Wheaton Via Holiday Park & Wheaton Plaza,,0,294484,37462,2,2
8973,4,23777,Wheaton Via Holiday Park & Wheaton Plaza,,0,294488,37462,2,2
8973,4,23776,Wheaton Via Holiday Park & Wheaton Plaza,,0,294484,37462,2,2
8973,4,23775,Wheaton Via Holiday Park & Wheaton Plaza,,0,294488,37462,2,2
8973,4,23774,Wheaton Via Holiday Park & Wheaton Plaza,,0,294484,37462,2,2
8973,4,23773,Wheaton Via Holiday Park & Wheaton Plaza,,0,294487,37462,2,2
8973,4,23772,Wheaton Via Holiday Park & Wheaton Plaza,,0,294485,37462,2,2
8973,4,23771,Wheaton,,0,294487,37461,2,2
8973,4,23770,Wheaton,,0,294485,37461,2,2
8973,4,23783,Wheaton,,0,294486,37461,2,2
8973,4,23769,Wheaton,,0,294485,37461,2,2
8973,4,23768,Wheaton,,0,294486,37461,2,2
8973,4,23767,Wheaton,,0,294485,37461,2,2
8973,4,23785,Wheaton via HP,,0,294486,37460,2,2
8973,4,23766,Wheaton,,0,294378,37461,2,2
8973,4,23764,Wheaton,,0,294485,37461,2,2
8973,4,23765,Wheaton via HP,,0,294378,37460,2,2
8973,4,23763,Wheaton,,0,294485,37461,2,2
8973,4,23762,Wheaton,,0,294378,37461,2,2
8973,4,23761,Wheaton,,0,294485,37461,2,2
8973,4,23810,North Bethesda,,1,294484,37465,2,2
8973,4,23809,North Bethesda,,1,294490,37465,2,2
8973,4,23813,North Bethesda,,1,294484,37465,2,2
8973,4,23788,North Bethesda,,1,294490,37465,2,2
8973,4,23808,North Bethesda,,1,294484,37465,2,2
8973,4,23807,North Bethesda,,1,294490,37465,2,2
8973,4,23806,North Bethesda,,1,294484,37465,2,2
8973,4,23805,North Bethesda via Holiday Park & Wheaton Plaza,,1,294483,37466,2,2
8973,4,23812,North Bethesda via Holiday Park & Wheaton Plaza,,1,294489,37466,2,2
8973,4,23804,North Bethesda via Holiday Park & Wheaton Plaza,,1,294484,37466,2,2
8973,4,23803,North Bethesda via Holiday Park & Wheaton Plaza,,1,294489,37466,2,2
8973,4,23802,North Bethesda via Holiday Park & Wheaton Plaza,,1,294484,37466,2,2
8973,4,23786,North Bethesda via Holiday Park & Wheaton Plaza,,1,294488,37466,2,2
8973,4,23801,North Bethesda via Holiday Park & Wheaton Plaza,,1,294484,37466,2,2
8973,4,23800,North Bethesda via Holiday Park & Wheaton Plaza,,1,294488,37466,2,2
8973,4,23799,North Bethesda via Holiday Park & Wheaton Plaza,,1,294485,37466,2,2
8973,4,23798,North Bethesda via Holiday Park & Wheaton Plaza,,1,294487,37466,2,2
8973,4,23797,North Bethesda,,1,294485,37465,2,2
8973,4,23787,North Bethesda,,1,294487,37465,2,2
8973,4,23811,North Bethesda,,1,294485,37465,2,2
8973,4,23796,North Bethesda,,1,294486,37465,2,2
8973,4,23795,North Bethesda,,1,294485,37465,2,2
8973,4,23794,North Bethesda,,1,294486,37465,2,2
8973,4,23814,North Bethesda,,1,294378,37465,2,2
8973,4,23793,North Bethesda via Holiday Park,,1,294485,37464,2,2
8973,4,23792,North Bethesda via Holiday Park,,1,294378,37464,2,2
8973,4,23791,North Bethesda,,1,294485,37465,2,2
8973,4,23790,North Bethesda via Holiday Park,,1,294378,37464,2,2
8973,4,23789,North Bethesda,,1,294485,37465,2,2
8974,4,24016,Briggs Chaney,,0,294224,37468,2,2
8974,4,24028,Briggs Chaney,,0,294505,37468,2,2
8974,4,24017,Briggs Chaney,,0,294224,37468,2,2
8974,4,24026,Briggs Chaney,,0,294505,37468,2,2
8974,4,24018,Briggs Chaney,,0,294224,37468,2,2
8974,4,24015,Briggs Chaney,,0,294505,37468,2,2
8974,4,24029,Briggs Chaney,,0,293905,37469,2,2
8974,4,24019,Briggs Chaney,,0,294506,37469,2,2
8974,4,24027,Briggs Chaney,,0,294507,37469,2,2
8974,4,24020,Briggs Chaney,,0,294506,37469,2,2
8974,4,24021,Briggs Chaney,,0,294507,37469,2,2
8974,4,24022,Briggs Chaney,,0,294506,37469,2,2
8974,4,24023,Briggs Chaney,,0,294507,37469,2,2
8974,4,24024,Briggs Chaney,,0,294506,37469,2,2
8974,4,24025,Briggs Chaney,,0,294507,37469,2,2
8974,4,24040,Glenmont,,1,294224,37471,2,2
8974,4,24031,Glenmont,,1,294505,37471,2,2
8974,4,24032,Glenmont,,1,294224,37471,2,2
8974,4,24033,Glenmont,,1,294505,37471,2,2
8974,4,24034,Glenmont,,1,294224,37471,2,2
8974,4,24035,Glenmont,,1,294505,37471,2,2
8974,4,24036,Glenmont,,1,294224,37471,2,2
8974,4,24030,Glenmont,,1,294505,37471,2,2
8974,4,24044,Glenmont,,1,293905,37470,2,2
8974,4,24041,Glenmont,,1,294506,37470,2,2
8974,4,24037,Glenmont,,1,294507,37470,2,2
8974,4,24038,Glenmont,,1,294506,37470,2,2
8974,4,24039,Glenmont,,1,294507,37470,2,2
8974,4,24042,Glenmont,,1,294506,37470,2,2
8974,4,24043,Glenmont,,1,294507,37470,2,2
8975,4,24141,Wheaton via Kensington,,0,294511,37472,2,2
8975,4,24142,Wheaton via Kensington,,0,294512,37472,2,2
8975,4,24143,Wheaton via Kensington,,0,294511,37472,2,2
8975,4,24151,Wheaton via Kensington,,0,294512,37472,2,2
8975,4,24140,Wheaton via Kensington,,0,294510,37472,2,2
8975,4,24144,Wheaton via Kensington,,0,294512,37472,2,2
8975,4,24152,Wheaton via Kensington,,0,294510,37472,2,2
8975,4,24153,Wheaton via Kensington,,0,294011,37472,2,2
8975,4,24145,Wheaton via Kensington,,0,294509,37472,2,2
8975,4,24146,Wheaton via Kensington,,0,294011,37472,2,2
8975,4,24139,Wheaton via Kensington,,0,294509,37472,2,2
8975,4,24147,Wheaton via Kensington,,0,294011,37472,2,2
8975,4,24148,Wheaton via Kensington,,0,294509,37472,2,2
8975,4,24149,Wheaton via Kensington,,0,294011,37472,2,2
8975,4,24154,Wheaton via Kensington,,0,294509,37472,2,2
8975,4,24150,Wheaton via Kensington,,0,294011,37472,2,2
8975,4,24164,Silver Spring via Kensington,,1,294512,37473,2,2
8975,4,24170,Silver Spring via Kensington,,1,294511,37473,2,2
8975,4,24169,Silver Spring via Kensington,,1,294512,37473,2,2
8975,4,24168,Silver Spring via Kensington,,1,294511,37473,2,2
8975,4,24167,Silver Spring via Kensington,,1,294512,37473,2,2
8975,4,24156,Silver Spring via Kensington,,1,294510,37473,2,2
8975,4,24163,Silver Spring via Kensington,,1,294512,37473,2,2
8975,4,24166,Silver Spring via Kensington,,1,294513,37473,2,2
8975,4,24161,Silver Spring via Kensington,,1,294011,37473,2,2
8975,4,24165,Silver Spring via Kensington,,1,294509,37473,2,2
8975,4,24162,Silver Spring via Kensington,,1,294011,37473,2,2
8975,4,24160,Silver Spring via Kensington,,1,294509,37473,2,2
8975,4,24159,Silver Spring via Kensington,,1,294011,37473,2,2
8975,4,24158,Silver Spring via Kensington,,1,294509,37473,2,2
8975,4,24155,Silver Spring via Kensington,,1,294011,37473,2,2
8975,4,24157,Silver Spring via Kensington,,1,294509,37473,2,2
8976,4,24678,Rockville,,0,294542,37474,2,2
8976,4,24748,Rockville,,0,293964,37474,2,2
8976,4,24747,Rockville,,0,294553,37474,2,2
8976,4,24746,Rockville,,0,294542,37474,2,2
8976,4,24745,Montgomery College,,0,293964,37475,2,2
8976,4,24744,Montgomery College,,0,294553,37475,2,2
8976,4,24743,Montgomery College,,0,294542,37475,2,2
8976,4,24742,Montgomery College,,0,294549,37475,2,2
8976,4,24741,Montgomery College,,0,294552,37475,2,2
8976,4,24740,Montgomery College,,0,294550,37475,2,2
8976,4,24739,Montgomery College,,0,293964,37475,2,2
8976,4,24738,Montgomery College,,0,294553,37475,2,2
8976,4,24737,Montgomery College,,0,294542,37475,2,2
8976,4,24736,Montgomery College,,0,294549,37475,2,2
8976,4,24735,Montgomery College,,0,294552,37475,2,2
8976,4,24734,Montgomery College,,0,294550,37475,2,2
8976,4,24733,Montgomery College,,0,293964,37475,2,2
8976,4,24732,Montgomery College,,0,294035,37475,2,2
8976,4,24731,Montgomery College,,0,293895,37475,2,2
8976,4,24730,Montgomery College,,0,294553,37475,2,2
8976,4,24729,Montgomery College,,0,294551,37475,2,2
8976,4,24728,Montgomery College,,0,294549,37475,2,2
8976,4,24727,Montgomery College,,0,294552,37475,2,2
8976,4,24726,Montgomery College,,0,294550,37475,2,2
8976,4,24725,Montgomery College,,0,293895,37475,2,2
8976,4,24724,Montgomery College,,0,294553,37475,2,2
8976,4,24723,Montgomery College,,0,294551,37475,2,2
8976,4,24722,Montgomery College,,0,294549,37475,2,2
8976,4,24721,Montgomery College,,0,294552,37475,2,2
8976,4,24720,Montgomery College,,0,294550,37475,2,2
8976,4,24719,Montgomery College,,0,293895,37475,2,2
8976,4,24718,Montgomery College,,0,294548,37475,2,2
8976,4,24717,Montgomery College,,0,294551,37475,2,2
8976,4,24716,Montgomery College,,0,294549,37475,2,2
8976,4,24715,Montgomery College,,0,294219,37475,2,2
8976,4,24714,Montgomery College,,0,294550,37475,2,2
8976,4,24713,Montgomery College,,0,294546,37475,2,2
8976,4,24712,Montgomery College,,0,294548,37475,2,2
8976,4,24711,Montgomery College,,0,294545,37475,2,2
8976,4,24710,Montgomery College,,0,294549,37475,2,2
8976,4,24709,Montgomery College,,0,294427,37475,2,2
8976,4,24708,Montgomery College,,0,294547,37475,2,2
8976,4,24707,Montgomery College,,0,294546,37475,2,2
8976,4,24706,Montgomery College,,0,294548,37475,2,2
8976,4,24705,Montgomery College,,0,294545,37475,2,2
8976,4,24704,Montgomery College,,0,294543,37475,2,2
8976,4,24703,Montgomery College,,0,294427,37475,2,2
8976,4,24702,Montgomery College,,0,294547,37475,2,2
8976,4,24701,Montgomery College,,0,294544,37475,2,2
8976,4,24700,Montgomery College,,0,294548,37475,2,2
8976,4,24699,Montgomery College,,0,294546,37475,2,2
8976,4,24698,Montgomery College,,0,294543,37475,2,2
8976,4,24697,Montgomery College,,0,294545,37475,2,2
8976,4,24696,Montgomery College,,0,294547,37475,2,2
8976,4,24695,Montgomery College,,0,294544,37475,2,2
8976,4,24694,Montgomery College,,0,294546,37475,2,2
8976,4,24693,Montgomery College,,0,294543,37475,2,2
8976,4,24692,Montgomery College,,0,294545,37475,2,2
8976,4,24691,Montgomery College,,0,294544,37475,2,2
8976,4,24690,Montgomery College,,0,294546,37475,2,2
8976,4,24689,Montgomery College,,0,294543,37475,2,2
8976,4,24688,Montgomery College,,0,294545,37475,2,2
8976,4,24687,Rockville,,0,294544,37474,2,2
8976,4,24686,Rockville,,0,294430,37474,2,2
8976,4,24685,Rockville,,0,294543,37474,2,2
8976,4,24684,Rockville,,0,294430,37474,2,2
8976,4,24683,Rockville,,0,294543,37474,2,2
8976,4,24682,Rockville,,0,294430,37474,2,2
8976,4,24681,Rockville,,0,294543,37474,2,2
8976,4,24680,Rockville,,0,294430,37474,2,2
8976,4,24679,Rockville,,0,294543,37474,2,2
8976,4,24749,Wheaton,,1,294542,37476,2,2
8976,4,24816,Wheaton,,1,293964,37476,2,2
8976,4,24818,Wheaton,,1,294553,37476,2,2
8976,4,24817,Wheaton,,1,294542,37476,2,2
8976,4,24815,Wheaton,,1,294552,37476,2,2
8976,4,24814,Wheaton,,1,293964,37477,2,2
8976,4,24813,Wheaton,,1,294553,37477,2,2
8976,4,24812,Wheaton,,1,294542,37477,2,2
8976,4,24811,Wheaton,,1,294549,37477,2,2
8976,4,24810,Wheaton,,1,294552,37477,2,2
8976,4,24809,Wheaton,,1,294550,37477,2,2
8976,4,24808,Wheaton,,1,293964,37477,2,2
8976,4,24807,Wheaton,,1,294553,37477,2,2
8976,4,24791,Wheaton,,1,294542,37477,2,2
8976,4,24790,Wheaton,,1,294549,37477,2,2
8976,4,24789,Wheaton,,1,294552,37477,2,2
8976,4,24788,Wheaton,,1,294550,37477,2,2
8976,4,24787,Wheaton,,1,293964,37477,2,2
8976,4,24786,Wheaton,,1,294035,37477,2,2
8976,4,24785,Wheaton,,1,293895,37477,2,2
8976,4,24784,Wheaton,,1,294553,37477,2,2
8976,4,24783,Wheaton,,1,294551,37477,2,2
8976,4,24782,Wheaton,,1,294549,37477,2,2
8976,4,24781,Wheaton,,1,294552,37477,2,2
8976,4,24780,Wheaton,,1,294550,37477,2,2
8976,4,24779,Wheaton,,1,293895,37477,2,2
8976,4,24778,Wheaton,,1,294553,37477,2,2
8976,4,24777,Wheaton,,1,294551,37477,2,2
8976,4,24776,Wheaton,,1,294549,37477,2,2
8976,4,24775,Wheaton,,1,294219,37477,2,2
8976,4,24774,Wheaton,,1,294550,37477,2,2
8976,4,24773,Wheaton,,1,293895,37477,2,2
8976,4,24772,Wheaton,,1,294548,37477,2,2
8976,4,24771,Wheaton,,1,294551,37477,2,2
8976,4,24770,Wheaton,,1,294549,37477,2,2
8976,4,24769,Wheaton,,1,294219,37477,2,2
8976,4,24768,Wheaton,,1,294550,37477,2,2
8976,4,24767,Wheaton,,1,294546,37477,2,2
8976,4,24766,Wheaton,,1,294548,37477,2,2
8976,4,24765,Wheaton,,1,294545,37477,2,2
8976,4,24764,Wheaton,,1,294549,37477,2,2
8976,4,24763,Wheaton,,1,294427,37477,2,2
8976,4,24762,Wheaton,,1,294547,37477,2,2
8976,4,24761,Wheaton,,1,294546,37477,2,2
8976,4,24760,Wheaton,,1,294548,37477,2,2
8976,4,24759,Wheaton,,1,294545,37477,2,2
8976,4,24758,Wheaton,,1,294543,37477,2,2
8976,4,24757,Wheaton,,1,294427,37477,2,2
8976,4,24756,Wheaton,,1,294547,37477,2,2
8976,4,24755,Wheaton,,1,294544,37477,2,2
8976,4,24754,Wheaton,,1,294548,37477,2,2
8976,4,24753,Wheaton,,1,294546,37477,2,2
8976,4,24752,Wheaton,,1,294543,37477,2,2
8976,4,24751,Wheaton,,1,294545,37477,2,2
8976,4,24806,Wheaton,,1,294544,37477,2,2
8976,4,24805,Wheaton,,1,294546,37477,2,2
8976,4,24804,Wheaton,,1,294543,37477,2,2
8976,4,24803,Wheaton,,1,294545,37477,2,2
8976,4,24802,Wheaton,,1,294544,37477,2,2
8976,4,24801,Wheaton,,1,294546,37477,2,2
8976,4,24800,Wheaton,,1,294543,37477,2,2
8976,4,24799,Wheaton,,1,294545,37477,2,2
8976,4,24798,Wheaton,,1,294544,37476,2,2
8976,4,24750,Wheaton,,1,294430,37476,2,2
8976,4,24797,Wheaton,,1,294543,37476,2,2
8976,4,24796,Wheaton,,1,294430,37476,2,2
8976,4,24795,Wheaton,,1,294543,37476,2,2
8976,4,24794,Wheaton,,1,294430,37476,2,2
8976,4,24793,Wheaton,,1,294543,37476,2,2
8976,4,24792,Wheaton,,1,294430,37476,2,2
8977,4,25317,Aspen Hill via Glenmont,,0,294566,37478,2,2
8977,4,25346,Aspen Hill via Glenmont,,0,294551,37478,2,2
8977,4,25345,Aspen Hill via Glenmont,,0,294570,37478,2,2
8977,4,25344,Aspen Hill via Glenmont,,0,294566,37478,2,2
8977,4,25343,Aspen Hill via Glenmont,,0,294551,37478,2,2
8977,4,25342,Aspen Hill via Glenmont,,0,294570,37478,2,2
8977,4,25341,Aspen Hill via Glenmont,,0,294566,37478,2,2
8977,4,25340,Aspen Hill via Glenmont,,0,294569,37478,2,2
8977,4,25339,Aspen Hill via Glenmont,,0,294542,37478,2,2
8977,4,25338,Aspen Hill via Glenmont,,0,294229,37478,2,2
8977,4,25337,Aspen Hill via Glenmont,,0,294569,37478,2,2
8977,4,25336,Aspen Hill via Glenmont,,0,294542,37478,2,2
8977,4,25335,Aspen Hill via Glenmont,,0,294229,37478,2,2
8977,4,25334,Aspen Hill via Glenmont,,0,294569,37478,2,2
8977,4,25333,Aspen Hill via Glenmont,,0,294427,37478,2,2
8977,4,25332,Aspen Hill via Glenmont,,0,294567,37478,2,2
8977,4,25331,Aspen Hill via Glenmont,,0,294431,37478,2,2
8977,4,25330,Aspen Hill via Glenmont,,0,294568,37478,2,2
8977,4,25329,Aspen Hill via Glenmont,,0,294567,37478,2,2
8977,4,25328,Aspen Hill via Glenmont,,0,294431,37478,2,2
8977,4,25327,Aspen Hill via Glenmont,,0,294568,37478,2,2
8977,4,25326,Aspen Hill via Glenmont,,0,294567,37478,2,2
8977,4,25325,Aspen Hill via Glenmont,,0,294431,37478,2,2
8977,4,25324,Aspen Hill via Glenmont,,0,294568,37478,2,2
8977,4,25323,Aspen Hill via Glenmont,,0,294548,37478,2,2
8977,4,25322,Aspen Hill via Glenmont,,0,293901,37478,2,2
8977,4,25321,Aspen Hill via Glenmont,,0,294567,37478,2,2
8977,4,25320,Aspen Hill via Glenmont,,0,294548,37478,2,2
8977,4,25319,Aspen Hill via Glenmont,,0,294546,37478,2,2
8977,4,25318,Aspen Hill via Glenmont,,0,294567,37478,2,2
8977,4,25348,Wheaton via Glenmont,,1,294551,37479,2,2
8977,4,25376,Wheaton via Glenmont,,1,294566,37479,2,2
8977,4,25375,Wheaton via Glenmont,,1,294551,37479,2,2
8977,4,25374,Wheaton via Glenmont,,1,294570,37479,2,2
8977,4,25373,Wheaton via Glenmont,,1,294566,37479,2,2
8977,4,25372,Wheaton via Glenmont,,1,294551,37479,2,2
8977,4,25371,Wheaton via Glenmont,,1,294570,37479,2,2
8977,4,25370,Wheaton via Glenmont,,1,294566,37479,2,2
8977,4,25369,Wheaton via Glenmont,,1,294569,37479,2,2
8977,4,25368,Wheaton via Glenmont,,1,294542,37479,2,2
8977,4,25367,Wheaton via Glenmont,,1,294229,37479,2,2
8977,4,25366,Wheaton via Glenmont,,1,294569,37479,2,2
8977,4,25365,Wheaton via Glenmont,,1,294542,37479,2,2
8977,4,25364,Wheaton via Glenmont,,1,294229,37479,2,2
8977,4,25363,Wheaton via Glenmont,,1,294569,37479,2,2
8977,4,25362,Wheaton via Glenmont,,1,294427,37479,2,2
8977,4,25361,Wheaton via Glenmont,,1,294567,37479,2,2
8977,4,25360,Wheaton via Glenmont,,1,294431,37479,2,2
8977,4,25359,Wheaton via Glenmont,,1,294568,37479,2,2
8977,4,25358,Wheaton via Glenmont,,1,294567,37479,2,2
8977,4,25357,Wheaton via Glenmont,,1,294431,37479,2,2
8977,4,25356,Wheaton via Glenmont,,1,294568,37479,2,2
8977,4,25355,Wheaton via Glenmont,,1,294567,37479,2,2
8977,4,25354,Wheaton via Glenmont,,1,294431,37479,2,2
8977,4,25353,Wheaton via Glenmont,,1,294568,37479,2,2
8977,4,25352,Wheaton via Glenmont,,1,294548,37479,2,2
8977,4,25351,Wheaton via Glenmont,,1,294567,37479,2,2
8977,4,25350,Wheaton via Glenmont,,1,294548,37479,2,2
8977,4,25349,Wheaton via Glenmont,,1,294546,37479,2,2
8977,4,25347,Wheaton via Glenmont,,1,294567,37479,2,2
8978,4,25639,North Bethesda,,0,294602,37480,2,2
8978,4,25646,North Bethesda,,0,294606,37480,2,2
8978,4,25645,North Bethesda,,0,294602,37480,2,2
8978,4,25648,North Bethesda,,0,294606,37480,2,2
8978,4,25647,North Bethesda,,0,294602,37480,2,2
8978,4,25644,North Bethesda,,0,294605,37480,2,2
8978,4,25649,North Bethesda,,0,294607,37480,2,2
8978,4,25643,North Bethesda,,0,294605,37480,2,2
8978,4,25650,North Bethesda,,0,294607,37480,2,2
8978,4,25642,North Bethesda,,0,294376,37480,2,2
8978,4,25651,North Bethesda,,0,294607,37480,2,2
8978,4,25641,North Bethesda,,0,294604,37480,2,2
8978,4,25652,North Bethesda,,0,294608,37480,2,2
8978,4,25653,North Bethesda,,0,294604,37480,2,2
8978,4,25654,North Bethesda,,0,294603,37480,2,2
8978,4,25655,North Bethesda,,0,294609,37480,2,2
8978,4,25656,North Bethesda,,0,294603,37480,2,2
8978,4,25658,North Bethesda,,0,294609,37480,2,2
8978,4,25657,North Bethesda,,0,294610,37480,2,2
8978,4,25659,North Bethesda,,0,294603,37480,2,2
8978,4,25660,North Bethesda,,0,294610,37480,2,2
8978,4,25640,North Bethesda,,0,294603,37480,2,2
8978,4,25661,North Bethesda,,0,294610,37480,2,2
8978,4,25662,North Bethesda,,0,294603,37480,2,2
8978,4,25669,Montgomery Mall,,1,294606,37481,2,2
8978,4,25670,Montgomery Mall,,1,294602,37481,2,2
8978,4,25671,Montgomery Mall,,1,294606,37481,2,2
8978,4,25672,Montgomery Mall,,1,294602,37481,2,2
8978,4,25673,Montgomery Mall,,1,294605,37481,2,2
8978,4,25668,Montgomery Mall,,1,294602,37481,2,2
8978,4,25667,Montgomery Mall,,1,294605,37481,2,2
8978,4,25674,Montgomery Mall,,1,294607,37481,2,2
8978,4,25675,Montgomery Mall,,1,294376,37481,2,2
8978,4,25676,Montgomery Mall,,1,294607,37481,2,2
8978,4,25677,Montgomery Mall,,1,294376,37481,2,2
8978,4,25678,Montgomery Mall,,1,294607,37481,2,2
8978,4,25679,Montgomery Mall,,1,294604,37481,2,2
8978,4,25666,Montgomery Mall,,1,294603,37481,2,2
8978,4,25680,Montgomery Mall,,1,294609,37481,2,2
8978,4,25681,Montgomery Mall,,1,294603,37481,2,2
8978,4,25682,Montgomery Mall,,1,294609,37481,2,2
8978,4,25683,Montgomery Mall,,1,294603,37481,2,2
8978,4,25665,Montgomery Mall,,1,294609,37481,2,2
8978,4,25664,Montgomery Mall,,1,294610,37481,2,2
8978,4,25684,Montgomery Mall,,1,294603,37481,2,2
8978,4,25685,Montgomery Mall,,1,294610,37481,2,2
8978,4,25663,Montgomery Mall,,1,294603,37481,2,2
8979,4,26038,SHADY GROVE VIA GAITHER ROAD,,0,294643,37482,2,2
8979,4,26039,SHADY GROVE VIA GAITHER ROAD,,0,294645,37482,2,2
8979,4,26021,SHADY GROVE VIA GAITHER ROAD,,0,294643,37482,2,2
8979,4,26037,SHADY GROVE VIA GAITHER ROAD,,0,294645,37482,2,2
8979,4,26040,SHADY GROVE VIA GAITHER ROAD,,0,294643,37482,2,2
8979,4,26036,SHADY GROVE VIA GAITHER ROAD,,0,294645,37482,2,2
8979,4,26035,SHADY GROVE VIA GAITHER ROAD,,0,294647,37482,2,2
8979,4,26031,SHADY GROVE VIA GAITHER ROAD,,0,294645,37482,2,2
8979,4,26041,SHADY GROVE VIA GAITHER ROAD,,0,294647,37482,2,2
8979,4,26034,SHADY GROVE VIA GAITHER ROAD,,0,294646,37482,2,2
8979,4,26032,SHADY GROVE VIA GAITHER ROAD,,0,294645,37482,2,2
8979,4,26033,SHADY GROVE VIA GAITHER ROAD,,0,294646,37482,2,2
8979,4,26030,SHADY GROVE VIA GAITHER ROAD,,0,294645,37482,2,2
8979,4,26029,SHADY GROVE VIA GAITHER ROAD,,0,294644,37482,2,2
8979,4,26028,SHADY GROVE VIA GAITHER ROAD,,0,294645,37482,2,2
8979,4,26027,SHADY GROVE VIA GAITHER ROAD,,0,294644,37482,2,2
8979,4,26026,SHADY GROVE VIA GAITHER ROAD,,0,293374,37482,2,2
8979,4,26025,SHADY GROVE VIA GAITHER ROAD,,0,294644,37482,2,2
8979,4,26024,SHADY GROVE VIA GAITHER ROAD,,0,293374,37482,2,2
8979,4,26023,SHADY GROVE VIA GAITHER ROAD,,0,294641,37482,2,2
8979,4,26042,SHADY GROVE VIA GAITHER ROAD,,0,293374,37482,2,2
8979,4,26022,SHADY GROVE VIA GAITHER ROAD,,0,294641,37482,2,2
8979,4,26043,SHADY GROVE VIA GAITHER ROAD,,0,294642,37482,2,2
8979,4,26018,Shady Grove,,0,294641,37483,2,2
8979,4,26044,Shady Grove,,0,294642,37483,2,2
8979,4,26019,Shady Grove,,0,294642,37483,2,2
8979,4,26020,Shady Grove,,0,294642,37483,2,2
8979,4,26047,TRAVILLE VIA GAITHER ROAD,,1,294645,37484,2,2
8979,4,26046,TRAVILLE VIA GAITHER ROAD,,1,294643,37484,2,2
8979,4,26066,TRAVILLE VIA GAITHER ROAD,,1,294645,37484,2,2
8979,4,26048,TRAVILLE VIA GAITHER ROAD,,1,294643,37484,2,2
8979,4,26067,TRAVILLE VIA GAITHER ROAD,,1,294645,37484,2,2
8979,4,26049,TRAVILLE VIA GAITHER ROAD,,1,294647,37484,2,2
8979,4,26068,TRAVILLE VIA GAITHER ROAD,,1,294645,37484,2,2
8979,4,26050,TRAVILLE VIA GAITHER ROAD,,1,294647,37484,2,2
8979,4,26051,TRAVILLE VIA GAITHER ROAD,,1,294646,37484,2,2
8979,4,26065,TRAVILLE VIA GAITHER ROAD,,1,294645,37484,2,2
8979,4,26052,TRAVILLE VIA GAITHER ROAD,,1,294646,37484,2,2
8979,4,26053,TRAVILLE VIA GAITHER ROAD,,1,294645,37484,2,2
8979,4,26054,TRAVILLE VIA GAITHER ROAD,,1,294644,37484,2,2
8979,4,26055,TRAVILLE VIA GAITHER ROAD,,1,294645,37484,2,2
8979,4,26056,TRAVILLE VIA GAITHER ROAD,,1,294644,37484,2,2
8979,4,26057,TRAVILLE VIA GAITHER ROAD,,1,293374,37484,2,2
8979,4,26058,TRAVILLE VIA GAITHER ROAD,,1,294644,37484,2,2
8979,4,26059,TRAVILLE VIA GAITHER ROAD,,1,293374,37484,2,2
8979,4,26061,TRAVILLE VIA GAITHER ROAD,,1,294641,37484,2,2
8979,4,26069,TRAVILLE VIA GAITHER ROAD,,1,293374,37484,2,2
8979,4,26062,TRAVILLE VIA GAITHER ROAD,,1,294641,37484,2,2
8979,4,26070,TRAVILLE VIA GAITHER ROAD,,1,294642,37484,2,2
8979,4,26045,Traville,,1,294641,37485,2,2
8979,4,26063,Traville,,1,294642,37485,2,2
8979,4,26064,Traville,,1,294642,37485,2,2
8979,4,26060,Traville,,1,294642,37485,2,2
8980,4,26258,Rockville,,0,294676,37486,2,2
8980,4,26259,Rockville,,0,294676,37486,2,2
8980,4,26260,Rockville,,0,294676,37486,2,2
8980,4,26261,Rockville,,0,294676,37486,2,2
8980,4,26262,Rockville,,0,294677,37486,2,2
8980,4,26263,Rockville,,0,294677,37486,2,2
8980,4,26264,Rockville,,0,294677,37486,2,2
8980,4,26265,Rockville,,0,294677,37486,2,2
8980,4,26274,Twinbrook,,1,294676,37487,2,2
8980,4,26266,Twinbrook,,1,294676,37487,2,2
8980,4,26267,Twinbrook,,1,294676,37487,2,2
8980,4,26268,Twinbrook,,1,294676,37487,2,2
8980,4,26269,Twinbrook,,1,294677,37487,2,2
8980,4,26270,Twinbrook,,1,294677,37487,2,2
8980,4,26271,Twinbrook,,1,294677,37487,2,2
8980,4,26272,Twinbrook,,1,294677,37487,2,2
8980,4,26273,Twinbrook,,1,294677,37487,2,2
8981,4,26404,Falls Grove via TC,,0,294691,37489,2,2
8981,4,26405,Falls Grove via TC,,0,294297,37489,2,2
8981,4,26419,Falls Grove via TC,,0,294692,37489,2,2
8981,4,26425,Falls Grove via TC,,0,294691,37489,2,2
8981,4,26417,Falls Grove via TC,,0,294297,37489,2,2
8981,4,26406,Falls Grove via SC,,0,294692,37488,2,2
8981,4,26418,Falls Grove via TC,,0,294606,37489,2,2
8981,4,26407,Falls Grove via SC,,0,294691,37488,2,2
8981,4,26408,Falls Grove via TC,,0,294693,37489,2,2
8981,4,26409,Falls Grove via SC,,0,294606,37488,2,2
8981,4,26410,Falls Grove via TC,,0,294691,37489,2,2
8981,4,26423,Falls Grove via SC,,0,294693,37488,2,2
8981,4,26424,Falls Grove via TC,,0,294696,37489,2,2
8981,4,26411,Falls Grove via SC,,0,294694,37488,2,2
8981,4,26420,Falls Grove via TC,,0,294697,37489,2,2
8981,4,26421,Falls Grove via TC,,0,294696,37489,2,2
8981,4,26412,Falls Grove via TC,,0,294694,37489,2,2
8981,4,26422,Falls Grove via TC,,0,294697,37489,2,2
8981,4,26413,Falls Grove via TC,,0,294695,37489,2,2
8981,4,26426,Falls Grove via TC,,0,294696,37489,2,2
8981,4,26427,Falls Grove via TC,,0,294694,37489,2,2
8981,4,26414,Falls Grove via TC,,0,294695,37489,2,2
8981,4,26415,Falls Grove via TC,,0,294696,37489,2,2
8981,4,26416,Falls Grove via TC,,0,294694,37489,2,2
8981,4,26428,Twinbrook via TC,,1,294297,37491,2,2
8981,4,26429,Twinbrook via TC,,1,294691,37491,2,2
8981,4,26444,Twinbrook via TC,,1,294297,37491,2,2
8981,4,26445,Twinbrook via TC,,1,294692,37491,2,2
8981,4,26440,Twinbrook via TC,,1,294691,37491,2,2
8981,4,26431,Twinbrook via SC,,1,294297,37490,2,2
8981,4,26441,Twinbrook via TC,,1,294692,37491,2,2
8981,4,26439,Twinbrook via SC,,1,294606,37490,2,2
8981,4,26438,Twinbrook via TC,,1,294691,37491,2,2
8981,4,26437,Twinbrook via SC,,1,294693,37490,2,2
8981,4,26436,Twinbrook via TC,,1,294606,37491,2,2
8981,4,26449,Twinbrook via SC,,1,294691,37490,2,2
8981,4,26450,Twinbrook via TC,,1,294693,37491,2,2
8981,4,26435,Twinbrook via SC,,1,294696,37490,2,2
8981,4,26446,Twinbrook via TC,,1,294694,37491,2,2
8981,4,26434,Twinbrook via TC,,1,294697,37491,2,2
8981,4,26447,Twinbrook via TC,,1,294696,37491,2,2
8981,4,26451,Twinbrook via TC,,1,294694,37491,2,2
8981,4,26448,Twinbrook via TC,,1,294697,37491,2,2
8981,4,26433,Twinbrook via TC,,1,294695,37491,2,2
8981,4,26442,Twinbrook via TC,,1,294696,37491,2,2
8981,4,26430,Twinbrook via TC,,1,294694,37491,2,2
8981,4,26443,Twinbrook via TC,,1,294695,37491,2,2
8981,4,26432,Twinbrook via TC,,1,294696,37491,2,2
8982,4,26946,Mont College Rockville,,0,294744,37492,2,2
8982,4,26947,Mont College Rockville,,0,294736,37492,2,2
8982,4,26948,Mont College Rockville,,0,294745,37492,2,2
8982,4,26949,Mont College Rockville,,0,294744,37492,2,2
8982,4,26935,Mont College Rockville,,0,294736,37492,2,2
8982,4,26950,Mont College Rockville,,0,294746,37492,2,2
8982,4,26951,Mont College Rockville,,0,294745,37492,2,2
8982,4,26952,Mont College Rockville,,0,294744,37492,2,2
8982,4,26953,Mont College Rockville,,0,294747,37492,2,2
8982,4,26954,Mont College Rockville,,0,294736,37492,2,2
8982,4,26955,Mont College Rockville,,0,294746,37492,2,2
8982,4,26956,Mont College Rockville,,0,294748,37492,2,2
8982,4,26957,Mont College Rockville,,0,294745,37492,2,2
8982,4,26958,Mont College Rockville,,0,294744,37492,2,2
8982,4,26959,Mont College Rockville,,0,294747,37492,2,2
8982,4,26960,Mont College Rockville,,0,294736,37492,2,2
8982,4,26961,Mont College Rockville,,0,294748,37492,2,2
8982,4,26962,Mont College Rockville,,0,294745,37492,2,2
8982,4,26963,Mont College Rockville,,0,294743,37492,2,2
8982,4,26964,Mont College Rockville,,0,294744,37492,2,2
8982,4,26965,Mont College Rockville,,0,294747,37492,2,2
8982,4,26966,Mont College Rockville,,0,294738,37492,2,2
8982,4,26967,Mont College Rockville,,0,294739,37492,2,2
8982,4,26968,Mont College Rockville,,0,294742,37492,2,2
8982,4,26945,Mont College Rockville,,0,294743,37492,2,2
8982,4,26944,Mont College Rockville,,0,294740,37492,2,2
8982,4,26943,Mont College Rockville,,0,294737,37492,2,2
8982,4,26942,Mont College Rockville,,0,294738,37492,2,2
8982,4,26976,Mont College Rockville,,0,294739,37492,2,2
8982,4,26941,Mont College Rockville,,0,294742,37492,2,2
8982,4,26940,Mont College Rockville,,0,294741,37492,2,2
8982,4,26936,Mont College Rockville,,0,294737,37492,2,2
8982,4,26937,Mont College Rockville,,0,294738,37492,2,2
8982,4,26938,Mont College Rockville,,0,294739,37492,2,2
8982,4,26939,Mont College Rockville,,0,294740,37492,2,2
8982,4,26969,Mont College Rockville,,0,294741,37492,2,2
8982,4,26970,Mont College Rockville,,0,294749,37492,2,2
8982,4,26971,Mont College Rockville,,0,294737,37492,2,2
8982,4,26972,Mont College Rockville,,0,294740,37492,2,2
8982,4,26973,Mont College Rockville,,0,294741,37492,2,2
8982,4,26974,Mont College Rockville,,0,294737,37492,2,2
8982,4,26975,Mont College Rockville,,0,294741,37492,2,2
8982,4,26977,Mont College Rockville,,0,294737,37492,2,2
8982,4,26978,Mont College Rockville,,0,294741,37492,2,2
8982,4,26993,Medical Center,,1,294744,37493,2,2
8982,4,27019,Medical Center,,1,294736,37493,2,2
8982,4,26994,Medical Center,,1,294745,37493,2,2
8982,4,26995,Medical Center,,1,294744,37493,2,2
8982,4,26992,Medical Center,,1,294736,37493,2,2
8982,4,26996,Medical Center,,1,294746,37493,2,2
8982,4,26991,Medical Center,,1,294745,37493,2,2
8982,4,26997,Medical Center,,1,294744,37493,2,2
8982,4,26990,Medical Center,,1,294747,37493,2,2
8982,4,26998,Medical Center,,1,294736,37493,2,2
8982,4,26989,Medical Center,,1,294746,37493,2,2
8982,4,26999,Medical Center,,1,294748,37493,2,2
8982,4,26988,Medical Center,,1,294745,37493,2,2
8982,4,27000,Medical Center,,1,294744,37493,2,2
8982,4,26987,Medical Center,,1,294747,37493,2,2
8982,4,27001,Medical Center,,1,294736,37493,2,2
8982,4,26986,Medical Center,,1,294748,37493,2,2
8982,4,27002,Medical Center,,1,294745,37493,2,2
8982,4,26985,Medical Center,,1,294743,37493,2,2
8982,4,27003,Medical Center,,1,294744,37493,2,2
8982,4,27020,Medical Center,,1,294747,37493,2,2
8982,4,27004,Medical Center,,1,294738,37493,2,2
8982,4,27005,Medical Center,,1,294739,37493,2,2
8982,4,27006,Medical Center,,1,294742,37493,2,2
8982,4,27007,Medical Center,,1,294743,37493,2,2
8982,4,27008,Medical Center,,1,294740,37493,2,2
8982,4,27009,Medical Center,,1,294737,37493,2,2
8982,4,27010,Medical Center,,1,294738,37493,2,2
8982,4,27011,Medical Center,,1,294739,37493,2,2
8982,4,26984,Medical Center,,1,294742,37493,2,2
8982,4,26983,Medical Center,,1,294741,37493,2,2
8982,4,26982,Medical Center,,1,294737,37493,2,2
8982,4,26981,Medical Center,,1,294738,37493,2,2
8982,4,26980,Medical Center,,1,294739,37493,2,2
8982,4,26979,Medical Center,,1,294740,37493,2,2
8982,4,27012,Medical Center,,1,294741,37493,2,2
8982,4,27013,Medical Center,,1,294749,37493,2,2
8982,4,27014,Medical Center,,1,294737,37493,2,2
8982,4,27015,Medical Center,,1,294740,37493,2,2
8982,4,27016,Medical Center,,1,294741,37493,2,2
8982,4,27017,Medical Center,,1,294737,37493,2,2
8982,4,27018,Medical Center,,1,294741,37493,2,2
8982,4,27021,Medical Center,,1,294737,37493,2,2
8982,4,27022,Medical Center,,1,294741,37493,2,2
8983,4,27517,Rockville,,0,294314,37494,2,2
8983,4,27518,Rockville,,0,294764,37494,2,2
8983,4,27519,Rockville,,0,294765,37494,2,2
8983,4,27520,Rockville,,0,294314,37494,2,2
8983,4,27521,Rockville,,0,294764,37494,2,2
8983,4,27522,Rockville,,0,294765,37494,2,2
8983,4,27523,Rockville,,0,294311,37494,2,2
8983,4,27524,Rockville,,0,294316,37494,2,2
8983,4,27525,Rockville,,0,294764,37494,2,2
8983,4,27526,Rockville,,0,294311,37494,2,2
8983,4,27527,Rockville,,0,294316,37494,2,2
8983,4,27528,Rockville,,0,294764,37494,2,2
8983,4,27529,Rockville,,0,294766,37494,2,2
8983,4,27530,Rockville,,0,294452,37494,2,2
8983,4,27531,Rockville,,0,294767,37494,2,2
8983,4,27532,Rockville,,0,294766,37494,2,2
8983,4,27541,Rockville,,0,294452,37494,2,2
8983,4,27542,Rockville,,0,294767,37494,2,2
8983,4,27533,Rockville,,0,294766,37494,2,2
8983,4,27539,Rockville,,0,294226,37494,2,2
8983,4,27538,Rockville,,0,294767,37494,2,2
8983,4,27537,Rockville,,0,294766,37494,2,2
8983,4,27536,Rockville,,0,294767,37494,2,2
8983,4,27535,Rockville,,0,294452,37494,2,2
8983,4,27534,Rockville,,0,294767,37494,2,2
8983,4,27540,Rockville,,0,294452,37494,2,2
8983,4,27543,Bethesda,,1,294764,37495,2,2
8983,4,27544,Bethesda,,1,294314,37495,2,2
8983,4,27545,Bethesda,,1,294764,37495,2,2
8983,4,27546,Bethesda,,1,294765,37495,2,2
8983,4,27547,Bethesda,,1,294314,37495,2,2
8983,4,27548,Bethesda,,1,294764,37495,2,2
8983,4,27549,Bethesda,,1,294765,37495,2,2
8983,4,27567,Bethesda,,1,294311,37495,2,2
8983,4,27568,Bethesda,,1,294316,37495,2,2
8983,4,27550,Bethesda,,1,294764,37495,2,2
8983,4,27551,Bethesda,,1,294311,37495,2,2
8983,4,27552,Bethesda,,1,294316,37495,2,2
8983,4,27553,Bethesda,,1,294764,37495,2,2
8983,4,27554,Bethesda,,1,294766,37495,2,2
8983,4,27555,Bethesda,,1,294452,37495,2,2
8983,4,27556,Bethesda,,1,294767,37495,2,2
8983,4,27557,Bethesda,,1,294766,37495,2,2
8983,4,27558,Bethesda,,1,294452,37495,2,2
8983,4,27559,Bethesda,,1,294767,37495,2,2
8983,4,27560,Bethesda,,1,294766,37495,2,2
8983,4,27561,Bethesda,,1,294226,37495,2,2
8983,4,27562,Bethesda,,1,294767,37495,2,2
8983,4,27563,Bethesda,,1,294766,37495,2,2
8983,4,27564,Bethesda,,1,294767,37495,2,2
8983,4,27565,Bethesda,,1,294452,37495,2,2
8983,4,27566,Bethesda,,1,294767,37495,2,2
8984,4,27985,Rockville,,0,294818,37496,2,2
8984,4,28000,Rockville,,0,294821,37496,2,2
8984,4,28001,Rockville,,0,294819,37496,2,2
8984,4,28002,Rockville,,0,294818,37496,2,2
8984,4,28003,Rockville,,0,294821,37496,2,2
8984,4,28004,Rockville,,0,294819,37496,2,2
8984,4,28005,Rockville,,0,294818,37496,2,2
8984,4,28006,Rockville,,0,294821,37496,2,2
8984,4,27986,Rockville,,0,294819,37496,2,2
8984,4,27987,Rockville,,0,294820,37496,2,2
8984,4,27988,Rockville,,0,294821,37496,2,2
8984,4,28007,Rockville,,0,294824,37496,2,2
8984,4,28008,Rockville,,0,294820,37496,2,2
8984,4,27999,Rockville,,0,294827,37496,2,2
8984,4,27998,Rockville,,0,294824,37496,2,2
8984,4,27997,Rockville,,0,294820,37496,2,2
8984,4,28021,Rockville,,0,294827,37496,2,2
8984,4,27992,Rockville,,0,294824,37496,2,2
8984,4,28022,Rockville,,0,294829,37496,2,2
8984,4,28009,Rockville,,0,294828,37496,2,2
8984,4,28020,Rockville,,0,294820,37496,2,2
8984,4,28010,Rockville,,0,294829,37496,2,2
8984,4,28011,Rockville,,0,294826,37496,2,2
8984,4,28012,Rockville,,0,294820,37496,2,2
8984,4,28013,Rockville,,0,294822,37496,2,2
8984,4,28014,Rockville,,0,294826,37496,2,2
8984,4,28015,Rockville,,0,294829,37496,2,2
8984,4,28016,Rockville,,0,294822,37496,2,2
8984,4,27996,Rockville,,0,294826,37496,2,2
8984,4,28017,Rockville,,0,294829,37496,2,2
8984,4,27995,Rockville,,0,294825,37496,2,2
8984,4,27989,Rockville,,0,294822,37496,2,2
8984,4,28018,Rockville,,0,294829,37496,2,2
8984,4,27990,Rockville,,0,294823,37496,2,2
8984,4,27991,Rockville,,0,294822,37496,2,2
8984,4,28019,Rockville,,0,294823,37496,2,2
8984,4,27994,Rockville,,0,294822,37496,2,2
8984,4,27993,Rockville,,0,294823,37496,2,2
8984,4,28031,Wheaton,,1,294821,37497,2,2
8984,4,28032,Wheaton,,1,294819,37497,2,2
8984,4,28030,Wheaton,,1,294818,37497,2,2
8984,4,28033,Wheaton,,1,294821,37497,2,2
8984,4,28029,Wheaton,,1,294819,37497,2,2
8984,4,28034,Wheaton,,1,294818,37497,2,2
8984,4,28028,Wheaton,,1,294821,37497,2,2
8984,4,28035,Wheaton,,1,294819,37497,2,2
8984,4,28026,Wheaton,,1,294820,37497,2,2
8984,4,28025,Wheaton,,1,294821,37497,2,2
8984,4,28027,Wheaton,,1,294824,37497,2,2
8984,4,28036,Wheaton,,1,294820,37497,2,2
8984,4,28037,Wheaton,,1,294827,37497,2,2
8984,4,28038,Wheaton,,1,294824,37497,2,2
8984,4,28039,Wheaton,,1,294820,37497,2,2
8984,4,28040,Wheaton,,1,294827,37497,2,2
8984,4,28041,Wheaton,,1,294824,37497,2,2
8984,4,28042,Wheaton,,1,294829,37497,2,2
8984,4,28043,Wheaton,,1,294828,37497,2,2
8984,4,28044,Wheaton,,1,294820,37497,2,2
8984,4,28059,Wheaton,,1,294829,37497,2,2
8984,4,28045,Wheaton,,1,294826,37497,2,2
8984,4,28024,Wheaton,,1,294820,37497,2,2
8984,4,28058,Wheaton,,1,294822,37497,2,2
8984,4,28046,Wheaton,,1,294826,37497,2,2
8984,4,28047,Wheaton,,1,294829,37497,2,2
8984,4,28048,Wheaton,,1,294822,37497,2,2
8984,4,28049,Wheaton,,1,294826,37497,2,2
8984,4,28050,Wheaton,,1,294829,37497,2,2
8984,4,28051,Wheaton,,1,294825,37497,2,2
8984,4,28056,Wheaton,,1,294822,37497,2,2
8984,4,28052,Wheaton,,1,294829,37497,2,2
8984,4,28053,Wheaton,,1,294823,37497,2,2
8984,4,28054,Wheaton,,1,294822,37497,2,2
8984,4,28055,Wheaton,,1,294823,37497,2,2
8984,4,28023,Wheaton,,1,294822,37497,2,2
8984,4,28057,Wheaton,,1,294823,37497,2,2
8985,4,28524,Rockville,,0,294856,37498,2,2
8985,4,28522,Rockville,,0,294855,37498,2,2
8985,4,28525,Rockville,,0,294856,37498,2,2
8985,4,28526,Rockville,,0,294855,37498,2,2
8985,4,28550,Rockville,,0,294856,37498,2,2
8985,4,28553,Rockville,,0,294857,37498,2,2
8985,4,28527,Rockville,,0,294855,37498,2,2
8985,4,28528,Rockville,,0,294856,37498,2,2
8985,4,28529,Rockville,,0,294857,37498,2,2
8985,4,28530,Rockville,,0,294818,37498,2,2
8985,4,28531,Rockville,,0,294857,37498,2,2
8985,4,28549,Rockville,,0,294818,37498,2,2
8985,4,28532,Rockville,,0,294821,37498,2,2
8985,4,28548,Rockville,,0,294818,37498,2,2
8985,4,28533,Rockville,,0,294821,37498,2,2
8985,4,28534,Rockville,,0,294858,37498,2,2
8985,4,28535,Rockville,,0,294859,37498,2,2
8985,4,28536,Rockville,,0,294858,37498,2,2
8985,4,28537,Rockville,,0,294854,37498,2,2
8985,4,28538,Rockville,,0,294859,37498,2,2
8985,4,28523,Rockville,,0,294823,37498,2,2
8985,4,28539,Rockville,,0,294854,37498,2,2
8985,4,28551,Rockville,,0,294859,37498,2,2
8985,4,28552,Rockville,,0,294823,37498,2,2
8985,4,28540,Rockville,,0,294854,37498,2,2
8985,4,28541,Rockville,,0,294859,37498,2,2
8985,4,28554,Rockville,,0,294823,37498,2,2
8985,4,28521,Rockville,,0,294854,37498,2,2
8985,4,28542,Rockville,,0,294860,37498,2,2
8985,4,28543,Rockville,,0,294859,37498,2,2
8985,4,28544,Rockville,,0,294860,37498,2,2
8985,4,28545,Rockville,,0,294859,37498,2,2
8985,4,28546,Rockville,,0,294860,37498,2,2
8985,4,28547,Rockville,,0,294859,37498,2,2
8985,4,28556,Glenmont,,1,294855,37499,2,2
8985,4,28557,Glenmont,,1,294856,37499,2,2
8985,4,28558,Glenmont,,1,294855,37499,2,2
8985,4,28559,Glenmont,,1,294856,37499,2,2
8985,4,28560,Glenmont,,1,294857,37499,2,2
8985,4,28561,Glenmont,,1,294855,37499,2,2
8985,4,28575,Glenmont,,1,294856,37499,2,2
8985,4,28576,Glenmont,,1,294857,37499,2,2
8985,4,28577,Glenmont,,1,294818,37499,2,2
8985,4,28562,Glenmont,,1,294857,37499,2,2
8985,4,28563,Glenmont,,1,294818,37499,2,2
8985,4,28564,Glenmont,,1,294821,37499,2,2
8985,4,28565,Glenmont,,1,294818,37499,2,2
8985,4,28566,Glenmont,,1,294821,37499,2,2
8985,4,28567,Glenmont,,1,294858,37499,2,2
8985,4,28568,Glenmont,,1,294859,37499,2,2
8985,4,28569,Glenmont,,1,294858,37499,2,2
8985,4,28587,Glenmont,,1,294854,37499,2,2
8985,4,28586,Glenmont,,1,294859,37499,2,2
8985,4,28585,Glenmont,,1,294823,37499,2,2
8985,4,28584,Glenmont,,1,294854,37499,2,2
8985,4,28583,Glenmont,,1,294859,37499,2,2
8985,4,28582,Glenmont,,1,294823,37499,2,2
8985,4,28581,Glenmont,,1,294854,37499,2,2
8985,4,28580,Glenmont,,1,294859,37499,2,2
8985,4,28579,Glenmont,,1,294823,37499,2,2
8985,4,28555,Glenmont,,1,294854,37499,2,2
8985,4,28578,Glenmont,,1,294860,37499,2,2
8985,4,28570,Glenmont,,1,294859,37499,2,2
8985,4,28571,Glenmont,,1,294860,37499,2,2
8985,4,28572,Glenmont,,1,294859,37499,2,2
8985,4,28573,Glenmont,,1,294860,37499,2,2
8985,4,28574,Glenmont,,1,294859,37499,2,2
8986,4,29078,Twinbrook,,0,294865,37501,2,2
8986,4,29079,Twinbrook,,0,294869,37501,2,2
8986,4,29077,Twinbrook,,0,294866,37501,2,2
8986,4,29056,Twinbrook,,0,294228,37501,2,2
8986,4,29076,Twinbrook,,0,294865,37501,2,2
8986,4,29055,Twinbrook,,0,293899,37501,2,2
8986,4,29075,Twinbrook,,0,294869,37501,2,2
8986,4,29044,Twinbrook,,0,294866,37501,2,2
8986,4,29054,Twinbrook,,0,294068,37501,2,2
8986,4,29043,Twinbrook,,0,294865,37501,2,2
8986,4,29053,Twinbrook,,0,293899,37501,2,2
8986,4,29047,Twinbrook,,0,294066,37501,2,2
8986,4,29046,Twinbrook Victory F,,0,293960,37500,2,2
8986,4,29074,Twinbrook,,0,294065,37501,2,2
8986,4,29073,Twinbrook Victory F,,0,294865,37500,2,2
8986,4,29042,Twinbrook,,0,293960,37501,2,2
8986,4,29071,Twinbrook Victory F,,0,294065,37500,2,2
8986,4,29072,Twinbrook,,0,294865,37501,2,2
8986,4,29069,Twinbrook Victory F,,0,293960,37500,2,2
8986,4,29070,Twinbrook,,0,293121,37501,2,2
8986,4,29067,Twinbrook Victory F,,0,293119,37500,2,2
8986,4,29068,Twinbrook,,0,293899,37501,2,2
8986,4,29066,Twinbrook,,0,294868,37501,2,2
8986,4,29045,Twinbrook,,0,293121,37501,2,2
8986,4,29052,Twinbrook,,0,294867,37501,2,2
8986,4,29065,Twinbrook,,0,293711,37501,2,2
8986,4,29051,Twinbrook,,0,294868,37501,2,2
8986,4,29050,Twinbrook,,0,293121,37501,2,2
8986,4,29049,Twinbrook,,0,294867,37501,2,2
8986,4,29048,Twinbrook,,0,293711,37501,2,2
8986,4,29064,Twinbrook,,0,293785,37501,2,2
8986,4,29063,Twinbrook,,0,294868,37501,2,2
8986,4,29062,Twinbrook,,0,293711,37501,2,2
8986,4,29061,Twinbrook,,0,293116,37501,2,2
8986,4,29060,Twinbrook,,0,294868,37501,2,2
8986,4,29059,Twinbrook,,0,293711,37501,2,2
8986,4,29058,Twinbrook,,0,293116,37501,2,2
8986,4,29057,Twinbrook,,0,293711,37501,2,2
8986,4,29117,Silver Spring,,1,294865,37503,2,2
8986,4,29116,Silver Spring,,1,294869,37503,2,2
8986,4,29093,Silver Spring,,1,294866,37503,2,2
8986,4,29115,Silver Spring,,1,294865,37503,2,2
8986,4,29092,Silver Spring,,1,293899,37503,2,2
8986,4,29091,Silver Spring,,1,294866,37503,2,2
8986,4,29114,Silver Spring,,1,294865,37503,2,2
8986,4,29090,Silver Spring Victory F,,1,293899,37502,2,2
8986,4,29113,Silver Spring,,1,293960,37503,2,2
8986,4,29112,Silver Spring Victory F,,1,294065,37502,2,2
8986,4,29111,Silver Spring,,1,294865,37503,2,2
8986,4,29110,Silver Spring Victory F,,1,293960,37502,2,2
8986,4,29118,Silver Spring,,1,294065,37503,2,2
8986,4,29108,Silver Spring Victory F,,1,294865,37502,2,2
8986,4,29109,Silver Spring,,1,293960,37503,2,2
8986,4,29106,Silver Spring Victory F,,1,294868,37502,2,2
8986,4,29089,Silver Spring,,1,293121,37503,2,2
8986,4,29107,Silver Spring,,1,293119,37503,2,2
8986,4,29082,Silver Spring,,1,294867,37503,2,2
8986,4,29088,Silver Spring,,1,293899,37503,2,2
8986,4,29105,Silver Spring,,1,293785,37503,2,2
8986,4,29087,Silver Spring,,1,294868,37503,2,2
8986,4,29104,Silver Spring,,1,293906,37503,2,2
8986,4,29086,Silver Spring,,1,293121,37503,2,2
8986,4,29103,Silver Spring,,1,294216,37503,2,2
8986,4,29084,Silver Spring,,1,294867,37503,2,2
8986,4,29083,Silver Spring,,1,293711,37503,2,2
8986,4,29081,Silver Spring,,1,293906,37503,2,2
8986,4,29080,Silver Spring,,1,294868,37503,2,2
8986,4,29094,Silver Spring,,1,293121,37503,2,2
8986,4,29085,Silver Spring,,1,293711,37503,2,2
8986,4,29102,Silver Spring,,1,293785,37503,2,2
8986,4,29101,Silver Spring,,1,294868,37503,2,2
8986,4,29100,Silver Spring,,1,293711,37503,2,2
8986,4,29099,Silver Spring,,1,293116,37503,2,2
8986,4,29098,Silver Spring,,1,294868,37503,2,2
8986,4,29097,Silver Spring,,1,293711,37503,2,2
8986,4,29096,Silver Spring,,1,293116,37503,2,2
8986,4,29095,Silver Spring,,1,293711,37503,2,2
8987,4,29361,ICC Park & Ride,,0,294871,37504,2,2
8987,4,29365,ICC Park & Ride,,0,294871,37504,2,2
8987,4,29366,ICC Park & Ride,,0,294871,37504,2,2
8987,4,29368,ICC Park & Ride,,0,294871,37504,2,2
8987,4,29367,ICC Park & Ride,,0,294872,37504,2,2
8987,4,29362,ICC Park & Ride,,0,294872,37504,2,2
8987,4,29363,ICC Park & Ride,,0,294872,37504,2,2
8987,4,29364,ICC Park & Ride,,0,294872,37504,2,2
8987,4,29369,ICC Park & Ride,,0,294872,37504,2,2
8987,4,29370,ICC Park & Ride,,0,294872,37504,2,2
8987,4,29371,Glenmont,,1,294871,37505,2,2
8987,4,29374,Glenmont,,1,294871,37505,2,2
8987,4,29372,Glenmont,,1,294871,37505,2,2
8987,4,29377,Glenmont,,1,294871,37505,2,2
8987,4,29378,Glenmont,,1,294871,37505,2,2
8987,4,29375,Glenmont,,1,294872,37505,2,2
8987,4,29376,Glenmont,,1,294872,37505,2,2
8987,4,29373,Glenmont,,1,294872,37505,2,2
8987,4,29379,Glenmont,,1,294872,37505,2,2
8987,4,29380,Glenmont,,1,294872,37505,2,2
8988,4,29483,Good Counsel High School,,0,294693,37506,2,2
8988,4,29480,Good Counsel High School,,0,294880,37506,2,2
8988,4,29479,Good Counsel High School,,0,294693,37506,2,2
8988,4,29484,MedStar Montgomery,,0,294881,37508,2,2
8988,4,29485,MedStar Montgomery,,0,294879,37508,2,2
8988,4,29486,MedStar Montgomery,,0,294881,37508,2,2
8988,4,29478,MedStar Montgomery,,0,294879,37508,2,2
8988,4,29482,MedStar Montgomery,,0,294881,37508,2,2
8988,4,29481,MedStar Montgomery,,0,294879,37508,2,2
8988,4,29494,Rockville,,1,294693,37511,2,2
8988,4,29493,Rockville,,1,294880,37511,2,2
8988,4,29492,Rockville,,1,294693,37511,2,2
8988,4,29491,Rockville,,1,294880,37511,2,2
8988,4,29487,Rockville,,1,294693,37511,2,2
8988,4,29490,Rockville,,1,294881,37509,2,2
8988,4,29489,Rockville,,1,294879,37509,2,2
8988,4,29488,Rockville,,1,294881,37509,2,2
8988,4,29495,Rockville,,1,294879,37510,2,2
8989,4,29618,Shady Grove via Olney,,0,294903,37516,2,2
8989,4,29629,Shady Grove via Olney,,0,294907,37516,2,2
8989,4,29628,Shady Grove via Olney,,0,294906,37514,2,2
8989,4,29627,Shady Grove via Olney,,0,294903,37516,2,2
8989,4,29626,Shady Grove via Olney,,0,294907,37514,2,2
8989,4,29625,Shady Grove via Olney,,0,294906,37516,2,2
8989,4,29630,Shady Grove,,0,294904,37515,2,2
8989,4,29617,Shady Grove,,0,294902,37515,2,2
8989,4,29624,Shady Grove via Olney,,0,294905,37513,2,2
8989,4,29623,Shady Grove via Olney,,0,294904,37512,2,2
8989,4,29622,Shady Grove via Olney,,0,294902,37512,2,2
8989,4,29621,Shady Grove via Olney,,0,294905,37512,2,2
8989,4,29620,Shady Grove via Olney,,0,294904,37512,2,2
8989,4,29619,Shady Grove via Olney,,0,294902,37512,2,2
8989,4,29641,Glenmont via Olney,,1,294346,37518,2,2
8989,4,29640,Glenmont via Olney,,1,294903,37520,2,2
8989,4,29639,Glenmont via Olney,,1,294907,37518,2,2
8989,4,29638,Glenmont via Olney,,1,294906,37520,2,2
8989,4,29632,Glenmont via Olney,,1,294903,37518,2,2
8989,4,29637,Glenmont via Olney,,1,294904,37519,2,2
8989,4,29631,Glenmont via Olney,,1,294902,37521,2,2
8989,4,29636,Glenmont via Olney,,1,294905,37521,2,2
8989,4,29635,Glenmont via Olney,,1,294904,37521,2,2
8989,4,29634,Glenmont via Olney,,1,294902,37521,2,2
8989,4,29633,Glenmont via Olney,,1,294905,37521,2,2
8990,4,29964,Lakeforest,,0,294977,37525,2,2
8990,4,29957,Lakeforest,,0,294975,37525,2,2
8990,4,29965,Lakeforest,,0,294976,37525,2,2
8990,4,29963,Lakeforest,,0,294977,37525,2,2
8990,4,29966,Lakeforest,,0,294975,37524,2,2
8990,4,29962,Lakeforest,,0,294976,37525,2,2
8990,4,29968,Lakeforest,,0,294977,37525,2,2
8990,4,29961,Lakeforest,,0,294967,37525,2,2
8990,4,29960,Lakeforest,,0,294970,37523,2,2
8990,4,29967,Lakeforest,,0,294968,37523,2,2
8990,4,29941,Lakeforest,,0,294967,37523,2,2
8990,4,29956,Lakeforest,,0,294970,37523,2,2
8990,4,29942,Lakeforest,,0,294968,37523,2,2
8990,4,29943,Lakeforest,,0,294969,37523,2,2
8990,4,29944,Lakeforest,,0,294970,37523,2,2
8990,4,29945,Lakeforest,,0,294968,37523,2,2
8990,4,29946,Lakeforest,,0,294971,37523,2,2
8990,4,29947,Lakeforest,,0,294972,37523,2,2
8990,4,29948,Lakeforest,,0,294973,37525,2,2
8990,4,29949,Lakeforest,,0,294974,37525,2,2
8990,4,29950,Lakeforest,,0,294966,37524,2,2
8990,4,29951,Lakeforest,,0,294972,37525,2,2
8990,4,29959,Lakeforest,,0,294973,37525,2,2
8990,4,29971,Lakeforest,,0,294974,37525,2,2
8990,4,29970,Lakeforest,,0,294966,37525,2,2
8990,4,29958,Lakeforest,,0,294972,37525,2,2
8990,4,29969,Lakeforest,,0,294965,37525,2,2
8990,4,29940,Lakeforest,,0,294966,37525,2,2
8990,4,29939,Lakeforest,,0,294965,37525,2,2
8990,4,29955,Lakeforest,,0,294966,37525,2,2
8990,4,29954,Lakeforest,,0,294965,37525,2,2
8990,4,29953,Lakeforest,,0,294966,37525,2,2
8990,4,29952,Lakeforest,,0,294965,37525,2,2
8990,4,29982,Rockville,,1,294975,37528,2,2
8990,4,29983,Rockville,,1,294976,37528,2,2
8990,4,29984,Rockville,,1,294977,37528,2,2
8990,4,29973,Rockville,,1,294975,37528,2,2
8990,4,29985,Rockville,,1,294976,37528,2,2
8990,4,29981,Rockville,,1,294977,37528,2,2
8990,4,29986,Rockville,,1,294747,37527,2,2
8990,4,29980,Rockville,,1,294975,37528,2,2
8990,4,29987,Rockville,,1,294977,37526,2,2
8990,4,29979,Rockville,,1,294967,37526,2,2
8990,4,29988,Rockville,,1,294970,37526,2,2
8990,4,29989,Rockville,,1,294968,37526,2,2
8990,4,29990,Rockville,,1,294967,37526,2,2
8990,4,29991,Rockville,,1,294970,37526,2,2
8990,4,29992,Rockville,,1,294968,37526,2,2
8990,4,29974,Rockville,,1,294969,37526,2,2
8990,4,29993,Rockville,,1,294970,37526,2,2
8990,4,30005,Rockville,,1,294968,37526,2,2
8990,4,29994,Rockville,,1,294974,37528,2,2
8990,4,29978,Rockville,,1,294971,37528,2,2
8990,4,29995,Rockville,,1,294972,37528,2,2
8990,4,29996,Rockville,,1,294973,37528,2,2
8990,4,29977,Rockville,,1,294974,37528,2,2
8990,4,29976,Rockville,,1,294966,37527,2,2
8990,4,29997,Rockville,,1,294972,37528,2,2
8990,4,29975,Rockville,,1,294973,37528,2,2
8990,4,29998,Rockville,,1,294966,37528,2,2
8990,4,29999,Rockville,,1,294972,37528,2,2
8990,4,30000,Rockville,,1,294965,37528,2,2
8990,4,29972,Rockville,,1,294966,37528,2,2
8990,4,30001,Rockville,,1,294965,37528,2,2
8990,4,30002,Rockville,,1,294966,37528,2,2
8990,4,30003,Rockville,,1,294965,37528,2,2
8990,4,30004,Rockville,,1,294966,37528,2,2
8991,4,30662,Germantown,,0,295038,37530,2,2
8991,4,30663,Germantown,,0,295039,37530,2,2
8991,4,30664,Germantown,,0,294970,37530,2,2
8991,4,30665,Germantown,,0,294969,37530,2,2
8991,4,30666,Germantown,,0,295040,37530,2,2
8991,4,30667,Germantown,,0,295041,37530,2,2
8991,4,30668,Germantown,,0,295038,37530,2,2
8991,4,30669,Germantown,,0,295039,37530,2,2
8991,4,30670,Germantown,,0,295042,37530,2,2
8991,4,30671,Germantown,,0,295043,37530,2,2
8991,4,30672,Germantown,,0,294969,37530,2,2
8991,4,30692,Germantown,,0,295055,37530,2,2
8991,4,30693,Germantown,,0,295056,37530,2,2
8991,4,30673,Germantown,,0,295044,37530,2,2
8991,4,30694,Germantown,,0,294977,37530,2,2
8991,4,30674,Germantown,,0,295041,37530,2,2
8991,4,30695,Germantown,,0,295057,37530,2,2
8991,4,30675,Germantown,,0,295039,37530,2,2
8991,4,30696,Germantown,,0,295058,37530,2,2
8991,4,30676,Germantown,,0,295045,37530,2,2
8991,4,30697,Germantown,,0,294857,37530,2,2
8991,4,30704,Germantown,,0,295061,37530,2,2
8991,4,30705,Germantown,,0,295038,37530,2,2
8991,4,30706,Germantown,,0,295041,37530,2,2
8991,4,30707,Germantown,,0,295057,37530,2,2
8991,4,30677,Germantown,,0,295046,37530,2,2
8991,4,30708,Germantown,,0,295062,37530,2,2
8991,4,30698,Germantown,,0,295059,37530,2,2
8991,4,30709,Germantown,,0,295049,37530,2,2
8991,4,30678,Germantown,,0,295045,37530,2,2
8991,4,30710,Germantown,,0,295050,37530,2,2
8991,4,30679,Germantown,,0,293373,37530,2,2
8991,4,30699,Germantown,,0,295052,37530,2,2
8991,4,30680,Germantown,,0,295047,37530,2,2
8991,4,30700,Germantown,,0,295046,37530,2,2
8991,4,30681,Germantown,,0,295048,37530,2,2
8991,4,30701,Germantown,,0,295054,37530,2,2
8991,4,30702,Germantown,,0,295059,37530,2,2
8991,4,30682,Germantown,,0,295049,37530,2,2
8991,4,30703,Germantown,,0,295060,37530,2,2
8991,4,30683,Germantown,,0,295045,37530,2,2
8991,4,30684,Germantown,,0,295050,37530,2,2
8991,4,30685,Germantown,,0,295051,37530,2,2
8991,4,30686,Germantown,,0,295047,37530,2,2
8991,4,30687,Germantown,,0,295052,37530,2,2
8991,4,30688,Germantown,,0,294973,37530,2,2
8991,4,30691,Germantown,,0,295054,37530,2,2
8991,4,30689,Germantown,,0,295049,37530,2,2
8991,4,30711,Germantown,,0,295053,37530,2,2
8991,4,30712,Germantown,,0,295052,37530,2,2
8991,4,30713,Germantown,,0,294973,37530,2,2
8991,4,30714,Germantown,,0,295054,37530,2,2
8991,4,30715,Germantown,,0,295049,37530,2,2
8991,4,30690,Germantown,,0,295053,37530,2,2
8991,4,30661,Germantown,,0,294973,37530,2,2
8991,4,30760,Rockville,,1,295039,37532,2,2
8991,4,30717,Rockville,,1,294970,37532,2,2
8991,4,30718,Rockville,,1,294969,37532,2,2
8991,4,30719,Rockville,,1,295040,37532,2,2
8991,4,30720,Rockville,,1,295041,37532,2,2
8991,4,30751,Rockville,,1,295038,37532,2,2
8991,4,30752,Rockville,,1,295039,37532,2,2
8991,4,30721,Rockville,,1,295042,37532,2,2
8991,4,30722,Rockville,,1,294970,37532,2,2
8991,4,30723,Rockville,,1,294969,37532,2,2
8991,4,30724,Rockville,,1,295040,37532,2,2
8991,4,30725,Rockville,,1,295056,37532,2,2
8991,4,30726,Rockville,,1,295041,37532,2,2
8991,4,30727,Rockville,,1,295038,37532,2,2
8991,4,30728,Rockville,,1,295039,37532,2,2
8991,4,30729,Rockville,,1,295042,37532,2,2
8991,4,30761,Rockville,,1,295043,37532,2,2
8991,4,30762,Rockville,,1,294969,37532,2,2
8991,4,30753,Rockville,,1,295055,37532,2,2
8991,4,30763,Rockville,,1,295056,37532,2,2
8991,4,30730,Rockville,,1,295044,37532,2,2
8991,4,30731,Rockville,,1,294977,37532,2,2
8991,4,30764,Rockville,,1,295041,37532,2,2
8991,4,30732,Rockville,,1,295057,37532,2,2
8991,4,30733,Rockville,,1,295039,37532,2,2
8991,4,30765,Rockville,,1,295058,37532,2,2
8991,4,30734,Rockville,,1,295045,37532,2,2
8991,4,30735,Rockville,,1,294857,37532,2,2
8991,4,30766,Rockville,,1,293373,37532,2,2
8991,4,30736,Rockville,,1,295061,37532,2,2
8991,4,30737,Rockville,,1,295038,37532,2,2
8991,4,30767,Rockville,,1,294966,37532,2,2
8991,4,30738,Rockville,,1,295041,37532,2,2
8991,4,30739,Rockville,,1,295057,37532,2,2
8991,4,30741,Rockville,,1,295046,37532,2,2
8991,4,30740,Rockville,,1,295048,37532,2,2
8991,4,30768,Rockville,,1,295062,37532,2,2
8991,4,30716,Rockville,,1,295059,37532,2,2
8991,4,30754,Rockville,,1,295049,37532,2,2
8991,4,30755,Rockville,,1,295060,37532,2,2
8991,4,30769,Rockville,,1,295045,37532,2,2
8991,4,30742,Rockville,,1,295050,37532,2,2
8991,4,30756,Rockville,,1,295052,37532,2,2
8991,4,30770,Rockville,,1,295047,37532,2,2
8991,4,30743,Rockville,,1,295046,37532,2,2
8991,4,30757,Rockville,,1,295054,37532,2,2
8991,4,30771,Rockville,,1,295049,37532,2,2
8991,4,30744,Rockville,,1,295045,37532,2,2
8991,4,30758,Rockville,,1,295051,37532,2,2
8991,4,30759,Rockville,,1,295052,37532,2,2
8991,4,30745,Rockville,,1,294973,37532,2,2
8991,4,30746,Rockville,,1,295054,37532,2,2
8991,4,30747,Rockville,,1,295049,37532,2,2
8991,4,30749,Rockville,,1,295053,37532,2,2
8991,4,30748,Rockville,,1,294973,37532,2,2
8991,4,30750,Rockville,,1,295054,37532,2,2
8992,4,31386,Lakeforest Edison Park,,0,294968,37533,2,2
8992,4,31387,Lakeforest Edison Park,,0,295084,37533,2,2
8992,4,31388,Lakeforest Edison Park,,0,295057,37533,2,2
8992,4,31377,Lakeforest Edison Park,,0,295058,37533,2,2
8992,4,31384,Lakeforest Edison Park,,0,294968,37533,2,2
8992,4,31376,Lakeforest Edison Park,,0,295084,37533,2,2
8992,4,31383,Lakeforest Edison Park,,0,295057,37533,2,2
8992,4,31375,Lakeforest Edison Park,,0,295058,37533,2,2
8992,4,31385,Lakeforest Edison Park,,0,294975,37533,2,2
8992,4,31374,Lakeforest Edison Park,,0,294976,37533,2,2
8992,4,31373,Lakeforest Edison Park,,0,295038,37533,2,2
8992,4,31372,Lakeforest Edison Park,,0,294975,37533,2,2
8992,4,31371,Lakeforest Edison Park,,0,294976,37533,2,2
8992,4,31370,Lakeforest Edison Park,,0,295051,37533,2,2
8992,4,31360,Lakeforest Edison Park,,0,295082,37533,2,2
8992,4,31382,Lakeforest Edison Park,,0,295085,37533,2,2
8992,4,31361,Lakeforest Edison Park,,0,294860,37533,2,2
8992,4,31381,Lakeforest Edison Park,,0,295051,37533,2,2
8992,4,31362,Lakeforest Edison Park,,0,295083,37533,2,2
8992,4,31380,Lakeforest Edison Park,,0,294965,37533,2,2
8992,4,31363,Lakeforest Edison Park,,0,295061,37533,2,2
8992,4,31379,Lakeforest Edison Park,,0,294860,37533,2,2
8992,4,31364,Lakeforest Edison Park,,0,294743,37533,2,2
8992,4,31378,Lakeforest Edison Park,,0,295083,37533,2,2
8992,4,31365,Lakeforest Edison Park,,0,295061,37533,2,2
8992,4,31366,Lakeforest Edison Park,,0,294742,37533,2,2
8992,4,31367,Lakeforest Edison Park,,0,294743,37533,2,2
8992,4,31368,Lakeforest Edison Park,,0,295061,37533,2,2
8992,4,31369,Lakeforest Edison Park,,0,294742,37533,2,2
8992,4,31407,Rockville Edison Park,,1,295084,37535,2,2
8992,4,31406,Rockville Edison Park,,1,295058,37535,2,2
8992,4,31413,Rockville Edison Park,,1,294968,37535,2,2
8992,4,31405,Rockville Edison Park,,1,295084,37535,2,2
8992,4,31410,Rockville Edison Park,,1,295057,37535,2,2
8992,4,31404,Rockville Edison Park,,1,295058,37535,2,2
8992,4,31411,Rockville Edison Park,,1,294968,37535,2,2
8992,4,31403,Rockville Edison Park,,1,294976,37535,2,2
8992,4,31412,Rockville Edison Park,,1,295057,37535,2,2
8992,4,31402,Rockville Edison Park,,1,295058,37535,2,2
8992,4,31414,Rockville Edison Park,,1,294975,37535,2,2
8992,4,31401,Rockville Edison Park,,1,294976,37535,2,2
8992,4,31415,Rockville Edison Park,,1,295038,37535,2,2
8992,4,31408,Rockville Edison Park,,1,294975,37535,2,2
8992,4,31409,Rockville Edison Park,,1,294976,37535,2,2
8992,4,31400,Rockville Edison Park,,1,295051,37535,2,2
8992,4,31399,Rockville Edison Park,,1,295082,37535,2,2
8992,4,31398,Rockville Edison Park,,1,295085,37535,2,2
8992,4,31397,Rockville Edison Park,,1,294860,37535,2,2
8992,4,31396,Rockville Edison Park,,1,295051,37535,2,2
8992,4,31416,Rockville Edison Park,,1,295083,37535,2,2
8992,4,31395,Rockville Edison Park,,1,294965,37535,2,2
8992,4,31417,Rockville Edison Park,,1,295061,37535,2,2
8992,4,31394,Rockville Edison Park,,1,294860,37535,2,2
8992,4,31393,Rockville Edison Park,,1,294743,37535,2,2
8992,4,31392,Rockville Edison Park,,1,295083,37535,2,2
8992,4,31391,Rockville Edison Park,,1,295061,37535,2,2
8992,4,31390,Rockville Edison Park,,1,294742,37535,2,2
8992,4,31389,Rockville Edison Park,,1,294743,37535,2,2
8993,4,31884,Lakeforest,,0,295097,37537,2,2
8993,4,31883,Lakeforest,,0,295095,37537,2,2
8993,4,31882,Lakeforest,,0,295097,37537,2,2
8993,4,31881,Lakeforest,,0,295095,37537,2,2
8993,4,31880,Lakeforest,,0,295097,37537,2,2
8993,4,31879,Lakeforest,,0,295095,37537,2,2
8993,4,31878,Lakeforest,,0,295096,37537,2,2
8993,4,31877,Lakeforest,,0,295095,37537,2,2
8993,4,31890,Lakeforest,,0,295096,37537,2,2
8993,4,31876,Lakeforest,,0,295094,37537,2,2
8993,4,31891,Lakeforest,,0,295096,37537,2,2
8993,4,31885,Lakeforest,,0,295094,37537,2,2
8993,4,31886,Lakeforest,,0,294749,37537,2,2
8993,4,31887,Lakeforest,,0,295094,37537,2,2
8993,4,31875,Lakeforest,,0,294749,37537,2,2
8993,4,31874,Lakeforest,,0,294641,37537,2,2
8993,4,31873,Lakeforest,,0,294749,37537,2,2
8993,4,31872,Lakeforest,,0,294641,37537,2,2
8993,4,31871,Lakeforest,,0,295091,37537,2,2
8993,4,31870,Lakeforest,,0,295093,37537,2,2
8993,4,31869,Lakeforest,,0,295091,37537,2,2
8993,4,31868,Lakeforest,,0,295093,37537,2,2
8993,4,31860,Lakeforest,,0,295091,37537,2,2
8993,4,31867,Lakeforest,,0,295093,37537,2,2
8993,4,31888,Lakeforest,,0,295091,37537,2,2
8993,4,31889,Lakeforest,,0,295092,37537,2,2
8993,4,31866,Lakeforest,,0,295093,37537,2,2
8993,4,31865,Lakeforest,,0,295092,37537,2,2
8993,4,31864,Lakeforest,,0,295093,37537,2,2
8993,4,31863,Lakeforest,,0,295092,37537,2,2
8993,4,31862,Lakeforest,,0,295093,37537,2,2
8993,4,31861,Lakeforest,,0,295092,37537,2,2
8993,4,31892,Lakeforest,,0,295093,37537,2,2
8993,4,31914,Shady Grove,,1,295097,37538,2,2
8993,4,31922,Shady Grove,,1,295095,37538,2,2
8993,4,31913,Shady Grove,,1,295097,37538,2,2
8993,4,31912,Shady Grove,,1,295095,37538,2,2
8993,4,31911,Shady Grove,,1,295097,37538,2,2
8993,4,31910,Shady Grove,,1,295095,37538,2,2
8993,4,31918,Shady Grove,,1,295097,37538,2,2
8993,4,31921,Shady Grove,,1,295095,37538,2,2
8993,4,31909,Shady Grove,,1,295096,37538,2,2
8993,4,31908,Shady Grove,,1,295094,37538,2,2
8993,4,31923,Shady Grove,,1,295096,37538,2,2
8993,4,31907,Shady Grove,,1,295094,37538,2,2
8993,4,31906,Shady Grove,,1,295096,37538,2,2
8993,4,31905,Shady Grove,,1,295094,37538,2,2
8993,4,31915,Shady Grove,,1,294749,37538,2,2
8993,4,31925,Shady Grove,,1,294641,37538,2,2
8993,4,31916,Shady Grove,,1,294749,37538,2,2
8993,4,31917,Shady Grove,,1,294641,37538,2,2
8993,4,31904,Shady Grove,,1,294749,37538,2,2
8993,4,31924,Shady Grove,,1,294641,37538,2,2
8993,4,31903,Shady Grove,,1,295091,37538,2,2
8993,4,31902,Shady Grove,,1,295093,37538,2,2
8993,4,31901,Shady Grove,,1,295091,37538,2,2
8993,4,31900,Shady Grove,,1,295093,37538,2,2
8993,4,31919,Shady Grove,,1,295091,37538,2,2
8993,4,31899,Shady Grove,,1,295093,37538,2,2
8993,4,31898,Shady Grove,,1,295091,37538,2,2
8993,4,31897,Shady Grove,,1,295092,37538,2,2
8993,4,31896,Shady Grove,,1,295093,37538,2,2
8993,4,31895,Shady Grove,,1,295092,37538,2,2
8993,4,31894,Shady Grove,,1,295093,37538,2,2
8993,4,31893,Shady Grove,,1,295092,37538,2,2
8993,4,31920,Shady Grove,,1,295093,37538,2,2
8994,4,32354,Lakeforest,,0,295124,37539,2,2
8994,4,32353,Lakeforest,,0,295115,37539,2,2
8994,4,32352,Lakeforest,,0,295124,37539,2,2
8994,4,32351,Lakeforest,,0,295115,37539,2,2
8994,4,32350,Lakeforest,,0,295123,37539,2,2
8994,4,32330,Lakeforest,,0,295115,37540,2,2
8994,4,32349,Lakeforest,,0,295123,37540,2,2
8994,4,32348,Lakeforest,,0,295122,37540,2,2
8994,4,32347,Lakeforest,,0,295121,37540,2,2
8994,4,32346,Lakeforest,,0,295122,37540,2,2
8994,4,32345,Lakeforest,,0,295121,37540,2,2
8994,4,32344,Lakeforest,,0,295119,37540,2,2
8994,4,32343,Lakeforest,,0,295120,37540,2,2
8994,4,32342,Lakeforest,,0,295119,37540,2,2
8994,4,32341,Lakeforest,,0,294825,37540,2,2
8994,4,32340,Lakeforest,,0,295119,37539,2,2
8994,4,32339,Lakeforest,,0,294825,37539,2,2
8994,4,32338,Lakeforest,,0,295118,37539,2,2
8994,4,32337,Lakeforest,,0,294825,37539,2,2
8994,4,32336,Lakeforest,,0,295117,37539,2,2
8994,4,32335,Lakeforest,,0,295116,37540,2,2
8994,4,32334,Lakeforest,,0,295117,37540,2,2
8994,4,32333,Lakeforest,,0,295116,37540,2,2
8994,4,32332,Lakeforest,,0,295117,37540,2,2
8994,4,32331,Lakeforest,,0,295116,37540,2,2
8994,4,32380,Shady Grove,,1,295124,37542,2,2
8994,4,32379,Shady Grove,,1,295115,37542,2,2
8994,4,32378,Shady Grove,,1,295124,37541,2,2
8994,4,32377,Shady Grove,,1,295115,37541,2,2
8994,4,32376,Shady Grove,,1,295124,37541,2,2
8994,4,32375,Shady Grove,,1,295115,37541,2,2
8994,4,32374,Shady Grove,,1,295123,37542,2,2
8994,4,32373,Shady Grove,,1,295115,37542,2,2
8994,4,32372,Shady Grove,,1,295123,37542,2,2
8994,4,32371,Shady Grove,,1,295122,37542,2,2
8994,4,32370,Shady Grove,,1,295121,37542,2,2
8994,4,32369,Shady Grove,,1,295122,37542,2,2
8994,4,32368,Shady Grove,,1,295121,37542,2,2
8994,4,32367,Shady Grove,,1,295119,37542,2,2
8994,4,32366,Shady Grove,,1,295120,37542,2,2
8994,4,32365,Shady Grove,,1,295119,37542,2,2
8994,4,32364,Shady Grove,,1,294825,37541,2,2
8994,4,32363,Shady Grove,,1,295118,37541,2,2
8994,4,32362,Shady Grove,,1,294825,37541,2,2
8994,4,32361,Shady Grove,,1,295118,37541,2,2
8994,4,32355,Shady Grove,,1,294825,37541,2,2
8994,4,32360,Shady Grove,,1,295117,37542,2,2
8994,4,32359,Shady Grove,,1,295116,37542,2,2
8994,4,32358,Shady Grove,,1,295117,37542,2,2
8994,4,32357,Shady Grove,,1,295116,37542,2,2
8994,4,32356,Shady Grove,,1,295117,37542,2,2
8995,4,32825,Montgomery Village,,0,295144,37543,2,2
8995,4,32824,Montgomery Village,,0,294827,37543,2,2
8995,4,32823,Montgomery Village,,0,295044,37543,2,2
8995,4,32822,Montgomery Village,,0,294824,37543,2,2
8995,4,32821,Montgomery Village,,0,295144,37543,2,2
8995,4,32820,Montgomery Village,,0,294827,37543,2,2
8995,4,32819,Montgomery Village,,0,295143,37543,2,2
8995,4,32818,Montgomery Village,,0,295145,37544,2,2
8995,4,32817,Montgomery Village,,0,294855,37544,2,2
8995,4,32806,Montgomery Village,,0,294856,37544,2,2
8995,4,32816,Montgomery Village,,0,295144,37544,2,2
8995,4,32805,Montgomery Village,,0,294819,37544,2,2
8995,4,32815,Montgomery Village,,0,295143,37544,2,2
8995,4,32826,Montgomery Village,,0,294855,37544,2,2
8995,4,32804,Montgomery Village,,0,294856,37544,2,2
8995,4,32827,Montgomery Village,,0,295144,37544,2,2
8995,4,32828,Montgomery Village,,0,294819,37544,2,2
8995,4,32829,Montgomery Village,,0,295143,37544,2,2
8995,4,32837,Montgomery Village,,0,295147,37543,2,2
8995,4,32838,Montgomery Village,,0,295148,37543,2,2
8995,4,32830,Montgomery Village,,0,295146,37543,2,2
8995,4,32839,Montgomery Village,,0,294971,37543,2,2
8995,4,32831,Montgomery Village,,0,294858,37543,2,2
8995,4,32832,Montgomery Village,,0,295142,37543,2,2
8995,4,32833,Montgomery Village,,0,295085,37543,2,2
8995,4,32834,Montgomery Village,,0,295146,37543,2,2
8995,4,32835,Montgomery Village,,0,294971,37543,2,2
8995,4,32836,Montgomery Village,,0,295142,37543,2,2
8995,4,32814,Montgomery Village,,0,295085,37544,2,2
8995,4,32813,Montgomery Village,,0,295046,37544,2,2
8995,4,32812,Montgomery Village,,0,294826,37544,2,2
8995,4,32811,Montgomery Village,,0,295142,37544,2,2
8995,4,32810,Montgomery Village,,0,295046,37544,2,2
8995,4,32809,Montgomery Village,,0,294826,37544,2,2
8995,4,32808,Montgomery Village,,0,295142,37544,2,2
8995,4,32807,Montgomery Village,,0,294826,37544,2,2
8995,4,32840,Montgomery Village,,0,295142,37544,2,2
8995,4,32869,Rockville,,1,294827,37545,2,2
8995,4,32868,Rockville,,1,295044,37545,2,2
8995,4,32867,Rockville,,1,294824,37545,2,2
8995,4,32844,Rockville,,1,294857,37545,2,2
8995,4,32866,Rockville,,1,295144,37545,2,2
8995,4,32865,Rockville,,1,294827,37545,2,2
8995,4,32864,Rockville,,1,295143,37545,2,2
8995,4,32863,Rockville,,1,295044,37545,2,2
8995,4,32862,Rockville,,1,294824,37545,2,2
8995,4,32861,Rockville,,1,295144,37545,2,2
8995,4,32860,Rockville,,1,294827,37545,2,2
8995,4,32859,Rockville,,1,295143,37545,2,2
8995,4,32858,Rockville,,1,295145,37545,2,2
8995,4,32857,Rockville,,1,294855,37545,2,2
8995,4,32842,Rockville,,1,294856,37545,2,2
8995,4,32856,Rockville,,1,295144,37545,2,2
8995,4,32855,Rockville,,1,294819,37545,2,2
8995,4,32854,Rockville,,1,295143,37545,2,2
8995,4,32853,Rockville,,1,294855,37545,2,2
8995,4,32852,Rockville,,1,294856,37545,2,2
8995,4,32841,Rockville,,1,295144,37545,2,2
8995,4,32851,Rockville,,1,294819,37545,2,2
8995,4,32870,Rockville,,1,295143,37545,2,2
8995,4,32871,Rockville,,1,295147,37545,2,2
8995,4,32872,Rockville,,1,295146,37545,2,2
8995,4,32876,Rockville,,1,294971,37545,2,2
8995,4,32843,Rockville,,1,295142,37545,2,2
8995,4,32873,Rockville,,1,295085,37545,2,2
8995,4,32874,Rockville,,1,295146,37545,2,2
8995,4,32875,Rockville,,1,295142,37545,2,2
8995,4,32850,Rockville,,1,295085,37545,2,2
8995,4,32849,Rockville,,1,295046,37545,2,2
8995,4,32848,Rockville,,1,294826,37545,2,2
8995,4,32847,Rockville,,1,295142,37545,2,2
8995,4,32846,Rockville,,1,295046,37545,2,2
8995,4,32845,Rockville,,1,294826,37545,2,2
8995,4,32877,Rockville,,1,295142,37545,2,2
8996,4,33130,Parkside via Grosvenor,,0,295185,37546,2,2
8996,4,33131,Parkside via Grosvenor,,0,295185,37546,2,2
8996,4,33132,Parkside via Grosvenor,,0,295185,37546,2,2
8996,4,33133,Parkside via Grosvenor,,0,295186,37546,2,2
8996,4,33134,Parkside via Grosvenor,,0,295186,37546,2,2
8996,4,33135,Parkside via Grosvenor,,0,295186,37546,2,2
8996,4,33136,Parkside via Grosvenor,,0,295184,37546,2,2
8996,4,33137,Parkside via Grosvenor,,0,295184,37546,2,2
8996,4,33129,Parkside via Grosvenor,,0,295184,37546,2,2
8996,4,33128,Parkside via Grosvenor,,0,295184,37546,2,2
8996,4,33127,Parkside via Grosvenor,,0,294610,37546,2,2
8996,4,33138,Parkside via Grosvenor,,0,294610,37546,2,2
8996,4,33139,Parkside via Grosvenor,,0,294610,37546,2,2
8996,4,33140,Parkside via Grosvenor,,0,294610,37546,2,2
8996,4,33141,Parkside via Grosvenor,,0,295183,37546,2,2
8996,4,33142,Parkside via Grosvenor,,0,295183,37546,2,2
8996,4,33126,Parkside via Grosvenor,,0,295183,37546,2,2
8996,4,33125,Parkside via Grosvenor,,0,295183,37546,2,2
8996,4,33143,Parkside via Grosvenor,,0,295183,37546,2,2
8996,4,33124,Parkside via Grosvenor,,0,295183,37546,2,2
8996,4,33158,Montgomery Mall via Grosvenor,,1,295185,37547,2,2
8996,4,33157,Montgomery Mall via Grosvenor,,1,295185,37547,2,2
8996,4,33156,Montgomery Mall via Grosvenor,,1,295185,37547,2,2
8996,4,33155,Montgomery Mall via Grosvenor,,1,295185,37547,2,2
8996,4,33154,Montgomery Mall via Grosvenor,,1,295186,37547,2,2
8996,4,33153,Montgomery Mall via Grosvenor,,1,295186,37547,2,2
8996,4,33152,Montgomery Mall via Grosvenor,,1,295186,37547,2,2
8996,4,33151,Montgomery Mall via Grosvenor,,1,295184,37547,2,2
8996,4,33148,Montgomery Mall via Grosvenor,,1,295184,37547,2,2
8996,4,33147,Montgomery Mall via Grosvenor,,1,295184,37547,2,2
8996,4,33146,Montgomery Mall via Grosvenor,,1,295184,37547,2,2
8996,4,33150,Montgomery Mall via Grosvenor,,1,294610,37547,2,2
8996,4,33145,Montgomery Mall via Grosvenor,,1,294610,37547,2,2
8996,4,33159,Montgomery Mall via Grosvenor,,1,294610,37547,2,2
8996,4,33160,Montgomery Mall via Grosvenor,,1,294610,37547,2,2
8996,4,33161,Montgomery Mall via Grosvenor,,1,295183,37547,2,2
8996,4,33162,Montgomery Mall via Grosvenor,,1,295183,37547,2,2
8996,4,33149,Montgomery Mall via Grosvenor,,1,295183,37547,2,2
8996,4,33163,Montgomery Mall via Grosvenor,,1,295183,37547,2,2
8996,4,33144,Montgomery Mall via Grosvenor,,1,295183,37547,2,2
8997,4,33259,Montgomery Village,,0,295092,37548,2,2
8997,4,33260,Montgomery Village,,0,295197,37548,2,2
8997,4,33261,Montgomery Village,,0,295197,37548,2,2
8997,4,33263,Montgomery Village,,0,295197,37548,2,2
8997,4,33262,Montgomery Village,,0,295197,37548,2,2
8997,4,33258,Montgomery Village,,0,295197,37548,2,2
8997,4,33257,Montgomery Village,,0,295197,37548,2,2
8997,4,33266,Shady Grove,,1,295198,37549,2,2
8997,4,33267,Shady Grove,,1,295198,37549,2,2
8997,4,33268,Shady Grove,,1,295198,37549,2,2
8997,4,33269,Shady Grove,,1,295198,37549,2,2
8997,4,33265,Shady Grove,,1,295198,37549,2,2
8997,4,33264,Shady Grove,,1,295198,37549,2,2
8998,4,33531,Germantown Trans Cntr via Watkins Mill Rd,,0,295209,37550,2,2
8998,4,33532,Germantown Trans Cntr via Watkins Mill Rd,,0,295210,37550,2,2
8998,4,33533,Germantown Trans Cntr via Watkins Mill Rd,,0,295121,37550,2,2
8998,4,33534,Germantown Trans Cntr via Watkins Mill Rd,,0,295211,37550,2,2
8998,4,33535,Germantown Trans Cntr via Watkins Mill Rd,,0,295209,37550,2,2
8998,4,33536,Germantown Trans Cntr via Watkins Mill Rd,,0,295210,37550,2,2
8998,4,33537,Germantown Trans Cntr via Watkins Mill Rd,,0,295121,37550,2,2
8998,4,33538,Germantown Trans Cntr via Watkins Mill Rd,,0,295211,37550,2,2
8998,4,33539,Germantown Trans Cntr via Watkins Mill Rd,,0,295212,37550,2,2
8998,4,33540,Germantown Trans Cntr via Watkins Mill Rd,,0,295198,37550,2,2
8998,4,33541,Germantown Trans Cntr via Watkins Mill Rd,,0,295115,37550,2,2
8998,4,33542,Germantown Trans Cntr via Watkins Mill Rd,,0,295213,37550,2,2
8998,4,33543,Germantown Trans Cntr via Watkins Mill Rd,,0,295212,37550,2,2
8998,4,33544,Germantown Trans Cntr via Watkins Mill Rd,,0,295198,37550,2,2
8998,4,33545,Germantown Trans Cntr via Watkins Mill Rd,,0,295115,37550,2,2
8998,4,33546,Germantown Trans Cntr via Watkins Mill Rd,,0,295213,37550,2,2
8998,4,33547,Germantown Trans Cntr via Watkins Mill Rd,,0,295214,37550,2,2
8998,4,33548,Germantown Trans Cntr via Watkins Mill Rd,,0,295215,37550,2,2
8998,4,33549,Germantown Trans Cntr via Watkins Mill Rd,,0,295216,37550,2,2
8998,4,33550,Germantown Trans Cntr via Watkins Mill Rd,,0,295217,37550,2,2
8998,4,33551,Germantown Trans Cntr via Watkins Mill Rd,,0,295214,37550,2,2
8998,4,33552,Germantown Trans Cntr via Watkins Mill Rd,,0,295215,37550,2,2
8998,4,33553,Germantown Trans Cntr via Watkins Mill Rd,,0,295216,37550,2,2
8998,4,33554,Germantown Trans Cntr via Watkins Mill Rd,,0,295217,37550,2,2
8998,4,33555,Germantown Trans Cntr via Watkins Mill Rd,,0,295214,37550,2,2
8998,4,33556,Germantown Trans Cntr via Watkins Mill Rd,,0,295215,37550,2,2
8998,4,33557,Germantown Trans Cntr via Watkins Mill Rd,,0,295216,37550,2,2
8998,4,33558,Germantown Trans Cntr via Watkins Mill Rd,,0,295217,37550,2,2
8998,4,33559,Germantown Trans Cntr via Watkins Mill Rd,,0,295214,37550,2,2
8998,4,33560,Germantown Trans Cntr via Watkins Mill Rd,,0,295215,37550,2,2
8998,4,33561,Germantown Trans Cntr via Watkins Mill Rd,,0,295217,37550,2,2
8998,4,33562,Germantown Trans Cntr via Watkins Mill Rd,,0,295214,37550,2,2
8998,4,33563,Germantown Trans Cntr via Watkins Mill Rd,,0,295215,37550,2,2
8998,4,33564,Shady Grove via Watkins Mill Rd,,1,295209,37552,2,2
8998,4,33565,Shady Grove via Watkins Mill Rd,,1,295210,37552,2,2
8998,4,33566,Shady Grove via Watkins Mill Rd,,1,295121,37552,2,2
8998,4,33567,Shady Grove via Watkins Mill Rd,,1,295209,37552,2,2
8998,4,33568,Shady Grove via Watkins Mill Rd,,1,295210,37552,2,2
8998,4,33569,Shady Grove via Watkins Mill Rd,,1,295121,37552,2,2
8998,4,33570,Shady Grove via Watkins Mill Rd,,1,295211,37552,2,2
8998,4,33571,Shady Grove via Watkins Mill Rd,,1,295209,37552,2,2
8998,4,33572,Shady Grove via Watkins Mill Rd,,1,295210,37552,2,2
8998,4,33573,Shady Grove via Watkins Mill Rd,,1,295121,37552,2,2
8998,4,33574,Shady Grove via Watkins Mill Rd,,1,295211,37552,2,2
8998,4,33575,Shady Grove via Watkins Mill Rd,,1,295212,37552,2,2
8998,4,33576,Shady Grove via Watkins Mill Rd,,1,295198,37552,2,2
8998,4,33577,Shady Grove via Watkins Mill Rd,,1,295115,37552,2,2
8998,4,33578,Shady Grove via Watkins Mill Rd,,1,295213,37552,2,2
8998,4,33579,Shady Grove via Watkins Mill Rd,,1,295212,37552,2,2
8998,4,33580,Shady Grove via Watkins Mill Rd,,1,295198,37552,2,2
8998,4,33581,Shady Grove via Watkins Mill Rd,,1,295115,37552,2,2
8998,4,33582,Shady Grove via Watkins Mill Rd,,1,295213,37552,2,2
8998,4,33583,Shady Grove via Watkins Mill Rd,,1,295214,37552,2,2
8998,4,33584,Shady Grove via Watkins Mill Rd,,1,295215,37552,2,2
8998,4,33585,Shady Grove via Watkins Mill Rd,,1,295216,37552,2,2
8998,4,33586,Shady Grove via Watkins Mill Rd,,1,295217,37552,2,2
8998,4,33587,Shady Grove via Watkins Mill Rd,,1,295214,37552,2,2
8998,4,33588,Shady Grove via Watkins Mill Rd,,1,295215,37552,2,2
8998,4,33589,Shady Grove via Watkins Mill Rd,,1,295216,37552,2,2
8998,4,33590,Shady Grove via Watkins Mill Rd,,1,295217,37552,2,2
8998,4,33591,Shady Grove via Watkins Mill Rd,,1,295214,37552,2,2
8998,4,33592,Shady Grove via Watkins Mill Rd,,1,295215,37552,2,2
8998,4,33593,Shady Grove via Watkins Mill Rd,,1,295216,37552,2,2
8998,4,33594,Shady Grove via Watkins Mill Rd,,1,295217,37552,2,2
8998,4,33595,Shady Grove via Watkins Mill Rd,,1,295214,37552,2,2
8998,4,33596,Shady Grove via Watkins Mill Rd,,1,295215,37552,2,2
8999,4,33837,SHADY GROVE,,0,295233,37553,2,2
8999,4,33838,SHADY GROVE,,0,295233,37553,2,2
8999,4,33836,SHADY GROVE,,0,295233,37553,2,2
8999,4,33839,SHADY GROVE,,0,295233,37553,2,2
8999,4,33835,SHADY GROVE,,0,295097,37553,2,2
8999,4,33827,SHADY GROVE,,0,295097,37553,2,2
8999,4,33834,SHADY GROVE,,0,295097,37553,2,2
8999,4,33833,SHADY GROVE,,0,295097,37553,2,2
8999,4,33832,SHADY GROVE,,0,295232,37553,2,2
8999,4,33831,SHADY GROVE,,0,295232,37553,2,2
8999,4,33830,SHADY GROVE,,0,295053,37553,2,2
8999,4,33829,SHADY GROVE,,0,295053,37553,2,2
8999,4,33840,SHADY GROVE,,0,295053,37553,2,2
8999,4,33828,SHADY GROVE,,0,295053,37553,2,2
8999,4,33851,ROCKVILLE,,1,295233,37555,2,2
8999,4,33852,ROCKVILLE,,1,295233,37555,2,2
8999,4,33850,ROCKVILLE,,1,295233,37555,2,2
8999,4,33853,ROCKVILLE,,1,295097,37555,2,2
8999,4,33849,ROCKVILLE,,1,295097,37555,2,2
8999,4,33841,ROCKVILLE,,1,295097,37555,2,2
8999,4,33848,ROCKVILLE,,1,295097,37555,2,2
8999,4,33847,ROCKVILLE,,1,295232,37555,2,2
8999,4,33846,ROCKVILLE,,1,295232,37555,2,2
8999,4,33845,ROCKVILLE,,1,295232,37555,2,2
8999,4,33844,ROCKVILLE,,1,295053,37555,2,2
8999,4,33843,ROCKVILLE,,1,295053,37555,2,2
8999,4,33854,ROCKVILLE,,1,295053,37555,2,2
8999,4,33842,ROCKVILLE,,1,295053,37555,2,2
9000,4,34128,Montgomery Village,,0,295238,37557,2,2
9000,4,34130,Montgomery Village,,0,295239,37557,2,2
9000,4,34131,Montgomery Village,,0,295238,37557,2,2
9000,4,34132,Montgomery Village,,0,295239,37557,2,2
9000,4,34133,Montgomery Village,,0,295238,37557,2,2
9000,4,34134,Montgomery Village,,0,295240,37557,2,2
9000,4,34135,Montgomery Village,,0,295084,37557,2,2
9000,4,34136,Montgomery Village,,0,295240,37557,2,2
9000,4,34137,Montgomery Village,,0,295084,37557,2,2
9000,4,34138,Montgomery Village,,0,295240,37557,2,2
9000,4,34139,Montgomery Village,,0,295084,37557,2,2
9000,4,34140,Montgomery Village,,0,295241,37557,2,2
9000,4,34141,Montgomery Village,,0,294642,37557,2,2
9000,4,34142,Montgomery Village,,0,295241,37557,2,2
9000,4,34143,Montgomery Village,,0,294642,37557,2,2
9000,4,34144,Montgomery Village,,0,295241,37557,2,2
9000,4,34145,Montgomery Village,,0,294642,37557,2,2
9000,4,34146,Montgomery Village,,0,295241,37557,2,2
9000,4,34147,Montgomery Village,,0,295118,37557,2,2
9000,4,34148,Montgomery Village,,0,295059,37557,2,2
9000,4,34149,Montgomery Village,,0,295118,37557,2,2
9000,4,34150,Montgomery Village,,0,295059,37557,2,2
9000,4,34151,Montgomery Village,,0,295118,37557,2,2
9000,4,34129,Montgomery Village,,0,295059,37557,2,2
9000,4,34152,Shady Grove,,1,295238,37558,2,2
9000,4,34154,Shady Grove,,1,295239,37558,2,2
9000,4,34155,Shady Grove,,1,295238,37558,2,2
9000,4,34156,Shady Grove,,1,295239,37558,2,2
9000,4,34157,Shady Grove,,1,295238,37558,2,2
9000,4,34158,Shady Grove,,1,295239,37558,2,2
9000,4,34159,Shady Grove,,1,295238,37558,2,2
9000,4,34160,Shady Grove,,1,295240,37558,2,2
9000,4,34161,Shady Grove,,1,295084,37558,2,2
9000,4,34162,Shady Grove,,1,295240,37558,2,2
9000,4,34163,Shady Grove,,1,295084,37558,2,2
9000,4,34164,Shady Grove,,1,295240,37558,2,2
9000,4,34165,Shady Grove,,1,295084,37558,2,2
9000,4,34166,Shady Grove,,1,295241,37558,2,2
9000,4,34167,Shady Grove,,1,294642,37558,2,2
9000,4,34168,Shady Grove,,1,295241,37558,2,2
9000,4,34169,Shady Grove,,1,294642,37558,2,2
9000,4,34170,Shady Grove,,1,295241,37558,2,2
9000,4,34171,Shady Grove,,1,294642,37558,2,2
9000,4,34172,Shady Grove,,1,295241,37558,2,2
9000,4,34173,Shady Grove,,1,295118,37558,2,2
9000,4,34174,Shady Grove,,1,295059,37558,2,2
9000,4,34175,Shady Grove,,1,295118,37558,2,2
9000,4,34153,Shady Grove,,1,295059,37558,2,2
9001,4,34348,Montgomery Village,,0,295246,37559,2,2
9001,4,34347,Montgomery Village,,0,295246,37559,2,2
9001,4,34346,Montgomery Village,,0,295246,37559,2,2
9001,4,34345,Montgomery Village,,0,295246,37559,2,2
9001,4,34344,Montgomery Village,,0,295246,37559,2,2
9001,4,34343,Montgomery Village,,0,295246,37559,2,2
9001,4,34353,Shady Grove,,1,295247,37560,2,2
9001,4,34349,Shady Grove,,1,295247,37560,2,2
9001,4,34350,Shady Grove,,1,295247,37560,2,2
9001,4,34351,Shady Grove,,1,295247,37560,2,2
9001,4,34352,Shady Grove,,1,295084,37560,2,2
9002,4,34394,Shady Grove via Shady Grove Hospital,,0,295249,37561,2,2
9002,4,34393,Shady Grove via Shady Grove Hospital,,0,295250,37561,2,2
9002,4,34392,Shady Grove via Shady Grove Hospital,,0,295249,37561,2,2
9002,4,34391,Shady Grove via Shady Grove Hospital,,0,295250,37561,2,2
9002,4,34390,Shady Grove via Shady Grove Hospital,,0,295249,37561,2,2
9002,4,34395,Shady Grove via Shady Grove Hospital,,0,295250,37561,2,2
9002,4,34396,Shady Grove via Shady Grove Hospital,,0,295249,37561,2,2
9002,4,34402,Traville via Shady Grove Hospital,,1,295251,37563,2,2
9002,4,34397,Traville via Shady Grove Hospital,,1,294748,37563,2,2
9002,4,34398,Traville via Shady Grove Hospital,,1,295251,37563,2,2
9002,4,34399,Traville via Shady Grove Hospital,,1,294748,37563,2,2
9002,4,34400,Traville via Shady Grove Hospital,,1,295251,37563,2,2
9002,4,34403,Traville via Shady Grove Hospital,,1,294748,37563,2,2
9002,4,34401,Traville via Shady Grove Hospital,,1,295251,37563,2,2
9003,4,34453,Shady Grove,,0,294748,37565,2,2
9003,4,34447,Shady Grove,,0,295251,37565,2,2
9003,4,34448,Shady Grove,,0,294748,37565,2,2
9003,4,34449,Shady Grove,,0,295251,37565,2,2
9003,4,34450,Shady Grove,,0,294748,37565,2,2
9003,4,34451,Shady Grove,,0,295251,37565,2,2
9003,4,34452,Shady Grove,,0,294748,37565,2,2
9003,4,34454,Shady Grove,,0,295251,37565,2,2
9003,4,34455,Traville,,1,295249,37566,2,2
9003,4,34456,Traville,,1,295250,37566,2,2
9003,4,34457,Traville,,1,295249,37566,2,2
9003,4,34458,Traville,,1,295250,37566,2,2
9003,4,34459,Traville,,1,295249,37566,2,2
9003,4,34460,Traville,,1,295250,37566,2,2
9003,4,34461,Traville,,1,295249,37566,2,2
9004,4,34505,Wheaton,,0,295258,37567,2,2
9004,4,34509,Wheaton,,0,295258,37567,2,2
9004,4,34508,Wheaton,,0,295258,37567,2,2
9004,4,34507,Wheaton,,0,295258,37567,2,2
9004,4,34506,Wheaton,,0,295258,37567,2,2
9004,4,34504,Wheaton,,0,295258,37567,2,2
9004,4,34512,Forest Glen,,1,295259,37568,2,2
9004,4,34515,Forest Glen,,1,295259,37568,2,2
9004,4,34514,Forest Glen,,1,295259,37568,2,2
9004,4,34513,Forest Glen,,1,295259,37568,2,2
9004,4,34511,Forest Glen,,1,295259,37568,2,2
9004,4,34510,Forest Glen,,1,295259,37568,2,2
9005,4,34599,Germantown Milestone,,0,295281,37569,2,2
9005,4,34593,Germantown Milestone,,0,295279,37569,2,2
9005,4,34598,Germantown Milestone,,0,295281,37569,2,2
9005,4,34597,Germantown Milestone,,0,295279,37569,2,2
9005,4,34596,Germantown Milestone,,0,295280,37569,2,2
9005,4,34592,Germantown Milestone,,0,295278,37569,2,2
9005,4,34590,Germantown Milestone via Medical Center,,0,295277,37570,2,2
9005,4,34584,Germantown Milestone via Medical Center,,0,295274,37570,2,2
9005,4,34595,Germantown Milestone via Medical Center,,0,295276,37570,2,2
9005,4,34585,Germantown Milestone via Medical Center,,0,295275,37570,2,2
9005,4,34586,Germantown Milestone via Medical Center,,0,295274,37570,2,2
9005,4,34591,Germantown Milestone via Medical Center,,0,295276,37570,2,2
9005,4,34587,Germantown Milestone via Medical Center,,0,295275,37570,2,2
9005,4,34588,Germantown Milestone via Medical Center,,0,295274,37570,2,2
9005,4,34589,Germantown Milestone via Medical Center,,0,295276,37570,2,2
9005,4,34594,Germantown Milestone via Medical Center,,0,295275,37570,2,2
9005,4,34613,Bethesda via Medical Center,,1,295281,37572,2,2
9005,4,34612,Bethesda via Medical Center,,1,295279,37572,2,2
9005,4,34604,Bethesda via Medical Center,,1,295281,37572,2,2
9005,4,34602,Bethesda via Medical Center,,1,295279,37572,2,2
9005,4,34611,Bethesda via Medical Center,,1,295280,37572,2,2
9005,4,34601,Bethesda via Medical Center,,1,295278,37572,2,2
9005,4,34614,Bethesda via Medical Center,,1,295279,37572,2,2
9005,4,34615,Bethesda via Medical Center,,1,295280,37572,2,2
9005,4,34610,Bethesda via Medical Center,,1,295278,37572,2,2
9005,4,34609,Bethesda,,1,295277,37571,2,2
9005,4,34608,Bethesda,,1,295274,37571,2,2
9005,4,34603,Bethesda,,1,295276,37571,2,2
9005,4,34607,Bethesda,,1,295275,37571,2,2
9005,4,34606,Bethesda,,1,295274,37571,2,2
9005,4,34605,Bethesda,,1,295276,37571,2,2
9005,4,34600,Bethesda,,1,295275,37571,2,2
9006,4,34695,Kingsview,,0,295197,37573,2,2
9006,4,34694,Kingsview,,0,295294,37573,2,2
9006,4,34699,Kingsview,,0,295092,37573,2,2
9006,4,34693,Kingsview,,0,295294,37573,2,2
9006,4,34698,Kingsview,,0,295092,37573,2,2
9006,4,34697,Kingsview,,0,295294,37573,2,2
9006,4,34696,Kingsview,,0,295060,37573,2,2
9006,4,34705,Shady Grove,,1,294745,37574,2,2
9006,4,34701,Shady Grove,,1,295143,37574,2,2
9006,4,34704,Shady Grove,,1,294747,37574,2,2
9006,4,34700,Shady Grove,,1,295056,37574,2,2
9006,4,34703,Shady Grove,,1,295295,37574,2,2
9006,4,34702,Shady Grove,,1,295247,37574,2,2
9007,4,34779,Clarksburg via Gateway,,0,293370,37575,2,2
9007,4,34778,Clarksburg via Gateway,,0,295213,37575,2,2
9007,4,34777,Clarksburg via Gateway,,0,293370,37575,2,2
9007,4,34764,Clarksburg via Gateway,,0,295213,37575,2,2
9007,4,34765,Clarksburg via Gateway,,0,293370,37575,2,2
9007,4,34766,Clarksburg via Gateway,,0,295213,37575,2,2
9007,4,34767,Clarksburg via Gateway,,0,293370,37575,2,2
9007,4,34768,Clarksburg via Gateway,,0,295213,37575,2,2
9007,4,34769,Cabin Branch via W Old Baltimore,,0,295297,37576,2,2
9007,4,34770,Cabin Branch via W Old Baltimore,,0,295298,37576,2,2
9007,4,34771,Cabin Branch via W Old Baltimore,,0,295297,37576,2,2
9007,4,34772,Cabin Branch via W Old Baltimore,,0,295298,37576,2,2
9007,4,34773,Cabin Branch via W Old Baltimore,,0,295297,37576,2,2
9007,4,34774,Cabin Branch via W Old Baltimore,,0,295298,37576,2,2
9007,4,34775,Cabin Branch via W Old Baltimore,,0,295297,37576,2,2
9007,4,34776,Cabin Branch via W Old Baltimore,,0,295298,37576,2,2
9007,4,34795,Shady Grove via W Old Baltimore,,1,293370,37578,2,2
9007,4,34794,Shady Grove via W Old Baltimore,,1,295213,37578,2,2
9007,4,34793,Shady Grove via W Old Baltimore,,1,293370,37578,2,2
9007,4,34792,Shady Grove via W Old Baltimore,,1,295213,37578,2,2
9007,4,34791,Shady Grove via W Old Baltimore,,1,293370,37578,2,2
9007,4,34790,Shady Grove via W Old Baltimore,,1,295213,37578,2,2
9007,4,34789,Shady Grove via W Old Baltimore,,1,293370,37578,2,2
9007,4,34788,Shady Grove via W Old Baltimore,,1,295213,37578,2,2
9007,4,34787,Shady Grove via Gateway,,1,295297,37577,2,2
9007,4,34786,Shady Grove via Gateway,,1,295298,37577,2,2
9007,4,34785,Shady Grove via Gateway,,1,295297,37577,2,2
9007,4,34784,Shady Grove via Gateway,,1,295298,37577,2,2
9007,4,34783,Shady Grove via Gateway,,1,295297,37577,2,2
9007,4,34782,Shady Grove via Gateway,,1,295298,37577,2,2
9007,4,34781,Shady Grove via Gateway,,1,295297,37577,2,2
9007,4,34780,Shady Grove via Gateway,,1,295298,37577,2,2
9008,4,34973,Germantown Trans Cntr,,0,295240,37579,2,2
9008,4,34971,Germantown Trans Cntr,,0,295304,37579,2,2
9008,4,34974,Germantown Trans Cntr,,0,295240,37579,2,2
9008,4,34975,Germantown Trans Cntr,,0,295306,37579,2,2
9008,4,34976,Germantown Trans Cntr,,0,295304,37579,2,2
9008,4,34977,Germantown Trans Cntr,,0,295295,37579,2,2
9008,4,34978,Germantown Trans Cntr,,0,295209,37579,2,2
9008,4,34979,Germantown Trans Cntr,,0,295210,37579,2,2
9008,4,34980,Germantown Trans Cntr,,0,295295,37579,2,2
9008,4,34981,Germantown Trans Cntr,,0,295209,37579,2,2
9008,4,34982,Germantown Trans Cntr,,0,295210,37579,2,2
9008,4,34972,Germantown Trans Cntr,,0,295305,37579,2,2
9008,4,34983,Germantown Trans Cntr,,0,295303,37579,2,2
9008,4,34984,Germantown Trans Cntr,,0,295302,37579,2,2
9008,4,34985,Germantown Trans Cntr,,0,295305,37579,2,2
9008,4,34970,Germantown Trans Cntr,,0,295303,37579,2,2
9008,4,34969,Germantown Trans Cntr,,0,295302,37579,2,2
9008,4,34986,Germantown Trans Cntr,,0,295307,37579,2,2
9008,4,34987,Germantown Trans Cntr,,0,295308,37579,2,2
9008,4,34993,Germantown Trans Cntr,,0,295302,37579,2,2
9008,4,34994,Germantown Trans Cntr,,0,295307,37579,2,2
9008,4,34988,Germantown Trans Cntr,,0,295308,37579,2,2
9008,4,34989,Germantown Trans Cntr,,0,295241,37579,2,2
9008,4,34990,Germantown Trans Cntr,,0,295307,37579,2,2
9008,4,34991,Germantown Trans Cntr,,0,295241,37579,2,2
9008,4,34992,Germantown Trans Cntr,,0,295307,37579,2,2
9008,4,35000,Shady Grove,,1,295240,37580,2,2
9008,4,35001,Shady Grove,,1,295304,37580,2,2
9008,4,35002,Shady Grove,,1,295240,37580,2,2
9008,4,35003,Shady Grove,,1,295306,37580,2,2
9008,4,35020,Shady Grove,,1,295304,37580,2,2
9008,4,35021,Shady Grove,,1,295240,37580,2,2
9008,4,35004,Shady Grove,,1,295306,37580,2,2
9008,4,34997,Shady Grove,,1,295304,37580,2,2
9008,4,35005,Shady Grove,,1,295295,37580,2,2
9008,4,35006,Shady Grove,,1,295209,37580,2,2
9008,4,35007,Shady Grove,,1,295210,37580,2,2
9008,4,34999,Shady Grove,,1,295295,37580,2,2
9008,4,34998,Shady Grove,,1,295209,37580,2,2
9008,4,35008,Shady Grove,,1,295210,37580,2,2
9008,4,35009,Shady Grove,,1,295305,37580,2,2
9008,4,35010,Shady Grove,,1,295303,37580,2,2
9008,4,35011,Shady Grove,,1,295302,37580,2,2
9008,4,35012,Shady Grove,,1,295307,37580,2,2
9008,4,35013,Shady Grove,,1,295308,37580,2,2
9008,4,35014,Shady Grove,,1,295302,37580,2,2
9008,4,34996,Shady Grove,,1,295307,37580,2,2
9008,4,35015,Shady Grove,,1,295308,37580,2,2
9008,4,35016,Shady Grove,,1,295302,37580,2,2
9008,4,35017,Shady Grove,,1,295307,37580,2,2
9008,4,35018,Shady Grove,,1,295241,37580,2,2
9008,4,35019,Shady Grove,,1,295307,37580,2,2
9008,4,34995,Shady Grove,,1,295241,37580,2,2
9009,4,35376,Clarksburg M. C. C. F.,,0,295338,37583,2,2
9009,4,35378,Clarksburg M. C. C. F.,,0,295340,37583,2,2
9009,4,35379,Clarksburg M. C. C. F.,,0,295341,37583,2,2
9009,4,35380,Clarksburg M. C. C. F.,,0,295338,37583,2,2
9009,4,35381,Clarksburg M. C. C. F.,,0,295340,37583,2,2
9009,4,35382,Clarksburg M. C. C. F.,,0,295341,37583,2,2
9009,4,35383,Clarksburg M. C. C. F.,,0,294643,37583,2,2
9009,4,35384,Clarksburg M. C. C. F.,,0,295338,37583,2,2
9009,4,35385,Clarksburg M. C. C. F.,,0,295340,37583,2,2
9009,4,35386,Clarksburg M. C. C. F.,,0,294643,37583,2,2
9009,4,35387,Clarksburg M. C. C. F.,,0,295338,37583,2,2
9009,4,35388,Clarksburg M. C. C. F.,,0,295340,37583,2,2
9009,4,35389,Clarksburg M. C. C. F.,,0,295117,37583,2,2
9009,4,35390,Clarksburg M. C. C. F.,,0,295342,37583,2,2
9009,4,35391,Clarksburg M. C. C. F.,,0,295339,37583,2,2
9009,4,35392,Clarksburg M. C. C. F.,,0,295117,37583,2,2
9009,4,35393,Clarksburg M. C. C. F.,,0,295342,37583,2,2
9009,4,35394,Clarksburg M. C. C. F.,,0,295339,37583,2,2
9009,4,35395,Clarksburg M. C. C. F.,,0,295303,37583,2,2
9009,4,35396,Clarksburg M. C. C. F.,,0,293371,37583,2,2
9009,4,35397,Clarksburg M. C. C. F.,,0,295339,37583,2,2
9009,4,35398,Clarksburg M. C. C. F.,,0,295303,37583,2,2
9009,4,35399,Clarksburg M. C. C. F.,,0,293371,37583,2,2
9009,4,35400,Clarksburg M. C. C. F.,,0,295339,37583,2,2
9009,4,35401,Clarksburg M. C. C. F.,,0,295303,37583,2,2
9009,4,35402,Clarksburg M. C. C. F.,,0,293371,37583,2,2
9009,4,35377,Clarksburg M. C. C. F.,,0,295339,37583,2,2
9009,4,35403,Germantown Trans Cntr,,1,295340,37587,2,2
9009,4,35405,Germantown Trans Cntr,,1,295341,37587,2,2
9009,4,35406,Germantown Trans Cntr,,1,295338,37587,2,2
9009,4,35407,Germantown Trans Cntr,,1,295340,37587,2,2
9009,4,35408,Germantown Trans Cntr,,1,295341,37587,2,2
9009,4,35409,Germantown Trans Cntr,,1,295338,37587,2,2
9009,4,35410,Germantown Trans Cntr,,1,295340,37587,2,2
9009,4,35411,Germantown Trans Cntr,,1,295341,37587,2,2
9009,4,35412,Germantown Trans Cntr,,1,294643,37587,2,2
9009,4,35413,Germantown Trans Cntr,,1,295338,37587,2,2
9009,4,35414,Germantown Trans Cntr,,1,295340,37587,2,2
9009,4,35415,Germantown Trans Cntr,,1,294643,37587,2,2
9009,4,35416,Germantown Trans Cntr,,1,295338,37587,2,2
9009,4,35417,Germantown Trans Cntr,,1,295340,37587,2,2
9009,4,35418,Germantown Trans Cntr,,1,295117,37587,2,2
9009,4,35419,Germantown Trans Cntr,,1,295342,37587,2,2
9009,4,35420,Germantown Trans Cntr,,1,295339,37587,2,2
9009,4,35421,Germantown Trans Cntr,,1,295117,37587,2,2
9009,4,35422,Germantown Trans Cntr,,1,295342,37587,2,2
9009,4,35423,Germantown Trans Cntr,,1,295339,37587,2,2
9009,4,35424,Germantown Trans Cntr,,1,295303,37587,2,2
9009,4,35425,Germantown Trans Cntr,,1,293371,37587,2,2
9009,4,35426,Germantown Trans Cntr,,1,295339,37587,2,2
9009,4,35427,Germantown Trans Cntr,,1,295303,37587,2,2
9009,4,35428,Germantown Trans Cntr,,1,293371,37587,2,2
9009,4,35429,Germantown Trans Cntr,,1,295339,37587,2,2
9009,4,35430,Germantown Trans Cntr,,1,295303,37587,2,2
9009,4,35404,Germantown Trans Cntr,,1,295339,37587,2,2
9010,4,35670,Poolesville,,0,295355,37592,2,2
9010,4,35669,Poolesville,,0,295212,37592,2,2
9010,4,35671,Poolesville,,0,295355,37592,2,2
9010,4,35677,Poolesville,,0,295356,37592,2,2
9010,4,35668,Darnestown & Quince Orchard Rd,,0,295355,37589,2,2
9010,4,35672,Darnestown & Quince Orchard Rd,,0,295356,37589,2,2
9010,4,35667,Darnestown & Quince Orchard Rd,,0,295354,37589,2,2
9010,4,35673,Darnestown & Quince Orchard Rd,,0,293368,37589,2,2
9010,4,35674,Darnestown & Quince Orchard Rd,,0,293368,37589,2,2
9010,4,35675,Darnestown & Quince Orchard Rd,,0,295357,37589,2,2
9010,4,35676,Darnestown & Quince Orchard Rd,,0,295357,37589,2,2
9010,4,35666,Poolesville,,0,295353,37592,2,2
9010,4,35683,Poolesville,,0,295358,37592,2,2
9010,4,35678,Poolesville,,0,295353,37592,2,2
9010,4,35679,Poolesville,,0,295358,37592,2,2
9010,4,35680,Poolesville,,0,295353,37592,2,2
9010,4,35681,Poolesville,,0,295358,37592,2,2
9010,4,35682,Poolesville,,0,295353,37592,2,2
9010,4,35686,Shady Grove,,1,295355,37596,2,2
9010,4,35687,Shady Grove,,1,295212,37596,2,2
9010,4,35688,Shady Grove,,1,295355,37596,2,2
9010,4,35689,Shady Grove,,1,295212,37596,2,2
9010,4,35685,Shady Grove,,1,295355,37596,2,2
9010,4,35690,Shady Grove,,1,295356,37596,2,2
9010,4,35701,Shady Grove,,1,295355,37593,2,2
9010,4,35691,Shady Grove,,1,295356,37593,2,2
9010,4,35692,Shady Grove,,1,295354,37593,2,2
9010,4,35693,Shady Grove,,1,293368,37593,2,2
9010,4,35684,Shady Grove,,1,293368,37593,2,2
9010,4,35694,Shady Grove,,1,295357,37593,2,2
9010,4,35695,Shady Grove,,1,295357,37593,2,2
9010,4,35696,Shady Grove,,1,295353,37596,2,2
9010,4,35697,Shady Grove,,1,295358,37596,2,2
9010,4,35698,Shady Grove,,1,295353,37596,2,2
9010,4,35699,Shady Grove,,1,295358,37596,2,2
9010,4,35700,Shady Grove,,1,295353,37596,2,2
9011,4,35908,Kingsview,,0,295094,37597,2,2
9011,4,35907,Kingsview,,0,295366,37597,2,2
9011,4,35906,Kingsview,,0,295094,37597,2,2
9011,4,35905,Kingsview,,0,295366,37597,2,2
9011,4,35904,Kingsview,,0,295124,37597,2,2
9011,4,35903,Kingsview,,0,293367,37597,2,2
9011,4,35902,Kingsview,,0,295124,37597,2,2
9011,4,35901,Kingsview,,0,293367,37597,2,2
9011,4,35900,Kingsview,,0,295124,37597,2,2
9011,4,35899,Kingsview,,0,293367,37597,2,2
9011,4,35898,Kingsview,,0,295365,37597,2,2
9011,4,35897,Kingsview,,0,295364,37597,2,2
9011,4,35896,Kingsview,,0,295365,37597,2,2
9011,4,35895,Kingsview,,0,295364,37597,2,2
9011,4,35894,Kingsview,,0,294749,37597,2,2
9011,4,35893,Kingsview,,0,295364,37597,2,2
9011,4,35892,Kingsview,,0,294749,37597,2,2
9011,4,35891,Kingsview,,0,295364,37597,2,2
9011,4,35927,Shady Grove,,1,295094,37599,2,2
9011,4,35926,Shady Grove,,1,295366,37599,2,2
9011,4,35925,Shady Grove,,1,295094,37599,2,2
9011,4,35924,Shady Grove,,1,295366,37599,2,2
9011,4,35923,Shady Grove,,1,295094,37599,2,2
9011,4,35922,Shady Grove,,1,295366,37599,2,2
9011,4,35921,Shady Grove,,1,295124,37599,2,2
9011,4,35920,Shady Grove,,1,293367,37599,2,2
9011,4,35919,Shady Grove,,1,295124,37599,2,2
9011,4,35918,Shady Grove,,1,293367,37599,2,2
9011,4,35917,Shady Grove,,1,295124,37599,2,2
9011,4,35916,Shady Grove,,1,293367,37599,2,2
9011,4,35915,Shady Grove,,1,295365,37599,2,2
9011,4,35914,Shady Grove,,1,295364,37599,2,2
9011,4,35913,Shady Grove,,1,295365,37599,2,2
9011,4,35912,Shady Grove,,1,295364,37599,2,2
9011,4,35911,Shady Grove,,1,294749,37599,2,2
9011,4,35910,Shady Grove,,1,295364,37599,2,2
9011,4,35909,Shady Grove,,1,294749,37599,2,2
9012,4,36053,Clarksburg,,0,295120,37601,2,2
9012,4,36054,Clarksburg,,0,295368,37601,2,2
9012,4,36058,Clarksburg,,0,295148,37601,2,2
9012,4,36057,Clarksburg,,0,295368,37601,2,2
9012,4,36052,Clarksburg,,0,295148,37601,2,2
9012,4,36056,Clarksburg,,0,295368,37601,2,2
9012,4,36055,Clarksburg,,0,295148,37601,2,2
9012,4,36065,Shady Grove,,1,295354,37602,2,2
9012,4,36064,Shady Grove,,1,295042,37602,2,2
9012,4,36063,Shady Grove,,1,295354,37602,2,2
9012,4,36062,Shady Grove,,1,295356,37602,2,2
9012,4,36060,Shady Grove,,1,295354,37602,2,2
9012,4,36059,Shady Grove,,1,295369,37602,2,2
9012,4,36061,Shady Grove,,1,295354,37602,2,2
9013,4,36246,Wheaton,,0,295375,37603,2,2
9013,4,36247,Wheaton,,0,294513,37603,2,2
9013,4,36248,Wheaton,,0,295375,37603,2,2
9013,4,36249,Wheaton,,0,294513,37603,2,2
9013,4,36250,Wheaton,,0,295375,37603,2,2
9013,4,36263,Wheaton,,0,294511,37603,2,2
9013,4,36251,Wheaton,,0,294513,37603,2,2
9013,4,36264,Wheaton,,0,294511,37603,2,2
9013,4,36265,Wheaton,,0,294513,37603,2,2
9013,4,36252,Wheaton,,0,294511,37603,2,2
9013,4,36253,Wheaton,,0,294513,37603,2,2
9013,4,36254,Wheaton,,0,294511,37603,2,2
9013,4,36255,Wheaton,,0,295376,37603,2,2
9013,4,36256,Wheaton,,0,294045,37603,2,2
9013,4,36257,Wheaton,,0,295376,37603,2,2
9013,4,36266,Wheaton,,0,295377,37603,2,2
9013,4,36267,Wheaton,,0,294045,37603,2,2
9013,4,36258,Wheaton,,0,295377,37603,2,2
9013,4,36259,Wheaton,,0,294045,37603,2,2
9013,4,36260,Wheaton,,0,295377,37603,2,2
9013,4,36261,Wheaton,,0,294045,37603,2,2
9013,4,36262,Wheaton,,0,295377,37603,2,2
9013,4,36271,Silver Spring,,1,294513,37605,2,2
9013,4,36272,Silver Spring,,1,295375,37605,2,2
9013,4,36270,Silver Spring,,1,294513,37605,2,2
9013,4,36269,Silver Spring,,1,295375,37605,2,2
9013,4,36286,Silver Spring,,1,294513,37605,2,2
9013,4,36273,Silver Spring,,1,295375,37605,2,2
9013,4,36274,Silver Spring,,1,294511,37605,2,2
9013,4,36275,Silver Spring,,1,294513,37605,2,2
9013,4,36276,Silver Spring,,1,294511,37605,2,2
9013,4,36277,Silver Spring,,1,294513,37605,2,2
9013,4,36278,Silver Spring,,1,294511,37605,2,2
9013,4,36279,Silver Spring,,1,295376,37605,2,2
9013,4,36287,Silver Spring,,1,294511,37605,2,2
9013,4,36288,Silver Spring,,1,295376,37605,2,2
9013,4,36280,Silver Spring,,1,294045,37605,2,2
9013,4,36281,Silver Spring,,1,295376,37605,2,2
9013,4,36282,Silver Spring,,1,295377,37605,2,2
9013,4,36283,Silver Spring,,1,294045,37605,2,2
9013,4,36289,Silver Spring,,1,295377,37605,2,2
9013,4,36268,Silver Spring,,1,294045,37605,2,2
9013,4,36284,Silver Spring,,1,295377,37605,2,2
9013,4,36285,Silver Spring,,1,294045,37605,2,2
9014,4,36453,Rockville Tower,,0,295380,37607,2,2
9014,4,36452,Rockville Tower,,0,295380,37607,2,2
9014,4,36451,Rockville Tower,,0,295380,37607,2,2
9014,4,36450,Rockville Tower,,0,295380,37607,2,2
9014,4,36449,Rockville Tower,,0,295380,37607,2,2
9014,4,36448,Rockville Tower,,0,295379,37607,2,2
9014,4,36447,Rockville Tower,,0,295379,37607,2,2
9014,4,36446,Rockville Tower,,0,295379,37607,2,2
9014,4,36445,Rockville Tower,,0,295379,37607,2,2
9014,4,36444,Rockville Tower,,0,295379,37607,2,2
9014,4,36463,North Bethesda,,1,295380,37608,2,2
9014,4,36462,North Bethesda,,1,295380,37608,2,2
9014,4,36461,North Bethesda,,1,295380,37608,2,2
9014,4,36460,North Bethesda,,1,295380,37608,2,2
9014,4,36459,North Bethesda,,1,295379,37608,2,2
9014,4,36458,North Bethesda,,1,295379,37608,2,2
9014,4,36457,North Bethesda,,1,295379,37608,2,2
9014,4,36456,North Bethesda,,1,295379,37608,2,2
9014,4,36455,North Bethesda,,1,295379,37608,2,2
9014,4,36454,North Bethesda,,1,295379,37608,2,2
9015,4,36663,Holy Cross Germ,,0,295404,37610,2,2
9015,4,36671,Holy Cross Germ,,0,295402,37610,2,2
9015,4,36657,Holy Cross Germ,,0,295404,37610,2,2
9015,4,36658,Holy Cross Germ,,0,295402,37610,2,2
9015,4,36659,Holy Cross Germ,,0,295404,37610,2,2
9015,4,36660,Holy Cross Germ,,0,295403,37610,2,2
9015,4,36669,Holy Cross Germ,,0,295402,37610,2,2
9015,4,36656,Holy Cross Germ,,0,295403,37610,2,2
9015,4,36661,Holy Cross Germ,,0,295402,37610,2,2
9015,4,36662,Holy Cross Germ,,0,295403,37610,2,2
9015,4,36655,Holy Cross Germ,,0,295402,37610,2,2
9015,4,36654,Holy Cross Germ,,0,294879,37610,2,2
9015,4,36653,Holy Cross Germ,,0,295401,37610,2,2
9015,4,36666,Holy Cross Germ,,0,294879,37610,2,2
9015,4,36672,Holy Cross Germ,,0,295401,37610,2,2
9015,4,36667,Holy Cross Germ,,0,295399,37610,2,2
9015,4,36652,Holy Cross Germ,,0,295400,37610,2,2
9015,4,36670,Holy Cross Germ,,0,295399,37610,2,2
9015,4,36651,Holy Cross Germ,,0,295400,37610,2,2
9015,4,36673,Holy Cross Germ,,0,295399,37610,2,2
9015,4,36650,Holy Cross Germ,,0,295400,37610,2,2
9015,4,36649,Holy Cross Germ,,0,295399,37610,2,2
9015,4,36648,Holy Cross Germ,,0,295400,37610,2,2
9015,4,36647,Holy Cross Germ,,0,295398,37610,2,2
9015,4,36646,Holy Cross Germ,,0,295399,37610,2,2
9015,4,36664,Holy Cross Germ,,0,295398,37610,2,2
9015,4,36665,Holy Cross Germ,,0,295399,37610,2,2
9015,4,36668,Holy Cross Germ,,0,295398,37610,2,2
9015,4,36645,Holy Cross Germ,,0,295398,37610,2,2
9015,4,36684,Germantown Trans Cntr,,1,295402,37614,2,2
9015,4,36688,Germantown Trans Cntr,,1,295404,37614,2,2
9015,4,36683,Germantown Trans Cntr,,1,295402,37614,2,2
9015,4,36685,Germantown Trans Cntr,,1,295404,37614,2,2
9015,4,36695,Germantown Trans Cntr,,1,295402,37614,2,2
9015,4,36682,Germantown Trans Cntr,,1,295404,37614,2,2
9015,4,36686,Germantown Trans Cntr,,1,295403,37614,2,2
9015,4,36681,Germantown Trans Cntr,,1,295402,37614,2,2
9015,4,36689,Germantown Trans Cntr,,1,295403,37614,2,2
9015,4,36687,Germantown Trans Cntr,,1,295402,37614,2,2
9015,4,36690,Germantown Trans Cntr,,1,295403,37614,2,2
9015,4,36680,Germantown Trans Cntr,,1,295402,37614,2,2
9015,4,36692,Germantown Trans Cntr,,1,294879,37614,2,2
9015,4,36693,Germantown Trans Cntr,,1,295401,37614,2,2
9015,4,36696,Germantown Trans Cntr,,1,294879,37614,2,2
9015,4,36701,Germantown Trans Cntr,,1,295401,37614,2,2
9015,4,36702,Germantown Trans Cntr,,1,295399,37614,2,2
9015,4,36703,Germantown Trans Cntr,,1,295400,37614,2,2
9015,4,36697,Germantown Trans Cntr,,1,295399,37614,2,2
9015,4,36691,Germantown Trans Cntr,,1,295400,37614,2,2
9015,4,36679,Germantown Trans Cntr,,1,295399,37614,2,2
9015,4,36678,Germantown Trans Cntr,,1,295400,37614,2,2
9015,4,36677,Germantown Trans Cntr,,1,295399,37614,2,2
9015,4,36698,Germantown Trans Cntr,,1,295400,37614,2,2
9015,4,36699,Germantown Trans Cntr,,1,295398,37614,2,2
9015,4,36676,Germantown Trans Cntr,,1,295399,37614,2,2
9015,4,36675,Germantown Trans Cntr,,1,295398,37614,2,2
9015,4,36700,Germantown Trans Cntr,,1,295399,37614,2,2
9015,4,36674,Germantown Trans Cntr,,1,295398,37614,2,2
9015,4,36694,Germantown Trans Cntr,,1,295398,37614,2,2
9016,4,37104,Wheaton,,0,293814,37617,2,2
9016,4,37103,Wheaton,,0,294569,37617,2,2
9016,4,37102,Wheaton,,0,293814,37617,2,2
9016,4,37105,Wheaton,,0,294267,37617,2,2
9016,4,37101,Wheaton,,0,294569,37617,2,2
9016,4,37106,Wheaton,,0,293814,37617,2,2
9016,4,37100,Wheaton,,0,293603,37617,2,2
9016,4,37107,Wheaton,,0,294267,37617,2,2
9016,4,37099,Wheaton,,0,294569,37617,2,2
9016,4,37108,Wheaton,,0,293601,37617,2,2
9016,4,37098,Wheaton,,0,294267,37617,2,2
9016,4,37097,Wheaton,,0,295419,37617,2,2
9016,4,37096,Wheaton,,0,293601,37617,2,2
9016,4,37095,Wheaton,,0,293112,37617,2,2
9016,4,37094,Wheaton,,0,295419,37617,2,2
9016,4,37093,Wheaton,,0,293601,37617,2,2
9016,4,37092,Wheaton,,0,293112,37617,2,2
9016,4,37115,Wheaton,,0,295419,37617,2,2
9016,4,37116,Wheaton,,0,294544,37617,2,2
9016,4,37113,Wheaton,,0,293957,37617,2,2
9016,4,37114,Wheaton,,0,295418,37617,2,2
9016,4,37109,Wheaton,,0,295419,37617,2,2
9016,4,37091,Wheaton,,0,294544,37617,2,2
9016,4,37110,Wheaton,,0,293957,37617,2,2
9016,4,37090,Wheaton,,0,295418,37617,2,2
9016,4,37111,Wheaton,,0,295419,37617,2,2
9016,4,37089,Wheaton,,0,294428,37617,2,2
9016,4,37088,Wheaton,,0,293957,37617,2,2
9016,4,37112,Wheaton,,0,295418,37617,2,2
9016,4,37087,Wheaton,,0,294220,37617,2,2
9016,4,37086,Wheaton,,0,293901,37617,2,2
9016,4,37085,Wheaton,,0,295418,37617,2,2
9016,4,37081,Wheaton,,0,294220,37617,2,2
9016,4,37084,Wheaton,,0,293904,37617,2,2
9016,4,37083,Wheaton,,0,295418,37617,2,2
9016,4,37082,Wheaton,,0,293904,37617,2,2
9016,4,37139,Silver Spring,,1,294569,37618,2,2
9016,4,37138,Silver Spring,,1,293814,37618,2,2
9016,4,37140,Silver Spring,,1,294267,37618,2,2
9016,4,37137,Silver Spring,,1,294569,37618,2,2
9016,4,37141,Silver Spring,,1,293814,37618,2,2
9016,4,37136,Silver Spring,,1,294267,37618,2,2
9016,4,37142,Silver Spring,,1,294569,37618,2,2
9016,4,37135,Silver Spring,,1,293814,37618,2,2
9016,4,37143,Silver Spring,,1,293603,37618,2,2
9016,4,37134,Silver Spring,,1,294267,37618,2,2
9016,4,37133,Silver Spring,,1,295419,37618,2,2
9016,4,37150,Silver Spring,,1,293601,37618,2,2
9016,4,37151,Silver Spring,,1,294267,37618,2,2
9016,4,37132,Silver Spring,,1,295419,37618,2,2
9016,4,37131,Silver Spring,,1,293601,37618,2,2
9016,4,37130,Silver Spring,,1,293112,37618,2,2
9016,4,37129,Silver Spring,,1,295419,37618,2,2
9016,4,37128,Silver Spring,,1,294544,37618,2,2
9016,4,37127,Silver Spring,,1,293112,37618,2,2
9016,4,37148,Silver Spring,,1,295419,37618,2,2
9016,4,37126,Silver Spring,,1,294544,37618,2,2
9016,4,37144,Silver Spring,,1,293957,37618,2,2
9016,4,37125,Silver Spring,,1,295418,37618,2,2
9016,4,37145,Silver Spring,,1,295419,37618,2,2
9016,4,37124,Silver Spring,,1,294428,37618,2,2
9016,4,37146,Silver Spring,,1,293957,37618,2,2
9016,4,37123,Silver Spring,,1,295418,37618,2,2
9016,4,37147,Silver Spring,,1,295419,37618,2,2
9016,4,37149,Silver Spring,,1,294428,37618,2,2
9016,4,37152,Silver Spring,,1,293957,37618,2,2
9016,4,37121,Silver Spring,,1,295418,37618,2,2
9016,4,37122,Silver Spring,,1,294220,37618,2,2
9016,4,37120,Silver Spring,,1,293904,37618,2,2
9016,4,37119,Silver Spring,,1,295418,37618,2,2
9016,4,37118,Silver Spring,,1,293904,37618,2,2
9016,4,37117,Silver Spring,,1,295418,37618,2,2
9017,4,37431,Damascus,,0,295122,37619,2,2
9017,4,37430,Damascus,,0,293369,37619,2,2
9017,4,37429,Damascus,,0,294646,37619,2,2
9017,4,37428,Damascus,,0,295122,37619,2,2
9017,4,37427,Damascus,,0,293369,37619,2,2
9017,4,37426,Damascus,,0,294646,37619,2,2
9017,4,37425,Damascus,,0,295422,37619,2,2
9017,4,37424,Damascus,,0,295122,37619,2,2
9017,4,37423,Damascus,,0,294646,37619,2,2
9017,4,37422,Milestone via Damascus,,0,295422,37621,2,2
9017,4,37421,Milestone via Damascus,,0,295306,37621,2,2
9017,4,37420,Milestone via Damascus,,0,295238,37621,2,2
9017,4,37419,Milestone via Damascus,,0,295369,37621,2,2
9017,4,37418,Milestone via Damascus,,0,295211,37621,2,2
9017,4,37417,Milestone via Damascus & Airpark,,0,295306,37622,2,2
9017,4,37416,Milestone via Damascus & Airpark,,0,295238,37622,2,2
9017,4,37415,Milestone via Damascus & Airpark,,0,295116,37622,2,2
9017,4,37414,Milestone via Damascus & Airpark,,0,295211,37622,2,2
9017,4,37413,Milestone via Damascus & Airpark,,0,295306,37622,2,2
9017,4,37412,Damascus via Airpark,,0,295421,37620,2,2
9017,4,37411,Damascus via Airpark,,0,295116,37620,2,2
9017,4,37410,Damascus via Airpark,,0,295357,37620,2,2
9017,4,37409,Damascus via Airpark,,0,295421,37620,2,2
9017,4,37408,Damascus via Airpark,,0,295116,37620,2,2
9017,4,37407,Damascus via Airpark,,0,293372,37620,2,2
9017,4,37406,Damascus via Airpark,,0,295357,37620,2,2
9017,4,37405,Damascus via Airpark,,0,295421,37620,2,2
9017,4,37404,Damascus via Airpark,,0,293372,37620,2,2
9017,4,37403,Damascus via Airpark,,0,295357,37620,2,2
9017,4,37402,Damascus via Airpark,,0,293372,37620,2,2
9017,4,37462,Shady Grove,,1,294646,37624,2,2
9017,4,37461,Shady Grove,,1,295122,37624,2,2
9017,4,37460,Shady Grove,,1,293369,37624,2,2
9017,4,37459,Shady Grove,,1,294646,37624,2,2
9017,4,37458,Shady Grove,,1,295122,37624,2,2
9017,4,37457,Shady Grove,,1,293369,37624,2,2
9017,4,37456,Shady Grove,,1,294646,37624,2,2
9017,4,37455,Shady Grove,,1,295422,37624,2,2
9017,4,37454,Shady Grove,,1,295122,37624,2,2
9017,4,37453,Shady Grove,,1,294646,37624,2,2
9017,4,37452,Shady Grove via Damascus,,1,295369,37626,2,2
9017,4,37451,Shady Grove via Damascus,,1,295422,37626,2,2
9017,4,37450,Shady Grove via Damascus,,1,295306,37626,2,2
9017,4,37449,Shady Grove via Damascus,,1,295238,37626,2,2
9017,4,37448,Shady Grove via Damascus,,1,295369,37626,2,2
9017,4,37447,Shady Grove via Damascus,,1,295211,37625,2,2
9017,4,37436,Shady Grove via Damascus,,1,295306,37625,2,2
9017,4,37434,Shady Grove via Damascus,,1,295238,37625,2,2
9017,4,37435,Shady Grove via Damascus,,1,295116,37625,2,2
9017,4,37433,Shady Grove via Damascus,,1,295211,37625,2,2
9017,4,37432,Shady Grove,,1,295421,37623,2,2
9017,4,37446,Shady Grove,,1,295116,37623,2,2
9017,4,37445,Shady Grove,,1,295357,37623,2,2
9017,4,37444,Shady Grove,,1,295421,37623,2,2
9017,4,37443,Shady Grove,,1,295116,37623,2,2
9017,4,37442,Shady Grove,,1,293372,37623,2,2
9017,4,37441,Shady Grove,,1,295357,37623,2,2
9017,4,37440,Shady Grove,,1,295421,37623,2,2
9017,4,37439,Shady Grove,,1,293372,37623,2,2
9017,4,37438,Shady Grove,,1,295357,37623,2,2
9017,4,37437,Shady Grove,,1,293372,37623,2,2
9020,4,37627,Grosvenor,,0,294602,37632,2,2
9020,4,37626,Grosvenor,,0,294602,37632,2,2
9020,4,37625,Grosvenor,,0,294602,37632,2,2
9020,4,37624,Grosvenor,,0,294608,37632,2,2
9020,4,37623,Grosvenor,,0,295183,37632,2,2
9020,4,37622,Grosvenor,,0,295183,37632,2,2
9020,4,37621,Grosvenor,,0,295183,37632,2,2
9020,4,37633,Grosvenor,,1,295184,37634,2,2
9020,4,37644,Grosvenor,,1,295184,37634,2,2
9020,4,37643,Grosvenor,,1,295184,37634,2,2
9020,4,37647,Grosvenor,,1,295184,37634,2,2
9020,4,37642,Grosvenor,,1,295184,37634,2,2
9020,4,37648,Grosvenor,,1,295184,37634,2,2
9020,4,37650,Grosvenor,,1,295184,37634,2,2
9020,4,37652,Grosvenor,,1,295184,37634,2,2
9020,4,37641,Montgomery Mall,,1,295184,37633,2,2
9020,4,37645,Montgomery Mall,,1,294602,37633,2,2
9020,4,37646,Montgomery Mall,,1,294602,37633,2,2
9020,4,37640,Montgomery Mall,,1,294608,37633,2,2
9020,4,37639,Montgomery Mall,,1,294608,37633,2,2
9020,4,37638,Montgomery Mall,,1,295183,37633,2,2
9020,4,37637,Montgomery Mall,,1,295183,37633,2,2
9020,4,37634,Grosvenor,,1,295183,37634,2,2
9020,4,37636,Grosvenor,,1,294604,37634,2,2
9020,4,37635,Grosvenor,,1,294604,37634,2,2
9020,4,37628,Grosvenor,,1,294604,37634,2,2
9020,4,37649,Grosvenor,,1,294604,37634,2,2
9020,4,37629,Grosvenor,,1,294604,37634,2,2
9020,4,37630,Grosvenor,,1,294604,37634,2,2
9020,4,37651,Grosvenor,,1,294604,37634,2,2
9020,4,37653,Grosvenor,,1,294604,37634,2,2
9020,4,37631,Grosvenor,,1,294604,37634,2,2
9020,4,37632,Grosvenor,,1,294604,37634,2,2
9021,4,37883,Germantown Loop,,0,295404,37636,2,2
9021,4,37882,Germantown Loop,,0,295404,37636,2,2
9021,4,37881,Germantown Loop,,0,295430,37636,2,2
9021,4,37880,Germantown Loop,,0,295430,37636,2,2
9021,4,37879,Germantown Loop,,0,295430,37636,2,2
9021,4,37878,Germantown Loop,,0,295428,37636,2,2
9021,4,37865,Germantown Loop,,0,295428,37636,2,2
9021,4,37866,Germantown Loop,,0,295428,37636,2,2
9021,4,37864,Germantown Transit via MARC,,0,295428,37635,2,2
9021,4,37877,Germantown Transit via MARC,,0,295428,37635,2,2
9021,4,37884,Germantown Transit via MARC,,0,295428,37635,2,2
9021,4,37885,Germantown Transit via MARC,,0,295428,37635,2,2
9021,4,37886,Germantown Transit via MARC,,0,295429,37635,2,2
9021,4,37887,Germantown Transit via MARC,,0,295429,37635,2,2
9021,4,37876,Germantown Transit via MARC,,0,295429,37635,2,2
9021,4,37875,Germantown Transit via MARC,,0,295429,37635,2,2
9021,4,37874,Germantown Transit via MARC,,0,295429,37635,2,2
9021,4,37873,Germantown Loop,,0,295429,37636,2,2
9021,4,37872,Germantown Loop,,0,295400,37636,2,2
9021,4,37871,Germantown Loop,,0,295400,37636,2,2
9021,4,37870,Germantown Loop,,0,295400,37636,2,2
9021,4,37869,Germantown Loop,,0,295400,37636,2,2
9021,4,37868,Germantown Loop,,0,295400,37636,2,2
9021,4,37867,Germantown Loop,,0,295400,37636,2,2
9021,4,37889,Germantown Loop,,1,295431,37638,2,2
9021,4,37890,Germantown Transit via MARC,,1,295431,37637,2,2
9021,4,37891,Germantown Transit via MARC,,1,295431,37637,2,2
9021,4,37892,Germantown Transit via MARC,,1,295431,37637,2,2
9021,4,37888,Germantown Transit via MARC,,1,295431,37637,2,2
9021,4,37902,Germantown Transit via MARC,,1,295431,37637,2,2
9021,4,37895,Germantown Transit via MARC,,1,295431,37637,2,2
9021,4,37893,Germantown Transit via MARC,,1,295431,37637,2,2
9021,4,37894,Germantown Transit via MARC,,1,295431,37637,2,2
9021,4,37901,Germantown Transit via MARC,,1,295404,37637,2,2
9021,4,37896,Germantown Loop,,1,295404,37638,2,2
9021,4,37897,Germantown Loop,,1,295404,37638,2,2
9021,4,37898,Germantown Loop,,1,295404,37638,2,2
9021,4,37899,Germantown Loop,,1,295404,37638,2,2
9021,4,37900,Germantown Loop,,1,295404,37638,2,2
9022,4,38131,Kingsview P & R,,0,295442,37639,2,2
9022,4,38130,Kingsview P & R,,0,295438,37639,2,2
9022,4,38129,Kingsview P & R,,0,295442,37639,2,2
9022,4,38128,Kingsview P & R,,0,295438,37639,2,2
9022,4,38133,Kingsview P & R,,0,295442,37639,2,2
9022,4,38127,Kingsview P & R,,0,295438,37639,2,2
9022,4,38134,Kingsview P & R,,0,295442,37639,2,2
9022,4,38126,Kingsview P & R,,0,295431,37639,2,2
9022,4,38125,Kingsview via GCC,,0,295438,37641,2,2
9022,4,38113,Kingsview via GCC,,0,295431,37641,2,2
9022,4,38114,Kingsview via GCC,,0,295438,37641,2,2
9022,4,38115,Kingsview via GCC,,0,295439,37641,2,2
9022,4,38116,Kingsview via GCC,,0,295440,37641,2,2
9022,4,38117,Kingsview via GCC,,0,295439,37641,2,2
9022,4,38118,Kingsview via GCC,,0,295440,37641,2,2
9022,4,38132,Kingsview via GCC,,0,295441,37641,2,2
9022,4,38135,Kingsview via Germantown Park,,0,295398,37642,2,2
9022,4,38119,Kingsview via Germantown Park,,0,295441,37642,2,2
9022,4,38120,Kingsview via Germantown Park,,0,295398,37642,2,2
9022,4,38121,Kingsview via Germantown Park,,0,295441,37642,2,2
9022,4,38122,Kingsview via Germantown Park,,0,295398,37642,2,2
9022,4,38123,Kingsview via Germantown Park,,0,295428,37642,2,2
9022,4,38136,Kingsview via Germantown Park,,0,295441,37642,2,2
9022,4,38124,Kingsview via Germantown Park,,0,295428,37642,2,2
9022,4,38137,Kingsview via Germantown Park,,0,295441,37642,2,2
9022,4,38143,Germantown via Germantown Park,,1,295438,37646,2,2
9022,4,38141,Germantown via Germantown Park,,1,295442,37646,2,2
9022,4,38156,Germantown via Germantown Park,,1,295438,37646,2,2
9022,4,38138,Germantown via Germantown Park,,1,295442,37646,2,2
9022,4,38142,Germantown via Germantown Park,,1,295438,37646,2,2
9022,4,38139,Germantown via Germantown Park,,1,295442,37646,2,2
9022,4,38140,Germantown via Germantown Park,,1,295438,37646,2,2
9022,4,38144,Germantown via GCC,,1,295442,37645,2,2
9022,4,38159,Germantown via GCC,,1,295431,37645,2,2
9022,4,38160,Germantown via GCC,,1,295438,37645,2,2
9022,4,38145,Germantown via GCC,,1,295431,37645,2,2
9022,4,38157,Germantown via GCC,,1,295438,37645,2,2
9022,4,38146,Germantown via GCC,,1,295439,37645,2,2
9022,4,38147,Germantown via GCC,,1,295440,37645,2,2
9022,4,38148,Germantown via GCC,,1,295439,37645,2,2
9022,4,38149,Germantown via GCC,,1,295440,37645,2,2
9022,4,38150,Germantown,,1,295441,37643,2,2
9022,4,38151,Germantown,,1,295398,37643,2,2
9022,4,38152,Germantown,,1,295441,37643,2,2
9022,4,38153,Germantown,,1,295398,37643,2,2
9022,4,38158,Germantown,,1,295441,37643,2,2
9022,4,38154,Germantown,,1,295398,37643,2,2
9022,4,38161,Germantown,,1,295428,37643,2,2
9022,4,38155,Germantown,,1,295441,37643,2,2
9022,4,38162,Germantown,,1,295428,37643,2,2
9023,4,38870,Briggs Chaney Park & Ride (Orange),,0,295506,37647,2,2
9023,4,38869,Briggs Chaney Park & Ride (Orange),,0,295505,37647,2,2
9023,4,38868,Briggs Chaney Park & Ride (Orange),,0,295509,37647,2,2
9023,4,38867,Briggs Chaney Park & Ride (Orange),,0,295508,37647,2,2
9023,4,38866,Briggs Chaney Park & Ride (Orange),,0,295507,37647,2,2
9023,4,38865,Briggs Chaney Park & Ride (Orange),,0,295506,37647,2,2
9023,4,38864,Briggs Chaney Park & Ride (Orange),,0,295504,37647,2,2
9023,4,38863,Briggs Chaney Park & Ride (Orange),,0,295505,37647,2,2
9023,4,38862,Briggs Chaney Park & Ride (Orange),,0,295509,37647,2,2
9023,4,38861,Briggs Chaney Park & Ride (Orange),,0,295508,37647,2,2
9023,4,38860,Briggs Chaney Park & Ride (Orange),,0,295507,37647,2,2
9023,4,38859,Briggs Chaney Park & Ride (Orange),,0,295506,37647,2,2
9023,4,38858,Briggs Chaney Park & Ride (Orange),,0,295504,37647,2,2
9023,4,38857,Briggs Chaney Park & Ride (Orange),,0,295503,37647,2,2
9023,4,38856,Briggs Chaney Park & Ride (Orange),,0,295509,37647,2,2
9023,4,38855,Briggs Chaney Park & Ride (Orange),,0,295505,37647,2,2
9023,4,38854,Briggs Chaney Park & Ride (Orange),,0,295507,37647,2,2
9023,4,38853,Briggs Chaney Park & Ride (Orange),,0,295508,37647,2,2
9023,4,38852,Briggs Chaney Park & Ride (Orange),,0,295504,37647,2,2
9023,4,38851,Briggs Chaney Park & Ride (Orange),,0,295506,37647,2,2
9023,4,38850,Briggs Chaney Park & Ride (Orange),,0,295503,37647,2,2
9023,4,38849,Briggs Chaney Park & Ride (Orange),,0,295505,37647,2,2
9023,4,38848,Briggs Chaney Park & Ride (Orange),,0,295509,37647,2,2
9023,4,38847,Briggs Chaney Park & Ride (Orange),,0,295508,37647,2,2
9023,4,38846,Briggs Chaney Park & Ride (Orange),,0,295507,37647,2,2
9023,4,38845,Briggs Chaney Park & Ride (Orange),,0,295506,37647,2,2
9023,4,38844,Briggs Chaney Park & Ride (Orange),,0,295504,37647,2,2
9023,4,38843,Briggs Chaney Park & Ride (Orange),,0,295505,37647,2,2
9023,4,38842,Briggs Chaney Park & Ride (Orange),,0,295503,37647,2,2
9023,4,38841,Briggs Chaney Park & Ride (Orange),,0,295508,37647,2,2
9023,4,38840,Briggs Chaney Park & Ride (Orange),,0,295507,37647,2,2
9023,4,38839,Briggs Chaney Park & Ride (Orange),,0,295506,37647,2,2
9023,4,38838,Briggs Chaney Park & Ride (Orange),,0,295504,37647,2,2
9023,4,38837,Briggs Chaney Park & Ride (Orange),,0,295505,37647,2,2
9023,4,38836,Briggs Chaney Park & Ride (Orange),,0,295503,37647,2,2
9023,4,38835,Briggs Chaney Park & Ride (Orange),,0,295502,37647,2,2
9023,4,38834,Briggs Chaney Park & Ride (Orange),,0,295500,37647,2,2
9023,4,38833,Briggs Chaney Park & Ride (Orange),,0,295499,37647,2,2
9023,4,38832,Briggs Chaney Park & Ride (Orange),,0,295504,37647,2,2
9023,4,38831,Briggs Chaney Park & Ride (Orange),,0,295496,37647,2,2
9023,4,38830,Briggs Chaney Park & Ride (Orange),,0,295503,37647,2,2
9023,4,38829,Briggs Chaney Park & Ride (Orange),,0,295502,37647,2,2
9023,4,38828,Briggs Chaney Park & Ride (Orange),,0,295500,37647,2,2
9023,4,38827,Briggs Chaney Park & Ride (Orange),,0,295499,37647,2,2
9023,4,38826,Briggs Chaney Park & Ride (Orange),,0,295497,37647,2,2
9023,4,38825,Briggs Chaney Park & Ride (Orange),,0,295496,37647,2,2
9023,4,38824,Briggs Chaney Park & Ride (Orange),,0,295501,37647,2,2
9023,4,38823,Briggs Chaney Park & Ride (Orange),,0,295503,37647,2,2
9023,4,38822,Briggs Chaney Park & Ride (Orange),,0,295500,37647,2,2
9023,4,38821,Briggs Chaney Park & Ride (Orange),,0,295499,37647,2,2
9023,4,38820,Briggs Chaney Park & Ride (Orange),,0,295497,37647,2,2
9023,4,38819,Briggs Chaney Park & Ride (Orange),,0,295496,37647,2,2
9023,4,38818,Briggs Chaney Park & Ride (Orange),,0,295501,37647,2,2
9023,4,38817,Briggs Chaney Park & Ride (Orange),,0,295502,37647,2,2
9023,4,38816,Briggs Chaney Park & Ride (Orange),,0,295500,37647,2,2
9023,4,38815,Briggs Chaney Park & Ride (Orange),,0,295498,37647,2,2
9023,4,38814,Briggs Chaney Park & Ride (Orange),,0,295497,37647,2,2
9023,4,38813,Briggs Chaney Park & Ride (Orange),,0,295499,37647,2,2
9023,4,38812,Briggs Chaney Park & Ride (Orange),,0,295501,37647,2,2
9023,4,38811,Briggs Chaney Park & Ride (Orange),,0,295502,37647,2,2
9023,4,38810,Briggs Chaney Park & Ride (Orange),,0,295496,37647,2,2
9023,4,38809,Briggs Chaney Park & Ride (Orange),,0,295498,37647,2,2
9023,4,38808,Briggs Chaney Park & Ride (Orange),,0,295500,37647,2,2
9023,4,38807,Briggs Chaney Park & Ride (Orange),,0,295499,37647,2,2
9023,4,38806,Briggs Chaney Park & Ride (Orange),,0,295497,37647,2,2
9023,4,38805,Briggs Chaney Park & Ride (Orange),,0,295502,37647,2,2
9023,4,38804,Briggs Chaney Park & Ride (Orange),,0,295496,37647,2,2
9023,4,38803,Briggs Chaney Park & Ride (Orange),,0,295501,37647,2,2
9023,4,38802,Briggs Chaney Park & Ride (Orange),,0,295500,37647,2,2
9023,4,38801,Briggs Chaney Park & Ride (Orange),,0,295499,37647,2,2
9023,4,38800,Briggs Chaney Park & Ride (Orange),,0,295498,37647,2,2
9023,4,38799,Briggs Chaney Park & Ride (Orange),,0,295497,37647,2,2
9023,4,38798,Briggs Chaney Park & Ride (Orange),,0,295496,37647,2,2
9023,4,38871,Briggs Chaney Park & Ride (Orange),,0,295501,37647,2,2
9023,4,38872,Briggs Chaney Park & Ride (Orange),,0,295500,37647,2,2
9023,4,38873,Briggs Chaney Park & Ride (Orange),,0,295499,37647,2,2
9023,4,38945,Silver Spring Station (Orange),,1,295509,37650,2,2
9023,4,38944,Silver Spring Station (Orange),,1,295508,37650,2,2
9023,4,38943,Silver Spring Station (Orange),,1,295507,37650,2,2
9023,4,38942,Silver Spring Station (Orange),,1,295506,37650,2,2
9023,4,38941,Silver Spring Station (Orange),,1,295504,37650,2,2
9023,4,38940,Silver Spring Station (Orange),,1,295505,37650,2,2
9023,4,38939,Silver Spring Station (Orange),,1,295509,37650,2,2
9023,4,38938,Silver Spring Station (Orange),,1,295508,37650,2,2
9023,4,38937,Silver Spring Station (Orange),,1,295507,37650,2,2
9023,4,38936,Silver Spring Station (Orange),,1,295506,37650,2,2
9023,4,38935,Silver Spring Station (Orange),,1,295504,37650,2,2
9023,4,38934,Silver Spring Station (Orange),,1,295503,37650,2,2
9023,4,38933,Silver Spring Station (Orange),,1,295509,37650,2,2
9023,4,38932,Silver Spring Station (Orange),,1,295505,37650,2,2
9023,4,38931,Silver Spring Station (Orange),,1,295507,37650,2,2
9023,4,38930,Silver Spring Station (Orange),,1,295508,37650,2,2
9023,4,38929,Silver Spring Station (Orange),,1,295504,37650,2,2
9023,4,38928,Silver Spring Station (Orange),,1,295506,37650,2,2
9023,4,38927,Silver Spring Station (Orange),,1,295503,37650,2,2
9023,4,38926,Silver Spring Station (Orange),,1,295505,37650,2,2
9023,4,38925,Silver Spring Station (Orange),,1,295509,37650,2,2
9023,4,38924,Silver Spring Station (Orange),,1,295508,37650,2,2
9023,4,38923,Silver Spring Station (Orange),,1,295507,37650,2,2
9023,4,38922,Silver Spring Station (Orange),,1,295506,37650,2,2
9023,4,38921,Silver Spring Station (Orange),,1,295504,37650,2,2
9023,4,38920,Silver Spring Station (Orange),,1,295505,37650,2,2
9023,4,38919,Silver Spring Station (Orange),,1,295503,37650,2,2
9023,4,38918,Silver Spring Station (Orange),,1,295508,37650,2,2
9023,4,38917,Silver Spring Station (Orange),,1,295507,37650,2,2
9023,4,38916,Silver Spring Station (Orange),,1,295506,37650,2,2
9023,4,38915,Silver Spring Station (Orange),,1,295504,37650,2,2
9023,4,38914,Silver Spring Station (Orange),,1,295505,37650,2,2
9023,4,38913,Silver Spring Station (Orange),,1,295503,37650,2,2
9023,4,38912,Silver Spring Station (Orange),,1,295502,37650,2,2
9023,4,38911,Silver Spring Station (Orange),,1,295507,37650,2,2
9023,4,38910,Silver Spring Station (Orange),,1,295506,37650,2,2
9023,4,38909,Silver Spring Station (Orange),,1,295504,37650,2,2
9023,4,38908,Silver Spring Station (Orange),,1,295496,37650,2,2
9023,4,38907,Silver Spring Station (Orange),,1,295503,37650,2,2
9023,4,38906,Silver Spring Station (Orange),,1,295502,37650,2,2
9023,4,38905,Silver Spring Station (Orange),,1,295500,37650,2,2
9023,4,38904,Silver Spring Station (Orange),,1,295499,37650,2,2
9023,4,38903,Silver Spring Station (Orange),,1,295497,37650,2,2
9023,4,38902,Silver Spring Station (Orange),,1,295496,37650,2,2
9023,4,38901,Silver Spring Station (Orange),,1,295501,37650,2,2
9023,4,38900,Silver Spring Station (Orange),,1,295503,37650,2,2
9023,4,38899,Silver Spring Station (Orange),,1,295500,37650,2,2
9023,4,38898,Silver Spring Station (Orange),,1,295499,37650,2,2
9023,4,38897,Silver Spring Station (Orange),,1,295497,37650,2,2
9023,4,38896,Silver Spring Station (Orange),,1,295496,37650,2,2
9023,4,38895,Silver Spring Station (Orange),,1,295501,37650,2,2
9023,4,38894,Silver Spring Station (Orange),,1,295502,37650,2,2
9023,4,38893,Silver Spring Station (Orange),,1,295500,37650,2,2
9023,4,38892,Silver Spring Station (Orange),,1,295498,37650,2,2
9023,4,38891,Silver Spring Station (Orange),,1,295497,37650,2,2
9023,4,38890,Silver Spring Station (Orange),,1,295499,37650,2,2
9023,4,38889,Silver Spring Station (Orange),,1,295501,37650,2,2
9023,4,38888,Silver Spring Station (Orange),,1,295502,37650,2,2
9023,4,38887,Silver Spring Station (Orange),,1,295496,37650,2,2
9023,4,38886,Silver Spring Station (Orange),,1,295498,37650,2,2
9023,4,38885,Silver Spring Station (Orange),,1,295500,37650,2,2
9023,4,38884,Silver Spring Station (Orange),,1,295499,37650,2,2
9023,4,38883,Silver Spring Station (Orange),,1,295497,37650,2,2
9023,4,38882,Silver Spring Station (Orange),,1,295502,37650,2,2
9023,4,38881,Silver Spring Station (Orange),,1,295496,37650,2,2
9023,4,38880,Silver Spring Station (Orange),,1,295501,37650,2,2
9023,4,38879,Silver Spring Station (Orange),,1,295500,37650,2,2
9023,4,38878,Silver Spring Station (Orange),,1,295499,37650,2,2
9023,4,38877,Silver Spring Station (Orange),,1,295498,37650,2,2
9023,4,38876,Silver Spring Station (Orange),,1,295497,37650,2,2
9023,4,38875,Silver Spring Station (Orange),,1,295496,37650,2,2
9023,4,38874,Silver Spring Station (Orange),,1,295501,37650,2,2
9023,4,38946,Silver Spring Station (Orange),,1,295500,37650,2,2
9023,4,38947,Silver Spring Station (Orange),,1,295499,37650,2,2
9023,4,38948,Silver Spring Station (Orange),,1,295498,37650,2,2
9023,4,38949,Silver Spring Station (Orange),,1,295497,37650,2,2
9027,4,39670,LIME SHADY GROVE,,0,295604,37661,2,2
9027,4,39669,LIME SHADY GROVE,,0,295607,37661,2,2
9027,4,39668,LIME SHADY GROVE,,0,295606,37661,2,2
9027,4,39667,LIME SHADY GROVE,,0,295604,37661,2,2
9027,4,39666,LIME SHADY GROVE,,0,295607,37661,2,2
9027,4,39665,LIME SHADY GROVE,,0,295606,37661,2,2
9027,4,39664,LIME SHADY GROVE,,0,295604,37661,2,2
9027,4,39663,LIME SHADY GROVE,,0,295607,37661,2,2
9027,4,39662,LIME SHADY GROVE,,0,295606,37661,2,2
9027,4,39661,LIME SHADY GROVE,,0,295604,37661,2,2
9027,4,39660,LIME SHADY GROVE,,0,295607,37661,2,2
9027,4,39659,LIME SHADY GROVE,,0,295606,37661,2,2
9027,4,39658,LIME SHADY GROVE,,0,295605,37661,2,2
9027,4,39657,LIME SHADY GROVE,,0,295604,37661,2,2
9027,4,39656,LIME SHADY GROVE,,0,293549,37661,2,2
9027,4,39655,LIME SHADY GROVE,,0,295602,37661,2,2
9027,4,39654,LIME SHADY GROVE,,0,295604,37661,2,2
9027,4,39653,LIME SHADY GROVE,,0,295603,37661,2,2
9027,4,39652,LIME SHADY GROVE,,0,295602,37661,2,2
9027,4,39651,LIME SHADY GROVE,,0,295604,37661,2,2
9027,4,39650,LIME SHADY GROVE,,0,295603,37661,2,2
9027,4,39649,LIME SHADY GROVE,,0,295602,37661,2,2
9027,4,39648,LIME SHADY GROVE,,0,295601,37661,2,2
9027,4,39647,LIME SHADY GROVE,,0,295598,37661,2,2
9027,4,39646,LIME SHADY GROVE,,0,295599,37661,2,2
9027,4,39645,LIME SHADY GROVE,,0,295601,37661,2,2
9027,4,39644,LIME SHADY GROVE,,0,295598,37661,2,2
9027,4,39643,LIME SHADY GROVE,,0,295599,37661,2,2
9027,4,39642,LIME SHADY GROVE,,0,295601,37661,2,2
9027,4,39641,LIME SHADY GROVE,,0,295600,37661,2,2
9027,4,39640,LIME SHADY GROVE,,0,295599,37661,2,2
9027,4,39639,LIME SHADY GROVE,,0,295598,37661,2,2
9027,4,39638,LIME SHADY GROVE,,0,295600,37661,2,2
9027,4,39637,LIME SHADY GROVE,,0,295599,37661,2,2
9027,4,39636,LIME SHADY GROVE,,0,295598,37661,2,2
9027,4,39671,LIME SHADY GROVE,,0,295600,37661,2,2
9027,4,39674,LIME SHADY GROVE,,0,295609,37661,2,2
9027,4,39672,LIME SHADY GROVE,,0,295598,37661,2,2
9027,4,39675,LIME SHADY GROVE,,0,295608,37661,2,2
9027,4,39676,LIME SHADY GROVE,,0,295609,37661,2,2
9027,4,39673,LIME SHADY GROVE,,0,295608,37661,2,2
9027,4,39712,LIME TRAVILLE,,1,295607,37662,2,2
9027,4,39711,LIME TRAVILLE,,1,295606,37662,2,2
9027,4,39710,LIME TRAVILLE,,1,295604,37662,2,2
9027,4,39709,LIME TRAVILLE,,1,295607,37662,2,2
9027,4,39708,LIME TRAVILLE,,1,295606,37662,2,2
9027,4,39707,LIME TRAVILLE,,1,295604,37662,2,2
9027,4,39706,LIME TRAVILLE,,1,295607,37662,2,2
9027,4,39705,LIME TRAVILLE,,1,295606,37662,2,2
9027,4,39704,LIME TRAVILLE,,1,295604,37662,2,2
9027,4,39703,LIME TRAVILLE,,1,295607,37662,2,2
9027,4,39702,LIME TRAVILLE,,1,295606,37662,2,2
9027,4,39701,LIME TRAVILLE,,1,295605,37662,2,2
9027,4,39700,LIME TRAVILLE,,1,295604,37662,2,2
9027,4,39699,LIME TRAVILLE,,1,293549,37662,2,2
9027,4,39698,LIME TRAVILLE,,1,295602,37662,2,2
9027,4,39697,LIME TRAVILLE,,1,295604,37662,2,2
9027,4,39696,LIME TRAVILLE,,1,295603,37662,2,2
9027,4,39695,LIME TRAVILLE,,1,295602,37662,2,2
9027,4,39694,LIME TRAVILLE,,1,295604,37662,2,2
9027,4,39693,LIME TRAVILLE,,1,295603,37662,2,2
9027,4,39692,LIME TRAVILLE,,1,295602,37662,2,2
9027,4,39691,LIME TRAVILLE,,1,295601,37662,2,2
9027,4,39690,LIME TRAVILLE,,1,295598,37662,2,2
9027,4,39689,LIME TRAVILLE,,1,295599,37662,2,2
9027,4,39688,LIME TRAVILLE,,1,295601,37662,2,2
9027,4,39687,LIME TRAVILLE,,1,295598,37662,2,2
9027,4,39686,LIME TRAVILLE,,1,295599,37662,2,2
9027,4,39685,LIME TRAVILLE,,1,295601,37662,2,2
9027,4,39684,LIME TRAVILLE,,1,295600,37662,2,2
9027,4,39683,LIME TRAVILLE,,1,295599,37662,2,2
9027,4,39682,LIME TRAVILLE,,1,295598,37662,2,2
9027,4,39681,LIME TRAVILLE,,1,295600,37662,2,2
9027,4,39680,LIME TRAVILLE,,1,295599,37662,2,2
9027,4,39679,LIME TRAVILLE,,1,295598,37662,2,2
9027,4,39678,LIME TRAVILLE,,1,295600,37662,2,2
9027,4,39677,LIME TRAVILLE,,1,295599,37662,2,2
9027,4,39713,LIME TRAVILLE,,1,295598,37662,2,2
9027,4,39714,LIME TRAVILLE,,1,295608,37662,2,2
9027,4,39715,LIME TRAVILLE,,1,295609,37662,2,2
9027,4,39716,LIME TRAVILLE,,1,295608,37662,2,2
9027,4,39717,LIME TRAVILLE,,1,295609,37662,2,2
9028,4,40090,PINK SHADY GROVE,,0,295603,37663,2,2
9028,4,40089,PINK SHADY GROVE,,0,295602,37663,2,2
9028,4,40088,PINK SHADY GROVE,,0,295603,37663,2,2
9028,4,40087,PINK SHADY GROVE,,0,295602,37663,2,2
9028,4,40086,PINK SHADY GROVE,,0,295603,37663,2,2
9028,4,40085,PINK SHADY GROVE,,0,295602,37663,2,2
9028,4,40084,PINK SHADY GROVE,,0,295603,37663,2,2
9028,4,40082,PINK SHADY GROVE,,0,295602,37663,2,2
9028,4,40083,PINK SHADY GROVE,,0,295603,37663,2,2
9028,4,40081,PINK SHADY GROVE,,0,295607,37663,2,2
9028,4,40080,PINK SHADY GROVE,,0,295606,37663,2,2
9028,4,40079,PINK SHADY GROVE,,0,295607,37663,2,2
9028,4,40078,PINK SHADY GROVE,,0,295606,37663,2,2
9028,4,40077,PINK SHADY GROVE,,0,295598,37663,2,2
9028,4,40076,PINK SHADY GROVE,,0,295609,37663,2,2
9028,4,40075,PINK SHADY GROVE,,0,295608,37663,2,2
9028,4,40074,PINK SHADY GROVE,,0,295609,37663,2,2
9028,4,40073,PINK SHADY GROVE,,0,295608,37663,2,2
9028,4,40072,PINK SHADY GROVE,,0,295609,37663,2,2
9028,4,40071,PINK SHADY GROVE,,0,295608,37663,2,2
9028,4,40070,PINK SHADY GROVE,,0,295609,37663,2,2
9028,4,40069,PINK SHADY GROVE,,0,295608,37663,2,2
9028,4,40112,PINK TRAVILLE,,1,295602,37664,2,2
9028,4,40111,PINK TRAVILLE,,1,295603,37664,2,2
9028,4,40110,PINK TRAVILLE,,1,295602,37664,2,2
9028,4,40109,PINK TRAVILLE,,1,295603,37664,2,2
9028,4,40108,PINK TRAVILLE,,1,295602,37664,2,2
9028,4,40107,PINK TRAVILLE,,1,295603,37664,2,2
9028,4,40106,PINK TRAVILLE,,1,295602,37664,2,2
9028,4,40105,PINK TRAVILLE,,1,295603,37664,2,2
9028,4,40104,PINK TRAVILLE,,1,295607,37664,2,2
9028,4,40103,PINK TRAVILLE,,1,295606,37664,2,2
9028,4,40102,PINK TRAVILLE,,1,295607,37664,2,2
9028,4,40101,PINK TRAVILLE,,1,295606,37664,2,2
9028,4,40100,PINK TRAVILLE,,1,295598,37664,2,2
9028,4,40099,PINK TRAVILLE,,1,295609,37664,2,2
9028,4,40098,PINK TRAVILLE,,1,295608,37664,2,2
9028,4,40097,PINK TRAVILLE,,1,295609,37664,2,2
9028,4,40096,PINK TRAVILLE,,1,295608,37664,2,2
9028,4,40095,PINK TRAVILLE,,1,295609,37664,2,2
9028,4,40094,PINK TRAVILLE,,1,295608,37664,2,2
9028,4,40093,PINK TRAVILLE,,1,295609,37664,2,2
9028,4,40092,PINK TRAVILLE,,1,295608,37664,2,2
9028,4,40091,PINK TRAVILLE,,1,295609,37664,2,2
8925,6,14141,Silver Spring,,0,293151,37335,2,2
8925,6,14112,Silver Spring,,0,293126,37335,2,2
8925,6,14113,Silver Spring,,0,293127,37335,2,2
8925,6,14114,Silver Spring,,0,293126,37335,2,2
8925,6,14115,Silver Spring,,0,293128,37337,2,2
8925,6,14145,Silver Spring,,0,293132,37335,2,2
8925,6,14116,Silver Spring,,0,293129,37335,2,2
8925,6,14117,Silver Spring,,0,293130,37337,2,2
8925,6,14118,Silver Spring via Leland,,0,293131,37338,2,2
8925,6,14119,Silver Spring,,0,293132,37336,2,2
8925,6,14120,Silver Spring via Leland,,0,293133,37338,2,2
8925,6,14121,Silver Spring,,0,293130,37336,2,2
8925,6,14122,Silver Spring via Leland,,0,293133,37338,2,2
8925,6,14123,Silver Spring,,0,293134,37336,2,2
8925,6,14124,Silver Spring via Leland,,0,293135,37338,2,2
8925,6,14125,Silver Spring,,0,293136,37336,2,2
8925,6,14126,Silver Spring via Leland,,0,293137,37338,2,2
8925,6,14127,Silver Spring,,0,293138,37336,2,2
8925,6,14111,Silver Spring via Leland,,0,293125,37338,2,2
8925,6,14129,Silver Spring,,0,293140,37336,2,2
8925,6,14128,Silver Spring via Leland,,0,293139,37338,2,2
8925,6,14131,Silver Spring,,0,293142,37336,2,2
8925,6,14130,Silver Spring via Leland,,0,293141,37338,2,2
8925,6,14142,Silver Spring,,0,293152,37336,2,2
8925,6,14143,Silver Spring via Leland,,0,293153,37338,2,2
8925,6,14144,Silver Spring,,0,293154,37336,2,2
8925,6,14133,Silver Spring via Leland,,0,293144,37338,2,2
8925,6,14146,Silver Spring,,0,293155,37336,2,2
8925,6,14147,Silver Spring via Leland,,0,293140,37338,2,2
8925,6,14132,Silver Spring,,0,293143,37336,2,2
8925,6,14134,Silver Spring,,0,293145,37336,2,2
8925,6,14135,Silver Spring,,0,293146,37336,2,2
8925,6,14136,Silver Spring,,0,293147,37336,2,2
8925,6,14137,Silver Spring,,0,293148,37336,2,2
8925,6,14138,Silver Spring,,0,293146,37336,2,2
8925,6,14139,Silver Spring,,0,293149,37336,2,2
8925,6,14140,Silver Spring,,0,293150,37336,2,2
8925,6,14157,Friendship Heights,,1,293126,37340,2,2
8925,6,14155,Friendship Heights,,1,293159,37340,2,2
8925,6,14158,Friendship Heights,,1,293127,37340,2,2
8925,6,14159,Friendship Heights,,1,293126,37340,2,2
8925,6,14160,Friendship Heights,,1,293160,37340,2,2
8925,6,14156,Friendship Heights,,1,293128,37340,2,2
8925,6,14149,Friendship Heights,,1,293132,37340,2,2
8925,6,14161,Friendship Heights,,1,293134,37340,2,2
8925,6,14148,Friendship Heights via Leland,,1,293156,37341,2,2
8925,6,14162,Friendship Heights,,1,293130,37340,2,2
8925,6,14163,Friendship Heights via Leland,,1,293132,37341,2,2
8925,6,14164,Friendship Heights,,1,293161,37340,2,2
8925,6,14153,Friendship Heights via Leland,,1,293130,37341,2,2
8925,6,14152,Friendship Heights,,1,293158,37340,2,2
8925,6,14165,Friendship Heights via Leland,,1,293133,37341,2,2
8925,6,14166,Friendship Heights,,1,293134,37340,2,2
8925,6,14167,Friendship Heights via Leland,,1,293135,37341,2,2
8925,6,14168,Friendship Heights,,1,293136,37340,2,2
8925,6,14169,Friendship Heights via Leland,,1,293137,37341,2,2
8925,6,14170,Friendship Heights,,1,293138,37340,2,2
8925,6,14171,Friendship Heights via Leland,,1,293125,37341,2,2
8925,6,14150,Friendship Heights,,1,293140,37340,2,2
8925,6,14172,Friendship Heights,,1,293139,37340,2,2
8925,6,14173,Friendship Heights,,1,293141,37339,2,2
8925,6,14154,Friendship Heights,,1,293153,37339,2,2
8925,6,14174,Friendship Heights,,1,293145,37340,2,2
8925,6,14175,Friendship Heights,,1,293155,37339,2,2
8925,6,14176,Friendship Heights,,1,293140,37339,2,2
8925,6,14177,Friendship Heights,,1,293143,37340,2,2
8925,6,14178,Friendship Heights,,1,293145,37340,2,2
8925,6,14179,Friendship Heights,,1,293146,37340,2,2
8925,6,14180,Friendship Heights,,1,293147,37340,2,2
8925,6,14181,Friendship Heights,,1,293148,37340,2,2
8925,6,14182,Friendship Heights,,1,293146,37340,2,2
8925,6,14183,Friendship Heights,,1,293149,37340,2,2
8925,6,14184,Friendship Heights,,1,293150,37340,2,2
8925,6,14151,Friendship Heights,,1,293157,37340,2,2
8927,6,14887,Germantown Transit Center Express,,0,293407,37344,2,2
8927,6,14903,Germantown Transit Center Express,,0,293416,37344,2,2
8927,6,14888,Germantown Transit Center Express,,0,293408,37344,2,2
8927,6,14886,Germantown Transit Center Express,,0,293406,37344,2,2
8927,6,14889,Germantown Transit Center Express,,0,293409,37344,2,2
8927,6,14890,Germantown Transit Center Express,,0,293400,37344,2,2
8927,6,14891,Germantown Transit Center Express,,0,293402,37344,2,2
8927,6,14892,Germantown Transit Center Express,,0,293410,37344,2,2
8927,6,14893,Germantown Transit Center Express,,0,293406,37344,2,2
8927,6,14885,Germantown Transit Center Express,,0,293405,37344,2,2
8927,6,14884,Germantown Transit Center Express,,0,293404,37344,2,2
8927,6,14883,Germantown Transit Center Express,,0,293403,37344,2,2
8927,6,14882,Germantown Transit Center Express,,0,293402,37344,2,2
8927,6,14881,Germantown Transit Center Express,,0,293401,37344,2,2
8927,6,14880,Germantown Transit Center Express,,0,293400,37344,2,2
8927,6,14879,Germantown Transit Center Express,,0,293399,37344,2,2
8927,6,14878,Germantown Transit Center Express,,0,293397,37344,2,2
8927,6,14877,Germantown Transit Center Express,,0,293398,37344,2,2
8927,6,14876,Germantown Transit Center Express,,0,293396,37344,2,2
8927,6,14875,Germantown Transit Center Express,,0,293397,37344,2,2
8927,6,14874,Germantown Transit Center Express,,0,293396,37344,2,2
8927,6,14873,Germantown Transit Center Express,,0,293395,37344,2,2
8927,6,14872,Germantown Transit Center Express,,0,293394,37344,2,2
8927,6,14871,Germantown Transit Center Express,,0,293392,37344,2,2
8927,6,14870,Germantown Transit Center Express,,0,293393,37344,2,2
8927,6,14869,Germantown Transit Center Express,,0,293392,37344,2,2
8927,6,14868,Germantown Transit Center Express,,0,293391,37344,2,2
8927,6,14867,Germantown Transit Center Express,,0,293390,37344,2,2
8927,6,14866,Germantown Transit Center Express,,0,293389,37344,2,2
8927,6,14865,Germantown Transit Center Express,,0,293388,37344,2,2
8927,6,14864,Germantown Transit Center Express,,0,293378,37344,2,2
8927,6,14863,Germantown Transit Center Express,,0,293387,37344,2,2
8927,6,14862,Germantown Transit Center Express,,0,293386,37344,2,2
8927,6,14861,Germantown Transit Center Express,,0,293385,37344,2,2
8927,6,14860,Germantown Transit Center Express,,0,293384,37344,2,2
8927,6,14859,Germantown Transit Center Express,,0,293383,37344,2,2
8927,6,14858,Germantown Transit Center Express,,0,293382,37344,2,2
8927,6,14894,Germantown Transit Center Express,,0,293392,37344,2,2
8927,6,14895,Germantown Transit Center Express,,0,293411,37344,2,2
8927,6,14852,Germantown Transit Center Express,,0,293377,37344,2,2
8927,6,14851,Germantown Transit Center Express,,0,293376,37344,2,2
8927,6,14896,Germantown Transit Center Express,,0,293412,37344,2,2
8927,6,14897,Germantown Transit Center Express,,0,293413,37344,2,2
8927,6,14857,Germantown Transit Center Express,,0,293381,37344,2,2
8927,6,14850,Germantown Transit Center Express,,0,293375,37344,2,2
8927,6,14856,Germantown Transit Center Express,,0,293380,37344,2,2
8927,6,14855,Germantown Transit Center Express,,0,293379,37344,2,2
8927,6,14854,Germantown Transit Center Express,,0,293375,37344,2,2
8927,6,14904,Germantown Transit Center Express,,0,293417,37344,2,2
8927,6,14905,Germantown Transit Center Express,,0,293379,37344,2,2
8927,6,14898,Germantown Transit Center Express,,0,293414,37344,2,2
8927,6,14899,Germantown Transit Center Express,,0,293415,37344,2,2
8927,6,14900,Germantown Transit Center Express,,0,293378,37344,2,2
8927,6,14901,Germantown Transit Center Express,,0,293377,37344,2,2
8927,6,14902,Germantown Transit Center Express,,0,293386,37344,2,2
8927,6,14853,Germantown Transit Center Express,,0,293378,37344,2,2
8927,6,14917,Shady Grove Express,,1,293397,37345,2,2
8927,6,14916,Shady Grove Express,,1,293404,37345,2,2
8927,6,14951,Shady Grove Express,,1,293405,37345,2,2
8927,6,14915,Shady Grove Express,,1,293422,37345,2,2
8927,6,14906,Shady Grove Express,,1,293418,37345,2,2
8927,6,14918,Shady Grove Express,,1,293423,37345,2,2
8927,6,14919,Shady Grove Express,,1,293424,37345,2,2
8927,6,14920,Shady Grove Express,,1,293425,37345,2,2
8927,6,14921,Shady Grove Express,,1,293400,37345,2,2
8927,6,14922,Shady Grove Express,,1,293406,37345,2,2
8927,6,14923,Shady Grove Express,,1,293402,37345,2,2
8927,6,14924,Shady Grove Express,,1,293409,37345,2,2
8927,6,14925,Shady Grove Express,,1,293410,37345,2,2
8927,6,14926,Shady Grove Express,,1,293420,37345,2,2
8927,6,14927,Shady Grove Express,,1,293406,37345,2,2
8927,6,14928,Shady Grove Express,,1,293402,37345,2,2
8927,6,14929,Shady Grove Express,,1,293405,37345,2,2
8927,6,14930,Shady Grove Express,,1,293399,37345,2,2
8927,6,14931,Shady Grove Express,,1,293406,37345,2,2
8927,6,14908,Shady Grove Express,,1,293420,37345,2,2
8927,6,14907,Shady Grove Express,,1,293419,37345,2,2
8927,6,14932,Shady Grove Express,,1,293418,37345,2,2
8927,6,14933,Shady Grove Express,,1,293426,37345,2,2
8927,6,14952,Shady Grove Express,,1,293408,37345,2,2
8927,6,14953,Shady Grove Express,,1,293434,37345,2,2
8927,6,14954,Shady Grove Express,,1,293400,37345,2,2
8927,6,14934,Shady Grove Express,,1,293427,37345,2,2
8927,6,14945,Shady Grove Express,,1,293410,37345,2,2
8927,6,14946,Shady Grove Express,,1,293398,37345,2,2
8927,6,14947,Shady Grove Express,,1,293396,37345,2,2
8927,6,14955,Shady Grove Express,,1,293435,37345,2,2
8927,6,14948,Shady Grove Express,,1,293432,37345,2,2
8927,6,14949,Shady Grove Express,,1,293395,37345,2,2
8927,6,14950,Shady Grove Express,,1,293433,37345,2,2
8927,6,14935,Shady Grove Express,,1,293392,37345,2,2
8927,6,14936,Shady Grove Express,,1,293428,37345,2,2
8927,6,14937,Shady Grove Express,,1,293392,37345,2,2
8927,6,14938,Shady Grove Express,,1,293429,37345,2,2
8927,6,14939,Shady Grove Express,,1,293430,37345,2,2
8927,6,14940,Shady Grove Express,,1,293392,37345,2,2
8927,6,14941,Shady Grove Express,,1,293386,37345,2,2
8927,6,14942,Shady Grove Express,,1,293384,37345,2,2
8927,6,14943,Shady Grove Express,,1,293389,37345,2,2
8927,6,14944,Shady Grove Express,,1,293431,37345,2,2
8927,6,14914,Shady Grove Express,,1,293413,37345,2,2
8927,6,14956,Shady Grove Express,,1,293436,37345,2,2
8927,6,14957,Shady Grove Express,,1,293377,37345,2,2
8927,6,14958,Shady Grove Express,,1,293394,37345,2,2
8927,6,14913,Shady Grove Express,,1,293421,37345,2,2
8927,6,14912,Shady Grove Express,,1,293414,37345,2,2
8927,6,14911,Shady Grove Express,,1,293383,37345,2,2
8927,6,14910,Shady Grove Express,,1,293415,37345,2,2
8927,6,14959,Shady Grove Express,,1,293378,37345,2,2
8927,6,14960,Shady Grove Express,,1,293388,37345,2,2
8927,6,14909,Shady Grove Express,,1,293386,37345,2,2
8928,6,15297,Lakeforest,,0,293568,37347,2,2
8928,6,15296,Lakeforest,,0,293561,37346,2,2
8928,6,15295,Lakeforest,,0,293565,37346,2,2
8928,6,15294,Lakeforest,,0,293564,37346,2,2
8928,6,15293,Lakeforest,,0,293563,37346,2,2
8928,6,15292,Lakeforest,,0,293569,37346,2,2
8928,6,15291,Lakeforest,,0,293562,37346,2,2
8928,6,15290,Lakeforest,,0,293568,37346,2,2
8928,6,15289,Lakeforest,,0,293567,37346,2,2
8928,6,15288,Lakeforest,,0,293561,37346,2,2
8928,6,15287,Lakeforest,,0,293566,37346,2,2
8928,6,15286,Lakeforest,,0,293565,37346,2,2
8928,6,15285,Lakeforest,,0,293564,37346,2,2
8928,6,15284,Lakeforest,,0,293563,37346,2,2
8928,6,15283,Lakeforest,,0,293562,37346,2,2
8928,6,15282,Lakeforest,,0,293561,37346,2,2
8928,6,15298,Lakeforest,,0,293552,37347,2,2
8928,6,15281,Lakeforest,,0,293558,37346,2,2
8928,6,15280,Lakeforest,,0,293557,37346,2,2
8928,6,15279,Lakeforest,,0,293556,37346,2,2
8928,6,15278,Lakeforest,,0,293555,37346,2,2
8928,6,15277,Lakeforest,,0,293554,37346,2,2
8928,6,15276,Lakeforest,,0,293553,37346,2,2
8928,6,15275,Lakeforest,,0,293560,37346,2,2
8928,6,15274,Lakeforest,,0,293552,37346,2,2
8928,6,15273,Lakeforest,,0,293559,37346,2,2
8928,6,15272,Lakeforest,,0,293558,37346,2,2
8928,6,15271,Lakeforest,,0,293557,37346,2,2
8928,6,15270,Lakeforest,,0,293556,37346,2,2
8928,6,15269,Lakeforest,,0,293555,37346,2,2
8928,6,15268,Lakeforest,,0,293554,37346,2,2
8928,6,15267,Lakeforest,,0,293553,37346,2,2
8928,6,15266,Lakeforest,,0,293552,37346,2,2
8928,6,15330,Medical Center,,1,293564,37350,2,2
8928,6,15329,Medical Center,,1,293569,37348,2,2
8928,6,15328,Medical Center,,1,293562,37348,2,2
8928,6,15327,Medical Center,,1,293568,37348,2,2
8928,6,15326,Medical Center,,1,293567,37348,2,2
8928,6,15325,Medical Center,,1,293561,37348,2,2
8928,6,15324,Medical Center,,1,293565,37348,2,2
8928,6,15323,Medical Center,,1,293564,37348,2,2
8928,6,15322,Medical Center,,1,293563,37348,2,2
8928,6,15321,Medical Center,,1,293569,37348,2,2
8928,6,15320,Medical Center,,1,293562,37348,2,2
8928,6,15319,Medical Center,,1,293568,37348,2,2
8928,6,15318,Medical Center,,1,293567,37348,2,2
8928,6,15317,Medical Center,,1,293561,37348,2,2
8928,6,15316,Medical Center,,1,293566,37348,2,2
8928,6,15315,Medical Center,,1,293564,37348,2,2
8928,6,15314,Medical Center,,1,293563,37348,2,2
8928,6,15331,Medical Center,,1,293556,37350,2,2
8928,6,15313,Medical Center,,1,293554,37348,2,2
8928,6,15312,Medical Center,,1,293553,37348,2,2
8928,6,15311,Medical Center,,1,293560,37348,2,2
8928,6,15310,Medical Center,,1,293552,37348,2,2
8928,6,15309,Medical Center,,1,293559,37348,2,2
8928,6,15308,Medical Center,,1,293558,37348,2,2
8928,6,15307,Medical Center,,1,293557,37348,2,2
8928,6,15306,Medical Center,,1,293556,37348,2,2
8928,6,15305,Medical Center,,1,293555,37348,2,2
8928,6,15304,Medical Center,,1,293554,37348,2,2
8928,6,15303,Medical Center,,1,293553,37348,2,2
8928,6,15302,Medical Center,,1,293560,37348,2,2
8928,6,15301,Medical Center,,1,293552,37348,2,2
8928,6,15300,Medical Center,,1,293558,37348,2,2
8928,6,15299,Medical Center,,1,293556,37348,2,2
8929,6,15455,Friendship Heights,,0,293609,37351,2,2
8929,6,15454,Friendship Heights,,0,293131,37351,2,2
8929,6,15453,Friendship Heights,,0,293135,37351,2,2
8929,6,15452,Friendship Heights,,0,293610,37351,2,2
8929,6,15446,Friendship Heights,,0,293608,37351,2,2
8929,6,15445,Friendship Heights,,0,293607,37351,2,2
8929,6,15451,Friendship Heights,,0,293161,37351,2,2
8929,6,15450,Friendship Heights,,0,293129,37351,2,2
8929,6,15449,Friendship Heights,,0,293609,37351,2,2
8929,6,15448,Friendship Heights,,0,293131,37351,2,2
8929,6,15447,Friendship Heights,,0,293133,37351,2,2
8929,6,15467,Silver Spring,,1,293618,37352,2,2
8929,6,15466,Silver Spring,,1,293617,37352,2,2
8929,6,15465,Silver Spring,,1,293616,37352,2,2
8929,6,15464,Silver Spring,,1,293615,37352,2,2
8929,6,15463,Silver Spring,,1,293614,37352,2,2
8929,6,15456,Silver Spring,,1,293143,37352,2,2
8929,6,15462,Silver Spring,,1,293613,37352,2,2
8929,6,15461,Silver Spring,,1,293612,37352,2,2
8929,6,15460,Silver Spring,,1,293145,37352,2,2
8929,6,15459,Silver Spring,,1,293148,37352,2,2
8929,6,15457,Silver Spring,,1,293611,37352,2,2
8929,6,15458,Silver Spring,,1,293152,37352,2,2
8930,6,15837,Silver Spring,,0,293133,37353,2,2
8930,6,15838,Silver Spring,,0,293130,37353,2,2
8930,6,15839,Silver Spring,,0,293131,37353,2,2
8930,6,15840,Silver Spring,,0,293714,37353,2,2
8930,6,15841,Silver Spring,,0,293715,37353,2,2
8930,6,15842,Silver Spring,,0,293716,37353,2,2
8930,6,15843,Silver Spring,,0,293159,37353,2,2
8930,6,15844,Silver Spring,,0,293717,37353,2,2
8930,6,15845,Silver Spring,,0,293127,37353,2,2
8930,6,15846,Silver Spring,,0,293714,37353,2,2
8930,6,15871,Silver Spring,,0,293608,37353,2,2
8930,6,15847,Silver Spring,,0,293129,37353,2,2
8930,6,15848,Silver Spring,,0,293610,37353,2,2
8930,6,15849,Silver Spring,,0,293717,37353,2,2
8930,6,15850,Silver Spring,,0,293131,37353,2,2
8930,6,15851,Silver Spring,,0,293718,37353,2,2
8930,6,15852,Silver Spring,,0,293719,37353,2,2
8930,6,15853,Silver Spring,,0,293145,37353,2,2
8930,6,15873,Silver Spring,,0,293721,37353,2,2
8930,6,15874,Silver Spring,,0,293134,37353,2,2
8930,6,15854,Silver Spring,,0,293720,37353,2,2
8930,6,15855,Silver Spring,,0,293721,37353,2,2
8930,6,15856,Silver Spring,,0,293145,37353,2,2
8930,6,15857,Silver Spring,,0,293618,37353,2,2
8930,6,15875,Silver Spring,,0,293725,37353,2,2
8930,6,15858,Silver Spring,,0,293139,37353,2,2
8930,6,15859,Silver Spring,,0,293722,37353,2,2
8930,6,15860,Silver Spring,,0,293143,37353,2,2
8930,6,15861,Silver Spring,,0,293150,37353,2,2
8930,6,15862,Silver Spring,,0,293146,37353,2,2
8930,6,15863,Silver Spring,,0,293611,37353,2,2
8930,6,15872,Silver Spring,,0,293148,37353,2,2
8930,6,15864,Silver Spring,,0,293152,37353,2,2
8930,6,15865,Silver Spring,,0,293149,37353,2,2
8930,6,15866,Silver Spring,,0,293723,37353,2,2
8930,6,15867,Silver Spring,,0,293724,37353,2,2
8930,6,15868,Silver Spring,,0,293157,37353,2,2
8930,6,15869,Silver Spring,,0,293149,37353,2,2
8930,6,15870,Silver Spring,,0,293152,37353,2,2
8930,6,15876,Takoma via Three Oaks,,1,293133,37354,2,2
8930,6,15877,Takoma via Three Oaks,,1,293714,37354,2,2
8930,6,15878,Takoma,,1,293726,37355,2,2
8930,6,15879,Takoma,,1,293131,37355,2,2
8930,6,15880,Takoma,,1,293727,37355,2,2
8930,6,15881,Takoma,,1,293128,37355,2,2
8930,6,15882,Takoma,,1,293714,37355,2,2
8930,6,15883,Takoma,,1,293159,37355,2,2
8930,6,15884,Takoma,,1,293129,37355,2,2
8930,6,15885,Takoma,,1,293137,37355,2,2
8930,6,15886,Takoma,,1,293717,37355,2,2
8930,6,15887,Takoma,,1,293131,37355,2,2
8930,6,15888,Takoma,,1,293728,37355,2,2
8930,6,15889,Takoma,,1,293714,37355,2,2
8930,6,15890,Takoma,,1,293140,37355,2,2
8930,6,15891,Takoma,,1,293721,37355,2,2
8930,6,15892,Takoma,,1,293134,37355,2,2
8930,6,15912,Takoma,,1,293722,37355,2,2
8930,6,15913,Takoma,,1,293736,37355,2,2
8930,6,15893,Takoma,,1,293145,37355,2,2
8930,6,15894,Takoma,,1,293720,37355,2,2
8930,6,15895,Takoma,,1,293729,37355,2,2
8930,6,15896,Takoma,,1,293139,37355,2,2
8930,6,15897,Takoma,,1,293722,37355,2,2
8930,6,15898,Takoma,,1,293152,37355,2,2
8930,6,15909,Takoma,,1,293735,37355,2,2
8930,6,15910,Takoma,,1,293724,37355,2,2
8930,6,15899,Takoma,,1,293147,37355,2,2
8930,6,15900,Takoma,,1,293730,37355,2,2
8930,6,15901,Takoma,,1,293731,37355,2,2
8930,6,15902,Takoma,,1,293725,37355,2,2
8930,6,15903,Takoma,,1,293149,37355,2,2
8930,6,15904,Takoma,,1,293732,37355,2,2
8930,6,15905,Takoma,,1,293148,37355,2,2
8930,6,15906,Takoma,,1,293733,37355,2,2
8930,6,15907,Takoma,,1,293734,37355,2,2
8930,6,15908,Takoma,,1,293152,37355,2,2
8930,6,15911,Takoma,,1,293148,37355,2,2
8932,6,16142,Silver Spring,,0,293788,37358,2,2
8932,6,16143,Silver Spring,,0,293789,37358,2,2
8932,6,16152,Silver Spring,,0,293794,37358,2,2
8932,6,16144,Silver Spring,,0,293790,37358,2,2
8932,6,16145,Silver Spring,,0,293135,37358,2,2
8932,6,16146,Silver Spring,,0,293791,37358,2,2
8932,6,16147,Silver Spring,,0,293135,37358,2,2
8932,6,16148,Silver Spring,,0,293792,37358,2,2
8932,6,16149,Silver Spring,,0,293731,37358,2,2
8932,6,16150,Silver Spring,,0,293152,37358,2,2
8932,6,16151,Silver Spring,,0,293793,37358,2,2
8932,6,16153,Takoma,,1,293129,37359,2,2
8932,6,16154,Takoma,,1,293135,37359,2,2
8932,6,16155,Takoma,,1,293127,37359,2,2
8932,6,16156,Takoma,,1,293795,37359,2,2
8932,6,16157,Takoma,,1,293796,37359,2,2
8932,6,16158,Takoma,,1,293724,37359,2,2
8932,6,16159,Takoma,,1,293797,37359,2,2
8932,6,16160,Takoma,,1,293798,37359,2,2
8932,6,16163,Takoma,,1,293799,37359,2,2
8932,6,16161,Takoma,,1,293146,37359,2,2
8932,6,16162,Takoma,,1,293723,37359,2,2
8933,6,16331,Silver Spring,,0,293137,37360,2,2
8933,6,16339,Silver Spring,,0,293135,37360,2,2
8933,6,16340,Silver Spring,,0,293726,37360,2,2
8933,6,16332,Silver Spring,,0,293819,37360,2,2
8933,6,16333,Silver Spring,,0,293160,37360,2,2
8933,6,16334,Silver Spring,,0,293137,37360,2,2
8933,6,16335,Silver Spring,,0,293158,37360,2,2
8933,6,16336,Silver Spring,,0,293137,37360,2,2
8933,6,16337,Silver Spring,,0,293795,37360,2,2
8933,6,16330,Silver Spring,,0,293818,37360,2,2
8933,6,16329,Silver Spring,,0,293140,37360,2,2
8933,6,16328,Silver Spring,,0,293796,37360,2,2
8933,6,16327,Silver Spring,,0,293792,37360,2,2
8933,6,16326,Silver Spring,,0,293720,37360,2,2
8933,6,16323,Silver Spring,,0,293796,37360,2,2
8933,6,16338,Silver Spring,,0,293149,37360,2,2
8933,6,16322,Silver Spring,,0,293796,37360,2,2
8933,6,16325,Silver Spring,,0,293147,37360,2,2
8933,6,16321,Silver Spring,,0,293730,37360,2,2
8933,6,16324,Silver Spring,,0,293732,37360,2,2
8933,6,16352,Takoma,,1,293131,37362,2,2
8933,6,16341,Takoma,,1,293136,37362,2,2
8933,6,16353,Takoma,,1,293159,37362,2,2
8933,6,16354,Takoma,,1,293794,37362,2,2
8933,6,16355,Takoma,,1,293135,37362,2,2
8933,6,16356,Takoma,,1,293608,37362,2,2
8933,6,16357,Takoma,,1,293610,37362,2,2
8933,6,16358,Takoma,,1,293129,37362,2,2
8933,6,16359,Takoma,,1,293130,37362,2,2
8933,6,16351,Takoma,,1,293145,37362,2,2
8933,6,16350,Takoma,,1,293797,37362,2,2
8933,6,16344,Takoma,,1,293720,37362,2,2
8933,6,16349,Takoma,,1,293820,37362,2,2
8933,6,16348,Takoma,,1,293799,37362,2,2
8933,6,16347,Takoma,,1,293142,37362,2,2
8933,6,16343,Takoma,,1,293139,37362,2,2
8933,6,16342,Takoma,,1,293613,37362,2,2
8933,6,16346,Takoma,,1,293611,37362,2,2
8933,6,16360,Takoma,,1,293152,37362,2,2
8933,6,16345,Takoma,,1,293731,37362,2,2
8934,6,17005,Silver Spring,,0,293129,37363,2,2
8934,6,17006,Silver Spring,,0,293131,37363,2,2
8934,6,17007,Silver Spring,,0,293726,37363,2,2
8934,6,17056,Silver Spring,,0,293795,37363,2,2
8934,6,17008,Silver Spring,,0,293609,37363,2,2
8934,6,17009,Silver Spring,,0,293127,37363,2,2
8934,6,17010,Silver Spring,,0,293908,37363,2,2
8934,6,17002,Silver Spring,,0,293790,37363,2,2
8934,6,17003,Silver Spring,,0,293129,37363,2,2
8934,6,17011,Silver Spring,,0,293909,37363,2,2
8934,6,17012,Silver Spring,,0,293910,37363,2,2
8934,6,17013,Silver Spring,,0,293132,37363,2,2
8934,6,17014,Silver Spring,,0,293607,37363,2,2
8934,6,17015,Silver Spring,,0,293727,37363,2,2
8934,6,17004,Silver Spring,,0,293125,37363,2,2
8934,6,17016,Silver Spring,,0,293137,37363,2,2
8934,6,17018,Silver Spring,,0,293789,37363,2,2
8934,6,17017,Silver Spring,,0,293729,37363,2,2
8934,6,17057,Silver Spring,,0,293136,37363,2,2
8934,6,17058,Silver Spring,,0,293610,37363,2,2
8934,6,17001,Silver Spring,,0,293727,37363,2,2
8934,6,17019,Silver Spring,,0,293126,37363,2,2
8934,6,17020,Silver Spring,,0,293819,37363,2,2
8934,6,17021,Silver Spring,,0,293911,37363,2,2
8934,6,17060,Silver Spring,,0,293727,37363,2,2
8934,6,17061,Silver Spring,,0,293920,37363,2,2
8934,6,17062,Silver Spring,,0,293921,37363,2,2
8934,6,17022,Silver Spring,,0,293717,37363,2,2
8934,6,17048,Silver Spring,,0,293714,37363,2,2
8934,6,17049,Silver Spring,,0,293918,37363,2,2
8934,6,17023,Silver Spring,,0,293608,37363,2,2
8934,6,17055,Silver Spring,,0,293135,37363,2,2
8934,6,17024,Silver Spring,,0,293610,37363,2,2
8934,6,17050,Silver Spring,,0,293159,37363,2,2
8934,6,17025,Silver Spring,,0,293137,37363,2,2
8934,6,17051,Silver Spring,,0,293919,37363,2,2
8934,6,17054,Silver Spring,,0,293134,37363,2,2
8934,6,17052,Silver Spring,,0,293156,37363,2,2
8934,6,17026,Silver Spring,,0,293719,37363,2,2
8934,6,17027,Silver Spring,,0,293730,37363,2,2
8934,6,17028,Silver Spring,,0,293607,37363,2,2
8934,6,17029,Silver Spring,,0,293912,37363,2,2
8934,6,17030,Silver Spring,,0,293155,37363,2,2
8934,6,17031,Silver Spring,,0,293913,37363,2,2
8934,6,17032,Silver Spring,,0,293797,37363,2,2
8934,6,17033,Silver Spring,,0,293722,37363,2,2
8934,6,17034,Silver Spring,,0,293616,37363,2,2
8934,6,17035,Silver Spring,,0,293733,37363,2,2
8934,6,17036,Silver Spring,,0,293157,37363,2,2
8934,6,17037,Silver Spring,,0,293613,37363,2,2
8934,6,17038,Silver Spring,,0,293731,37363,2,2
8934,6,17039,Silver Spring,,0,293732,37363,2,2
8934,6,17040,Silver Spring,,0,293914,37363,2,2
8934,6,17041,Silver Spring,,0,293915,37363,2,2
8934,6,17042,Silver Spring,,0,293916,37363,2,2
8934,6,17043,Silver Spring,,0,293915,37363,2,2
8934,6,17044,Silver Spring,,0,293152,37363,2,2
8934,6,17045,Silver Spring,,0,293150,37363,2,2
8934,6,17046,Silver Spring,,0,293732,37363,2,2
8934,6,17047,Silver Spring,,0,293917,37363,2,2
8934,6,17053,Silver Spring,,0,293917,37363,2,2
8934,6,17059,Silver Spring,,0,293917,37363,2,2
8934,6,17068,Takoma Langley Transit Center,,1,293795,37364,2,2
8934,6,17069,Takoma Langley Transit Center,,1,293127,37364,2,2
8934,6,17070,Takoma Langley Transit Center,,1,293795,37364,2,2
8934,6,17071,Takoma Langley Transit Center,,1,293129,37364,2,2
8934,6,17072,Takoma Langley Transit Center,,1,293132,37364,2,2
8934,6,17073,Takoma Langley Transit Center,,1,293727,37364,2,2
8934,6,17074,Takoma Langley Transit Center,,1,293137,37364,2,2
8934,6,17075,Takoma Langley Transit Center,,1,293729,37364,2,2
8934,6,17076,Takoma Langley Transit Center,,1,293610,37364,2,2
8934,6,17077,Takoma Langley Transit Center,,1,293126,37364,2,2
8934,6,17078,Takoma Langley Transit Center,,1,293819,37364,2,2
8934,6,17079,Takoma Langley Transit Center,,1,293911,37364,2,2
8934,6,17080,Takoma Langley Transit Center,,1,293920,37364,2,2
8934,6,17081,Takoma Langley Transit Center,,1,293921,37364,2,2
8934,6,17082,Takoma Langley Transit Center,,1,293717,37364,2,2
8934,6,17083,Takoma Langley Transit Center,,1,293714,37364,2,2
8934,6,17067,Takoma Langley Transit Center,,1,293918,37364,2,2
8934,6,17084,Takoma Langley Transit Center,,1,293922,37364,2,2
8934,6,17085,Takoma Langley Transit Center,,1,293135,37364,2,2
8934,6,17086,Takoma Langley Transit Center,,1,293610,37364,2,2
8934,6,17087,Takoma Langley Transit Center,,1,293159,37364,2,2
8934,6,17088,Takoma Langley Transit Center,,1,293137,37364,2,2
8934,6,17119,Takoma Langley Transit Center,,1,293795,37364,2,2
8934,6,17089,Takoma Langley Transit Center,,1,293134,37364,2,2
8934,6,17090,Takoma Langley Transit Center,,1,293156,37364,2,2
8934,6,17110,Takoma Langley Transit Center,,1,293719,37364,2,2
8934,6,17111,Takoma Langley Transit Center,,1,293730,37364,2,2
8934,6,17112,Takoma Langley Transit Center,,1,293607,37364,2,2
8934,6,17091,Takoma Langley Transit Center,,1,293913,37364,2,2
8934,6,17113,Takoma Langley Transit Center,,1,293912,37364,2,2
8934,6,17092,Takoma Langley Transit Center,,1,293796,37364,2,2
8934,6,17093,Takoma Langley Transit Center,,1,293913,37364,2,2
8934,6,17094,Takoma Langley Transit Center,,1,293798,37364,2,2
8934,6,17095,Takoma Langley Transit Center,,1,293797,37364,2,2
8934,6,17096,Takoma Langley Transit Center,,1,293722,37364,2,2
8934,6,17064,Takoma Langley Transit Center,,1,293913,37364,2,2
8934,6,17097,Takoma Langley Transit Center,,1,293147,37364,2,2
8934,6,17098,Takoma Langley Transit Center,,1,293923,37364,2,2
8934,6,17099,Takoma Langley Transit Center,,1,293733,37364,2,2
8934,6,17114,Takoma Langley Transit Center,,1,293798,37364,2,2
8934,6,17066,Takoma Langley Transit Center,,1,293140,37364,2,2
8934,6,17122,Takoma Langley Transit Center,,1,293157,37364,2,2
8934,6,17123,Takoma Langley Transit Center,,1,293923,37364,2,2
8934,6,17065,Takoma Langley Transit Center,,1,293613,37364,2,2
8934,6,17115,Takoma Langley Transit Center,,1,293925,37364,2,2
8934,6,17063,Takoma Langley Transit Center,,1,293731,37364,2,2
8934,6,17100,Takoma Langley Transit Center,,1,293924,37364,2,2
8934,6,17116,Takoma Langley Transit Center,,1,293732,37364,2,2
8934,6,17117,Takoma Langley Transit Center,,1,293725,37364,2,2
8934,6,17120,Takoma Langley Transit Center,,1,293915,37364,2,2
8934,6,17101,Takoma Langley Transit Center,,1,293612,37364,2,2
8934,6,17102,Takoma Langley Transit Center,,1,293916,37364,2,2
8934,6,17103,Takoma Langley Transit Center,,1,293915,37364,2,2
8934,6,17104,Takoma Langley Transit Center,,1,293612,37364,2,2
8934,6,17105,Takoma Langley Transit Center,,1,293725,37364,2,2
8934,6,17106,Takoma Langley Transit Center,,1,293150,37364,2,2
8934,6,17107,Takoma Langley Transit Center,,1,293732,37364,2,2
8934,6,17108,Takoma Langley Transit Center,,1,293917,37364,2,2
8934,6,17109,Takoma Langley Transit Center,,1,293917,37364,2,2
8934,6,17118,Takoma Langley Transit Center,,1,293917,37364,2,2
8934,6,17121,Takoma Langley Transit Center,,1,293917,37364,2,2
8935,6,17872,Silver Spring,,0,293126,37365,2,2
8935,6,17871,Silver Spring,,0,293136,37365,2,2
8935,6,17870,Silver Spring,,0,293133,37365,2,2
8935,6,17839,Silver Spring,,0,293727,37365,2,2
8935,6,17869,Silver Spring,,0,293128,37365,2,2
8935,6,17838,Silver Spring,,0,293136,37365,2,2
8935,6,17868,Silver Spring,,0,293161,37365,2,2
8935,6,17837,Silver Spring,,0,293966,37365,2,2
8935,6,17867,Silver Spring,,0,293129,37365,2,2
8935,6,17836,Silver Spring,,0,293131,37365,2,2
8935,6,17866,Silver Spring,,0,293609,37365,2,2
8935,6,17835,Silver Spring,,0,293920,37365,2,2
8935,6,17865,Silver Spring,,0,293158,37365,2,2
8935,6,17834,Silver Spring,,0,293967,37365,2,2
8935,6,17864,Silver Spring,,0,293128,37365,2,2
8935,6,17833,Silver Spring,,0,293966,37365,2,2
8935,6,17863,Silver Spring,,0,293794,37365,2,2
8935,6,17832,Silver Spring,,0,293795,37365,2,2
8935,6,17840,Silver Spring,,0,293159,37365,2,2
8935,6,17862,Silver Spring,,0,293126,37365,2,2
8935,6,17861,Silver Spring,,0,293136,37365,2,2
8935,6,17860,Silver Spring,,0,293129,37365,2,2
8935,6,17859,Silver Spring,,0,293156,37365,2,2
8935,6,17858,Silver Spring,,0,293728,37365,2,2
8935,6,17857,Silver Spring,,0,293736,37365,2,2
8935,6,17856,Silver Spring,,0,293820,37365,2,2
8935,6,17855,Silver Spring,,0,293797,37365,2,2
8935,6,17854,Silver Spring,,0,293144,37365,2,2
8935,6,17853,Silver Spring,,0,293722,37365,2,2
8935,6,17873,Silver Spring,,0,293736,37365,2,2
8935,6,17831,Silver Spring,,0,293138,37365,2,2
8935,6,17852,Silver Spring,,0,293612,37365,2,2
8935,6,17830,Silver Spring,,0,293729,37365,2,2
8935,6,17851,Silver Spring,,0,293799,37365,2,2
8935,6,17829,Silver Spring,,0,293611,37365,2,2
8935,6,17850,Silver Spring,,0,293724,37365,2,2
8935,6,17828,Silver Spring,,0,293142,37365,2,2
8935,6,17849,Silver Spring,,0,293968,37365,2,2
8935,6,17827,Silver Spring,,0,293798,37365,2,2
8935,6,17874,Silver Spring,,0,293612,37365,2,2
8935,6,17848,Silver Spring,,0,293154,37365,2,2
8935,6,17847,Silver Spring,,0,293723,37365,2,2
8935,6,17845,Silver Spring,,0,293731,37365,2,2
8935,6,17846,Silver Spring,,0,293725,37365,2,2
8935,6,17844,Silver Spring,,0,293154,37365,2,2
8935,6,17843,Silver Spring,,0,293732,37365,2,2
8935,6,17842,Silver Spring,,0,293148,37365,2,2
8935,6,17841,Silver Spring,,0,293733,37365,2,2
8935,6,17826,Silver Spring,,0,293734,37365,2,2
8935,6,17825,Silver Spring,,0,293154,37365,2,2
8935,6,17920,Takoma,,1,293727,37366,2,2
8935,6,17919,Takoma,,1,293789,37366,2,2
8935,6,17918,Takoma,,1,293794,37366,2,2
8935,6,17917,Takoma,,1,293790,37366,2,2
8935,6,17887,Takoma,,1,293609,37366,2,2
8935,6,17916,Takoma,,1,293791,37366,2,2
8935,6,17886,Takoma,,1,293160,37366,2,2
8935,6,17915,Takoma,,1,293966,37366,2,2
8935,6,17885,Takoma,,1,293794,37366,2,2
8935,6,17914,Takoma,,1,293909,37366,2,2
8935,6,17913,Takoma,,1,293158,37366,2,2
8935,6,17912,Takoma,,1,293126,37366,2,2
8935,6,17911,Takoma,,1,293136,37366,2,2
8935,6,17910,Takoma,,1,293795,37366,2,2
8935,6,17909,Takoma,,1,293156,37366,2,2
8935,6,17908,Takoma,,1,293818,37366,2,2
8935,6,17907,Takoma,,1,293133,37366,2,2
8935,6,17906,Takoma,,1,293820,37366,2,2
8935,6,17905,Takoma,,1,293135,37366,2,2
8935,6,17904,Takoma,,1,293144,37366,2,2
8935,6,17903,Takoma,,1,293792,37366,2,2
8935,6,17884,Takoma,,1,293721,37366,2,2
8935,6,17921,Takoma,,1,293138,37366,2,2
8935,6,17902,Takoma,,1,293618,37366,2,2
8935,6,17883,Takoma,,1,293723,37366,2,2
8935,6,17901,Takoma,,1,293792,37366,2,2
8935,6,17882,Takoma,,1,293969,37366,2,2
8935,6,17900,Takoma,,1,293915,37366,2,2
8935,6,17881,Takoma,,1,293149,37366,2,2
8935,6,17899,Takoma,,1,293968,37366,2,2
8935,6,17880,Takoma,,1,293143,37366,2,2
8935,6,17898,Takoma,,1,293796,37366,2,2
8935,6,17879,Takoma,,1,293150,37366,2,2
8935,6,17897,Takoma,,1,293612,37366,2,2
8935,6,17878,Takoma,,1,293154,37366,2,2
8935,6,17896,Takoma,,1,293925,37366,2,2
8935,6,17877,Takoma,,1,293148,37366,2,2
8935,6,17922,Takoma,,1,293150,37366,2,2
8935,6,17895,Takoma,,1,293732,37366,2,2
8935,6,17894,Takoma,,1,293154,37366,2,2
8935,6,17893,Takoma,,1,293730,37366,2,2
8935,6,17892,Takoma,,1,293723,37366,2,2
8935,6,17891,Takoma,,1,293724,37366,2,2
8935,6,17890,Takoma,,1,293157,37366,2,2
8935,6,17889,Takoma,,1,293149,37366,2,2
8935,6,17888,Takoma,,1,293154,37366,2,2
8935,6,17876,Takoma,,1,293724,37366,2,2
8935,6,17875,Takoma,,1,293154,37366,2,2
8936,6,18425,Silver Spring,,0,293727,37367,2,2
8936,6,18424,Silver Spring,,0,293714,37367,2,2
8936,6,18423,Silver Spring,,0,293795,37367,2,2
8936,6,18400,Silver Spring,,0,293983,37367,2,2
8936,6,18399,Silver Spring,,0,293127,37367,2,2
8936,6,18398,Silver Spring,,0,293910,37367,2,2
8936,6,18422,Silver Spring,,0,293608,37367,2,2
8936,6,18421,Silver Spring,,0,293610,37367,2,2
8936,6,18420,Silver Spring,,0,293967,37367,2,2
8936,6,18419,Silver Spring,,0,293131,37367,2,2
8936,6,18418,Silver Spring,,0,293922,37367,2,2
8936,6,18417,Silver Spring,,0,293126,37367,2,2
8936,6,18416,Silver Spring,,0,293985,37367,2,2
8936,6,18415,Silver Spring,,0,293159,37367,2,2
8936,6,18414,Silver Spring,,0,293923,37367,2,2
8936,6,18413,Silver Spring,,0,293984,37367,2,2
8936,6,18412,Silver Spring,,0,293796,37367,2,2
8936,6,18411,Silver Spring,,0,293144,37367,2,2
8936,6,18410,Silver Spring,,0,293147,37367,2,2
8936,6,18409,Silver Spring,,0,293140,37367,2,2
8936,6,18408,Silver Spring,,0,293725,37367,2,2
8936,6,18407,Silver Spring,,0,293145,37367,2,2
8936,6,18406,Silver Spring,,0,293725,37367,2,2
8936,6,18405,Silver Spring,,0,293612,37367,2,2
8936,6,18404,Silver Spring,,0,293145,37367,2,2
8936,6,18403,Silver Spring,,0,293612,37367,2,2
8936,6,18402,Silver Spring,,0,293154,37367,2,2
8936,6,18401,Silver Spring,,0,293154,37367,2,2
8936,6,18452,Takoma Langley Transit Center,,1,293908,37368,2,2
8936,6,18451,Takoma Langley Transit Center,,1,293910,37368,2,2
8936,6,18429,Takoma Langley Transit Center,,1,293127,37368,2,2
8936,6,18450,Takoma Langley Transit Center,,1,293910,37368,2,2
8936,6,18449,Takoma Langley Transit Center,,1,293608,37368,2,2
8936,6,18448,Takoma Langley Transit Center,,1,293727,37368,2,2
8936,6,18447,Takoma Langley Transit Center,,1,293967,37368,2,2
8936,6,18446,Takoma Langley Transit Center,,1,293131,37368,2,2
8936,6,18445,Takoma Langley Transit Center,,1,293608,37368,2,2
8936,6,18444,Takoma Langley Transit Center,,1,293126,37368,2,2
8936,6,18443,Takoma Langley Transit Center,,1,293985,37368,2,2
8936,6,18442,Takoma Langley Transit Center,,1,293159,37368,2,2
8936,6,18441,Takoma Langley Transit Center,,1,293923,37368,2,2
8936,6,18440,Takoma Langley Transit Center,,1,293984,37368,2,2
8936,6,18439,Takoma Langley Transit Center,,1,293155,37368,2,2
8936,6,18438,Takoma Langley Transit Center,,1,293144,37368,2,2
8936,6,18437,Takoma Langley Transit Center,,1,293616,37368,2,2
8936,6,18436,Takoma Langley Transit Center,,1,293735,37368,2,2
8936,6,18435,Takoma Langley Transit Center,,1,293725,37368,2,2
8936,6,18428,Takoma Langley Transit Center,,1,293145,37368,2,2
8936,6,18427,Takoma Langley Transit Center,,1,293914,37368,2,2
8936,6,18426,Takoma Langley Transit Center,,1,293139,37368,2,2
8936,6,18434,Takoma Langley Transit Center,,1,293145,37368,2,2
8936,6,18433,Takoma Langley Transit Center,,1,293152,37368,2,2
8936,6,18432,Takoma Langley Transit Center,,1,293154,37368,2,2
8936,6,18431,Takoma Langley Transit Center,,1,293154,37368,2,2
8936,6,18430,Takoma Langley Transit Center,,1,293733,37368,2,2
8937,6,18826,Silver Spring via Takoma,,0,294020,37369,2,2
8937,6,18799,Silver Spring via Takoma,,0,294015,37369,2,2
8937,6,18800,Silver Spring via Takoma,,0,294016,37369,2,2
8937,6,18801,Silver Spring via Takoma,,0,294017,37369,2,2
8937,6,18802,Silver Spring via Takoma,,0,294018,37369,2,2
8937,6,18803,Silver Spring via Takoma,,0,294019,37369,2,2
8937,6,18804,Silver Spring via Takoma,,0,294016,37369,2,2
8937,6,18805,Silver Spring via Takoma,,0,294019,37369,2,2
8937,6,18806,Silver Spring via Takoma,,0,294015,37369,2,2
8937,6,18807,Silver Spring via Takoma,,0,294016,37369,2,2
8937,6,18808,Silver Spring via Takoma,,0,294015,37369,2,2
8937,6,18809,Silver Spring via Takoma,,0,294016,37369,2,2
8937,6,18810,Silver Spring via Takoma,,0,294020,37369,2,2
8937,6,18811,Silver Spring via Takoma,,0,294016,37369,2,2
8937,6,18812,Silver Spring via Takoma,,0,294021,37369,2,2
8937,6,18813,Silver Spring via Takoma,,0,293719,37369,2,2
8937,6,18822,Silver Spring via Takoma,,0,294021,37369,2,2
8937,6,18823,Silver Spring via Takoma,,0,294024,37369,2,2
8937,6,18824,Silver Spring via Takoma,,0,294022,37369,2,2
8937,6,18825,Silver Spring via Takoma,,0,293985,37369,2,2
8937,6,18814,Silver Spring via Takoma,,0,293719,37369,2,2
8937,6,18815,Takoma,,0,294022,37371,2,2
8937,6,18816,Takoma,,0,294022,37371,2,2
8937,6,18817,Takoma,,0,294023,37371,2,2
8937,6,18818,Takoma,,0,294023,37371,2,2
8937,6,18819,Takoma,,0,294023,37371,2,2
8937,6,18820,Takoma,,0,294023,37371,2,2
8937,6,18821,Takoma,,0,294023,37371,2,2
8937,6,18827,Takoma Langley Trn Ctr via Takoma,,1,294016,37372,2,2
8937,6,18841,Takoma Langley Trn Ctr via Takoma,,1,294015,37372,2,2
8937,6,18842,Takoma Langley Trn Ctr via Takoma,,1,294016,37372,2,2
8937,6,18843,Takoma Langley Trn Ctr via Takoma,,1,294025,37372,2,2
8937,6,18844,Takoma Langley Trn Ctr via Takoma,,1,294018,37372,2,2
8937,6,18845,Takoma Langley Trn Ctr via Takoma,,1,294019,37372,2,2
8937,6,18846,Takoma Langley Trn Ctr via Takoma,,1,294015,37372,2,2
8937,6,18828,Takoma Langley Trn Ctr via Takoma,,1,294016,37372,2,2
8937,6,18829,Takoma Langley Trn Ctr via Takoma,,1,294015,37372,2,2
8937,6,18830,Takoma Langley Trn Ctr via Takoma,,1,294016,37372,2,2
8937,6,18831,Takoma Langley Trn Ctr via Takoma,,1,294020,37372,2,2
8937,6,18832,Takoma Langley Trn Ctr via Takoma,,1,294016,37372,2,2
8937,6,18833,Takoma Langley Trn Ctr via Takoma,,1,294021,37372,2,2
8937,6,18834,Takoma Langley Trn Ctr via Takoma,,1,293719,37372,2,2
8937,6,18835,Takoma Langley Trn Ctr via Takoma,,1,294021,37372,2,2
8937,6,18848,Takoma Langley Trn Ctr via Takoma,,1,294023,37372,2,2
8937,6,18849,Takoma Langley Trn Ctr via Takoma,,1,294026,37372,2,2
8937,6,18850,Takoma Langley Trn Ctr via Takoma,,1,294027,37372,2,2
8937,6,18851,Takoma Langley Trn Ctr via Takoma,,1,293719,37372,2,2
8937,6,18852,Takoma Langley Trn Ctr via Takoma,,1,294023,37372,2,2
8937,6,18836,Takoma Langley Transit Center,,1,294022,37374,2,2
8937,6,18837,Takoma Langley Transit Center,,1,294023,37374,2,2
8937,6,18838,Takoma Langley Transit Center,,1,294023,37374,2,2
8937,6,18839,Takoma Langley Transit Center,,1,294023,37374,2,2
8937,6,18853,Takoma Langley Transit Center,,1,294023,37374,2,2
8937,6,18840,Takoma Langley Transit Center,,1,294023,37374,2,2
8937,6,18847,Takoma Langley Transit Center,,1,294023,37374,2,2
8938,6,18973,Dallas Ave/ Norwood,,0,293919,37376,2,2
8938,6,18972,Dallas Ave/ Norwood,,0,293919,37376,2,2
8938,6,18971,Dallas Ave/ Norwood,,0,293919,37376,2,2
8938,6,18969,Dallas Ave Norwood,,0,293919,37375,2,2
8938,6,18970,Dallas Ave Norwood,,0,293919,37375,2,2
8938,6,18977,Silver Spring,,1,293921,37377,2,2
8938,6,18976,Silver Spring,,1,293921,37377,2,2
8938,6,18974,Silver Spring,,1,293921,37377,2,2
8938,6,18975,Silver Spring,,1,293921,37377,2,2
8939,6,19285,Lyttonsville,,0,293789,37378,2,2
8939,6,19284,Lyttonsville,,0,293151,37378,2,2
8939,6,19283,Lyttonsville,,0,293795,37378,2,2
8939,6,19282,Lyttonsville,,0,293795,37378,2,2
8939,6,19281,Lyttonsville,,0,293159,37378,2,2
8939,6,19280,Lyttonsville,,0,293161,37378,2,2
8939,6,19279,Lyttonsville,,0,294047,37378,2,2
8939,6,19278,Lyttonsville,,0,293794,37378,2,2
8939,6,19277,Lyttonsville,,0,293159,37378,2,2
8939,6,19276,Lyttonsville,,0,293608,37378,2,2
8939,6,19275,Lyttonsville,,0,293610,37378,2,2
8939,6,19274,Lyttonsville,,0,293125,37378,2,2
8939,6,19273,Lyttonsville,,0,293736,37378,2,2
8939,6,19272,Lyttonsville,,0,293730,37378,2,2
8939,6,19271,Lyttonsville,,0,293125,37378,2,2
8939,6,19270,Lyttonsville,,0,293125,37378,2,2
8939,6,19269,Lyttonsville,,0,293138,37378,2,2
8939,6,19268,Lyttonsville,,0,293153,37378,2,2
8939,6,19261,Lyttonsville,,0,293157,37378,2,2
8939,6,19267,Lyttonsville,,0,293157,37378,2,2
8939,6,19266,Lyttonsville,,0,293140,37378,2,2
8939,6,19265,Lyttonsville,,0,293799,37378,2,2
8939,6,19264,Lyttonsville,,0,293147,37378,2,2
8939,6,19263,Lyttonsville,,0,293612,37378,2,2
8939,6,19262,Lyttonsville,,0,293612,37378,2,2
8939,6,19310,Silver Spring,,1,293789,37380,2,2
8939,6,19309,Silver Spring,,1,293789,37380,2,2
8939,6,19308,Silver Spring,,1,293151,37380,2,2
8939,6,19307,Silver Spring,,1,293795,37380,2,2
8939,6,19306,Silver Spring,,1,293795,37380,2,2
8939,6,19305,Silver Spring,,1,293159,37380,2,2
8939,6,19304,Silver Spring,,1,293161,37380,2,2
8939,6,19303,Silver Spring,,1,294047,37380,2,2
8939,6,19302,Silver Spring,,1,293794,37380,2,2
8939,6,19301,Silver Spring,,1,293159,37380,2,2
8939,6,19300,Silver Spring,,1,293608,37380,2,2
8939,6,19299,Silver Spring,,1,293610,37380,2,2
8939,6,19298,Silver Spring,,1,293125,37380,2,2
8939,6,19297,Silver Spring,,1,293736,37380,2,2
8939,6,19296,Silver Spring,,1,293730,37380,2,2
8939,6,19295,Silver Spring,,1,293125,37380,2,2
8939,6,19294,Silver Spring,,1,293125,37380,2,2
8939,6,19293,Silver Spring,,1,293138,37380,2,2
8939,6,19292,Silver Spring,,1,293153,37380,2,2
8939,6,19291,Silver Spring,,1,293157,37380,2,2
8939,6,19290,Silver Spring,,1,293157,37380,2,2
8939,6,19289,Silver Spring,,1,293140,37380,2,2
8939,6,19288,Silver Spring,,1,293799,37380,2,2
8939,6,19287,Silver Spring,,1,293147,37380,2,2
8939,6,19286,Silver Spring,,1,293612,37380,2,2
8940,6,19854,Hillandale,,0,293910,37383,2,2
8940,6,19855,Hillandale,,0,293130,37383,2,2
8940,6,19856,Hillandale,,0,293133,37383,2,2
8940,6,19853,Hillandale,,0,293714,37383,2,2
8940,6,19857,Hillandale,,0,294070,37383,2,2
8940,6,19852,Hillandale,,0,293137,37383,2,2
8940,6,19858,Hillandale,,0,293607,37383,2,2
8940,6,19859,Hillandale,,0,293134,37382,2,2
8940,6,19851,Hillandale,,0,293819,37383,2,2
8940,6,19860,Hillandale,,0,293127,37383,2,2
8940,6,19850,Hillandale,,0,293727,37383,2,2
8940,6,19861,Hillandale,,0,293966,37383,2,2
8940,6,19863,Hillandale,,0,293125,37382,2,2
8940,6,19862,Hillandale,,0,293922,37383,2,2
8940,6,19864,Hillandale,,0,293729,37383,2,2
8940,6,19865,Hillandale,,0,293921,37383,2,2
8940,6,19880,Hillandale,,0,293723,37383,2,2
8940,6,19866,Hillandale,,0,293145,37383,2,2
8940,6,19867,Hillandale,,0,293729,37383,2,2
8940,6,19868,Hillandale,,0,294071,37383,2,2
8940,6,19842,Hillandale,,0,294069,37383,2,2
8940,6,19849,Hillandale,,0,293607,37383,2,2
8940,6,19869,Hillandale,,0,293617,37383,2,2
8940,6,19848,Hillandale,,0,293155,37383,2,2
8940,6,19882,Hillandale,,0,293731,37383,2,2
8940,6,19881,Hillandale,,0,293615,37383,2,2
8940,6,19847,Hillandale,,0,293720,37383,2,2
8940,6,19870,Hillandale,,0,293146,37383,2,2
8940,6,19846,Hillandale,,0,293616,37383,2,2
8940,6,19883,Hillandale,,0,293723,37383,2,2
8940,6,19845,Hillandale,,0,293614,37383,2,2
8940,6,19871,Hillandale,,0,293722,37383,2,2
8940,6,19872,Hillandale,,0,293142,37383,2,2
8940,6,19844,Hillandale,,0,293796,37383,2,2
8940,6,19873,Hillandale,,0,293793,37382,2,2
8940,6,19874,Hillandale,,0,293143,37383,2,2
8940,6,19841,Hillandale,,0,293144,37383,2,2
8940,6,19875,Hillandale,,0,294072,37383,2,2
8940,6,19876,Hillandale,,0,293799,37383,2,2
8940,6,19877,Hillandale,,0,293723,37383,2,2
8940,6,19878,Hillandale,,0,293725,37383,2,2
8940,6,19879,Hillandale,,0,293146,37383,2,2
8940,6,19843,Hillandale,,0,293734,37383,2,2
8940,6,19898,Silver Spring,,1,293127,37384,2,2
8940,6,19899,Silver Spring,,1,293159,37384,2,2
8940,6,19897,Silver Spring,,1,293134,37384,2,2
8940,6,19925,Silver Spring,,1,293910,37384,2,2
8940,6,19900,Silver Spring,,1,293160,37384,2,2
8940,6,19896,Silver Spring,,1,293130,37384,2,2
8940,6,19901,Silver Spring,,1,293608,37384,2,2
8940,6,19895,Silver Spring,,1,294070,37384,2,2
8940,6,19926,Silver Spring,,1,293133,37384,2,2
8940,6,19902,Silver Spring,,1,293918,37384,2,2
8940,6,19903,Silver Spring,,1,293714,37384,2,2
8940,6,19894,Silver Spring,,1,293983,37384,2,2
8940,6,19886,Silver Spring,,1,294071,37384,2,2
8940,6,19904,Silver Spring,,1,293918,37384,2,2
8940,6,19927,Silver Spring,,1,293788,37384,2,2
8940,6,19893,Silver Spring,,1,293607,37384,2,2
8940,6,19905,Silver Spring,,1,293918,37384,2,2
8940,6,19892,Silver Spring,,1,293819,37384,2,2
8940,6,19889,Silver Spring,,1,293911,37384,2,2
8940,6,19888,Silver Spring,,1,293727,37384,2,2
8940,6,19885,Silver Spring,,1,293714,37384,2,2
8940,6,19906,Silver Spring,,1,293140,37384,2,2
8940,6,19907,Silver Spring,,1,293125,37384,2,2
8940,6,19908,Silver Spring,,1,293730,37384,2,2
8940,6,19909,Silver Spring,,1,293729,37384,2,2
8940,6,19910,Silver Spring,,1,293924,37384,2,2
8940,6,19911,Silver Spring,,1,293723,37384,2,2
8940,6,19912,Silver Spring,,1,293729,37384,2,2
8940,6,19913,Silver Spring,,1,293147,37384,2,2
8940,6,19891,Silver Spring,,1,294069,37384,2,2
8940,6,19914,Silver Spring,,1,293155,37384,2,2
8940,6,19915,Silver Spring,,1,293615,37384,2,2
8940,6,19890,Silver Spring,,1,293146,37384,2,2
8940,6,19916,Silver Spring,,1,293915,37384,2,2
8940,6,19917,Silver Spring,,1,293139,37384,2,2
8940,6,19918,Silver Spring,,1,293724,37384,2,2
8940,6,19919,Silver Spring,,1,293799,37384,2,2
8940,6,19884,Silver Spring,,1,293720,37384,2,2
8940,6,19920,Silver Spring,,1,293150,37384,2,2
8940,6,19921,Silver Spring,,1,293731,37384,2,2
8940,6,19922,Silver Spring,,1,293725,37384,2,2
8940,6,19923,Silver Spring,,1,293146,37384,2,2
8940,6,19924,Silver Spring,,1,293148,37384,2,2
8940,6,19887,Silver Spring,,1,293146,37384,2,2
8946,6,20138,Briggs Chaney,,0,294090,37395,2,2
8946,6,20137,Briggs Chaney,,0,294091,37395,2,2
8946,6,20136,Briggs Chaney,,0,294090,37395,2,2
8946,6,20135,Briggs Chaney,,0,294024,37395,2,2
8946,6,20134,Briggs Chaney,,0,294090,37395,2,2
8946,6,20133,Briggs Chaney,,0,294089,37395,2,2
8946,6,20143,Silver Spring,,1,294016,37396,2,2
8946,6,20142,Silver Spring,,1,294093,37396,2,2
8946,6,20141,Silver Spring,,1,294020,37396,2,2
8946,6,20140,Silver Spring,,1,294093,37396,2,2
8946,6,20139,Silver Spring,,1,294092,37396,2,2
8954,6,20219,Hillandale,,0,294025,37404,2,2
8954,6,20220,Hillandale,,0,294103,37404,2,2
8954,6,20221,Hillandale,,0,294025,37404,2,2
8954,6,20222,Hillandale,,0,294103,37404,2,2
8954,6,20223,Hillandale,,0,294020,37404,2,2
8954,6,20218,Hillandale,,0,294103,37404,2,2
8954,6,20217,Hillandale,,0,294020,37404,2,2
8954,6,20224,Hillandale,,0,293985,37404,2,2
8954,6,20225,Hillandale,,0,294104,37404,2,2
8954,6,20226,Hillandale,,0,293985,37404,2,2
8954,6,20227,Hillandale,,0,294104,37404,2,2
8954,6,20216,Hillandale,,0,294102,37404,2,2
8954,6,20228,Hillandale,,0,294104,37404,2,2
8954,6,20231,Silver Spring,,1,294103,37405,2,2
8954,6,20232,Silver Spring,,1,294025,37405,2,2
8954,6,20233,Silver Spring,,1,294103,37405,2,2
8954,6,20234,Silver Spring,,1,294025,37405,2,2
8954,6,20230,Silver Spring,,1,294103,37405,2,2
8954,6,20229,Silver Spring,,1,294020,37405,2,2
8954,6,20235,Silver Spring,,1,294103,37405,2,2
8954,6,20236,Silver Spring,,1,294027,37405,2,2
8954,6,20237,Silver Spring,,1,293985,37405,2,2
8954,6,20238,Silver Spring,,1,294104,37405,2,2
8954,6,20239,Silver Spring,,1,293985,37405,2,2
8954,6,20240,Silver Spring,,1,294104,37405,2,2
8954,6,20241,Silver Spring,,1,294102,37405,2,2
8955,6,20440,Friendship Heights,,0,294128,37406,2,2
8955,6,20441,Friendship Heights,,0,294128,37406,2,2
8955,6,20442,Friendship Heights,,0,294129,37406,2,2
8955,6,20443,Friendship Heights,,0,294129,37406,2,2
8955,6,20444,Friendship Heights,,0,294130,37406,2,2
8955,6,20445,Friendship Heights,,0,294130,37406,2,2
8955,6,20446,Friendship Heights,,0,294131,37406,2,2
8955,6,20447,Friendship Heights,,0,294128,37406,2,2
8955,6,20448,Friendship Heights,,0,294128,37406,2,2
8955,6,20449,Friendship Heights,,0,294132,37406,2,2
8955,6,20450,Friendship Heights,,0,294133,37406,2,2
8955,6,20451,Friendship Heights,,0,294133,37406,2,2
8955,6,20452,Friendship Heights,,0,294133,37406,2,2
8955,6,20453,Friendship Heights,,0,294133,37406,2,2
8955,6,20454,Friendship Heights,,0,294132,37406,2,2
8955,6,20455,Friendship Heights,,0,294132,37406,2,2
8955,6,20456,Friendship Heights,,0,294134,37406,2,2
8955,6,20457,Friendship Heights,,0,294134,37406,2,2
8955,6,20458,Friendship Heights,,0,294134,37406,2,2
8955,6,20470,Sibley Hospital,,1,294128,37407,2,2
8955,6,20469,Sibley Hospital,,1,294128,37407,2,2
8955,6,20468,Sibley Hospital,,1,294129,37407,2,2
8955,6,20467,Sibley Hospital,,1,294129,37407,2,2
8955,6,20466,Sibley Hospital,,1,294130,37407,2,2
8955,6,20465,Sibley Hospital,,1,294130,37407,2,2
8955,6,20464,Sibley Hospital,,1,294131,37407,2,2
8955,6,20463,Sibley Hospital,,1,294128,37407,2,2
8955,6,20462,Sibley Hospital,,1,294128,37407,2,2
8955,6,20461,Sibley Hospital,,1,294132,37407,2,2
8955,6,20471,Sibley Hospital,,1,294133,37407,2,2
8955,6,20472,Sibley Hospital,,1,294133,37407,2,2
8955,6,20473,Sibley Hospital,,1,294133,37407,2,2
8955,6,20474,Sibley Hospital,,1,294133,37407,2,2
8955,6,20475,Sibley Hospital,,1,294132,37407,2,2
8955,6,20476,Sibley Hospital,,1,294132,37407,2,2
8955,6,20477,Sibley Hospital,,1,294134,37407,2,2
8955,6,20460,Sibley Hospital,,1,294134,37407,2,2
8955,6,20459,Sibley Hospital,,1,294134,37407,2,2
8956,6,20619,Hillandale,,0,293820,37408,2,2
8956,6,20618,Hillandale,,0,293723,37408,2,2
8956,6,20617,Hillandale,,0,293969,37408,2,2
8956,6,20616,Hillandale,,0,293915,37408,2,2
8956,6,20615,Hillandale,,0,293139,37408,2,2
8956,6,20614,Hillandale,,0,293724,37408,2,2
8956,6,20613,Hillandale,,0,293799,37408,2,2
8956,6,20612,Hillandale,,0,293150,37408,2,2
8956,6,20625,Takoma,,1,293135,37409,2,2
8956,6,20624,Takoma,,1,293715,37409,2,2
8956,6,20623,Takoma,,1,293716,37409,2,2
8956,6,20622,Takoma,,1,293717,37409,2,2
8956,6,20621,Takoma,,1,293967,37409,2,2
8956,6,20620,Takoma,,1,293137,37409,2,2
8957,6,20704,Takoma Langley,,0,294018,37410,2,2
8957,6,20701,Takoma Langley,,0,294018,37410,2,2
8957,6,20703,Takoma Langley,,0,294018,37410,2,2
8957,6,20702,Takoma Langley,,0,294018,37410,2,2
8957,6,20694,Takoma Langley,,0,294019,37410,2,2
8957,6,20692,Takoma Langley,,0,294016,37410,2,2
8957,6,20699,Takoma Langley,,0,294153,37410,2,2
8957,6,20700,Takoma Langley,,0,294153,37410,2,2
8957,6,20698,Takoma Langley,,0,294153,37410,2,2
8957,6,20697,Takoma Langley,,0,294153,37410,2,2
8957,6,20696,Takoma Langley,,0,294021,37410,2,2
8957,6,20693,Takoma Langley,,0,294021,37410,2,2
8957,6,20705,Takoma Langley,,0,294021,37410,2,2
8957,6,20695,Takoma Langley,,0,294021,37410,2,2
8957,6,20718,Takoma,,1,294018,37411,2,2
8957,6,20717,Takoma,,1,294018,37411,2,2
8957,6,20716,Takoma,,1,294018,37411,2,2
8957,6,20715,Takoma,,1,294018,37411,2,2
8957,6,20714,Takoma,,1,294019,37411,2,2
8957,6,20708,Takoma,,1,294016,37411,2,2
8957,6,20719,Takoma,,1,294025,37411,2,2
8957,6,20713,Takoma,,1,294153,37411,2,2
8957,6,20712,Takoma,,1,294153,37411,2,2
8957,6,20711,Takoma,,1,294153,37411,2,2
8957,6,20710,Takoma,,1,294021,37411,2,2
8957,6,20709,Takoma,,1,294021,37411,2,2
8957,6,20707,Takoma,,1,294021,37411,2,2
8957,6,20706,Takoma,,1,294021,37411,2,2
8958,6,21142,Glenmont,,0,294231,37412,2,2
8958,6,21170,Glenmont,,0,294233,37412,2,2
8958,6,21141,Glenmont,,0,294237,37412,2,2
8958,6,21140,Glenmont,,0,294236,37412,2,2
8958,6,21139,Glenmont,,0,294231,37412,2,2
8958,6,21138,Glenmont,,0,294235,37412,2,2
8958,6,21143,Glenmont,,0,293908,37412,2,2
8958,6,21137,Glenmont,,0,294233,37412,2,2
8958,6,21144,Glenmont,,0,294237,37412,2,2
8958,6,21136,Glenmont,,0,294234,37412,2,2
8958,6,21145,Glenmont,,0,294238,37412,2,2
8958,6,21146,Glenmont,,0,294239,37412,2,2
8958,6,21135,Glenmont,,0,294071,37412,2,2
8958,6,21134,Glenmont,,0,294233,37412,2,2
8958,6,21132,Glenmont,,0,294231,37412,2,2
8958,6,21152,Glenmont,,0,294236,37412,2,2
8958,6,21153,Glenmont,,0,293908,37412,2,2
8958,6,21154,Glenmont,,0,294239,37412,2,2
8958,6,21155,Glenmont,,0,294233,37412,2,2
8958,6,21156,Glenmont,,0,294243,37412,2,2
8958,6,21147,Glenmont,,0,294240,37412,2,2
8958,6,21157,Glenmont,,0,294244,37412,2,2
8958,6,21148,Glenmont,,0,293925,37412,2,2
8958,6,21158,Glenmont,,0,294072,37412,2,2
8958,6,21149,Glenmont,,0,294241,37412,2,2
8958,6,21159,Glenmont,,0,294245,37412,2,2
8958,6,21150,Glenmont,,0,294242,37412,2,2
8958,6,21160,Glenmont,,0,294232,37412,2,2
8958,6,21151,Glenmont,,0,294230,37412,2,2
8958,6,21161,Glenmont,,0,293718,37412,2,2
8958,6,21162,Glenmont,,0,294244,37412,2,2
8958,6,21163,Glenmont,,0,294241,37412,2,2
8958,6,21164,Glenmont,,0,294245,37412,2,2
8958,6,21133,Glenmont,,0,294232,37412,2,2
8958,6,21165,Glenmont,,0,294246,37412,2,2
8958,6,21130,Glenmont,,0,293155,37412,2,2
8958,6,21166,Glenmont,,0,294230,37412,2,2
8958,6,21167,Glenmont,,0,294245,37412,2,2
8958,6,21168,Glenmont,,0,294232,37412,2,2
8958,6,21169,Glenmont,,0,293155,37412,2,2
8958,6,21131,Glenmont,,0,294230,37412,2,2
8958,6,21179,Montgomery Mall,,1,294236,37413,2,2
8958,6,21180,Montgomery Mall,,1,294231,37413,2,2
8958,6,21181,Montgomery Mall,,1,294235,37413,2,2
8958,6,21178,Montgomery Mall,,1,294233,37413,2,2
8958,6,21182,Montgomery Mall,,1,294237,37413,2,2
8958,6,21177,Montgomery Mall,,1,294234,37413,2,2
8958,6,21183,Montgomery Mall,,1,294238,37413,2,2
8958,6,21176,Montgomery Mall,,1,294239,37413,2,2
8958,6,21184,Montgomery Mall,,1,294235,37413,2,2
8958,6,21175,Montgomery Mall,,1,294071,37413,2,2
8958,6,21185,Montgomery Mall,,1,294233,37413,2,2
8958,6,21174,Montgomery Mall,,1,294231,37413,2,2
8958,6,21186,Montgomery Mall,,1,294236,37413,2,2
8958,6,21187,Montgomery Mall,,1,293908,37413,2,2
8958,6,21188,Montgomery Mall,,1,294239,37413,2,2
8958,6,21189,Montgomery Mall,,1,294233,37413,2,2
8958,6,21190,Montgomery Mall,,1,294240,37413,2,2
8958,6,21191,Montgomery Mall,,1,294244,37413,2,2
8958,6,21192,Montgomery Mall,,1,293925,37413,2,2
8958,6,21193,Montgomery Mall,,1,294239,37413,2,2
8958,6,21194,Montgomery Mall,,1,294245,37413,2,2
8958,6,21195,Montgomery Mall,,1,294232,37413,2,2
8958,6,21196,Montgomery Mall,,1,294230,37413,2,2
8958,6,21197,Montgomery Mall,,1,293718,37413,2,2
8958,6,21198,Montgomery Mall,,1,294244,37413,2,2
8958,6,21199,Montgomery Mall,,1,294247,37413,2,2
8958,6,21173,Montgomery Mall,,1,294241,37413,2,2
8958,6,21200,Montgomery Mall,,1,294243,37413,2,2
8958,6,21201,Montgomery Mall,,1,294245,37413,2,2
8958,6,21172,Montgomery Mall,,1,294232,37413,2,2
8958,6,21202,Montgomery Mall,,1,294240,37413,2,2
8958,6,21203,Montgomery Mall,,1,294246,37413,2,2
8958,6,21204,Montgomery Mall,,1,293155,37413,2,2
8958,6,21205,Montgomery Mall,,1,294230,37413,2,2
8958,6,21206,Montgomery Mall,,1,294245,37413,2,2
8958,6,21207,Montgomery Mall,,1,294232,37413,2,2
8958,6,21208,Montgomery Mall,,1,293155,37413,2,2
8958,6,21209,Montgomery Mall,,1,294230,37413,2,2
8958,6,21171,Montgomery Mall,,1,294232,37413,2,2
8959,6,21587,Tech Rd via Adventist Healthcare,,0,293717,37414,2,2
8959,6,21588,Tech Rd via Adventist Healthcare,,0,293717,37414,2,2
8959,6,21589,Tech Rd via Adventist Healthcare,,0,294071,37414,2,2
8959,6,21590,Tech Rd via Adventist Healthcare,,0,294070,37414,2,2
8959,6,21591,Tech Rd via Adventist Healthcare,,0,294070,37414,2,2
8959,6,21592,Tech Rd via Adventist Healthcare,,0,293134,37414,2,2
8959,6,21593,Tech Rd via Adventist Healthcare,,0,293127,37414,2,2
8959,6,21594,Tech Rd via Adventist Healthcare,,0,293127,37414,2,2
8959,6,21595,Tech Rd via Adventist Healthcare,,0,293127,37414,2,2
8959,6,21596,Tech Rd via Adventist Healthcare,,0,293922,37414,2,2
8959,6,21597,Tech Rd via Adventist Healthcare,,0,293921,37414,2,2
8959,6,21598,Tech Rd via Adventist Healthcare,,0,293147,37414,2,2
8959,6,21599,Tech Rd via Adventist Healthcare,,0,293735,37414,2,2
8959,6,21600,Tech Rd via Adventist Healthcare,,0,293617,37414,2,2
8959,6,21601,Tech Rd via Adventist Healthcare,,0,293617,37414,2,2
8959,6,21602,Tech Rd via Adventist Healthcare,,0,293720,37414,2,2
8959,6,21603,Tech Rd via Adventist Healthcare,,0,293720,37414,2,2
8959,6,21604,Tech Rd via Adventist Healthcare,,0,293720,37414,2,2
8959,6,21605,Hillandale via Adventist Healthcare,,1,293717,37415,2,2
8959,6,21606,Hillandale via Adventist Healthcare,,1,293717,37415,2,2
8959,6,21607,Hillandale via Adventist Healthcare,,1,294071,37415,2,2
8959,6,21608,Hillandale via Adventist Healthcare,,1,294070,37415,2,2
8959,6,21609,Hillandale via Adventist Healthcare,,1,294070,37415,2,2
8959,6,21610,Hillandale via Adventist Healthcare,,1,293134,37415,2,2
8959,6,21611,Hillandale via Adventist Healthcare,,1,293127,37415,2,2
8959,6,21612,Hillandale via Adventist Healthcare,,1,293127,37415,2,2
8959,6,21613,Hillandale via Adventist Healthcare,,1,293127,37415,2,2
8959,6,21614,Hillandale via Adventist Healthcare,,1,293922,37415,2,2
8959,6,21615,Hillandale via Adventist Healthcare,,1,293921,37415,2,2
8959,6,21616,Hillandale via Adventist Healthcare,,1,293147,37415,2,2
8959,6,21617,Hillandale via Adventist Healthcare,,1,293735,37415,2,2
8959,6,21618,Hillandale via Adventist Healthcare,,1,293617,37415,2,2
8959,6,21619,Hillandale via Adventist Healthcare,,1,293617,37415,2,2
8959,6,21620,Hillandale via Adventist Healthcare,,1,293720,37415,2,2
8959,6,21621,Hillandale via Adventist Healthcare,,1,293720,37415,2,2
8959,6,21622,Hillandale via Adventist Healthcare,,1,293720,37415,2,2
8960,6,21864,Vango-Free Silver Spring,,0,293910,37416,2,2
8960,6,21863,Vango-Free Silver Spring,,0,293126,37416,2,2
8960,6,21862,Vango-Free Silver Spring,,0,293795,37416,2,2
8960,6,21861,Vango-Free Silver Spring,,0,293717,37416,2,2
8960,6,21860,Vango-Free Silver Spring,,0,293136,37416,2,2
8960,6,21859,Vango-Free Silver Spring,,0,293136,37416,2,2
8960,6,21858,Vango-Free Silver Spring,,0,293966,37416,2,2
8960,6,21857,Vango-Free Silver Spring,,0,293135,37416,2,2
8960,6,21856,Vango-Free Silver Spring,,0,293818,37416,2,2
8960,6,21855,Vango-Free Silver Spring,,0,293137,37416,2,2
8960,6,21854,Vango-Free Silver Spring,,0,293136,37416,2,2
8960,6,21853,Vango-Free Silver Spring,,0,293608,37416,2,2
8960,6,21852,Vango-Free Silver Spring,,0,293608,37416,2,2
8960,6,21851,Vango-Free Silver Spring,,0,293141,37416,2,2
8960,6,21850,Vango-Free Silver Spring,,0,293140,37416,2,2
8960,6,21849,Vango-Free Silver Spring,,0,293820,37416,2,2
8960,6,21848,Vango-Free Silver Spring,,0,293797,37416,2,2
8960,6,21847,Vango-Free Silver Spring,,0,293730,37416,2,2
8960,6,21846,Vango-Free Silver Spring,,0,293730,37416,2,2
8960,6,21845,Vango-Free Silver Spring,,0,293797,37416,2,2
8960,6,21844,Vango-Free Silver Spring,,0,293725,37416,2,2
8960,6,21843,Vango-Free Silver Spring,,0,293799,37416,2,2
8960,6,21842,Vango-Free Silver Spring,,0,293157,37416,2,2
8960,6,21841,Vango-Free Silver Spring,,0,293153,37416,2,2
8960,6,21840,Vango-Free Silver Spring,,0,293793,37416,2,2
8960,6,21839,Vango-Free Silver Spring,,0,293140,37416,2,2
8960,6,21838,Vango-Free Silver Spring,,0,293138,37416,2,2
8960,6,21837,Vango-Free Silver Spring,,0,293723,37416,2,2
8960,6,21836,Vango-Free Silver Spring,,0,293611,37416,2,2
8960,6,21835,Vango-Free Silver Spring,,0,293799,37416,2,2
8960,6,21834,Vango-Free Silver Spring,,0,293157,37416,2,2
8960,6,21833,Vango-Free Silver Spring,,0,293917,37416,2,2
8960,6,21832,Vango-Free Silver Spring,,0,293917,37416,2,2
8960,6,21831,Vango-Free Silver Spring,,0,293732,37416,2,2
8961,6,22163,Bethesda,,0,294301,37418,2,2
8961,6,22166,Bethesda,,0,294129,37418,2,2
8961,6,22185,Bethesda,,0,294301,37418,2,2
8961,6,22167,Bethesda,,0,294128,37418,2,2
8961,6,22168,Bethesda,,0,294301,37418,2,2
8961,6,22169,Bethesda,,0,294128,37418,2,2
8961,6,22170,Bethesda,,0,294301,37418,2,2
8961,6,22171,Bethesda,,0,294129,37418,2,2
8961,6,22172,Bethesda,,0,294128,37418,2,2
8961,6,22173,Bethesda,,0,294129,37418,2,2
8961,6,22174,Bethesda,,0,294131,37418,2,2
8961,6,22175,Bethesda,,0,294129,37418,2,2
8961,6,22176,Bethesda,,0,294131,37418,2,2
8961,6,22177,Bethesda,,0,294302,37418,2,2
8961,6,22178,Bethesda,,0,294132,37418,2,2
8961,6,22179,Bethesda,,0,294302,37418,2,2
8961,6,22180,Bethesda,,0,294303,37418,2,2
8961,6,22181,Bethesda,,0,294302,37418,2,2
8961,6,22182,Bethesda,,0,294303,37418,2,2
8961,6,22183,Bethesda,,0,294302,37418,2,2
8961,6,22184,Bethesda,,0,294134,37418,2,2
8961,6,22165,Bethesda,,0,294133,37418,2,2
8961,6,22164,Bethesda,,0,294133,37418,2,2
8961,6,22186,Bethesda,,0,294302,37418,2,2
8961,6,22190,Friendship Heights,,1,294129,37421,2,2
8961,6,22188,Friendship Heights,,1,294301,37421,2,2
8961,6,22189,Friendship Heights,,1,294129,37421,2,2
8961,6,22208,Friendship Heights,,1,294301,37421,2,2
8961,6,22191,Friendship Heights,,1,294128,37421,2,2
8961,6,22192,Friendship Heights,,1,294301,37421,2,2
8961,6,22193,Friendship Heights,,1,294128,37421,2,2
8961,6,22194,Friendship Heights,,1,294131,37421,2,2
8961,6,22195,Friendship Heights,,1,294129,37421,2,2
8961,6,22196,Friendship Heights,,1,294128,37421,2,2
8961,6,22197,Friendship Heights,,1,294129,37421,2,2
8961,6,22198,Friendship Heights,,1,294131,37421,2,2
8961,6,22199,Friendship Heights,,1,294129,37421,2,2
8961,6,22200,Friendship Heights,,1,294133,37421,2,2
8961,6,22201,Friendship Heights,,1,294302,37421,2,2
8961,6,22202,Friendship Heights,,1,294303,37421,2,2
8961,6,22203,Friendship Heights,,1,294302,37421,2,2
8961,6,22204,Friendship Heights,,1,294303,37421,2,2
8961,6,22205,Friendship Heights,,1,294302,37421,2,2
8961,6,22206,Friendship Heights,,1,294134,37421,2,2
8961,6,22210,Friendship Heights,,1,294133,37421,2,2
8961,6,22211,Friendship Heights,,1,294134,37421,2,2
8961,6,22187,Friendship Heights,,1,294133,37421,2,2
8961,6,22209,Friendship Heights,,1,294302,37421,2,2
8961,6,22207,Friendship Heights,,1,294302,37421,2,2
8965,6,22428,Medical Center,,0,294326,37433,2,2
8965,6,22419,Medical Center,,0,294322,37433,2,2
8965,6,22420,Medical Center,,0,294324,37433,2,2
8965,6,22421,Medical Center,,0,293151,37433,2,2
8965,6,22418,Medical Center,,0,294323,37433,2,2
8965,6,22417,Medical Center,,0,293151,37433,2,2
8965,6,22422,Medical Center,,0,294325,37433,2,2
8965,6,22416,Medical Center,,0,294322,37433,2,2
8965,6,22423,Medical Center,,0,294325,37433,2,2
8965,6,22415,Medical Center,,0,294322,37433,2,2
8965,6,22414,Medical Center,,0,293609,37433,2,2
8965,6,22409,Medical Center,,0,293143,37433,2,2
8965,6,22408,Medical Center,,0,294317,37433,2,2
8965,6,22407,Medical Center,,0,293143,37433,2,2
8965,6,22406,Medical Center,,0,294317,37433,2,2
8965,6,22413,Medical Center,,0,294321,37433,2,2
8965,6,22412,Medical Center,,0,294320,37433,2,2
8965,6,22411,Medical Center,,0,294319,37433,2,2
8965,6,22424,Medical Center,,0,294318,37433,2,2
8965,6,22425,Medical Center,,0,294319,37433,2,2
8965,6,22410,Medical Center,,0,294318,37433,2,2
8965,6,22405,Medical Center,,0,294303,37433,2,2
8965,6,22426,Medical Center,,0,294302,37433,2,2
8965,6,22427,Medical Center,,0,294303,37433,2,2
8965,6,22442,Bethesda,,1,293156,37435,2,2
8965,6,22438,Bethesda,,1,294326,37435,2,2
8965,6,22441,Bethesda,,1,294322,37435,2,2
8965,6,22443,Bethesda,,1,294324,37435,2,2
8965,6,22440,Bethesda,,1,293151,37435,2,2
8965,6,22444,Bethesda,,1,294323,37435,2,2
8965,6,22446,Bethesda,,1,293151,37435,2,2
8965,6,22447,Bethesda,,1,294325,37434,2,2
8965,6,22448,Bethesda,,1,294322,37434,2,2
8965,6,22439,Bethesda,,1,294325,37434,2,2
8965,6,22437,Bethesda,,1,294322,37434,2,2
8965,6,22436,Bethesda,,1,293609,37434,2,2
8965,6,22433,Bethesda,,1,293143,37434,2,2
8965,6,22432,Bethesda,,1,294317,37435,2,2
8965,6,22431,Bethesda,,1,293143,37435,2,2
8965,6,22435,Bethesda,,1,294317,37435,2,2
8965,6,22434,Bethesda,,1,294321,37435,2,2
8965,6,22449,Bethesda,,1,294320,37435,2,2
8965,6,22445,Bethesda,,1,294319,37435,2,2
8965,6,22450,Bethesda,,1,294318,37435,2,2
8965,6,22451,Bethesda,,1,294319,37435,2,2
8965,6,22430,Bethesda,,1,294318,37435,2,2
8965,6,22452,Bethesda,,1,294303,37435,2,2
8965,6,22429,Bethesda,,1,294302,37435,2,2
8966,6,22573,,,0,294333,37437,2,2
8966,6,22574,,,0,294333,37437,2,2
8966,6,22575,,,0,294333,37436,2,2
8966,6,22576,,,0,294334,37436,2,2
8966,6,22577,,,0,294334,37436,2,2
8966,6,22578,,,0,294334,37436,2,2
8966,6,22579,,,0,294335,37436,2,2
8966,6,22581,,,0,294335,37436,2,2
8966,6,22580,,,0,294335,37436,2,2
8966,6,22582,,,1,294333,37438,2,2
8966,6,22583,,,1,294333,37438,2,2
8966,6,22584,,,1,294334,37438,2,2
8966,6,22585,,,1,294334,37438,2,2
8966,6,22586,,,1,294334,37438,2,2
8966,6,22587,,,1,294335,37438,2,2
8966,6,22588,,,1,294335,37438,2,2
8966,6,22589,,,1,294335,37439,2,2
8966,6,22590,,,1,294335,37439,2,2
8967,6,22625,Glenmont,,0,294348,37440,2,2
8967,6,22626,Glenmont,,0,294349,37440,2,2
8967,6,22631,Glenmont,,0,294351,37440,2,2
8967,6,22632,Glenmont,,0,294352,37440,2,2
8967,6,22627,Glenmont,,0,294350,37440,2,2
8967,6,22628,Glenmont,,0,294350,37440,2,2
8967,6,22629,Glenmont,,0,294350,37440,2,2
8967,6,22630,Glenmont,,0,294350,37440,2,2
8967,6,22633,Wheaton,,1,294348,37441,2,2
8967,6,22634,Wheaton,,1,294348,37441,2,2
8967,6,22635,Wheaton,,1,294351,37441,2,2
8967,6,22636,Wheaton,,1,294352,37441,2,2
8967,6,22637,Wheaton,,1,294350,37441,2,2
8967,6,22638,Wheaton,,1,294350,37441,2,2
8967,6,22639,Wheaton,,1,294350,37441,2,2
8967,6,22640,Wheaton,,1,294353,37441,2,2
8968,6,22707,Bethesda,,0,294360,37444,2,2
8968,6,22708,Bethesda,,0,294361,37443,2,2
8968,6,22709,Bethesda,,0,294360,37443,2,2
8968,6,22710,Bethesda,,0,294361,37443,2,2
8968,6,22711,Bethesda,,0,294360,37443,2,2
8968,6,22712,Bethesda,,0,294362,37442,2,2
8968,6,22713,Bethesda,,0,294134,37442,2,2
8968,6,22714,Bethesda,,0,294132,37442,2,2
8968,6,22715,Bethesda,,0,294134,37442,2,2
8968,6,22716,Bethesda,,0,294363,37442,2,2
8968,6,22717,Bethesda,,0,294132,37442,2,2
8968,6,22718,Bethesda,,0,294363,37442,2,2
8968,6,22719,Naval Ctr Carderock,,1,294361,37445,2,2
8968,6,22720,Naval Ctr Carderock,,1,294360,37445,2,2
8968,6,22721,Naval Ctr Carderock,,1,294361,37445,2,2
8968,6,22722,Naval Ctr Carderock,,1,294360,37445,2,2
8968,6,22723,Naval Ctr Carderock,,1,294361,37445,2,2
8968,6,22724,Naval Ctr Carderock,,1,294132,37446,2,2
8968,6,22725,Naval Ctr Carderock,,1,294134,37446,2,2
8968,6,22726,Naval Ctr Carderock,,1,294363,37446,2,2
8968,6,22727,Naval Ctr Carderock,,1,294132,37446,2,2
8968,6,22728,Naval Ctr Carderock,,1,294363,37446,2,2
8968,6,22729,Mac Arthur Blvd/Vendome Dr,,1,294303,37447,2,2
8968,6,22730,Mac Arthur Blvd/Vendome Dr,,1,294363,37447,2,2
8969,6,22829,Glenmont,,0,294351,37448,2,2
8969,6,22819,Glenmont,,0,294380,37448,2,2
8969,6,22820,Glenmont,,0,294351,37448,2,2
8969,6,22818,Glenmont,,0,294131,37448,2,2
8969,6,22821,Glenmont,,0,294349,37448,2,2
8969,6,22828,Glenmont,,0,294379,37448,2,2
8969,6,22822,Glenmont,,0,294381,37448,2,2
8969,6,22823,Glenmont,,0,294379,37448,2,2
8969,6,22824,Glenmont,,0,294381,37448,2,2
8969,6,22827,Glenmont,,0,294353,37448,2,2
8969,6,22825,Glenmont,,0,294379,37448,2,2
8969,6,22817,Glenmont,,0,294353,37448,2,2
8969,6,22816,Glenmont,,0,294379,37448,2,2
8969,6,22826,Glenmont,,0,294350,37448,2,2
8969,6,22842,Medical Center,,1,294351,37449,2,2
8969,6,22832,Medical Center,,1,294380,37449,2,2
8969,6,22833,Medical Center,,1,294351,37449,2,2
8969,6,22834,Medical Center,,1,294131,37449,2,2
8969,6,22831,Medical Center,,1,294349,37449,2,2
8969,6,22843,Medical Center,,1,294131,37449,2,2
8969,6,22835,Medical Center,,1,294381,37449,2,2
8969,6,22836,Medical Center,,1,294379,37449,2,2
8969,6,22837,Medical Center,,1,294381,37449,2,2
8969,6,22838,Medical Center,,1,294353,37449,2,2
8969,6,22839,Medical Center,,1,294379,37449,2,2
8969,6,22841,Medical Center,,1,294353,37449,2,2
8969,6,22830,Medical Center,,1,294379,37449,2,2
8969,6,22840,Medical Center,,1,294350,37449,2,2
8970,6,23186,Wheaton,,0,294432,37450,2,2
8970,6,23187,Wheaton,,0,294324,37450,2,2
8970,6,23188,Wheaton,,0,293156,37450,2,2
8970,6,23189,Wheaton,,0,294325,37450,2,2
8970,6,23190,Wheaton,,0,294433,37450,2,2
8970,6,23191,Wheaton,,0,294324,37450,2,2
8970,6,23192,Wheaton,,0,293716,37450,2,2
8970,6,23193,Wheaton,,0,293609,37450,2,2
8970,6,23194,Wheaton,,0,294323,37450,2,2
8970,6,23195,Wheaton,,0,293609,37450,2,2
8970,6,23196,Wheaton,,0,294323,37450,2,2
8970,6,23197,Wheaton,,0,294325,37450,2,2
8970,6,23198,Wheaton,,0,294322,37450,2,2
8970,6,23199,Wheaton,,0,293968,37450,2,2
8970,6,23200,Wheaton,,0,294434,37450,2,2
8970,6,23201,Wheaton,,0,294318,37450,2,2
8970,6,23202,Wheaton,,0,294434,37450,2,2
8970,6,23203,Wheaton,,0,294318,37450,2,2
8970,6,23204,Wheaton,,0,294321,37450,2,2
8970,6,23205,Wheaton,,0,294320,37450,2,2
8970,6,23206,Wheaton,,0,294435,37450,2,2
8970,6,23207,Wheaton,,0,293733,37450,2,2
8970,6,23208,Wheaton,,0,294436,37450,2,2
8970,6,23209,Wheaton,,0,294437,37450,2,2
8970,6,23210,Wheaton,,0,293917,37450,2,2
8970,6,23211,Wheaton,,0,294436,37450,2,2
8970,6,23212,Wheaton,,0,293153,37450,2,2
8970,6,23213,Wheaton,,0,294436,37450,2,2
8970,6,23214,Wheaton,,0,293153,37450,2,2
8970,6,23215,Wheaton,,0,293147,37450,2,2
8970,6,23216,Bethesda,,1,294322,37451,2,2
8970,6,23217,Bethesda,,1,294432,37451,2,2
8970,6,23218,Bethesda,,1,294324,37451,2,2
8970,6,23219,Bethesda,,1,293151,37451,2,2
8970,6,23220,Bethesda,,1,294325,37451,2,2
8970,6,23221,Bethesda,,1,293716,37451,2,2
8970,6,23222,Bethesda,,1,294324,37451,2,2
8970,6,23223,Bethesda,,1,293160,37451,2,2
8970,6,23224,Bethesda,,1,293609,37451,2,2
8970,6,23225,Bethesda,,1,294323,37451,2,2
8970,6,23226,Bethesda,,1,293609,37451,2,2
8970,6,23227,Bethesda,,1,294323,37451,2,2
8970,6,23228,Bethesda,,1,294325,37451,2,2
8970,6,23229,Bethesda,,1,294071,37451,2,2
8970,6,23230,Bethesda,,1,294318,37451,2,2
8970,6,23231,Bethesda,,1,294434,37451,2,2
8970,6,23232,Bethesda,,1,294318,37451,2,2
8970,6,23233,Bethesda,,1,294319,37451,2,2
8970,6,23234,Bethesda,,1,294318,37451,2,2
8970,6,23235,Bethesda,,1,294321,37451,2,2
8970,6,23236,Bethesda,,1,293733,37451,2,2
8970,6,23237,Bethesda,,1,293917,37451,2,2
8970,6,23238,Bethesda,,1,294244,37451,2,2
8970,6,23239,Bethesda,,1,294435,37451,2,2
8970,6,23240,Bethesda,,1,294436,37451,2,2
8970,6,23241,Bethesda,,1,293153,37451,2,2
8970,6,23242,Bethesda,,1,294436,37451,2,2
8970,6,23243,Bethesda,,1,293153,37451,2,2
8970,6,23244,Bethesda,,1,293147,37451,2,2
8971,6,23423,Bethesda Loop,,0,294322,37455,2,2
8971,6,23432,Bethesda Loop,,0,294323,37453,2,2
8971,6,23433,Bethesda Loop,,0,294323,37453,2,2
8971,6,23431,Bethesda Loop,,0,294325,37453,2,2
8971,6,23430,Bethesda Loop,,0,294326,37455,2,2
8971,6,23429,Bethesda Loop,,0,294326,37455,2,2
8971,6,23428,Bethesda Loop,,0,293151,37455,2,2
8971,6,23427,Bethesda Loop,,0,293151,37455,2,2
8971,6,23426,Bethesda Loop,,0,293151,37455,2,2
8971,6,23425,Bethesda Loop,,0,294435,37455,2,2
8971,6,23420,Bethesda Loop,,0,294454,37455,2,2
8971,6,23434,Bethesda Loop,,0,294454,37455,2,2
8971,6,23424,Bethesda Loop,,0,294317,37454,2,2
8971,6,23435,Bethesda Loop,,0,294435,37454,2,2
8971,6,23422,Bethesda Loop,,0,294321,37454,2,2
8971,6,23419,Bethesda Loop,,0,294454,37455,2,2
8971,6,23421,Bethesda Loop,,0,293917,37455,2,2
8972,6,23508,Potomac,,0,294466,37457,2,2
8972,6,23507,Potomac,,0,294467,37457,2,2
8972,6,23506,Potomac,,0,294466,37457,2,2
8972,6,23509,Potomac,,0,294467,37457,2,2
8972,6,23505,Potomac,,0,294464,37456,2,2
8972,6,23504,Potomac,,0,294465,37456,2,2
8972,6,23503,Potomac,,0,294464,37456,2,2
8972,6,23502,Potomac,,0,294381,37456,2,2
8972,6,23501,Potomac,,0,294464,37456,2,2
8972,6,23518,Wheaton,,1,294467,37458,2,2
8972,6,23517,Wheaton,,1,294466,37458,2,2
8972,6,23516,Wheaton,,1,294467,37458,2,2
8972,6,23510,Wheaton,,1,294466,37458,2,2
8972,6,23515,Wheaton,,1,294467,37458,2,2
8972,6,23519,Wheaton,,1,294465,37459,2,2
8972,6,23514,Wheaton,,1,294464,37459,2,2
8972,6,23513,Wheaton,,1,294465,37459,2,2
8972,6,23512,Wheaton,,1,294464,37459,2,2
8972,6,23511,Wheaton,,1,294381,37459,2,2
8973,6,23840,Wheaton,,0,294349,37461,2,2
8973,6,23842,Wheaton,,0,294498,37461,2,2
8973,6,23839,Wheaton,,0,294349,37461,2,2
8973,6,23838,Wheaton,,0,294497,37461,2,2
8973,6,23818,Wheaton,,0,294348,37461,2,2
8973,6,23817,Wheaton,,0,294492,37461,2,2
8973,6,23816,Wheaton Via Holiday Park & Wheaton Plaza,,0,294491,37462,2,2
8973,6,23815,Wheaton Via Holiday Park & Wheaton Plaza,,0,294466,37462,2,2
8973,6,23837,Wheaton Via Holiday Park & Wheaton Plaza,,0,294492,37462,2,2
8973,6,23836,Wheaton Via Holiday Park & Wheaton Plaza,,0,294466,37462,2,2
8973,6,23835,Wheaton Via Holiday Park & Wheaton Plaza,,0,294492,37462,2,2
8973,6,23834,Wheaton Via Holiday Park & Wheaton Plaza,,0,294495,37462,2,2
8973,6,23833,Wheaton Via Holiday Park & Wheaton Plaza,,0,294466,37462,2,2
8973,6,23832,Wheaton Via Holiday Park & Wheaton Plaza,,0,294495,37462,2,2
8973,6,23831,Wheaton Via Holiday Park & Wheaton Plaza,,0,294493,37462,2,2
8973,6,23830,Wheaton Via Holiday Park & Wheaton Plaza,,0,294495,37462,2,2
8973,6,23829,Wheaton,,0,294493,37461,2,2
8973,6,23828,Wheaton,,0,294495,37461,2,2
8973,6,23841,Wheaton,,0,294493,37461,2,2
8973,6,23827,Wheaton,,0,294496,37461,2,2
8973,6,23826,Wheaton,,0,294495,37461,2,2
8973,6,23825,Wheaton,,0,294493,37461,2,2
8973,6,23843,Wheaton via HP,,0,294494,37460,2,2
8973,6,23824,Wheaton,,0,294493,37461,2,2
8973,6,23822,Wheaton,,0,294494,37461,2,2
8973,6,23823,Wheaton via HP,,0,294493,37460,2,2
8973,6,23821,Wheaton,,0,294381,37461,2,2
8973,6,23820,Wheaton,,0,294493,37461,2,2
8973,6,23819,Wheaton,,0,294381,37461,2,2
8973,6,23868,North Bethesda,,1,294349,37465,2,2
8973,6,23867,North Bethesda,,1,294498,37465,2,2
8973,6,23871,North Bethesda,,1,294349,37465,2,2
8973,6,23846,North Bethesda,,1,294498,37465,2,2
8973,6,23866,North Bethesda,,1,294348,37465,2,2
8973,6,23865,North Bethesda,,1,294497,37465,2,2
8973,6,23864,North Bethesda,,1,294348,37465,2,2
8973,6,23863,North Bethesda via Holiday Park & Wheaton Plaza,,1,294466,37466,2,2
8973,6,23870,North Bethesda via Holiday Park & Wheaton Plaza,,1,294492,37466,2,2
8973,6,23862,North Bethesda via Holiday Park & Wheaton Plaza,,1,294466,37466,2,2
8973,6,23861,North Bethesda via Holiday Park & Wheaton Plaza,,1,294492,37466,2,2
8973,6,23860,North Bethesda via Holiday Park & Wheaton Plaza,,1,294495,37466,2,2
8973,6,23844,North Bethesda via Holiday Park & Wheaton Plaza,,1,294466,37466,2,2
8973,6,23859,North Bethesda via Holiday Park & Wheaton Plaza,,1,294495,37466,2,2
8973,6,23858,North Bethesda via Holiday Park & Wheaton Plaza,,1,294466,37466,2,2
8973,6,23857,North Bethesda via Holiday Park & Wheaton Plaza,,1,294495,37466,2,2
8973,6,23856,North Bethesda via Holiday Park & Wheaton Plaza,,1,294493,37466,2,2
8973,6,23855,North Bethesda,,1,294495,37465,2,2
8973,6,23845,North Bethesda,,1,294493,37465,2,2
8973,6,23869,North Bethesda,,1,294496,37465,2,2
8973,6,23854,North Bethesda,,1,294495,37465,2,2
8973,6,23853,North Bethesda,,1,294493,37465,2,2
8973,6,23852,North Bethesda,,1,294495,37465,2,2
8973,6,23872,North Bethesda,,1,294493,37465,2,2
8973,6,23851,North Bethesda via Holiday Park,,1,294494,37464,2,2
8973,6,23850,North Bethesda via Holiday Park,,1,294493,37464,2,2
8973,6,23849,North Bethesda,,1,294381,37465,2,2
8973,6,23848,North Bethesda via Holiday Park,,1,294493,37464,2,2
8973,6,23847,North Bethesda,,1,294381,37465,2,2
8974,6,24058,Briggs Chaney,,0,294239,37468,2,2
8974,6,24046,Briggs Chaney,,0,294238,37468,2,2
8974,6,24057,Briggs Chaney,,0,294239,37468,2,2
8974,6,24048,Briggs Chaney,,0,294236,37468,2,2
8974,6,24059,Briggs Chaney,,0,293125,37468,2,2
8974,6,24056,Briggs Chaney,,0,294236,37468,2,2
8974,6,24045,Briggs Chaney,,0,294247,37469,2,2
8974,6,24055,Briggs Chaney,,0,293788,37469,2,2
8974,6,24047,Briggs Chaney,,0,294247,37469,2,2
8974,6,24054,Briggs Chaney,,0,294243,37469,2,2
8974,6,24053,Briggs Chaney,,0,294246,37469,2,2
8974,6,24052,Briggs Chaney,,0,294240,37469,2,2
8974,6,24060,Briggs Chaney,,0,294246,37469,2,2
8974,6,24051,Briggs Chaney,,0,294230,37469,2,2
8974,6,24050,Briggs Chaney,,0,294242,37469,2,2
8974,6,24049,Briggs Chaney,,0,293718,37469,2,2
8974,6,24065,Glenmont,,1,294235,37471,2,2
8974,6,24074,Glenmont,,1,294238,37471,2,2
8974,6,24073,Glenmont,,1,294239,37471,2,2
8974,6,24072,Glenmont,,1,294238,37471,2,2
8974,6,24075,Glenmont,,1,294239,37471,2,2
8974,6,24071,Glenmont,,1,294236,37471,2,2
8974,6,24070,Glenmont,,1,293125,37471,2,2
8974,6,24069,Glenmont,,1,294236,37471,2,2
8974,6,24061,Glenmont,,1,294247,37470,2,2
8974,6,24064,Glenmont,,1,293788,37470,2,2
8974,6,24068,Glenmont,,1,294247,37470,2,2
8974,6,24067,Glenmont,,1,294243,37470,2,2
8974,6,24066,Glenmont,,1,294246,37470,2,2
8974,6,24063,Glenmont,,1,294240,37470,2,2
8974,6,24062,Glenmont,,1,294246,37470,2,2
8974,6,24076,Glenmont,,1,294230,37470,2,2
8975,6,24173,Wheaton via Kensington,,0,293818,37472,2,2
8975,6,24174,Wheaton via Kensington,,0,294019,37472,2,2
8975,6,24175,Wheaton via Kensington,,0,294514,37472,2,2
8975,6,24183,Wheaton via Kensington,,0,294515,37472,2,2
8975,6,24172,Wheaton via Kensington,,0,294017,37472,2,2
8975,6,24176,Wheaton via Kensington,,0,294515,37472,2,2
8975,6,24184,Wheaton via Kensington,,0,294092,37472,2,2
8975,6,24185,Wheaton via Kensington,,0,294024,37472,2,2
8975,6,24177,Wheaton via Kensington,,0,294089,37472,2,2
8975,6,24178,Wheaton via Kensington,,0,294024,37472,2,2
8975,6,24171,Wheaton via Kensington,,0,294022,37472,2,2
8975,6,24179,Wheaton via Kensington,,0,294089,37472,2,2
8975,6,24180,Wheaton via Kensington,,0,294102,37472,2,2
8975,6,24181,Wheaton via Kensington,,0,294089,37472,2,2
8975,6,24186,Wheaton via Kensington,,0,294022,37472,2,2
8975,6,24182,Wheaton via Kensington,,0,293985,37472,2,2
8975,6,24196,Silver Spring via Kensington,,1,294019,37473,2,2
8975,6,24202,Silver Spring via Kensington,,1,294017,37473,2,2
8975,6,24201,Silver Spring via Kensington,,1,294019,37473,2,2
8975,6,24200,Silver Spring via Kensington,,1,294514,37473,2,2
8975,6,24199,Silver Spring via Kensington,,1,294515,37473,2,2
8975,6,24188,Silver Spring via Kensington,,1,294017,37473,2,2
8975,6,24195,Silver Spring via Kensington,,1,294515,37473,2,2
8975,6,24198,Silver Spring via Kensington,,1,294089,37473,2,2
8975,6,24193,Silver Spring via Kensington,,1,294024,37473,2,2
8975,6,24197,Silver Spring via Kensington,,1,294089,37473,2,2
8975,6,24194,Silver Spring via Kensington,,1,294024,37473,2,2
8975,6,24192,Silver Spring via Kensington,,1,294022,37473,2,2
8975,6,24191,Silver Spring via Kensington,,1,294089,37473,2,2
8975,6,24190,Silver Spring via Kensington,,1,294102,37473,2,2
8975,6,24187,Silver Spring via Kensington,,1,294089,37473,2,2
8975,6,24189,Silver Spring via Kensington,,1,294022,37473,2,2
8976,6,24819,Rockville,,0,294554,37474,2,2
8976,6,24889,Rockville,,0,293922,37474,2,2
8976,6,24888,Rockville,,0,294560,37474,2,2
8976,6,24887,Rockville,,0,294554,37474,2,2
8976,6,24886,Montgomery College,,0,293922,37475,2,2
8976,6,24885,Montgomery College,,0,294560,37475,2,2
8976,6,24884,Montgomery College,,0,294554,37475,2,2
8976,6,24883,Montgomery College,,0,294562,37475,2,2
8976,6,24882,Montgomery College,,0,294561,37475,2,2
8976,6,24881,Montgomery College,,0,294563,37475,2,2
8976,6,24880,Montgomery College,,0,293922,37475,2,2
8976,6,24879,Montgomery College,,0,294560,37475,2,2
8976,6,24878,Montgomery College,,0,294554,37475,2,2
8976,6,24877,Montgomery College,,0,294562,37475,2,2
8976,6,24876,Montgomery College,,0,294561,37475,2,2
8976,6,24875,Montgomery College,,0,293789,37475,2,2
8976,6,24874,Montgomery College,,0,293797,37475,2,2
8976,6,24873,Montgomery College,,0,293910,37475,2,2
8976,6,24872,Montgomery College,,0,294433,37475,2,2
8976,6,24871,Montgomery College,,0,293726,37475,2,2
8976,6,24870,Montgomery College,,0,293788,37475,2,2
8976,6,24869,Montgomery College,,0,293789,37475,2,2
8976,6,24868,Montgomery College,,0,293797,37475,2,2
8976,6,24867,Montgomery College,,0,293910,37475,2,2
8976,6,24866,Montgomery College,,0,294433,37475,2,2
8976,6,24865,Montgomery College,,0,293726,37475,2,2
8976,6,24864,Montgomery College,,0,293788,37475,2,2
8976,6,24863,Montgomery College,,0,294554,37475,2,2
8976,6,24862,Montgomery College,,0,294560,37475,2,2
8976,6,24861,Montgomery College,,0,293910,37475,2,2
8976,6,24860,Montgomery College,,0,294433,37475,2,2
8976,6,24859,Montgomery College,,0,294246,37475,2,2
8976,6,24858,Montgomery College,,0,293788,37475,2,2
8976,6,24857,Montgomery College,,0,294556,37475,2,2
8976,6,24856,Montgomery College,,0,293728,37475,2,2
8976,6,24855,Montgomery College,,0,294557,37475,2,2
8976,6,24854,Montgomery College,,0,294555,37475,2,2
8976,6,24853,Montgomery College,,0,294246,37475,2,2
8976,6,24852,Montgomery College,,0,294559,37475,2,2
8976,6,24851,Montgomery College,,0,294556,37475,2,2
8976,6,24850,Montgomery College,,0,294558,37475,2,2
8976,6,24849,Montgomery College,,0,294557,37475,2,2
8976,6,24848,Montgomery College,,0,294555,37475,2,2
8976,6,24847,Montgomery College,,0,293734,37475,2,2
8976,6,24846,Montgomery College,,0,294559,37475,2,2
8976,6,24845,Montgomery College,,0,293721,37475,2,2
8976,6,24844,Montgomery College,,0,294558,37475,2,2
8976,6,24843,Montgomery College,,0,294557,37475,2,2
8976,6,24842,Montgomery College,,0,294556,37475,2,2
8976,6,24841,Montgomery College,,0,293734,37475,2,2
8976,6,24840,Montgomery College,,0,294555,37475,2,2
8976,6,24839,Montgomery College,,0,293721,37475,2,2
8976,6,24838,Montgomery College,,0,293912,37475,2,2
8976,6,24837,Montgomery College,,0,294557,37475,2,2
8976,6,24836,Montgomery College,,0,294556,37475,2,2
8976,6,24835,Montgomery College,,0,294555,37475,2,2
8976,6,24834,Montgomery College,,0,293721,37475,2,2
8976,6,24833,Montgomery College,,0,293912,37475,2,2
8976,6,24832,Montgomery College,,0,293618,37475,2,2
8976,6,24831,Montgomery College,,0,294555,37475,2,2
8976,6,24830,Montgomery College,,0,294320,37475,2,2
8976,6,24829,Montgomery College,,0,293914,37475,2,2
8976,6,24828,Rockville,,0,293618,37474,2,2
8976,6,24827,Rockville,,0,294320,37474,2,2
8976,6,24826,Rockville,,0,293914,37474,2,2
8976,6,24825,Rockville,,0,294320,37474,2,2
8976,6,24824,Rockville,,0,293914,37474,2,2
8976,6,24823,Rockville,,0,294320,37474,2,2
8976,6,24822,Rockville,,0,293914,37474,2,2
8976,6,24821,Rockville,,0,294320,37474,2,2
8976,6,24820,Rockville,,0,293914,37474,2,2
8976,6,24890,Wheaton,,1,294554,37476,2,2
8976,6,24957,Wheaton,,1,293922,37476,2,2
8976,6,24959,Wheaton,,1,294560,37476,2,2
8976,6,24958,Wheaton,,1,294554,37476,2,2
8976,6,24956,Wheaton,,1,294561,37476,2,2
8976,6,24955,Wheaton,,1,293922,37477,2,2
8976,6,24954,Wheaton,,1,294560,37477,2,2
8976,6,24953,Wheaton,,1,294554,37477,2,2
8976,6,24952,Wheaton,,1,294562,37477,2,2
8976,6,24951,Wheaton,,1,294561,37477,2,2
8976,6,24950,Wheaton,,1,294563,37477,2,2
8976,6,24949,Wheaton,,1,293922,37477,2,2
8976,6,24948,Wheaton,,1,294560,37477,2,2
8976,6,24932,Wheaton,,1,294554,37477,2,2
8976,6,24931,Wheaton,,1,294562,37477,2,2
8976,6,24930,Wheaton,,1,294561,37477,2,2
8976,6,24929,Wheaton,,1,293789,37477,2,2
8976,6,24928,Wheaton,,1,293797,37477,2,2
8976,6,24927,Wheaton,,1,293910,37477,2,2
8976,6,24926,Wheaton,,1,294433,37477,2,2
8976,6,24925,Wheaton,,1,293726,37477,2,2
8976,6,24924,Wheaton,,1,293788,37477,2,2
8976,6,24923,Wheaton,,1,293789,37477,2,2
8976,6,24922,Wheaton,,1,293797,37477,2,2
8976,6,24921,Wheaton,,1,293910,37477,2,2
8976,6,24920,Wheaton,,1,294433,37477,2,2
8976,6,24919,Wheaton,,1,293726,37477,2,2
8976,6,24918,Wheaton,,1,293788,37477,2,2
8976,6,24917,Wheaton,,1,294554,37477,2,2
8976,6,24916,Wheaton,,1,294560,37477,2,2
8976,6,24915,Wheaton,,1,293910,37477,2,2
8976,6,24914,Wheaton,,1,294433,37477,2,2
8976,6,24913,Wheaton,,1,294246,37477,2,2
8976,6,24912,Wheaton,,1,293788,37477,2,2
8976,6,24911,Wheaton,,1,294556,37477,2,2
8976,6,24910,Wheaton,,1,293728,37477,2,2
8976,6,24909,Wheaton,,1,294557,37477,2,2
8976,6,24908,Wheaton,,1,294555,37477,2,2
8976,6,24907,Wheaton,,1,294246,37477,2,2
8976,6,24906,Wheaton,,1,294559,37477,2,2
8976,6,24905,Wheaton,,1,294556,37477,2,2
8976,6,24904,Wheaton,,1,294558,37477,2,2
8976,6,24903,Wheaton,,1,294557,37477,2,2
8976,6,24902,Wheaton,,1,294555,37477,2,2
8976,6,24901,Wheaton,,1,293734,37477,2,2
8976,6,24900,Wheaton,,1,294559,37477,2,2
8976,6,24899,Wheaton,,1,293721,37477,2,2
8976,6,24898,Wheaton,,1,294558,37477,2,2
8976,6,24897,Wheaton,,1,294557,37477,2,2
8976,6,24896,Wheaton,,1,294556,37477,2,2
8976,6,24895,Wheaton,,1,293734,37477,2,2
8976,6,24894,Wheaton,,1,294555,37477,2,2
8976,6,24893,Wheaton,,1,293721,37477,2,2
8976,6,24892,Wheaton,,1,293912,37477,2,2
8976,6,24947,Wheaton,,1,294556,37477,2,2
8976,6,24946,Wheaton,,1,294555,37477,2,2
8976,6,24945,Wheaton,,1,293721,37477,2,2
8976,6,24944,Wheaton,,1,293912,37477,2,2
8976,6,24943,Wheaton,,1,293618,37477,2,2
8976,6,24942,Wheaton,,1,294555,37477,2,2
8976,6,24941,Wheaton,,1,294320,37477,2,2
8976,6,24940,Wheaton,,1,293914,37477,2,2
8976,6,24939,Wheaton,,1,293618,37476,2,2
8976,6,24891,Wheaton,,1,294320,37476,2,2
8976,6,24938,Wheaton,,1,293914,37476,2,2
8976,6,24937,Wheaton,,1,294320,37476,2,2
8976,6,24936,Wheaton,,1,293914,37476,2,2
8976,6,24935,Wheaton,,1,294320,37476,2,2
8976,6,24934,Wheaton,,1,293914,37476,2,2
8976,6,24933,Wheaton,,1,294320,37476,2,2
8977,6,25377,Aspen Hill via Glenmont,,0,293728,37478,2,2
8977,6,25406,Aspen Hill via Glenmont,,0,293911,37478,2,2
8977,6,25405,Aspen Hill via Glenmont,,0,294047,37478,2,2
8977,6,25404,Aspen Hill via Glenmont,,0,293728,37478,2,2
8977,6,25403,Aspen Hill via Glenmont,,0,293726,37478,2,2
8977,6,25402,Aspen Hill via Glenmont,,0,294571,37478,2,2
8977,6,25401,Aspen Hill via Glenmont,,0,294563,37478,2,2
8977,6,25400,Aspen Hill via Glenmont,,0,293716,37478,2,2
8977,6,25399,Aspen Hill via Glenmont,,0,294554,37478,2,2
8977,6,25398,Aspen Hill via Glenmont,,0,294560,37478,2,2
8977,6,25397,Aspen Hill via Glenmont,,0,293132,37478,2,2
8977,6,25396,Aspen Hill via Glenmont,,0,293911,37478,2,2
8977,6,25395,Aspen Hill via Glenmont,,0,293717,37478,2,2
8977,6,25394,Aspen Hill via Glenmont,,0,294563,37478,2,2
8977,6,25393,Aspen Hill via Glenmont,,0,294558,37478,2,2
8977,6,25392,Aspen Hill via Glenmont,,0,293968,37478,2,2
8977,6,25391,Aspen Hill via Glenmont,,0,294563,37478,2,2
8977,6,25390,Aspen Hill via Glenmont,,0,293924,37478,2,2
8977,6,25389,Aspen Hill via Glenmont,,0,293916,37478,2,2
8977,6,25388,Aspen Hill via Glenmont,,0,293912,37478,2,2
8977,6,25387,Aspen Hill via Glenmont,,0,293917,37478,2,2
8977,6,25386,Aspen Hill via Glenmont,,0,293916,37478,2,2
8977,6,25385,Aspen Hill via Glenmont,,0,294320,37478,2,2
8977,6,25384,Aspen Hill via Glenmont,,0,293615,37478,2,2
8977,6,25383,Aspen Hill via Glenmont,,0,293734,37478,2,2
8977,6,25382,Aspen Hill via Glenmont,,0,293153,37478,2,2
8977,6,25381,Aspen Hill via Glenmont,,0,293138,37478,2,2
8977,6,25380,Aspen Hill via Glenmont,,0,293734,37478,2,2
8977,6,25379,Aspen Hill via Glenmont,,0,293611,37478,2,2
8977,6,25378,Aspen Hill via Glenmont,,0,293147,37478,2,2
8977,6,25408,Wheaton via Glenmont,,1,293911,37479,2,2
8977,6,25436,Wheaton via Glenmont,,1,293728,37479,2,2
8977,6,25435,Wheaton via Glenmont,,1,293911,37479,2,2
8977,6,25434,Wheaton via Glenmont,,1,294047,37479,2,2
8977,6,25433,Wheaton via Glenmont,,1,293728,37479,2,2
8977,6,25432,Wheaton via Glenmont,,1,293726,37479,2,2
8977,6,25431,Wheaton via Glenmont,,1,294571,37479,2,2
8977,6,25430,Wheaton via Glenmont,,1,294563,37479,2,2
8977,6,25429,Wheaton via Glenmont,,1,293716,37479,2,2
8977,6,25428,Wheaton via Glenmont,,1,294554,37479,2,2
8977,6,25427,Wheaton via Glenmont,,1,294560,37479,2,2
8977,6,25426,Wheaton via Glenmont,,1,293132,37479,2,2
8977,6,25425,Wheaton via Glenmont,,1,293911,37479,2,2
8977,6,25424,Wheaton via Glenmont,,1,293717,37479,2,2
8977,6,25423,Wheaton via Glenmont,,1,294563,37479,2,2
8977,6,25422,Wheaton via Glenmont,,1,294558,37479,2,2
8977,6,25421,Wheaton via Glenmont,,1,293968,37479,2,2
8977,6,25420,Wheaton via Glenmont,,1,294563,37479,2,2
8977,6,25419,Wheaton via Glenmont,,1,293924,37479,2,2
8977,6,25418,Wheaton via Glenmont,,1,293916,37479,2,2
8977,6,25417,Wheaton via Glenmont,,1,293912,37479,2,2
8977,6,25416,Wheaton via Glenmont,,1,293917,37479,2,2
8977,6,25415,Wheaton via Glenmont,,1,293916,37479,2,2
8977,6,25414,Wheaton via Glenmont,,1,294320,37479,2,2
8977,6,25413,Wheaton via Glenmont,,1,293615,37479,2,2
8977,6,25412,Wheaton via Glenmont,,1,293734,37479,2,2
8977,6,25411,Wheaton via Glenmont,,1,293138,37479,2,2
8977,6,25410,Wheaton via Glenmont,,1,293734,37479,2,2
8977,6,25409,Wheaton via Glenmont,,1,293611,37479,2,2
8977,6,25407,Wheaton via Glenmont,,1,293147,37479,2,2
8978,6,25686,North Bethesda,,0,294492,37480,2,2
8978,6,25693,North Bethesda,,0,294613,37480,2,2
8978,6,25692,North Bethesda,,0,294492,37480,2,2
8978,6,25695,North Bethesda,,0,294613,37480,2,2
8978,6,25694,North Bethesda,,0,294492,37480,2,2
8978,6,25691,North Bethesda,,0,294491,37480,2,2
8978,6,25696,North Bethesda,,0,294498,37480,2,2
8978,6,25690,North Bethesda,,0,294612,37480,2,2
8978,6,25697,North Bethesda,,0,294348,37480,2,2
8978,6,25689,North Bethesda,,0,294612,37480,2,2
8978,6,25698,North Bethesda,,0,294348,37480,2,2
8978,6,25688,North Bethesda,,0,294611,37480,2,2
8978,6,25699,North Bethesda,,0,294614,37480,2,2
8978,6,25700,North Bethesda,,0,294611,37480,2,2
8978,6,25701,North Bethesda,,0,294614,37480,2,2
8978,6,25702,North Bethesda,,0,294615,37480,2,2
8978,6,25703,North Bethesda,,0,294362,37480,2,2
8978,6,25705,North Bethesda,,0,294615,37480,2,2
8978,6,25704,North Bethesda,,0,294362,37480,2,2
8978,6,25706,North Bethesda,,0,294494,37480,2,2
8978,6,25707,North Bethesda,,0,294362,37480,2,2
8978,6,25687,North Bethesda,,0,294495,37480,2,2
8978,6,25708,North Bethesda,,0,294362,37480,2,2
8978,6,25709,North Bethesda,,0,294495,37480,2,2
8978,6,25716,Montgomery Mall,,1,294613,37481,2,2
8978,6,25717,Montgomery Mall,,1,294492,37481,2,2
8978,6,25718,Montgomery Mall,,1,294613,37481,2,2
8978,6,25719,Montgomery Mall,,1,294492,37481,2,2
8978,6,25720,Montgomery Mall,,1,294491,37481,2,2
8978,6,25715,Montgomery Mall,,1,294498,37481,2,2
8978,6,25714,Montgomery Mall,,1,294348,37481,2,2
8978,6,25721,Montgomery Mall,,1,294498,37481,2,2
8978,6,25722,Montgomery Mall,,1,294612,37481,2,2
8978,6,25723,Montgomery Mall,,1,294348,37481,2,2
8978,6,25724,Montgomery Mall,,1,294611,37481,2,2
8978,6,25725,Montgomery Mall,,1,294348,37481,2,2
8978,6,25726,Montgomery Mall,,1,294611,37481,2,2
8978,6,25713,Montgomery Mall,,1,294614,37481,2,2
8978,6,25727,Montgomery Mall,,1,294615,37481,2,2
8978,6,25728,Montgomery Mall,,1,294614,37481,2,2
8978,6,25729,Montgomery Mall,,1,294615,37481,2,2
8978,6,25730,Montgomery Mall,,1,294362,37481,2,2
8978,6,25712,Montgomery Mall,,1,294494,37481,2,2
8978,6,25711,Montgomery Mall,,1,294362,37481,2,2
8978,6,25731,Montgomery Mall,,1,294495,37481,2,2
8978,6,25732,Montgomery Mall,,1,294362,37481,2,2
8978,6,25710,Montgomery Mall,,1,294495,37481,2,2
8979,6,26078,SHADY GROVE VIA GAITHER ROAD,,0,293397,37482,2,2
8979,6,26098,SHADY GROVE VIA GAITHER ROAD,,0,293405,37482,2,2
8979,6,26077,SHADY GROVE VIA GAITHER ROAD,,0,293435,37482,2,2
8979,6,26097,SHADY GROVE VIA GAITHER ROAD,,0,293425,37482,2,2
8979,6,26076,SHADY GROVE VIA GAITHER ROAD,,0,293404,37482,2,2
8979,6,26079,SHADY GROVE VIA GAITHER ROAD,,0,293408,37482,2,2
8979,6,26075,SHADY GROVE VIA GAITHER ROAD,,0,294650,37482,2,2
8979,6,26080,SHADY GROVE VIA GAITHER ROAD,,0,294651,37482,2,2
8979,6,26074,SHADY GROVE VIA GAITHER ROAD,,0,293420,37482,2,2
8979,6,26081,SHADY GROVE VIA GAITHER ROAD,,0,294652,37482,2,2
8979,6,26073,SHADY GROVE VIA GAITHER ROAD,,0,294649,37482,2,2
8979,6,26082,SHADY GROVE VIA GAITHER ROAD,,0,293401,37482,2,2
8979,6,26083,SHADY GROVE VIA GAITHER ROAD,,0,293394,37482,2,2
8979,6,26084,SHADY GROVE VIA GAITHER ROAD,,0,294653,37482,2,2
8979,6,26085,SHADY GROVE VIA GAITHER ROAD,,0,293435,37482,2,2
8979,6,26100,SHADY GROVE VIA GAITHER ROAD,,0,293415,37482,2,2
8979,6,26086,SHADY GROVE VIA GAITHER ROAD,,0,293421,37482,2,2
8979,6,26087,SHADY GROVE VIA GAITHER ROAD,,0,294654,37482,2,2
8979,6,26088,SHADY GROVE VIA GAITHER ROAD,,0,293382,37482,2,2
8979,6,26089,SHADY GROVE VIA GAITHER ROAD,,0,294655,37482,2,2
8979,6,26090,SHADY GROVE VIA GAITHER ROAD,,0,294654,37482,2,2
8979,6,26091,SHADY GROVE VIA GAITHER ROAD,,0,294656,37482,2,2
8979,6,26092,SHADY GROVE VIA GAITHER ROAD,,0,294657,37482,2,2
8979,6,26093,SHADY GROVE VIA GAITHER ROAD,,0,294658,37482,2,2
8979,6,26072,SHADY GROVE VIA GAITHER ROAD,,0,293386,37482,2,2
8979,6,26099,SHADY GROVE VIA GAITHER ROAD,,0,293378,37482,2,2
8979,6,26071,Shady Grove,,0,294648,37483,2,2
8979,6,26094,Shady Grove,,0,293378,37483,2,2
8979,6,26095,Shady Grove,,0,293382,37483,2,2
8979,6,26096,Shady Grove,,0,293378,37483,2,2
8979,6,26107,TRAVILLE VIA GAITHER ROAD,,1,293397,37484,2,2
8979,6,26108,TRAVILLE VIA GAITHER ROAD,,1,293405,37484,2,2
8979,6,26106,TRAVILLE VIA GAITHER ROAD,,1,293435,37484,2,2
8979,6,26109,TRAVILLE VIA GAITHER ROAD,,1,293425,37484,2,2
8979,6,26105,TRAVILLE VIA GAITHER ROAD,,1,293404,37484,2,2
8979,6,26110,TRAVILLE VIA GAITHER ROAD,,1,293408,37484,2,2
8979,6,26104,TRAVILLE VIA GAITHER ROAD,,1,294650,37484,2,2
8979,6,26111,TRAVILLE VIA GAITHER ROAD,,1,294651,37484,2,2
8979,6,26103,TRAVILLE VIA GAITHER ROAD,,1,293420,37484,2,2
8979,6,26112,TRAVILLE VIA GAITHER ROAD,,1,294652,37484,2,2
8979,6,26102,TRAVILLE VIA GAITHER ROAD,,1,294649,37484,2,2
8979,6,26113,TRAVILLE VIA GAITHER ROAD,,1,293401,37484,2,2
8979,6,26114,TRAVILLE VIA GAITHER ROAD,,1,293394,37484,2,2
8979,6,26115,TRAVILLE VIA GAITHER ROAD,,1,294653,37484,2,2
8979,6,26130,TRAVILLE VIA GAITHER ROAD,,1,293435,37484,2,2
8979,6,26116,TRAVILLE VIA GAITHER ROAD,,1,293415,37484,2,2
8979,6,26117,TRAVILLE VIA GAITHER ROAD,,1,293421,37484,2,2
8979,6,26118,TRAVILLE VIA GAITHER ROAD,,1,294654,37484,2,2
8979,6,26119,TRAVILLE VIA GAITHER ROAD,,1,293382,37484,2,2
8979,6,26120,TRAVILLE VIA GAITHER ROAD,,1,294655,37484,2,2
8979,6,26121,TRAVILLE VIA GAITHER ROAD,,1,294654,37484,2,2
8979,6,26122,TRAVILLE VIA GAITHER ROAD,,1,294656,37484,2,2
8979,6,26123,TRAVILLE VIA GAITHER ROAD,,1,294657,37484,2,2
8979,6,26125,TRAVILLE VIA GAITHER ROAD,,1,294658,37484,2,2
8979,6,26101,TRAVILLE VIA GAITHER ROAD,,1,293386,37484,2,2
8979,6,26126,TRAVILLE VIA GAITHER ROAD,,1,293378,37484,2,2
8979,6,26127,Traville,,1,294648,37485,2,2
8979,6,26128,Traville,,1,293378,37485,2,2
8979,6,26129,Traville,,1,293382,37485,2,2
8979,6,26124,Traville,,1,293378,37485,2,2
8980,6,26275,Rockville,,0,294678,37486,2,2
8980,6,26276,Rockville,,0,294679,37486,2,2
8980,6,26277,Rockville,,0,294680,37486,2,2
8980,6,26278,Rockville,,0,294680,37486,2,2
8980,6,26279,Rockville,,0,294611,37486,2,2
8980,6,26280,Rockville,,0,294611,37486,2,2
8980,6,26281,Rockville,,0,294611,37486,2,2
8980,6,26282,Rockville,,0,294611,37486,2,2
8980,6,26291,Twinbrook,,1,294678,37487,2,2
8980,6,26283,Twinbrook,,1,294678,37487,2,2
8980,6,26284,Twinbrook,,1,294679,37487,2,2
8980,6,26285,Twinbrook,,1,294680,37487,2,2
8980,6,26286,Twinbrook,,1,294611,37487,2,2
8980,6,26287,Twinbrook,,1,294611,37487,2,2
8980,6,26288,Twinbrook,,1,294611,37487,2,2
8980,6,26289,Twinbrook,,1,294611,37487,2,2
8980,6,26290,Twinbrook,,1,294611,37487,2,2
8981,6,26452,Falls Grove via TC,,0,294679,37489,2,2
8981,6,26453,Falls Grove via TC,,0,294680,37489,2,2
8981,6,26467,Falls Grove via TC,,0,294698,37489,2,2
8981,6,26473,Falls Grove via TC,,0,294678,37489,2,2
8981,6,26465,Falls Grove via TC,,0,294679,37489,2,2
8981,6,26454,Falls Grove via SC,,0,294698,37488,2,2
8981,6,26466,Falls Grove via TC,,0,294701,37489,2,2
8981,6,26455,Falls Grove via SC,,0,294678,37488,2,2
8981,6,26456,Falls Grove via TC,,0,294679,37489,2,2
8981,6,26457,Falls Grove via SC,,0,294467,37488,2,2
8981,6,26458,Falls Grove via TC,,0,294678,37489,2,2
8981,6,26471,Falls Grove via SC,,0,294679,37488,2,2
8981,6,26472,Falls Grove via TC,,0,294467,37489,2,2
8981,6,26459,Falls Grove via SC,,0,294678,37488,2,2
8981,6,26468,Falls Grove via TC,,0,294702,37489,2,2
8981,6,26469,Falls Grove via TC,,0,294700,37489,2,2
8981,6,26460,Falls Grove via TC,,0,294699,37489,2,2
8981,6,26470,Falls Grove via TC,,0,294702,37489,2,2
8981,6,26461,Falls Grove via TC,,0,294700,37489,2,2
8981,6,26474,Falls Grove via TC,,0,294699,37489,2,2
8981,6,26475,Falls Grove via TC,,0,294702,37489,2,2
8981,6,26462,Falls Grove via TC,,0,294700,37489,2,2
8981,6,26463,Falls Grove via TC,,0,294699,37489,2,2
8981,6,26464,Falls Grove via TC,,0,294611,37489,2,2
8981,6,26476,Twinbrook via TC,,1,294680,37491,2,2
8981,6,26477,Twinbrook via TC,,1,294679,37491,2,2
8981,6,26492,Twinbrook via TC,,1,294680,37491,2,2
8981,6,26493,Twinbrook via TC,,1,294698,37491,2,2
8981,6,26488,Twinbrook via TC,,1,294678,37491,2,2
8981,6,26479,Twinbrook via SC,,1,294679,37490,2,2
8981,6,26489,Twinbrook via TC,,1,294698,37491,2,2
8981,6,26487,Twinbrook via SC,,1,294701,37490,2,2
8981,6,26486,Twinbrook via TC,,1,294678,37491,2,2
8981,6,26485,Twinbrook via SC,,1,294679,37490,2,2
8981,6,26484,Twinbrook via TC,,1,294467,37491,2,2
8981,6,26497,Twinbrook via SC,,1,294678,37490,2,2
8981,6,26498,Twinbrook via TC,,1,294679,37491,2,2
8981,6,26483,Twinbrook via SC,,1,294467,37490,2,2
8981,6,26494,Twinbrook via TC,,1,294678,37491,2,2
8981,6,26482,Twinbrook via TC,,1,294702,37491,2,2
8981,6,26495,Twinbrook via TC,,1,294700,37491,2,2
8981,6,26499,Twinbrook via TC,,1,294699,37491,2,2
8981,6,26496,Twinbrook via TC,,1,294702,37491,2,2
8981,6,26481,Twinbrook via TC,,1,294700,37491,2,2
8981,6,26490,Twinbrook via TC,,1,294699,37491,2,2
8981,6,26478,Twinbrook via TC,,1,294702,37491,2,2
8981,6,26491,Twinbrook via TC,,1,294700,37491,2,2
8981,6,26480,Twinbrook via TC,,1,294699,37491,2,2
8982,6,27034,Mont College Rockville,,0,294759,37492,2,2
8982,6,27035,Mont College Rockville,,0,294750,37492,2,2
8982,6,27036,Mont College Rockville,,0,294760,37492,2,2
8982,6,27037,Mont College Rockville,,0,294759,37492,2,2
8982,6,27023,Mont College Rockville,,0,294750,37492,2,2
8982,6,27038,Mont College Rockville,,0,294761,37492,2,2
8982,6,27039,Mont College Rockville,,0,294760,37492,2,2
8982,6,27040,Mont College Rockville,,0,294762,37492,2,2
8982,6,27041,Mont College Rockville,,0,294763,37492,2,2
8982,6,27042,Mont College Rockville,,0,294759,37492,2,2
8982,6,27043,Mont College Rockville,,0,294750,37492,2,2
8982,6,27044,Mont College Rockville,,0,294761,37492,2,2
8982,6,27045,Mont College Rockville,,0,294760,37492,2,2
8982,6,27046,Mont College Rockville,,0,294763,37492,2,2
8982,6,27047,Mont College Rockville,,0,294759,37492,2,2
8982,6,27048,Mont College Rockville,,0,294750,37492,2,2
8982,6,27049,Mont College Rockville,,0,294761,37492,2,2
8982,6,27050,Mont College Rockville,,0,294760,37492,2,2
8982,6,27051,Mont College Rockville,,0,294758,37492,2,2
8982,6,27052,Mont College Rockville,,0,294757,37492,2,2
8982,6,27053,Mont College Rockville,,0,294763,37492,2,2
8982,6,27054,Mont College Rockville,,0,294754,37492,2,2
8982,6,27055,Mont College Rockville,,0,294761,37492,2,2
8982,6,27056,Mont College Rockville,,0,294756,37492,2,2
8982,6,27033,Mont College Rockville,,0,294758,37492,2,2
8982,6,27032,Mont College Rockville,,0,294757,37492,2,2
8982,6,27031,Mont College Rockville,,0,294751,37492,2,2
8982,6,27030,Mont College Rockville,,0,294754,37492,2,2
8982,6,27064,Mont College Rockville,,0,294753,37492,2,2
8982,6,27029,Mont College Rockville,,0,294756,37492,2,2
8982,6,27028,Mont College Rockville,,0,294755,37492,2,2
8982,6,27024,Mont College Rockville,,0,294751,37492,2,2
8982,6,27025,Mont College Rockville,,0,294752,37492,2,2
8982,6,27026,Mont College Rockville,,0,294753,37492,2,2
8982,6,27027,Mont College Rockville,,0,294754,37492,2,2
8982,6,27057,Mont College Rockville,,0,294755,37492,2,2
8982,6,27058,Mont College Rockville,,0,293413,37492,2,2
8982,6,27059,Mont College Rockville,,0,294751,37492,2,2
8982,6,27060,Mont College Rockville,,0,294754,37492,2,2
8982,6,27061,Mont College Rockville,,0,294755,37492,2,2
8982,6,27062,Mont College Rockville,,0,294751,37492,2,2
8982,6,27063,Mont College Rockville,,0,294755,37492,2,2
8982,6,27065,Mont College Rockville,,0,294751,37492,2,2
8982,6,27066,Mont College Rockville,,0,294755,37492,2,2
8982,6,27081,Medical Center,,1,294759,37493,2,2
8982,6,27107,Medical Center,,1,294750,37493,2,2
8982,6,27082,Medical Center,,1,294760,37493,2,2
8982,6,27083,Medical Center,,1,294759,37493,2,2
8982,6,27080,Medical Center,,1,294750,37493,2,2
8982,6,27084,Medical Center,,1,294761,37493,2,2
8982,6,27079,Medical Center,,1,294760,37493,2,2
8982,6,27085,Medical Center,,1,294762,37493,2,2
8982,6,27078,Medical Center,,1,294763,37493,2,2
8982,6,27086,Medical Center,,1,294759,37493,2,2
8982,6,27077,Medical Center,,1,294750,37493,2,2
8982,6,27087,Medical Center,,1,294761,37493,2,2
8982,6,27076,Medical Center,,1,294760,37493,2,2
8982,6,27088,Medical Center,,1,294763,37493,2,2
8982,6,27075,Medical Center,,1,294759,37493,2,2
8982,6,27089,Medical Center,,1,294750,37493,2,2
8982,6,27074,Medical Center,,1,294761,37493,2,2
8982,6,27090,Medical Center,,1,294760,37493,2,2
8982,6,27073,Medical Center,,1,294758,37493,2,2
8982,6,27091,Medical Center,,1,294757,37493,2,2
8982,6,27108,Medical Center,,1,294763,37493,2,2
8982,6,27092,Medical Center,,1,294750,37493,2,2
8982,6,27093,Medical Center,,1,294761,37493,2,2
8982,6,27094,Medical Center,,1,294756,37493,2,2
8982,6,27095,Medical Center,,1,294758,37493,2,2
8982,6,27096,Medical Center,,1,294757,37493,2,2
8982,6,27097,Medical Center,,1,294751,37493,2,2
8982,6,27098,Medical Center,,1,294754,37493,2,2
8982,6,27099,Medical Center,,1,294753,37493,2,2
8982,6,27072,Medical Center,,1,294756,37493,2,2
8982,6,27071,Medical Center,,1,294755,37493,2,2
8982,6,27070,Medical Center,,1,294751,37493,2,2
8982,6,27069,Medical Center,,1,294752,37493,2,2
8982,6,27068,Medical Center,,1,294753,37493,2,2
8982,6,27067,Medical Center,,1,294754,37493,2,2
8982,6,27100,Medical Center,,1,294755,37493,2,2
8982,6,27101,Medical Center,,1,293413,37493,2,2
8982,6,27102,Medical Center,,1,294751,37493,2,2
8982,6,27103,Medical Center,,1,294754,37493,2,2
8982,6,27104,Medical Center,,1,294755,37493,2,2
8982,6,27105,Medical Center,,1,294751,37493,2,2
8982,6,27106,Medical Center,,1,294755,37493,2,2
8982,6,27109,Medical Center,,1,294751,37493,2,2
8982,6,27110,Medical Center,,1,294755,37493,2,2
8983,6,27594,Rockville,,0,294325,37494,2,2
8983,6,27593,Rockville,,0,294433,37494,2,2
8983,6,27592,Rockville,,0,294432,37494,2,2
8983,6,27591,Rockville,,0,294326,37494,2,2
8983,6,27590,Rockville,,0,294322,37494,2,2
8983,6,27589,Rockville,,0,294432,37494,2,2
8983,6,27588,Rockville,,0,294769,37494,2,2
8983,6,27587,Rockville,,0,294494,37494,2,2
8983,6,27586,Rockville,,0,294301,37494,2,2
8983,6,27585,Rockville,,0,294769,37494,2,2
8983,6,27584,Rockville,,0,294494,37494,2,2
8983,6,27583,Rockville,,0,294301,37494,2,2
8983,6,27582,Rockville,,0,294303,37494,2,2
8983,6,27581,Rockville,,0,294437,37494,2,2
8983,6,27580,Rockville,,0,294435,37494,2,2
8983,6,27579,Rockville,,0,294436,37494,2,2
8983,6,27570,Rockville,,0,294437,37494,2,2
8983,6,27569,Rockville,,0,294454,37494,2,2
8983,6,27578,Rockville,,0,294768,37494,2,2
8983,6,27572,Rockville,,0,294436,37494,2,2
8983,6,27573,Rockville,,0,294437,37494,2,2
8983,6,27574,Rockville,,0,294321,37494,2,2
8983,6,27575,Rockville,,0,294454,37494,2,2
8983,6,27576,Rockville,,0,294435,37494,2,2
8983,6,27577,Rockville,,0,294321,37494,2,2
8983,6,27571,Rockville,,0,294435,37494,2,2
8983,6,27620,Bethesda,,1,294323,37495,2,2
8983,6,27619,Bethesda,,1,294325,37495,2,2
8983,6,27618,Bethesda,,1,294433,37495,2,2
8983,6,27617,Bethesda,,1,294432,37495,2,2
8983,6,27616,Bethesda,,1,294326,37495,2,2
8983,6,27615,Bethesda,,1,294322,37495,2,2
8983,6,27614,Bethesda,,1,294432,37495,2,2
8983,6,27596,Bethesda,,1,294769,37495,2,2
8983,6,27595,Bethesda,,1,294494,37495,2,2
8983,6,27613,Bethesda,,1,294301,37495,2,2
8983,6,27612,Bethesda,,1,294769,37495,2,2
8983,6,27611,Bethesda,,1,294494,37495,2,2
8983,6,27610,Bethesda,,1,294301,37495,2,2
8983,6,27609,Bethesda,,1,294303,37495,2,2
8983,6,27608,Bethesda,,1,294437,37495,2,2
8983,6,27607,Bethesda,,1,294435,37495,2,2
8983,6,27606,Bethesda,,1,294768,37495,2,2
8983,6,27605,Bethesda,,1,294436,37495,2,2
8983,6,27604,Bethesda,,1,294437,37495,2,2
8983,6,27603,Bethesda,,1,294454,37495,2,2
8983,6,27602,Bethesda,,1,294436,37495,2,2
8983,6,27601,Bethesda,,1,294437,37495,2,2
8983,6,27600,Bethesda,,1,294321,37495,2,2
8983,6,27599,Bethesda,,1,294454,37495,2,2
8983,6,27598,Bethesda,,1,294435,37495,2,2
8983,6,27597,Bethesda,,1,294321,37495,2,2
8984,6,28060,Rockville,,0,293401,37496,2,2
8984,6,28075,Rockville,,0,294839,37496,2,2
8984,6,28076,Rockville,,0,294840,37496,2,2
8984,6,28077,Rockville,,0,293401,37496,2,2
8984,6,28078,Rockville,,0,294839,37496,2,2
8984,6,28079,Rockville,,0,294835,37496,2,2
8984,6,28080,Rockville,,0,294831,37496,2,2
8984,6,28081,Rockville,,0,294841,37496,2,2
8984,6,28061,Rockville,,0,293416,37496,2,2
8984,6,28062,Rockville,,0,294830,37496,2,2
8984,6,28063,Rockville,,0,294831,37496,2,2
8984,6,28082,Rockville,,0,294841,37496,2,2
8984,6,28083,Rockville,,0,293416,37496,2,2
8984,6,28074,Rockville,,0,294831,37496,2,2
8984,6,28073,Rockville,,0,294838,37496,2,2
8984,6,28072,Rockville,,0,293416,37496,2,2
8984,6,28096,Rockville,,0,294840,37496,2,2
8984,6,28067,Rockville,,0,294835,37496,2,2
8984,6,28097,Rockville,,0,294839,37496,2,2
8984,6,28084,Rockville,,0,293379,37496,2,2
8984,6,28095,Rockville,,0,294752,37496,2,2
8984,6,28085,Rockville,,0,294832,37496,2,2
8984,6,28086,Rockville,,0,294836,37496,2,2
8984,6,28087,Rockville,,0,294842,37496,2,2
8984,6,28088,Rockville,,0,294832,37496,2,2
8984,6,28089,Rockville,,0,293379,37496,2,2
8984,6,28090,Rockville,,0,294837,37496,2,2
8984,6,28091,Rockville,,0,293411,37496,2,2
8984,6,28071,Rockville,,0,294832,37496,2,2
8984,6,28092,Rockville,,0,294843,37496,2,2
8984,6,28070,Rockville,,0,293411,37496,2,2
8984,6,28064,Rockville,,0,294832,37496,2,2
8984,6,28093,Rockville,,0,294654,37496,2,2
8984,6,28065,Rockville,,0,294833,37496,2,2
8984,6,28066,Rockville,,0,294834,37496,2,2
8984,6,28094,Rockville,,0,294833,37496,2,2
8984,6,28069,Rockville,,0,294837,37496,2,2
8984,6,28068,Rockville,,0,294836,37496,2,2
8984,6,28106,Wheaton,,1,294839,37497,2,2
8984,6,28107,Wheaton,,1,294840,37497,2,2
8984,6,28105,Wheaton,,1,293401,37497,2,2
8984,6,28108,Wheaton,,1,294839,37497,2,2
8984,6,28104,Wheaton,,1,294835,37497,2,2
8984,6,28109,Wheaton,,1,294831,37497,2,2
8984,6,28103,Wheaton,,1,294841,37497,2,2
8984,6,28110,Wheaton,,1,293416,37497,2,2
8984,6,28101,Wheaton,,1,294830,37497,2,2
8984,6,28100,Wheaton,,1,294831,37497,2,2
8984,6,28102,Wheaton,,1,294841,37497,2,2
8984,6,28111,Wheaton,,1,293416,37497,2,2
8984,6,28112,Wheaton,,1,294831,37497,2,2
8984,6,28113,Wheaton,,1,294838,37497,2,2
8984,6,28114,Wheaton,,1,293416,37497,2,2
8984,6,28115,Wheaton,,1,294840,37497,2,2
8984,6,28116,Wheaton,,1,294835,37497,2,2
8984,6,28117,Wheaton,,1,294839,37497,2,2
8984,6,28118,Wheaton,,1,293379,37497,2,2
8984,6,28119,Wheaton,,1,294752,37497,2,2
8984,6,28134,Wheaton,,1,294832,37497,2,2
8984,6,28120,Wheaton,,1,294836,37497,2,2
8984,6,28099,Wheaton,,1,294842,37497,2,2
8984,6,28133,Wheaton,,1,294832,37497,2,2
8984,6,28121,Wheaton,,1,293379,37497,2,2
8984,6,28122,Wheaton,,1,294837,37497,2,2
8984,6,28123,Wheaton,,1,293411,37497,2,2
8984,6,28124,Wheaton,,1,294832,37497,2,2
8984,6,28125,Wheaton,,1,294843,37497,2,2
8984,6,28126,Wheaton,,1,293411,37497,2,2
8984,6,28131,Wheaton,,1,294832,37497,2,2
8984,6,28127,Wheaton,,1,294654,37497,2,2
8984,6,28128,Wheaton,,1,294833,37497,2,2
8984,6,28129,Wheaton,,1,294834,37497,2,2
8984,6,28130,Wheaton,,1,294833,37497,2,2
8984,6,28098,Wheaton,,1,294837,37497,2,2
8984,6,28132,Wheaton,,1,294836,37497,2,2
8985,6,28591,Rockville,,0,294840,37498,2,2
8985,6,28589,Rockville,,0,294831,37498,2,2
8985,6,28592,Rockville,,0,294861,37498,2,2
8985,6,28593,Rockville,,0,294831,37498,2,2
8985,6,28617,Rockville,,0,294861,37498,2,2
8985,6,28620,Rockville,,0,294838,37498,2,2
8985,6,28594,Rockville,,0,294862,37498,2,2
8985,6,28595,Rockville,,0,294861,37498,2,2
8985,6,28596,Rockville,,0,294835,37498,2,2
8985,6,28597,Rockville,,0,294863,37498,2,2
8985,6,28598,Rockville,,0,294861,37498,2,2
8985,6,28616,Rockville,,0,294863,37498,2,2
8985,6,28599,Rockville,,0,294841,37498,2,2
8985,6,28615,Rockville,,0,294862,37498,2,2
8985,6,28600,Rockville,,0,294841,37498,2,2
8985,6,28601,Rockville,,0,293416,37498,2,2
8985,6,28602,Rockville,,0,294840,37498,2,2
8985,6,28603,Rockville,,0,294842,37498,2,2
8985,6,28604,Rockville,,0,294864,37498,2,2
8985,6,28605,Rockville,,0,293379,37498,2,2
8985,6,28590,Rockville,,0,294752,37498,2,2
8985,6,28606,Rockville,,0,294864,37498,2,2
8985,6,28618,Rockville,,0,294843,37498,2,2
8985,6,28619,Rockville,,0,294758,37498,2,2
8985,6,28607,Rockville,,0,294757,37498,2,2
8985,6,28608,Rockville,,0,294834,37498,2,2
8985,6,28621,Rockville,,0,294837,37498,2,2
8985,6,28588,Rockville,,0,294757,37498,2,2
8985,6,28609,Rockville,,0,294834,37498,2,2
8985,6,28610,Rockville,,0,293411,37498,2,2
8985,6,28611,Rockville,,0,294832,37498,2,2
8985,6,28612,Rockville,,0,294654,37498,2,2
8985,6,28613,Rockville,,0,294832,37498,2,2
8985,6,28614,Rockville,,0,294654,37498,2,2
8985,6,28623,Glenmont,,1,294831,37499,2,2
8985,6,28624,Glenmont,,1,294861,37499,2,2
8985,6,28625,Glenmont,,1,294831,37499,2,2
8985,6,28626,Glenmont,,1,294861,37499,2,2
8985,6,28627,Glenmont,,1,294838,37499,2,2
8985,6,28628,Glenmont,,1,294862,37499,2,2
8985,6,28642,Glenmont,,1,294861,37499,2,2
8985,6,28643,Glenmont,,1,294835,37499,2,2
8985,6,28644,Glenmont,,1,294863,37499,2,2
8985,6,28629,Glenmont,,1,294861,37499,2,2
8985,6,28630,Glenmont,,1,294863,37499,2,2
8985,6,28631,Glenmont,,1,294841,37499,2,2
8985,6,28632,Glenmont,,1,294862,37499,2,2
8985,6,28633,Glenmont,,1,294841,37499,2,2
8985,6,28634,Glenmont,,1,293416,37499,2,2
8985,6,28635,Glenmont,,1,294840,37499,2,2
8985,6,28636,Glenmont,,1,294842,37499,2,2
8985,6,28654,Glenmont,,1,294864,37499,2,2
8985,6,28653,Glenmont,,1,293379,37499,2,2
8985,6,28652,Glenmont,,1,294752,37499,2,2
8985,6,28651,Glenmont,,1,294864,37499,2,2
8985,6,28650,Glenmont,,1,294843,37499,2,2
8985,6,28649,Glenmont,,1,294758,37499,2,2
8985,6,28648,Glenmont,,1,294757,37499,2,2
8985,6,28647,Glenmont,,1,294834,37499,2,2
8985,6,28646,Glenmont,,1,294837,37499,2,2
8985,6,28622,Glenmont,,1,294757,37499,2,2
8985,6,28645,Glenmont,,1,294834,37499,2,2
8985,6,28637,Glenmont,,1,293411,37499,2,2
8985,6,28638,Glenmont,,1,294832,37499,2,2
8985,6,28639,Glenmont,,1,294654,37499,2,2
8985,6,28640,Glenmont,,1,294832,37499,2,2
8985,6,28641,Glenmont,,1,294654,37499,2,2
8986,6,29155,Twinbrook,,0,293132,37501,2,2
8986,6,29156,Twinbrook,,0,293137,37501,2,2
8986,6,29154,Twinbrook,,0,293134,37501,2,2
8986,6,29133,Twinbrook,,0,293908,37501,2,2
8986,6,29153,Twinbrook,,0,293788,37501,2,2
8986,6,29132,Twinbrook,,0,293909,37501,2,2
8986,6,29152,Twinbrook,,0,293715,37501,2,2
8986,6,29121,Twinbrook,,0,293133,37501,2,2
8986,6,29131,Twinbrook,,0,293790,37501,2,2
8986,6,29120,Twinbrook,,0,293729,37501,2,2
8986,6,29130,Twinbrook,,0,293983,37501,2,2
8986,6,29124,Twinbrook,,0,294093,37501,2,2
8986,6,29123,Twinbrook Victory F,,0,293156,37500,2,2
8986,6,29151,Twinbrook,,0,293729,37501,2,2
8986,6,29150,Twinbrook Victory F,,0,293607,37500,2,2
8986,6,29119,Twinbrook,,0,293921,37501,2,2
8986,6,29148,Twinbrook Victory F,,0,293727,37500,2,2
8986,6,29149,Twinbrook,,0,293607,37501,2,2
8986,6,29146,Twinbrook Victory F,,0,293718,37500,2,2
8986,6,29147,Twinbrook,,0,293919,37501,2,2
8986,6,29144,Twinbrook Victory F,,0,293141,37500,2,2
8986,6,29145,Twinbrook,,0,293923,37501,2,2
8986,6,29143,Twinbrook,,0,293984,37501,2,2
8986,6,29122,Twinbrook,,0,293150,37501,2,2
8986,6,29129,Twinbrook,,0,293736,37501,2,2
8986,6,29142,Twinbrook,,0,293618,37501,2,2
8986,6,29128,Twinbrook,,0,293730,37501,2,2
8986,6,29127,Twinbrook,,0,293138,37501,2,2
8986,6,29126,Twinbrook,,0,293149,37501,2,2
8986,6,29125,Twinbrook,,0,293144,37501,2,2
8986,6,29141,Twinbrook,,0,293798,37501,2,2
8986,6,29140,Twinbrook,,0,294072,37501,2,2
8986,6,29139,Twinbrook,,0,293157,37501,2,2
8986,6,29138,Twinbrook,,0,293733,37501,2,2
8986,6,29137,Twinbrook,,0,293915,37501,2,2
8986,6,29136,Twinbrook,,0,293152,37501,2,2
8986,6,29135,Twinbrook,,0,293724,37501,2,2
8986,6,29134,Twinbrook,,0,293732,37501,2,2
8986,6,29194,Silver Spring,,1,293132,37503,2,2
8986,6,29193,Silver Spring,,1,293137,37503,2,2
8986,6,29170,Silver Spring,,1,293134,37503,2,2
8986,6,29192,Silver Spring,,1,293788,37503,2,2
8986,6,29169,Silver Spring,,1,293909,37503,2,2
8986,6,29168,Silver Spring,,1,293133,37503,2,2
8986,6,29191,Silver Spring,,1,293729,37503,2,2
8986,6,29167,Silver Spring Victory F,,1,293983,37502,2,2
8986,6,29190,Silver Spring,,1,293156,37503,2,2
8986,6,29189,Silver Spring Victory F,,1,293729,37502,2,2
8986,6,29188,Silver Spring,,1,293607,37503,2,2
8986,6,29187,Silver Spring Victory F,,1,293921,37502,2,2
8986,6,29195,Silver Spring,,1,293727,37503,2,2
8986,6,29185,Silver Spring Victory F,,1,293607,37502,2,2
8986,6,29186,Silver Spring,,1,293718,37503,2,2
8986,6,29183,Silver Spring Victory F,,1,294069,37502,2,2
8986,6,29166,Silver Spring,,1,293919,37503,2,2
8986,6,29184,Silver Spring,,1,293141,37503,2,2
8986,6,29159,Silver Spring,,1,293731,37503,2,2
8986,6,29165,Silver Spring,,1,293923,37503,2,2
8986,6,29182,Silver Spring,,1,293154,37503,2,2
8986,6,29164,Silver Spring,,1,293984,37503,2,2
8986,6,29181,Silver Spring,,1,293148,37503,2,2
8986,6,29163,Silver Spring,,1,293150,37503,2,2
8986,6,29180,Silver Spring,,1,293793,37503,2,2
8986,6,29161,Silver Spring,,1,293736,37503,2,2
8986,6,29160,Silver Spring,,1,293618,37503,2,2
8986,6,29158,Silver Spring,,1,293914,37503,2,2
8986,6,29157,Silver Spring,,1,293730,37503,2,2
8986,6,29171,Silver Spring,,1,293138,37503,2,2
8986,6,29162,Silver Spring,,1,293149,37503,2,2
8986,6,29179,Silver Spring,,1,293798,37503,2,2
8986,6,29178,Silver Spring,,1,294072,37503,2,2
8986,6,29177,Silver Spring,,1,293157,37503,2,2
8986,6,29176,Silver Spring,,1,293733,37503,2,2
8986,6,29175,Silver Spring,,1,293915,37503,2,2
8986,6,29174,Silver Spring,,1,293152,37503,2,2
8986,6,29173,Silver Spring,,1,293724,37503,2,2
8986,6,29172,Silver Spring,,1,293732,37503,2,2
8987,6,29381,ICC Park & Ride,,0,294234,37504,2,2
8987,6,29385,ICC Park & Ride,,0,294571,37504,2,2
8987,6,29386,ICC Park & Ride,,0,294231,37504,2,2
8987,6,29388,ICC Park & Ride,,0,293908,37504,2,2
8987,6,29387,ICC Park & Ride,,0,294243,37504,2,2
8987,6,29382,ICC Park & Ride,,0,294240,37504,2,2
8987,6,29383,ICC Park & Ride,,0,294072,37504,2,2
8987,6,29384,ICC Park & Ride,,0,294242,37504,2,2
8987,6,29389,ICC Park & Ride,,0,293718,37504,2,2
8987,6,29390,ICC Park & Ride,,0,294241,37504,2,2
8987,6,29391,Glenmont,,1,294239,37505,2,2
8987,6,29394,Glenmont,,1,294234,37505,2,2
8987,6,29392,Glenmont,,1,294571,37505,2,2
8987,6,29397,Glenmont,,1,294231,37505,2,2
8987,6,29398,Glenmont,,1,293908,37505,2,2
8987,6,29395,Glenmont,,1,294243,37505,2,2
8987,6,29396,Glenmont,,1,294240,37505,2,2
8987,6,29393,Glenmont,,1,294072,37505,2,2
8987,6,29399,Glenmont,,1,294242,37505,2,2
8987,6,29400,Glenmont,,1,293718,37505,2,2
8988,6,29501,Good Counsel High School,,0,294883,37506,2,2
8988,6,29498,Good Counsel High School,,0,294884,37506,2,2
8988,6,29497,Good Counsel High School,,0,294883,37506,2,2
8988,6,29502,MedStar Montgomery,,0,294885,37508,2,2
8988,6,29503,MedStar Montgomery,,0,294882,37508,2,2
8988,6,29504,MedStar Montgomery,,0,294885,37508,2,2
8988,6,29496,MedStar Montgomery,,0,294882,37508,2,2
8988,6,29500,MedStar Montgomery,,0,294885,37508,2,2
8988,6,29499,MedStar Montgomery,,0,294882,37508,2,2
8988,6,29512,Rockville,,1,294883,37511,2,2
8988,6,29511,Rockville,,1,294884,37511,2,2
8988,6,29510,Rockville,,1,294883,37511,2,2
8988,6,29509,Rockville,,1,294884,37511,2,2
8988,6,29505,Rockville,,1,294883,37511,2,2
8988,6,29508,Rockville,,1,294885,37509,2,2
8988,6,29507,Rockville,,1,294882,37509,2,2
8988,6,29506,Rockville,,1,294885,37509,2,2
8988,6,29513,Rockville,,1,294882,37510,2,2
8989,6,29643,Shady Grove via Olney,,0,294131,37516,2,2
8989,6,29654,Shady Grove via Olney,,0,294911,37516,2,2
8989,6,29653,Shady Grove via Olney,,0,294352,37514,2,2
8989,6,29652,Shady Grove via Olney,,0,294380,37516,2,2
8989,6,29651,Shady Grove via Olney,,0,294911,37514,2,2
8989,6,29650,Shady Grove via Olney,,0,294351,37516,2,2
8989,6,29655,Shady Grove,,0,294353,37515,2,2
8989,6,29642,Shady Grove,,0,294908,37515,2,2
8989,6,29649,Shady Grove via Olney,,0,294910,37513,2,2
8989,6,29648,Shady Grove via Olney,,0,294909,37512,2,2
8989,6,29647,Shady Grove via Olney,,0,294908,37512,2,2
8989,6,29646,Shady Grove via Olney,,0,294910,37512,2,2
8989,6,29645,Shady Grove via Olney,,0,294909,37512,2,2
8989,6,29644,Shady Grove via Olney,,0,294379,37512,2,2
8989,6,29666,Glenmont via Olney,,1,294348,37518,2,2
8989,6,29665,Glenmont via Olney,,1,294131,37520,2,2
8989,6,29664,Glenmont via Olney,,1,294911,37518,2,2
8989,6,29663,Glenmont via Olney,,1,294352,37520,2,2
8989,6,29657,Glenmont via Olney,,1,294380,37518,2,2
8989,6,29662,Glenmont via Olney,,1,294353,37519,2,2
8989,6,29656,Glenmont via Olney,,1,294908,37521,2,2
8989,6,29661,Glenmont via Olney,,1,294910,37521,2,2
8989,6,29660,Glenmont via Olney,,1,294909,37521,2,2
8989,6,29659,Glenmont via Olney,,1,294908,37521,2,2
8989,6,29658,Glenmont via Olney,,1,294910,37521,2,2
8990,6,30031,Lakeforest,,0,294653,37525,2,2
8990,6,30024,Lakeforest,,0,294986,37525,2,2
8990,6,30032,Lakeforest,,0,294989,37525,2,2
8990,6,30030,Lakeforest,,0,293395,37525,2,2
8990,6,30033,Lakeforest,,0,293396,37525,2,2
8990,6,30029,Lakeforest,,0,293422,37525,2,2
8990,6,30035,Lakeforest,,0,294991,37525,2,2
8990,6,30028,Lakeforest,,0,294988,37525,2,2
8990,6,30027,Lakeforest,,0,293424,37523,2,2
8990,6,30034,Lakeforest,,0,294990,37523,2,2
8990,6,30008,Lakeforest,,0,293433,37523,2,2
8990,6,30023,Lakeforest,,0,293423,37523,2,2
8990,6,30009,Lakeforest,,0,293424,37523,2,2
8990,6,30010,Lakeforest,,0,294980,37523,2,2
8990,6,30011,Lakeforest,,0,294650,37523,2,2
8990,6,30012,Lakeforest,,0,294981,37523,2,2
8990,6,30013,Lakeforest,,0,294982,37523,2,2
8990,6,30014,Lakeforest,,0,294983,37523,2,2
8990,6,30015,Lakeforest,,0,294984,37525,2,2
8990,6,30016,Lakeforest,,0,294979,37525,2,2
8990,6,30017,Lakeforest,,0,294834,37525,2,2
8990,6,30018,Lakeforest,,0,294983,37525,2,2
8990,6,30026,Lakeforest,,0,294984,37525,2,2
8990,6,30038,Lakeforest,,0,293388,37525,2,2
8990,6,30037,Lakeforest,,0,294979,37525,2,2
8990,6,30025,Lakeforest,,0,294987,37525,2,2
8990,6,30036,Lakeforest,,0,293392,37525,2,2
8990,6,30007,Lakeforest,,0,294979,37525,2,2
8990,6,30006,Lakeforest,,0,294978,37525,2,2
8990,6,30022,Lakeforest,,0,294985,37525,2,2
8990,6,30021,Lakeforest,,0,293431,37525,2,2
8990,6,30020,Lakeforest,,0,294985,37525,2,2
8990,6,30019,Lakeforest,,0,294648,37525,2,2
8990,6,30049,Rockville,,1,294993,37528,2,2
8990,6,30050,Rockville,,1,293420,37528,2,2
8990,6,30051,Rockville,,1,294994,37528,2,2
8990,6,30040,Rockville,,1,293433,37528,2,2
8990,6,30052,Rockville,,1,294989,37528,2,2
8990,6,30048,Rockville,,1,293395,37528,2,2
8990,6,30053,Rockville,,1,293396,37528,2,2
8990,6,30047,Rockville,,1,293424,37528,2,2
8990,6,30054,Rockville,,1,294991,37526,2,2
8990,6,30046,Rockville,,1,294988,37526,2,2
8990,6,30055,Rockville,,1,293424,37526,2,2
8990,6,30056,Rockville,,1,294995,37526,2,2
8990,6,30057,Rockville,,1,293433,37526,2,2
8990,6,30058,Rockville,,1,293423,37526,2,2
8990,6,30059,Rockville,,1,293424,37526,2,2
8990,6,30041,Rockville,,1,294980,37526,2,2
8990,6,30060,Rockville,,1,294650,37526,2,2
8990,6,30072,Rockville,,1,294981,37526,2,2
8990,6,30061,Rockville,,1,294996,37528,2,2
8990,6,30045,Rockville,,1,293375,37528,2,2
8990,6,30062,Rockville,,1,294983,37528,2,2
8990,6,30063,Rockville,,1,293414,37528,2,2
8990,6,30044,Rockville,,1,293436,37528,2,2
8990,6,30043,Rockville,,1,294982,37528,2,2
8990,6,30064,Rockville,,1,294997,37528,2,2
8990,6,30042,Rockville,,1,294984,37528,2,2
8990,6,30065,Rockville,,1,294992,37528,2,2
8990,6,30066,Rockville,,1,294998,37528,2,2
8990,6,30067,Rockville,,1,294984,37528,2,2
8990,6,30039,Rockville,,1,294992,37528,2,2
8990,6,30068,Rockville,,1,294978,37528,2,2
8990,6,30069,Rockville,,1,294985,37528,2,2
8990,6,30070,Rockville,,1,293431,37528,2,2
8990,6,30071,Rockville,,1,294985,37528,2,2
8991,6,30773,Germantown,,0,293424,37530,2,2
8991,6,30774,Germantown,,0,294649,37530,2,2
8991,6,30775,Germantown,,0,293420,37530,2,2
8991,6,30776,Germantown,,0,294995,37530,2,2
8991,6,30777,Germantown,,0,293399,37530,2,2
8991,6,30778,Germantown,,0,293433,37530,2,2
8991,6,30779,Germantown,,0,294989,37530,2,2
8991,6,30780,Germantown,,0,294649,37530,2,2
8991,6,30781,Germantown,,0,295063,37530,2,2
8991,6,30782,Germantown,,0,293395,37530,2,2
8991,6,30783,Germantown,,0,295064,37530,2,2
8991,6,30803,Germantown,,0,293396,37530,2,2
8991,6,30804,Germantown,,0,293427,37530,2,2
8991,6,30784,Germantown,,0,293410,37530,2,2
8991,6,30805,Germantown,,0,294993,37530,2,2
8991,6,30785,Germantown,,0,295065,37530,2,2
8991,6,30806,Germantown,,0,294988,37530,2,2
8991,6,30786,Germantown,,0,295066,37530,2,2
8991,6,30807,Germantown,,0,293432,37530,2,2
8991,6,30787,Germantown,,0,293402,37530,2,2
8991,6,30808,Germantown,,0,293433,37530,2,2
8991,6,30815,Germantown,,0,293423,37530,2,2
8991,6,30816,Germantown,,0,294979,37530,2,2
8991,6,30817,Germantown,,0,294834,37530,2,2
8991,6,30818,Germantown,,0,295071,37530,2,2
8991,6,30788,Germantown,,0,293377,37530,2,2
8991,6,30819,Germantown,,0,293378,37530,2,2
8991,6,30809,Germantown,,0,294648,37530,2,2
8991,6,30820,Germantown,,0,293380,37530,2,2
8991,6,30789,Germantown,,0,295067,37530,2,2
8991,6,30821,Germantown,,0,294996,37530,2,2
8991,6,30790,Germantown,,0,295068,37530,2,2
8991,6,30810,Germantown,,0,293375,37530,2,2
8991,6,30791,Germantown,,0,295069,37530,2,2
8991,6,30811,Germantown,,0,293417,37530,2,2
8991,6,30792,Germantown,,0,295070,37530,2,2
8991,6,30812,Germantown,,0,293390,37530,2,2
8991,6,30813,Germantown,,0,293391,37530,2,2
8991,6,30793,Germantown,,0,293436,37530,2,2
8991,6,30814,Germantown,,0,294978,37530,2,2
8991,6,30794,Germantown,,0,293387,37530,2,2
8991,6,30795,Germantown,,0,293385,37530,2,2
8991,6,30796,Germantown,,0,293394,37530,2,2
8991,6,30797,Germantown,,0,294997,37530,2,2
8991,6,30798,Germantown,,0,294982,37530,2,2
8991,6,30799,Germantown,,0,293414,37530,2,2
8991,6,30802,Germantown,,0,293383,37530,2,2
8991,6,30800,Germantown,,0,294998,37530,2,2
8991,6,30822,Germantown,,0,294997,37530,2,2
8991,6,30823,Germantown,,0,293380,37530,2,2
8991,6,30824,Germantown,,0,294978,37530,2,2
8991,6,30825,Germantown,,0,293414,37530,2,2
8991,6,30826,Germantown,,0,293417,37530,2,2
8991,6,30801,Germantown,,0,293431,37530,2,2
8991,6,30772,Germantown,,0,294985,37530,2,2
8991,6,30871,Rockville,,1,294649,37532,2,2
8991,6,30828,Rockville,,1,293399,37532,2,2
8991,6,30829,Rockville,,1,294995,37532,2,2
8991,6,30830,Rockville,,1,295072,37532,2,2
8991,6,30831,Rockville,,1,295073,37532,2,2
8991,6,30862,Rockville,,1,293422,37532,2,2
8991,6,30863,Rockville,,1,294649,37532,2,2
8991,6,30832,Rockville,,1,293423,37532,2,2
8991,6,30833,Rockville,,1,294988,37532,2,2
8991,6,30834,Rockville,,1,294995,37532,2,2
8991,6,30835,Rockville,,1,293410,37532,2,2
8991,6,30836,Rockville,,1,295066,37532,2,2
8991,6,30837,Rockville,,1,293433,37532,2,2
8991,6,30838,Rockville,,1,295074,37532,2,2
8991,6,30839,Rockville,,1,295065,37532,2,2
8991,6,30840,Rockville,,1,293402,37532,2,2
8991,6,30872,Rockville,,1,293395,37532,2,2
8991,6,30873,Rockville,,1,295064,37532,2,2
8991,6,30864,Rockville,,1,293426,37532,2,2
8991,6,30874,Rockville,,1,293399,37532,2,2
8991,6,30841,Rockville,,1,294650,37532,2,2
8991,6,30842,Rockville,,1,294993,37532,2,2
8991,6,30875,Rockville,,1,294981,37532,2,2
8991,6,30843,Rockville,,1,294988,37532,2,2
8991,6,30844,Rockville,,1,293397,37532,2,2
8991,6,30876,Rockville,,1,294997,37532,2,2
8991,6,30845,Rockville,,1,295070,37532,2,2
8991,6,30846,Rockville,,1,293434,37532,2,2
8991,6,30877,Rockville,,1,293380,37532,2,2
8991,6,30847,Rockville,,1,293394,37532,2,2
8991,6,30848,Rockville,,1,294979,37532,2,2
8991,6,30878,Rockville,,1,294992,37532,2,2
8991,6,30849,Rockville,,1,294834,37532,2,2
8991,6,30850,Rockville,,1,295069,37532,2,2
8991,6,30852,Rockville,,1,293391,37532,2,2
8991,6,30851,Rockville,,1,294978,37532,2,2
8991,6,30879,Rockville,,1,293390,37532,2,2
8991,6,30827,Rockville,,1,293393,37532,2,2
8991,6,30865,Rockville,,1,293388,37532,2,2
8991,6,30866,Rockville,,1,293378,37532,2,2
8991,6,30880,Rockville,,1,293387,37532,2,2
8991,6,30853,Rockville,,1,293385,37532,2,2
8991,6,30867,Rockville,,1,294987,37532,2,2
8991,6,30881,Rockville,,1,293392,37532,2,2
8991,6,30854,Rockville,,1,295067,37532,2,2
8991,6,30868,Rockville,,1,293383,37532,2,2
8991,6,30882,Rockville,,1,294978,37532,2,2
8991,6,30855,Rockville,,1,294985,37532,2,2
8991,6,30869,Rockville,,1,294997,37532,2,2
8991,6,30870,Rockville,,1,293380,37532,2,2
8991,6,30856,Rockville,,1,293431,37532,2,2
8991,6,30857,Rockville,,1,293414,37532,2,2
8991,6,30858,Rockville,,1,293417,37532,2,2
8991,6,30860,Rockville,,1,294648,37532,2,2
8991,6,30859,Rockville,,1,294978,37532,2,2
8991,6,30861,Rockville,,1,294998,37532,2,2
8992,6,31444,Lakeforest Edison Park,,0,293396,37533,2,2
8992,6,31445,Lakeforest Edison Park,,0,294993,37533,2,2
8992,6,31446,Lakeforest Edison Park,,0,295063,37533,2,2
8992,6,31435,Lakeforest Edison Park,,0,294994,37533,2,2
8992,6,31442,Lakeforest Edison Park,,0,295073,37533,2,2
8992,6,31434,Lakeforest Edison Park,,0,294993,37533,2,2
8992,6,31441,Lakeforest Edison Park,,0,293423,37533,2,2
8992,6,31433,Lakeforest Edison Park,,0,295072,37533,2,2
8992,6,31443,Lakeforest Edison Park,,0,294995,37533,2,2
8992,6,31432,Lakeforest Edison Park,,0,295087,37533,2,2
8992,6,31431,Lakeforest Edison Park,,0,295073,37533,2,2
8992,6,31430,Lakeforest Edison Park,,0,294995,37533,2,2
8992,6,31429,Lakeforest Edison Park,,0,293399,37533,2,2
8992,6,31428,Lakeforest Edison Park,,0,293412,37533,2,2
8992,6,31418,Lakeforest Edison Park,,0,294988,37533,2,2
8992,6,31440,Lakeforest Edison Park,,0,294997,37533,2,2
8992,6,31419,Lakeforest Edison Park,,0,293414,37533,2,2
8992,6,31439,Lakeforest Edison Park,,0,293412,37533,2,2
8992,6,31420,Lakeforest Edison Park,,0,294982,37533,2,2
8992,6,31438,Lakeforest Edison Park,,0,294992,37533,2,2
8992,6,31421,Lakeforest Edison Park,,0,293414,37533,2,2
8992,6,31437,Lakeforest Edison Park,,0,293393,37533,2,2
8992,6,31422,Lakeforest Edison Park,,0,293378,37533,2,2
8992,6,31436,Lakeforest Edison Park,,0,293389,37533,2,2
8992,6,31423,Lakeforest Edison Park,,0,294984,37533,2,2
8992,6,31424,Lakeforest Edison Park,,0,294992,37533,2,2
8992,6,31425,Lakeforest Edison Park,,0,295086,37533,2,2
8992,6,31426,Lakeforest Edison Park,,0,293392,37533,2,2
8992,6,31427,Lakeforest Edison Park,,0,294979,37533,2,2
8992,6,31465,Rockville Edison Park,,1,294986,37535,2,2
8992,6,31464,Rockville Edison Park,,1,293395,37535,2,2
8992,6,31471,Rockville Edison Park,,1,293396,37535,2,2
8992,6,31463,Rockville Edison Park,,1,294993,37535,2,2
8992,6,31468,Rockville Edison Park,,1,295063,37535,2,2
8992,6,31462,Rockville Edison Park,,1,295064,37535,2,2
8992,6,31469,Rockville Edison Park,,1,294990,37535,2,2
8992,6,31461,Rockville Edison Park,,1,294993,37535,2,2
8992,6,31470,Rockville Edison Park,,1,293423,37535,2,2
8992,6,31460,Rockville Edison Park,,1,295073,37535,2,2
8992,6,31472,Rockville Edison Park,,1,293432,37535,2,2
8992,6,31459,Rockville Edison Park,,1,295087,37535,2,2
8992,6,31473,Rockville Edison Park,,1,295073,37535,2,2
8992,6,31466,Rockville Edison Park,,1,294995,37535,2,2
8992,6,31467,Rockville Edison Park,,1,293399,37535,2,2
8992,6,31458,Rockville Edison Park,,1,293412,37535,2,2
8992,6,31457,Rockville Edison Park,,1,294982,37535,2,2
8992,6,31456,Rockville Edison Park,,1,293417,37535,2,2
8992,6,31455,Rockville Edison Park,,1,294984,37535,2,2
8992,6,31454,Rockville Edison Park,,1,294979,37535,2,2
8992,6,31474,Rockville Edison Park,,1,294834,37535,2,2
8992,6,31453,Rockville Edison Park,,1,294983,37535,2,2
8992,6,31475,Rockville Edison Park,,1,293414,37535,2,2
8992,6,31452,Rockville Edison Park,,1,293393,37535,2,2
8992,6,31451,Rockville Edison Park,,1,294979,37535,2,2
8992,6,31450,Rockville Edison Park,,1,294987,37535,2,2
8992,6,31449,Rockville Edison Park,,1,293392,37535,2,2
8992,6,31448,Rockville Edison Park,,1,294979,37535,2,2
8992,6,31447,Rockville Edison Park,,1,295086,37535,2,2
8993,6,31950,Lakeforest,,0,294994,37537,2,2
8993,6,31949,Lakeforest,,0,295064,37537,2,2
8993,6,31948,Lakeforest,,0,294653,37537,2,2
8993,6,31947,Lakeforest,,0,295064,37537,2,2
8993,6,31946,Lakeforest,,0,294990,37537,2,2
8993,6,31945,Lakeforest,,0,295099,37537,2,2
8993,6,31944,Lakeforest,,0,293432,37537,2,2
8993,6,31943,Lakeforest,,0,295073,37537,2,2
8993,6,31956,Lakeforest,,0,293432,37537,2,2
8993,6,31942,Lakeforest,,0,294980,37537,2,2
8993,6,31957,Lakeforest,,0,294990,37537,2,2
8993,6,31951,Lakeforest,,0,293395,37537,2,2
8993,6,31952,Lakeforest,,0,294990,37537,2,2
8993,6,31953,Lakeforest,,0,295064,37537,2,2
8993,6,31941,Lakeforest,,0,294990,37537,2,2
8993,6,31940,Lakeforest,,0,295098,37537,2,2
8993,6,31939,Lakeforest,,0,293417,37537,2,2
8993,6,31938,Lakeforest,,0,294657,37537,2,2
8993,6,31937,Lakeforest,,0,294997,37537,2,2
8993,6,31936,Lakeforest,,0,294657,37537,2,2
8993,6,31935,Lakeforest,,0,294997,37537,2,2
8993,6,31934,Lakeforest,,0,294998,37537,2,2
8993,6,31926,Lakeforest,,0,294992,37537,2,2
8993,6,31933,Lakeforest,,0,294998,37537,2,2
8993,6,31954,Lakeforest,,0,293415,37537,2,2
8993,6,31955,Lakeforest,,0,295098,37537,2,2
8993,6,31932,Lakeforest,,0,293415,37537,2,2
8993,6,31931,Lakeforest,,0,295098,37537,2,2
8993,6,31930,Lakeforest,,0,294658,37537,2,2
8993,6,31929,Lakeforest,,0,295098,37537,2,2
8993,6,31928,Lakeforest,,0,294658,37537,2,2
8993,6,31927,Lakeforest,,0,295098,37537,2,2
8993,6,31958,Lakeforest,,0,294658,37537,2,2
8993,6,31980,Shady Grove,,1,294994,37538,2,2
8993,6,31988,Shady Grove,,1,295064,37538,2,2
8993,6,31979,Shady Grove,,1,294653,37538,2,2
8993,6,31978,Shady Grove,,1,295064,37538,2,2
8993,6,31977,Shady Grove,,1,294990,37538,2,2
8993,6,31976,Shady Grove,,1,293432,37538,2,2
8993,6,31984,Shady Grove,,1,295073,37538,2,2
8993,6,31987,Shady Grove,,1,295099,37538,2,2
8993,6,31975,Shady Grove,,1,293432,37538,2,2
8993,6,31974,Shady Grove,,1,295072,37538,2,2
8993,6,31989,Shady Grove,,1,294990,37538,2,2
8993,6,31973,Shady Grove,,1,294980,37538,2,2
8993,6,31972,Shady Grove,,1,294990,37538,2,2
8993,6,31971,Shady Grove,,1,293404,37538,2,2
8993,6,31981,Shady Grove,,1,294990,37538,2,2
8993,6,31991,Shady Grove,,1,295064,37538,2,2
8993,6,31982,Shady Grove,,1,294990,37538,2,2
8993,6,31983,Shady Grove,,1,294988,37538,2,2
8993,6,31970,Shady Grove,,1,294997,37538,2,2
8993,6,31990,Shady Grove,,1,294657,37538,2,2
8993,6,31969,Shady Grove,,1,294997,37538,2,2
8993,6,31968,Shady Grove,,1,295086,37538,2,2
8993,6,31967,Shady Grove,,1,294992,37538,2,2
8993,6,31966,Shady Grove,,1,294998,37538,2,2
8993,6,31985,Shady Grove,,1,295098,37538,2,2
8993,6,31965,Shady Grove,,1,295068,37538,2,2
8993,6,31964,Shady Grove,,1,293415,37538,2,2
8993,6,31963,Shady Grove,,1,295098,37538,2,2
8993,6,31962,Shady Grove,,1,294658,37538,2,2
8993,6,31961,Shady Grove,,1,295098,37538,2,2
8993,6,31960,Shady Grove,,1,294658,37538,2,2
8993,6,31959,Shady Grove,,1,295098,37538,2,2
8993,6,31986,Shady Grove,,1,294658,37538,2,2
8994,6,32405,Lakeforest,,0,293433,37539,2,2
8994,6,32404,Lakeforest,,0,294990,37539,2,2
8994,6,32403,Lakeforest,,0,293432,37539,2,2
8994,6,32402,Lakeforest,,0,293424,37539,2,2
8994,6,32401,Lakeforest,,0,294994,37539,2,2
8994,6,32381,Lakeforest,,0,293398,37540,2,2
8994,6,32400,Lakeforest,,0,295125,37540,2,2
8994,6,32399,Lakeforest,,0,293404,37540,2,2
8994,6,32398,Lakeforest,,0,294653,37540,2,2
8994,6,32397,Lakeforest,,0,293404,37540,2,2
8994,6,32396,Lakeforest,,0,294649,37540,2,2
8994,6,32395,Lakeforest,,0,295125,37540,2,2
8994,6,32394,Lakeforest,,0,294861,37540,2,2
8994,6,32393,Lakeforest,,0,293375,37540,2,2
8994,6,32392,Lakeforest,,0,293413,37540,2,2
8994,6,32391,Lakeforest,,0,293436,37539,2,2
8994,6,32390,Lakeforest,,0,295086,37539,2,2
8994,6,32389,Lakeforest,,0,293381,37539,2,2
8994,6,32388,Lakeforest,,0,295098,37539,2,2
8994,6,32387,Lakeforest,,0,295068,37539,2,2
8994,6,32386,Lakeforest,,0,294756,37540,2,2
8994,6,32385,Lakeforest,,0,293387,37540,2,2
8994,6,32384,Lakeforest,,0,294658,37540,2,2
8994,6,32383,Lakeforest,,0,293388,37540,2,2
8994,6,32382,Lakeforest,,0,293383,37540,2,2
8994,6,32431,Shady Grove,,1,294652,37542,2,2
8994,6,32430,Shady Grove,,1,293406,37542,2,2
8994,6,32429,Shady Grove,,1,294986,37541,2,2
8994,6,32428,Shady Grove,,1,294653,37541,2,2
8994,6,32427,Shady Grove,,1,294994,37541,2,2
8994,6,32426,Shady Grove,,1,293422,37541,2,2
8994,6,32425,Shady Grove,,1,294994,37542,2,2
8994,6,32424,Shady Grove,,1,293398,37542,2,2
8994,6,32423,Shady Grove,,1,295125,37542,2,2
8994,6,32422,Shady Grove,,1,293404,37542,2,2
8994,6,32421,Shady Grove,,1,294653,37542,2,2
8994,6,32420,Shady Grove,,1,293395,37542,2,2
8994,6,32419,Shady Grove,,1,294649,37542,2,2
8994,6,32418,Shady Grove,,1,295125,37542,2,2
8994,6,32417,Shady Grove,,1,294861,37542,2,2
8994,6,32416,Shady Grove,,1,295098,37542,2,2
8994,6,32415,Shady Grove,,1,293413,37541,2,2
8994,6,32414,Shady Grove,,1,293412,37541,2,2
8994,6,32413,Shady Grove,,1,294657,37541,2,2
8994,6,32412,Shady Grove,,1,294985,37541,2,2
8994,6,32406,Shady Grove,,1,293388,37541,2,2
8994,6,32411,Shady Grove,,1,293378,37542,2,2
8994,6,32410,Shady Grove,,1,293389,37542,2,2
8994,6,32409,Shady Grove,,1,293387,37542,2,2
8994,6,32408,Shady Grove,,1,293415,37542,2,2
8994,6,32407,Shady Grove,,1,293388,37542,2,2
8995,6,32899,Montgomery Village,,0,294862,37543,2,2
8995,6,32898,Montgomery Village,,0,294841,37543,2,2
8995,6,32897,Montgomery Village,,0,294863,37543,2,2
8995,6,32896,Montgomery Village,,0,294840,37543,2,2
8995,6,32895,Montgomery Village,,0,293401,37543,2,2
8995,6,32894,Montgomery Village,,0,294839,37543,2,2
8995,6,32893,Montgomery Village,,0,294838,37543,2,2
8995,6,32892,Montgomery Village,,0,294862,37544,2,2
8995,6,32891,Montgomery Village,,0,295149,37544,2,2
8995,6,32880,Montgomery Village,,0,294840,37544,2,2
8995,6,32890,Montgomery Village,,0,294835,37544,2,2
8995,6,32879,Montgomery Village,,0,294839,37544,2,2
8995,6,32889,Montgomery Village,,0,294861,37544,2,2
8995,6,32900,Montgomery Village,,0,294863,37544,2,2
8995,6,32878,Montgomery Village,,0,294831,37544,2,2
8995,6,32901,Montgomery Village,,0,294838,37544,2,2
8995,6,32902,Montgomery Village,,0,293376,37544,2,2
8995,6,32903,Montgomery Village,,0,295150,37544,2,2
8995,6,32911,Montgomery Village,,0,294843,37543,2,2
8995,6,32912,Montgomery Village,,0,293385,37543,2,2
8995,6,32904,Montgomery Village,,0,294837,37543,2,2
8995,6,32913,Montgomery Village,,0,293394,37543,2,2
8995,6,32905,Montgomery Village,,0,294658,37543,2,2
8995,6,32906,Montgomery Village,,0,295150,37543,2,2
8995,6,32907,Montgomery Village,,0,294836,37543,2,2
8995,6,32908,Montgomery Village,,0,294842,37543,2,2
8995,6,32909,Montgomery Village,,0,294864,37543,2,2
8995,6,32910,Montgomery Village,,0,295150,37543,2,2
8995,6,32888,Montgomery Village,,0,294758,37544,2,2
8995,6,32887,Montgomery Village,,0,294836,37544,2,2
8995,6,32886,Montgomery Village,,0,294843,37544,2,2
8995,6,32885,Montgomery Village,,0,294837,37544,2,2
8995,6,32884,Montgomery Village,,0,294836,37544,2,2
8995,6,32883,Montgomery Village,,0,294843,37544,2,2
8995,6,32882,Montgomery Village,,0,294833,37544,2,2
8995,6,32881,Montgomery Village,,0,294654,37544,2,2
8995,6,32914,Montgomery Village,,0,294836,37544,2,2
8995,6,32943,Rockville,,1,294841,37545,2,2
8995,6,32942,Rockville,,1,294863,37545,2,2
8995,6,32941,Rockville,,1,294835,37545,2,2
8995,6,32918,Rockville,,1,294838,37545,2,2
8995,6,32940,Rockville,,1,294862,37545,2,2
8995,6,32939,Rockville,,1,294841,37545,2,2
8995,6,32938,Rockville,,1,293416,37545,2,2
8995,6,32937,Rockville,,1,294863,37545,2,2
8995,6,32936,Rockville,,1,294840,37545,2,2
8995,6,32935,Rockville,,1,295151,37545,2,2
8995,6,32934,Rockville,,1,294839,37545,2,2
8995,6,32933,Rockville,,1,294838,37545,2,2
8995,6,32932,Rockville,,1,294862,37545,2,2
8995,6,32931,Rockville,,1,295149,37545,2,2
8995,6,32916,Rockville,,1,294840,37545,2,2
8995,6,32930,Rockville,,1,294835,37545,2,2
8995,6,32929,Rockville,,1,294839,37545,2,2
8995,6,32928,Rockville,,1,293398,37545,2,2
8995,6,32927,Rockville,,1,294863,37545,2,2
8995,6,32926,Rockville,,1,294831,37545,2,2
8995,6,32915,Rockville,,1,294838,37545,2,2
8995,6,32925,Rockville,,1,294658,37545,2,2
8995,6,32944,Rockville,,1,295150,37545,2,2
8995,6,32945,Rockville,,1,294843,37545,2,2
8995,6,32946,Rockville,,1,294837,37545,2,2
8995,6,32950,Rockville,,1,293394,37545,2,2
8995,6,32917,Rockville,,1,295150,37545,2,2
8995,6,32947,Rockville,,1,294836,37545,2,2
8995,6,32948,Rockville,,1,294654,37545,2,2
8995,6,32949,Rockville,,1,294833,37545,2,2
8995,6,32924,Rockville,,1,294758,37545,2,2
8995,6,32923,Rockville,,1,294836,37545,2,2
8995,6,32922,Rockville,,1,294843,37545,2,2
8995,6,32921,Rockville,,1,294837,37545,2,2
8995,6,32920,Rockville,,1,294836,37545,2,2
8995,6,32919,Rockville,,1,294843,37545,2,2
8995,6,32951,Rockville,,1,294833,37545,2,2
8996,6,33170,Parkside via Grosvenor,,0,295189,37546,2,2
8996,6,33171,Parkside via Grosvenor,,0,295189,37546,2,2
8996,6,33172,Parkside via Grosvenor,,0,295189,37546,2,2
8996,6,33173,Parkside via Grosvenor,,0,295189,37546,2,2
8996,6,33174,Parkside via Grosvenor,,0,295189,37546,2,2
8996,6,33175,Parkside via Grosvenor,,0,295189,37546,2,2
8996,6,33176,Parkside via Grosvenor,,0,295188,37546,2,2
8996,6,33177,Parkside via Grosvenor,,0,295188,37546,2,2
8996,6,33169,Parkside via Grosvenor,,0,295188,37546,2,2
8996,6,33168,Parkside via Grosvenor,,0,295188,37546,2,2
8996,6,33167,Parkside via Grosvenor,,0,295187,37546,2,2
8996,6,33178,Parkside via Grosvenor,,0,295187,37546,2,2
8996,6,33179,Parkside via Grosvenor,,0,295187,37546,2,2
8996,6,33180,Parkside via Grosvenor,,0,295187,37546,2,2
8996,6,33181,Parkside via Grosvenor,,0,294614,37546,2,2
8996,6,33182,Parkside via Grosvenor,,0,294614,37546,2,2
8996,6,33166,Parkside via Grosvenor,,0,294614,37546,2,2
8996,6,33165,Parkside via Grosvenor,,0,294614,37546,2,2
8996,6,33183,Parkside via Grosvenor,,0,294614,37546,2,2
8996,6,33164,Parkside via Grosvenor,,0,294614,37546,2,2
8996,6,33198,Montgomery Mall via Grosvenor,,1,295189,37547,2,2
8996,6,33197,Montgomery Mall via Grosvenor,,1,295189,37547,2,2
8996,6,33196,Montgomery Mall via Grosvenor,,1,295189,37547,2,2
8996,6,33195,Montgomery Mall via Grosvenor,,1,295189,37547,2,2
8996,6,33194,Montgomery Mall via Grosvenor,,1,295189,37547,2,2
8996,6,33193,Montgomery Mall via Grosvenor,,1,295189,37547,2,2
8996,6,33192,Montgomery Mall via Grosvenor,,1,295189,37547,2,2
8996,6,33191,Montgomery Mall via Grosvenor,,1,295188,37547,2,2
8996,6,33188,Montgomery Mall via Grosvenor,,1,295188,37547,2,2
8996,6,33187,Montgomery Mall via Grosvenor,,1,295188,37547,2,2
8996,6,33186,Montgomery Mall via Grosvenor,,1,295188,37547,2,2
8996,6,33190,Montgomery Mall via Grosvenor,,1,295187,37547,2,2
8996,6,33185,Montgomery Mall via Grosvenor,,1,295187,37547,2,2
8996,6,33199,Montgomery Mall via Grosvenor,,1,295187,37547,2,2
8996,6,33200,Montgomery Mall via Grosvenor,,1,295187,37547,2,2
8996,6,33201,Montgomery Mall via Grosvenor,,1,294614,37547,2,2
8996,6,33202,Montgomery Mall via Grosvenor,,1,294614,37547,2,2
8996,6,33189,Montgomery Mall via Grosvenor,,1,294614,37547,2,2
8996,6,33203,Montgomery Mall via Grosvenor,,1,294614,37547,2,2
8996,6,33184,Montgomery Mall via Grosvenor,,1,294614,37547,2,2
8997,6,33272,Montgomery Village,,0,295200,37548,2,2
8997,6,33273,Montgomery Village,,0,295201,37548,2,2
8997,6,33274,Montgomery Village,,0,293412,37548,2,2
8997,6,33276,Montgomery Village,,0,293375,37548,2,2
8997,6,33275,Montgomery Village,,0,295202,37548,2,2
8997,6,33271,Montgomery Village,,0,295199,37548,2,2
8997,6,33270,Montgomery Village,,0,293394,37548,2,2
8997,6,33279,Shady Grove,,1,293434,37549,2,2
8997,6,33280,Shady Grove,,1,294650,37549,2,2
8997,6,33281,Shady Grove,,1,293404,37549,2,2
8997,6,33282,Shady Grove,,1,295099,37549,2,2
8997,6,33278,Shady Grove,,1,293425,37549,2,2
8997,6,33277,Shady Grove,,1,293406,37549,2,2
8998,6,33599,Germantown Trans Cntr via Watkins Mill Rd,,0,293423,37550,2,2
8998,6,33600,Germantown Trans Cntr via Watkins Mill Rd,,0,293400,37550,2,2
8998,6,33601,Germantown Trans Cntr via Watkins Mill Rd,,0,294652,37550,2,2
8998,6,33602,Germantown Trans Cntr via Watkins Mill Rd,,0,293405,37550,2,2
8998,6,33603,Germantown Trans Cntr via Watkins Mill Rd,,0,295066,37550,2,2
8998,6,33604,Germantown Trans Cntr via Watkins Mill Rd,,0,295074,37550,2,2
8998,6,33597,Germantown Trans Cntr via Watkins Mill Rd,,0,294986,37550,2,2
8998,6,33605,Germantown Trans Cntr via Watkins Mill Rd,,0,293434,37550,2,2
8998,6,33626,Germantown Trans Cntr via Watkins Mill Rd,,0,295220,37550,2,2
8998,6,33606,Germantown Trans Cntr via Watkins Mill Rd,,0,294650,37550,2,2
8998,6,33607,Germantown Trans Cntr via Watkins Mill Rd,,0,294981,37550,2,2
8998,6,33608,Germantown Trans Cntr via Watkins Mill Rd,,0,294994,37550,2,2
8998,6,33609,Germantown Trans Cntr via Watkins Mill Rd,,0,295070,37550,2,2
8998,6,33610,Germantown Trans Cntr via Watkins Mill Rd,,0,293380,37550,2,2
8998,6,33611,Germantown Trans Cntr via Watkins Mill Rd,,0,294994,37550,2,2
8998,6,33612,Germantown Trans Cntr via Watkins Mill Rd,,0,295069,37550,2,2
8998,6,33613,Germantown Trans Cntr via Watkins Mill Rd,,0,295218,37550,2,2
8998,6,33628,Germantown Trans Cntr via Watkins Mill Rd,,0,293430,37550,2,2
8998,6,33614,Germantown Trans Cntr via Watkins Mill Rd,,0,293392,37550,2,2
8998,6,33627,Germantown Trans Cntr via Watkins Mill Rd,,0,295071,37550,2,2
8998,6,33615,Germantown Trans Cntr via Watkins Mill Rd,,0,293430,37550,2,2
8998,6,33616,Germantown Trans Cntr via Watkins Mill Rd,,0,293415,37550,2,2
8998,6,33625,Germantown Trans Cntr via Watkins Mill Rd,,0,293384,37550,2,2
8998,6,33617,Germantown Trans Cntr via Watkins Mill Rd,,0,294655,37550,2,2
8998,6,33618,Germantown Trans Cntr via Watkins Mill Rd,,0,295219,37550,2,2
8998,6,33598,Germantown Trans Cntr via Watkins Mill Rd,,0,293421,37550,2,2
8998,6,33619,Germantown Trans Cntr via Watkins Mill Rd,,0,293431,37550,2,2
8998,6,33620,Germantown Trans Cntr via Watkins Mill Rd,,0,293412,37550,2,2
8998,6,33621,Germantown Trans Cntr via Watkins Mill Rd,,0,294648,37550,2,2
8998,6,33622,Germantown Trans Cntr via Watkins Mill Rd,,0,293421,37550,2,2
8998,6,33623,Germantown Trans Cntr via Watkins Mill Rd,,0,294998,37550,2,2
8998,6,33624,Germantown Trans Cntr via Watkins Mill Rd,,0,293388,37550,2,2
8998,6,33629,Shady Grove via Watkins Mill Rd,,1,293407,37552,2,2
8998,6,33630,Shady Grove via Watkins Mill Rd,,1,294650,37552,2,2
8998,6,33631,Shady Grove via Watkins Mill Rd,,1,295221,37552,2,2
8998,6,33632,Shady Grove via Watkins Mill Rd,,1,293408,37552,2,2
8998,6,33661,Shady Grove via Watkins Mill Rd,,1,293424,37552,2,2
8998,6,33633,Shady Grove via Watkins Mill Rd,,1,294652,37552,2,2
8998,6,33634,Shady Grove via Watkins Mill Rd,,1,295222,37552,2,2
8998,6,33635,Shady Grove via Watkins Mill Rd,,1,293434,37552,2,2
8998,6,33636,Shady Grove via Watkins Mill Rd,,1,293404,37552,2,2
8998,6,33637,Shady Grove via Watkins Mill Rd,,1,294986,37552,2,2
8998,6,33638,Shady Grove via Watkins Mill Rd,,1,293405,37552,2,2
8998,6,33639,Shady Grove via Watkins Mill Rd,,1,293396,37552,2,2
8998,6,33640,Shady Grove via Watkins Mill Rd,,1,294986,37552,2,2
8998,6,33641,Shady Grove via Watkins Mill Rd,,1,295125,37552,2,2
8998,6,33642,Shady Grove via Watkins Mill Rd,,1,294994,37552,2,2
8998,6,33643,Shady Grove via Watkins Mill Rd,,1,293396,37552,2,2
8998,6,33644,Shady Grove via Watkins Mill Rd,,1,293402,37552,2,2
8998,6,33645,Shady Grove via Watkins Mill Rd,,1,293423,37552,2,2
8998,6,33646,Shady Grove via Watkins Mill Rd,,1,294994,37552,2,2
8998,6,33647,Shady Grove via Watkins Mill Rd,,1,295071,37552,2,2
8998,6,33648,Shady Grove via Watkins Mill Rd,,1,294987,37552,2,2
8998,6,33660,Shady Grove via Watkins Mill Rd,,1,294648,37552,2,2
8998,6,33649,Shady Grove via Watkins Mill Rd,,1,293377,37552,2,2
8998,6,33650,Shady Grove via Watkins Mill Rd,,1,295068,37552,2,2
8998,6,33651,Shady Grove via Watkins Mill Rd,,1,295069,37552,2,2
8998,6,33652,Shady Grove via Watkins Mill Rd,,1,293390,37552,2,2
8998,6,33653,Shady Grove via Watkins Mill Rd,,1,294655,37552,2,2
8998,6,33654,Shady Grove via Watkins Mill Rd,,1,293379,37552,2,2
8998,6,33655,Shady Grove via Watkins Mill Rd,,1,294982,37552,2,2
8998,6,33656,Shady Grove via Watkins Mill Rd,,1,293379,37552,2,2
8998,6,33657,Shady Grove via Watkins Mill Rd,,1,294998,37552,2,2
8998,6,33658,Shady Grove via Watkins Mill Rd,,1,293386,37552,2,2
8998,6,33659,Shady Grove via Watkins Mill Rd,,1,293377,37552,2,2
8999,6,33865,SHADY GROVE,,0,293399,37553,2,2
8999,6,33866,SHADY GROVE,,0,295072,37553,2,2
8999,6,33864,SHADY GROVE,,0,295072,37553,2,2
8999,6,33867,SHADY GROVE,,0,295087,37553,2,2
8999,6,33863,SHADY GROVE,,0,295066,37553,2,2
8999,6,33855,SHADY GROVE,,0,293395,37553,2,2
8999,6,33862,SHADY GROVE,,0,295064,37553,2,2
8999,6,33861,SHADY GROVE,,0,293404,37553,2,2
8999,6,33860,SHADY GROVE,,0,295070,37553,2,2
8999,6,33859,SHADY GROVE,,0,295070,37553,2,2
8999,6,33858,SHADY GROVE,,0,294978,37553,2,2
8999,6,33857,SHADY GROVE,,0,294982,37553,2,2
8999,6,33868,SHADY GROVE,,0,293415,37553,2,2
8999,6,33856,SHADY GROVE,,0,293429,37553,2,2
8999,6,33879,ROCKVILLE,,1,293399,37555,2,2
8999,6,33880,ROCKVILLE,,1,295072,37555,2,2
8999,6,33878,ROCKVILLE,,1,295072,37555,2,2
8999,6,33881,ROCKVILLE,,1,295087,37555,2,2
8999,6,33877,ROCKVILLE,,1,295066,37555,2,2
8999,6,33869,ROCKVILLE,,1,294980,37555,2,2
8999,6,33876,ROCKVILLE,,1,293404,37555,2,2
8999,6,33875,ROCKVILLE,,1,293404,37555,2,2
8999,6,33874,ROCKVILLE,,1,295070,37555,2,2
8999,6,33873,ROCKVILLE,,1,295070,37555,2,2
8999,6,33872,ROCKVILLE,,1,294978,37555,2,2
8999,6,33871,ROCKVILLE,,1,294982,37555,2,2
8999,6,33882,ROCKVILLE,,1,293429,37555,2,2
8999,6,33870,ROCKVILLE,,1,293429,37555,2,2
9000,6,34177,Montgomery Village,,0,293398,37557,2,2
9000,6,34178,Montgomery Village,,0,293397,37557,2,2
9000,6,34179,Montgomery Village,,0,293416,37557,2,2
9000,6,34176,Montgomery Village,,0,293397,37557,2,2
9000,6,34180,Montgomery Village,,0,295151,37557,2,2
9000,6,34181,Montgomery Village,,0,295242,37557,2,2
9000,6,34182,Montgomery Village,,0,293397,37557,2,2
9000,6,34183,Montgomery Village,,0,294994,37557,2,2
9000,6,34184,Montgomery Village,,0,293408,37557,2,2
9000,6,34185,Montgomery Village,,0,293405,37557,2,2
9000,6,34186,Montgomery Village,,0,293398,37557,2,2
9000,6,34187,Montgomery Village,,0,293410,37557,2,2
9000,6,34188,Montgomery Village,,0,293391,37557,2,2
9000,6,34189,Montgomery Village,,0,293422,37557,2,2
9000,6,34190,Montgomery Village,,0,295243,37557,2,2
9000,6,34191,Montgomery Village,,0,294998,37557,2,2
9000,6,34192,Montgomery Village,,0,293428,37557,2,2
9000,6,34193,Montgomery Village,,0,294985,37557,2,2
9000,6,34194,Montgomery Village,,0,294833,37557,2,2
9000,6,34195,Montgomery Village,,0,294654,37557,2,2
9000,6,34196,Montgomery Village,,0,294833,37557,2,2
9000,6,34197,Montgomery Village,,0,293412,37557,2,2
9000,6,34198,Montgomery Village,,0,293377,37557,2,2
9000,6,34199,Montgomery Village,,0,293382,37557,2,2
9000,6,34200,Montgomery Village,,0,293377,37557,2,2
9000,6,34201,Montgomery Village,,0,293379,37557,2,2
9000,6,34202,Montgomery Village,,0,293412,37557,2,2
9000,6,34205,Shady Grove,,1,293416,37558,2,2
9000,6,34206,Shady Grove,,1,294990,37558,2,2
9000,6,34207,Shady Grove,,1,293398,37558,2,2
9000,6,34208,Shady Grove,,1,293397,37558,2,2
9000,6,34209,Shady Grove,,1,295244,37558,2,2
9000,6,34203,Shady Grove,,1,293397,37558,2,2
9000,6,34210,Shady Grove,,1,293401,37558,2,2
9000,6,34211,Shady Grove,,1,295242,37558,2,2
9000,6,34212,Shady Grove,,1,293397,37558,2,2
9000,6,34213,Shady Grove,,1,294994,37558,2,2
9000,6,34214,Shady Grove,,1,293408,37558,2,2
9000,6,34215,Shady Grove,,1,293405,37558,2,2
9000,6,34216,Shady Grove,,1,294861,37558,2,2
9000,6,34217,Shady Grove,,1,293410,37558,2,2
9000,6,34218,Shady Grove,,1,293391,37558,2,2
9000,6,34219,Shady Grove,,1,293376,37558,2,2
9000,6,34220,Shady Grove,,1,295243,37558,2,2
9000,6,34221,Shady Grove,,1,293381,37558,2,2
9000,6,34222,Shady Grove,,1,294833,37558,2,2
9000,6,34204,Shady Grove,,1,294658,37558,2,2
9000,6,34223,Shady Grove,,1,294833,37558,2,2
9000,6,34224,Shady Grove,,1,294842,37558,2,2
9000,6,34225,Shady Grove,,1,294864,37558,2,2
9000,6,34226,Shady Grove,,1,293412,37558,2,2
9000,6,34227,Shady Grove,,1,293377,37558,2,2
9000,6,34228,Shady Grove,,1,293382,37558,2,2
9000,6,34229,Shady Grove,,1,293377,37558,2,2
9001,6,34359,Montgomery Village,,0,293381,37559,2,2
9001,6,34358,Montgomery Village,,0,295243,37559,2,2
9001,6,34357,Montgomery Village,,0,293421,37559,2,2
9001,6,34356,Montgomery Village,,0,293421,37559,2,2
9001,6,34355,Montgomery Village,,0,293382,37559,2,2
9001,6,34354,Montgomery Village,,0,294842,37559,2,2
9001,6,34364,Shady Grove,,1,294652,37560,2,2
9001,6,34360,Shady Grove,,1,295221,37560,2,2
9001,6,34361,Shady Grove,,1,293408,37560,2,2
9001,6,34362,Shady Grove,,1,294981,37560,2,2
9001,6,34363,Shady Grove,,1,293426,37560,2,2
9002,6,34408,Shady Grove,,0,295202,37562,2,2
9002,6,34407,Shady Grove,,0,295252,37562,2,2
9002,6,34406,Shady Grove,,0,295202,37562,2,2
9002,6,34405,Shady Grove,,0,295252,37562,2,2
9002,6,34404,Shady Grove,,0,295202,37562,2,2
9002,6,34409,Shady Grove,,0,295252,37562,2,2
9002,6,34410,Shady Grove,,0,295086,37562,2,2
9002,6,34417,Traville via Shady Grove Hosp,,1,295253,37564,2,2
9002,6,34411,Traville via Shady Grove Hosp,,1,294980,37564,2,2
9002,6,34412,Traville via Shady Grove Hosp,,1,295253,37564,2,2
9002,6,34413,Traville via Shady Grove Hosp,,1,294980,37564,2,2
9002,6,34414,Traville via Shady Grove Hosp,,1,295253,37564,2,2
9002,6,34415,Traville via Shady Grove Hosp,,1,294980,37564,2,2
9002,6,34416,Traville via Shady Grove Hosp,,1,295253,37564,2,2
9003,6,34468,Shady Grove,,0,294980,37565,2,2
9003,6,34462,Shady Grove,,0,295253,37565,2,2
9003,6,34463,Shady Grove,,0,294980,37565,2,2
9003,6,34464,Shady Grove,,0,295253,37565,2,2
9003,6,34465,Shady Grove,,0,294980,37565,2,2
9003,6,34466,Shady Grove,,0,295253,37565,2,2
9003,6,34467,Shady Grove,,0,294980,37565,2,2
9003,6,34469,Shady Grove,,0,295253,37565,2,2
9003,6,34470,Traville,,1,295202,37566,2,2
9003,6,34471,Traville,,1,295252,37566,2,2
9003,6,34472,Traville,,1,295202,37566,2,2
9003,6,34473,Traville,,1,295252,37566,2,2
9003,6,34474,Traville,,1,295086,37566,2,2
9003,6,34475,Traville,,1,295252,37566,2,2
9003,6,34476,Traville,,1,295086,37566,2,2
9004,6,34517,Wheaton,,0,295260,37567,2,2
9004,6,34521,Wheaton,,0,295260,37567,2,2
9004,6,34520,Wheaton,,0,295260,37567,2,2
9004,6,34519,Wheaton,,0,295260,37567,2,2
9004,6,34518,Wheaton,,0,295260,37567,2,2
9004,6,34516,Wheaton,,0,295260,37567,2,2
9004,6,34524,Forest Glen,,1,295261,37568,2,2
9004,6,34527,Forest Glen,,1,295261,37568,2,2
9004,6,34526,Forest Glen,,1,295261,37568,2,2
9004,6,34525,Forest Glen,,1,295261,37568,2,2
9004,6,34523,Forest Glen,,1,295261,37568,2,2
9004,6,34522,Forest Glen,,1,295261,37568,2,2
9005,6,34616,Germantown Milestone,,0,295282,37569,2,2
9005,6,34622,Germantown Milestone,,0,295283,37569,2,2
9005,6,34617,Germantown Milestone,,0,295282,37569,2,2
9005,6,34618,Germantown Milestone,,0,295283,37569,2,2
9005,6,34619,Germantown Milestone,,0,295284,37569,2,2
9005,6,34623,Germantown Milestone,,0,295282,37569,2,2
9005,6,34625,Germantown Milestone via Medical Center,,0,295287,37570,2,2
9005,6,34631,Germantown Milestone via Medical Center,,0,295288,37570,2,2
9005,6,34620,Germantown Milestone via Medical Center,,0,295285,37570,2,2
9005,6,34630,Germantown Milestone via Medical Center,,0,295286,37570,2,2
9005,6,34629,Germantown Milestone via Medical Center,,0,295288,37570,2,2
9005,6,34624,Germantown Milestone via Medical Center,,0,295285,37570,2,2
9005,6,34628,Germantown Milestone via Medical Center,,0,295286,37570,2,2
9005,6,34627,Germantown Milestone via Medical Center,,0,295288,37570,2,2
9005,6,34626,Germantown Milestone via Medical Center,,0,295285,37570,2,2
9005,6,34621,Germantown Milestone via Medical Center,,0,295286,37570,2,2
9005,6,34634,Bethesda via Medical Center,,1,295282,37572,2,2
9005,6,34635,Bethesda via Medical Center,,1,295283,37572,2,2
9005,6,34643,Bethesda via Medical Center,,1,295282,37572,2,2
9005,6,34645,Bethesda via Medical Center,,1,295283,37572,2,2
9005,6,34636,Bethesda via Medical Center,,1,295284,37572,2,2
9005,6,34646,Bethesda via Medical Center,,1,295282,37572,2,2
9005,6,34633,Bethesda via Medical Center,,1,295283,37572,2,2
9005,6,34632,Bethesda via Medical Center,,1,295284,37572,2,2
9005,6,34637,Bethesda via Medical Center,,1,295282,37572,2,2
9005,6,34638,Bethesda,,1,295287,37571,2,2
9005,6,34639,Bethesda,,1,295288,37571,2,2
9005,6,34644,Bethesda,,1,295285,37571,2,2
9005,6,34640,Bethesda,,1,295286,37571,2,2
9005,6,34641,Bethesda,,1,295288,37571,2,2
9005,6,34642,Bethesda,,1,295285,37571,2,2
9005,6,34647,Bethesda,,1,295286,37571,2,2
9006,6,34708,Kingsview,,0,293433,37573,2,2
9006,6,34707,Kingsview,,0,293429,37573,2,2
9006,6,34712,Kingsview,,0,295199,37573,2,2
9006,6,34706,Kingsview,,0,295071,37573,2,2
9006,6,34711,Kingsview,,0,293417,37573,2,2
9006,6,34710,Kingsview,,0,294996,37573,2,2
9006,6,34709,Kingsview,,0,295296,37573,2,2
9006,6,34718,Shady Grove,,1,295066,37574,2,2
9006,6,34714,Shady Grove,,1,295074,37574,2,2
9006,6,34717,Shady Grove,,1,294651,37574,2,2
9006,6,34713,Shady Grove,,1,294986,37574,2,2
9006,6,34716,Shady Grove,,1,295125,37574,2,2
9006,6,34715,Shady Grove,,1,295220,37574,2,2
9007,6,34811,Clarksburg via Gateway,,0,293400,37575,2,2
9007,6,34810,Clarksburg via Gateway,,0,293404,37575,2,2
9007,6,34809,Clarksburg via Gateway,,0,293418,37575,2,2
9007,6,34796,Clarksburg via Gateway,,0,295074,37575,2,2
9007,6,34797,Clarksburg via Gateway,,0,295242,37575,2,2
9007,6,34798,Clarksburg via Gateway,,0,293402,37575,2,2
9007,6,34799,Clarksburg via Gateway,,0,295222,37575,2,2
9007,6,34800,Clarksburg via Gateway,,0,293407,37575,2,2
9007,6,34801,Cabin Branch via W Old Baltimore,,0,293402,37576,2,2
9007,6,34802,Cabin Branch via W Old Baltimore,,0,295201,37576,2,2
9007,6,34803,Cabin Branch via W Old Baltimore,,0,295219,37576,2,2
9007,6,34804,Cabin Branch via W Old Baltimore,,0,293413,37576,2,2
9007,6,34805,Cabin Branch via W Old Baltimore,,0,294648,37576,2,2
9007,6,34806,Cabin Branch via W Old Baltimore,,0,295200,37576,2,2
9007,6,34807,Cabin Branch via W Old Baltimore,,0,293431,37576,2,2
9007,6,34808,Cabin Branch via W Old Baltimore,,0,294657,37576,2,2
9007,6,34827,Shady Grove via W Old Baltimore,,1,293400,37578,2,2
9007,6,34826,Shady Grove via W Old Baltimore,,1,293404,37578,2,2
9007,6,34825,Shady Grove via W Old Baltimore,,1,293418,37578,2,2
9007,6,34824,Shady Grove via W Old Baltimore,,1,295074,37578,2,2
9007,6,34823,Shady Grove via W Old Baltimore,,1,295242,37578,2,2
9007,6,34822,Shady Grove via W Old Baltimore,,1,293402,37578,2,2
9007,6,34821,Shady Grove via W Old Baltimore,,1,295222,37578,2,2
9007,6,34820,Shady Grove via W Old Baltimore,,1,293407,37578,2,2
9007,6,34819,Shady Grove via Gateway,,1,295200,37577,2,2
9007,6,34818,Shady Grove via Gateway,,1,295201,37577,2,2
9007,6,34817,Shady Grove via Gateway,,1,295219,37577,2,2
9007,6,34816,Shady Grove via Gateway,,1,293413,37577,2,2
9007,6,34815,Shady Grove via Gateway,,1,294648,37577,2,2
9007,6,34814,Shady Grove via Gateway,,1,295200,37577,2,2
9007,6,34813,Shady Grove via Gateway,,1,293431,37577,2,2
9007,6,34812,Shady Grove via Gateway,,1,294657,37577,2,2
9008,6,35026,Germantown Trans Cntr,,0,293425,37579,2,2
9008,6,35024,Germantown Trans Cntr,,0,293423,37579,2,2
9008,6,35027,Germantown Trans Cntr,,0,293418,37579,2,2
9008,6,35028,Germantown Trans Cntr,,0,293420,37579,2,2
9008,6,35029,Germantown Trans Cntr,,0,295065,37579,2,2
9008,6,35030,Germantown Trans Cntr,,0,293408,37579,2,2
9008,6,35031,Germantown Trans Cntr,,0,293426,37579,2,2
9008,6,35032,Germantown Trans Cntr,,0,294986,37579,2,2
9008,6,35033,Germantown Trans Cntr,,0,295125,37579,2,2
9008,6,35034,Germantown Trans Cntr,,0,293435,37579,2,2
9008,6,35035,Germantown Trans Cntr,,0,294986,37579,2,2
9008,6,35025,Germantown Trans Cntr,,0,293405,37579,2,2
9008,6,35036,Germantown Trans Cntr,,0,294992,37579,2,2
9008,6,35037,Germantown Trans Cntr,,0,293429,37579,2,2
9008,6,35038,Germantown Trans Cntr,,0,293415,37579,2,2
9008,6,35023,Germantown Trans Cntr,,0,295098,37579,2,2
9008,6,35022,Germantown Trans Cntr,,0,294987,37579,2,2
9008,6,35039,Germantown Trans Cntr,,0,293431,37579,2,2
9008,6,35040,Germantown Trans Cntr,,0,293430,37579,2,2
9008,6,35046,Germantown Trans Cntr,,0,294985,37579,2,2
9008,6,35047,Germantown Trans Cntr,,0,293390,37579,2,2
9008,6,35041,Germantown Trans Cntr,,0,293388,37579,2,2
9008,6,35042,Germantown Trans Cntr,,0,293386,37579,2,2
9008,6,35043,Germantown Trans Cntr,,0,294982,37579,2,2
9008,6,35044,Germantown Trans Cntr,,0,293387,37579,2,2
9008,6,35045,Germantown Trans Cntr,,0,293388,37579,2,2
9008,6,35053,Shady Grove,,1,293398,37580,2,2
9008,6,35054,Shady Grove,,1,293407,37580,2,2
9008,6,35055,Shady Grove,,1,293416,37580,2,2
9008,6,35056,Shady Grove,,1,294761,37580,2,2
9008,6,35073,Shady Grove,,1,295221,37580,2,2
9008,6,35074,Shady Grove,,1,293409,37580,2,2
9008,6,35057,Shady Grove,,1,293400,37580,2,2
9008,6,35050,Shady Grove,,1,294649,37580,2,2
9008,6,35058,Shady Grove,,1,293401,37580,2,2
9008,6,35059,Shady Grove,,1,295220,37580,2,2
9008,6,35060,Shady Grove,,1,293397,37580,2,2
9008,6,35052,Shady Grove,,1,295065,37580,2,2
9008,6,35051,Shady Grove,,1,295066,37580,2,2
9008,6,35061,Shady Grove,,1,294986,37580,2,2
9008,6,35062,Shady Grove,,1,293405,37580,2,2
9008,6,35063,Shady Grove,,1,294998,37580,2,2
9008,6,35064,Shady Grove,,1,295218,37580,2,2
9008,6,35065,Shady Grove,,1,293415,37580,2,2
9008,6,35066,Shady Grove,,1,295098,37580,2,2
9008,6,35067,Shady Grove,,1,293382,37580,2,2
9008,6,35049,Shady Grove,,1,293412,37580,2,2
9008,6,35068,Shady Grove,,1,293375,37580,2,2
9008,6,35069,Shady Grove,,1,295219,37580,2,2
9008,6,35070,Shady Grove,,1,293388,37580,2,2
9008,6,35071,Shady Grove,,1,293391,37580,2,2
9008,6,35072,Shady Grove,,1,293412,37580,2,2
9008,6,35048,Shady Grove,,1,294997,37580,2,2
9009,6,35437,Clarksburg M. C. C. F.,,0,294988,37583,2,2
9009,6,35436,Clarksburg M. C. C. F.,,0,293434,37583,2,2
9009,6,35438,Clarksburg M. C. C. F.,,0,293400,37583,2,2
9009,6,35439,Clarksburg M. C. C. F.,,0,293418,37583,2,2
9009,6,35440,Clarksburg M. C. C. F.,,0,293405,37583,2,2
9009,6,35441,Clarksburg M. C. C. F.,,0,294884,37583,2,2
9009,6,35442,Clarksburg M. C. C. F.,,0,295343,37583,2,2
9009,6,35443,Clarksburg M. C. C. F.,,0,295344,37583,2,2
9009,6,35444,Clarksburg M. C. C. F.,,0,295343,37583,2,2
9009,6,35445,Clarksburg M. C. C. F.,,0,295344,37583,2,2
9009,6,35446,Clarksburg M. C. C. F.,,0,295345,37583,2,2
9009,6,35447,Clarksburg M. C. C. F.,,0,295346,37583,2,2
9009,6,35448,Clarksburg M. C. C. F.,,0,295345,37583,2,2
9009,6,35449,Clarksburg M. C. C. F.,,0,293393,37583,2,2
9009,6,35450,Clarksburg M. C. C. F.,,0,293377,37583,2,2
9009,6,35451,Clarksburg M. C. C. F.,,0,293389,37583,2,2
9009,6,35452,Clarksburg M. C. C. F.,,0,295067,37583,2,2
9009,6,35435,Clarksburg M. C. C. F.,,0,293383,37583,2,2
9009,6,35434,Clarksburg M. C. C. F.,,0,293377,37583,2,2
9009,6,35433,Clarksburg M. C. C. F.,,0,293391,37583,2,2
9009,6,35432,Clarksburg M. C. C. F.,,0,293380,37583,2,2
9009,6,35431,Clarksburg M. C. C. F.,,0,293391,37583,2,2
9009,6,35453,Clarksburg M. C. C. F.,,0,293417,37583,2,2
9009,6,35454,Clarksburg M. C. C. F.,,0,293386,37583,2,2
9009,6,35455,Clarksburg M. C. C. F.,,0,294982,37583,2,2
9009,6,35456,Clarksburg M. C. C. F.,,0,293387,37583,2,2
9009,6,35464,Germantown Trans Cntr,,1,295073,37587,2,2
9009,6,35462,Germantown Trans Cntr,,1,294761,37587,2,2
9009,6,35463,Germantown Trans Cntr,,1,294988,37587,2,2
9009,6,35465,Germantown Trans Cntr,,1,293434,37587,2,2
9009,6,35466,Germantown Trans Cntr,,1,293400,37587,2,2
9009,6,35467,Germantown Trans Cntr,,1,293418,37587,2,2
9009,6,35468,Germantown Trans Cntr,,1,293405,37587,2,2
9009,6,35469,Germantown Trans Cntr,,1,294884,37587,2,2
9009,6,35470,Germantown Trans Cntr,,1,295343,37587,2,2
9009,6,35471,Germantown Trans Cntr,,1,295344,37587,2,2
9009,6,35472,Germantown Trans Cntr,,1,295343,37587,2,2
9009,6,35473,Germantown Trans Cntr,,1,295344,37587,2,2
9009,6,35474,Germantown Trans Cntr,,1,295345,37587,2,2
9009,6,35475,Germantown Trans Cntr,,1,295346,37587,2,2
9009,6,35476,Germantown Trans Cntr,,1,295345,37587,2,2
9009,6,35477,Germantown Trans Cntr,,1,293393,37587,2,2
9009,6,35478,Germantown Trans Cntr,,1,293377,37587,2,2
9009,6,35479,Germantown Trans Cntr,,1,293389,37587,2,2
9009,6,35480,Germantown Trans Cntr,,1,295067,37587,2,2
9009,6,35461,Germantown Trans Cntr,,1,293383,37587,2,2
9009,6,35460,Germantown Trans Cntr,,1,293377,37587,2,2
9009,6,35459,Germantown Trans Cntr,,1,293391,37587,2,2
9009,6,35458,Germantown Trans Cntr,,1,293380,37587,2,2
9009,6,35457,Germantown Trans Cntr,,1,293391,37587,2,2
9009,6,35481,Germantown Trans Cntr,,1,293417,37587,2,2
9009,6,35482,Germantown Trans Cntr,,1,293386,37587,2,2
9009,6,35484,Germantown Trans Cntr,,1,294982,37587,2,2
9009,6,35483,Germantown Trans Cntr,,1,293387,37587,2,2
9010,6,35716,Poolesville,,0,295066,37592,2,2
9010,6,35717,Poolesville,,0,294650,37592,2,2
9010,6,35715,Poolesville,,0,294651,37592,2,2
9010,6,35708,Poolesville,,0,294652,37592,2,2
9010,6,35718,Darnestown & Quince Orchard Rd,,0,293425,37589,2,2
9010,6,35714,Darnestown & Quince Orchard Rd,,0,293422,37589,2,2
9010,6,35719,Darnestown & Quince Orchard Rd,,0,293398,37589,2,2
9010,6,35713,Darnestown & Quince Orchard Rd,,0,293434,37589,2,2
9010,6,35712,Darnestown & Quince Orchard Rd,,0,293410,37589,2,2
9010,6,35711,Darnestown & Quince Orchard Rd,,0,293420,37589,2,2
9010,6,35710,Darnestown & Quince Orchard Rd,,0,293432,37589,2,2
9010,6,35709,Darnestown & Quince Orchard Rd,,0,293433,37589,2,2
9010,6,35720,Poolesville,,0,293411,37592,2,2
9010,6,35702,Poolesville,,0,293376,37592,2,2
9010,6,35707,Poolesville,,0,295360,37592,2,2
9010,6,35706,Poolesville,,0,295219,37592,2,2
9010,6,35721,Poolesville,,0,295296,37592,2,2
9010,6,35705,Poolesville,,0,294656,37592,2,2
9010,6,35704,Poolesville,,0,293436,37592,2,2
9010,6,35703,Poolesville,,0,295359,37592,2,2
9010,6,35737,Shady Grove,,1,294981,37596,2,2
9010,6,35736,Shady Grove,,1,295125,37596,2,2
9010,6,35735,Shady Grove,,1,295066,37596,2,2
9010,6,35734,Shady Grove,,1,294650,37596,2,2
9010,6,35738,Shady Grove,,1,294651,37596,2,2
9010,6,35733,Shady Grove,,1,294652,37596,2,2
9010,6,35732,Shady Grove,,1,293422,37593,2,2
9010,6,35731,Shady Grove,,1,293398,37593,2,2
9010,6,35730,Shady Grove,,1,293434,37593,2,2
9010,6,35739,Shady Grove,,1,293410,37593,2,2
9010,6,35740,Shady Grove,,1,293420,37593,2,2
9010,6,35729,Shady Grove,,1,293432,37593,2,2
9010,6,35728,Shady Grove,,1,293433,37593,2,2
9010,6,35727,Shady Grove,,1,295219,37596,2,2
9010,6,35726,Shady Grove,,1,293411,37596,2,2
9010,6,35725,Shady Grove,,1,293376,37596,2,2
9010,6,35724,Shady Grove,,1,295360,37596,2,2
9010,6,35723,Shady Grove,,1,295219,37596,2,2
9010,6,35741,Shady Grove,,1,295296,37596,2,2
9010,6,35722,Shady Grove,,1,294656,37596,2,2
9011,6,35945,Kingsview,,0,294981,37597,2,2
9011,6,35944,Kingsview,,0,295125,37597,2,2
9011,6,35943,Kingsview,,0,293407,37597,2,2
9011,6,35942,Kingsview,,0,295221,37597,2,2
9011,6,35941,Kingsview,,0,293399,37597,2,2
9011,6,35940,Kingsview,,0,294653,37597,2,2
9011,6,35939,Kingsview,,0,293407,37597,2,2
9011,6,35938,Kingsview,,0,293420,37597,2,2
9011,6,35937,Kingsview,,0,293434,37597,2,2
9011,6,35936,Kingsview,,0,293422,37597,2,2
9011,6,35935,Kingsview,,0,295243,37597,2,2
9011,6,35934,Kingsview,,0,293410,37597,2,2
9011,6,35933,Kingsview,,0,295086,37597,2,2
9011,6,35932,Kingsview,,0,293421,37597,2,2
9011,6,35931,Kingsview,,0,294998,37597,2,2
9011,6,35930,Kingsview,,0,294996,37597,2,2
9011,6,35929,Kingsview,,0,295360,37597,2,2
9011,6,35928,Kingsview,,0,295200,37597,2,2
9011,6,35964,Shady Grove,,1,294838,37599,2,2
9011,6,35963,Shady Grove,,1,293402,37599,2,2
9011,6,35962,Shady Grove,,1,294981,37599,2,2
9011,6,35961,Shady Grove,,1,295125,37599,2,2
9011,6,35960,Shady Grove,,1,293407,37599,2,2
9011,6,35959,Shady Grove,,1,295221,37599,2,2
9011,6,35958,Shady Grove,,1,293399,37599,2,2
9011,6,35957,Shady Grove,,1,294653,37599,2,2
9011,6,35956,Shady Grove,,1,293407,37599,2,2
9011,6,35955,Shady Grove,,1,293420,37599,2,2
9011,6,35954,Shady Grove,,1,293434,37599,2,2
9011,6,35953,Shady Grove,,1,293422,37599,2,2
9011,6,35952,Shady Grove,,1,295243,37599,2,2
9011,6,35951,Shady Grove,,1,293410,37599,2,2
9011,6,35950,Shady Grove,,1,295086,37599,2,2
9011,6,35949,Shady Grove,,1,293429,37599,2,2
9011,6,35948,Shady Grove,,1,295199,37599,2,2
9011,6,35947,Shady Grove,,1,294996,37599,2,2
9011,6,35946,Shady Grove,,1,293417,37599,2,2
9012,6,36067,Clarksburg,,0,293428,37601,2,2
9012,6,36068,Clarksburg,,0,294656,37601,2,2
9012,6,36072,Clarksburg,,0,295200,37601,2,2
9012,6,36071,Clarksburg,,0,295243,37601,2,2
9012,6,36066,Clarksburg,,0,293429,37601,2,2
9012,6,36070,Clarksburg,,0,295069,37601,2,2
9012,6,36069,Clarksburg,,0,295202,37601,2,2
9012,6,36079,Shady Grove,,1,293408,37602,2,2
9012,6,36078,Shady Grove,,1,293410,37602,2,2
9012,6,36077,Shady Grove,,1,293403,37602,2,2
9012,6,36076,Shady Grove,,1,295370,37602,2,2
9012,6,36074,Shady Grove,,1,293435,37602,2,2
9012,6,36073,Shady Grove,,1,295370,37602,2,2
9012,6,36075,Shady Grove,,1,295371,37602,2,2
9013,6,36311,Wheaton,,0,294514,37603,2,2
9013,6,36310,Wheaton,,0,294092,37603,2,2
9013,6,36309,Wheaton,,0,293818,37603,2,2
9013,6,36308,Wheaton,,0,294015,37603,2,2
9013,6,36307,Wheaton,,0,294514,37603,2,2
9013,6,36294,Wheaton,,0,293818,37603,2,2
9013,6,36306,Wheaton,,0,294017,37603,2,2
9013,6,36293,Wheaton,,0,294018,37603,2,2
9013,6,36292,Wheaton,,0,294020,37603,2,2
9013,6,36305,Wheaton,,0,294024,37603,2,2
9013,6,36304,Wheaton,,0,294021,37603,2,2
9013,6,36303,Wheaton,,0,293985,37603,2,2
9013,6,36302,Wheaton,,0,294022,37603,2,2
9013,6,36301,Wheaton,,0,294091,37603,2,2
9013,6,36300,Wheaton,,0,294026,37603,2,2
9013,6,36291,Wheaton,,0,294027,37603,2,2
9013,6,36290,Wheaton,,0,293719,37603,2,2
9013,6,36299,Wheaton,,0,294023,37603,2,2
9013,6,36298,Wheaton,,0,294026,37603,2,2
9013,6,36297,Wheaton,,0,294027,37603,2,2
9013,6,36296,Wheaton,,0,294024,37603,2,2
9013,6,36295,Wheaton,,0,293719,37603,2,2
9013,6,36330,Silver Spring,,1,294092,37605,2,2
9013,6,36329,Silver Spring,,1,293818,37605,2,2
9013,6,36331,Silver Spring,,1,294092,37605,2,2
9013,6,36332,Silver Spring,,1,293818,37605,2,2
9013,6,36315,Silver Spring,,1,294015,37605,2,2
9013,6,36328,Silver Spring,,1,294514,37605,2,2
9013,6,36327,Silver Spring,,1,293818,37605,2,2
9013,6,36326,Silver Spring,,1,294017,37605,2,2
9013,6,36325,Silver Spring,,1,294018,37605,2,2
9013,6,36324,Silver Spring,,1,294020,37605,2,2
9013,6,36323,Silver Spring,,1,294024,37605,2,2
9013,6,36322,Silver Spring,,1,294021,37605,2,2
9013,6,36314,Silver Spring,,1,293985,37605,2,2
9013,6,36313,Silver Spring,,1,294022,37605,2,2
9013,6,36321,Silver Spring,,1,294091,37605,2,2
9013,6,36320,Silver Spring,,1,294026,37605,2,2
9013,6,36319,Silver Spring,,1,294027,37605,2,2
9013,6,36318,Silver Spring,,1,293719,37605,2,2
9013,6,36312,Silver Spring,,1,294023,37605,2,2
9013,6,36333,Silver Spring,,1,294026,37605,2,2
9013,6,36317,Silver Spring,,1,294027,37605,2,2
9013,6,36316,Silver Spring,,1,294024,37605,2,2
9014,6,36473,Rockville Tower,,0,294678,37607,2,2
9014,6,36472,Rockville Tower,,0,294497,37607,2,2
9014,6,36471,Rockville Tower,,0,294498,37607,2,2
9014,6,36470,Rockville Tower,,0,294497,37607,2,2
9014,6,36469,Rockville Tower,,0,294497,37607,2,2
9014,6,36468,Rockville Tower,,0,294494,37607,2,2
9014,6,36467,Rockville Tower,,0,294494,37607,2,2
9014,6,36466,Rockville Tower,,0,294615,37607,2,2
9014,6,36465,Rockville Tower,,0,294615,37607,2,2
9014,6,36464,Rockville Tower,,0,294615,37607,2,2
9014,6,36483,North Bethesda,,1,294497,37608,2,2
9014,6,36482,North Bethesda,,1,294497,37608,2,2
9014,6,36481,North Bethesda,,1,294498,37608,2,2
9014,6,36480,North Bethesda,,1,294497,37608,2,2
9014,6,36479,North Bethesda,,1,294494,37608,2,2
9014,6,36478,North Bethesda,,1,294494,37608,2,2
9014,6,36477,North Bethesda,,1,294494,37608,2,2
9014,6,36476,North Bethesda,,1,294615,37608,2,2
9014,6,36475,North Bethesda,,1,294615,37608,2,2
9014,6,36474,North Bethesda,,1,294615,37608,2,2
9015,6,36722,Holy Cross Germ,,0,295409,37610,2,2
9015,6,36730,Holy Cross Germ,,0,295343,37610,2,2
9015,6,36716,Holy Cross Germ,,0,295409,37610,2,2
9015,6,36717,Holy Cross Germ,,0,295343,37610,2,2
9015,6,36718,Holy Cross Germ,,0,295409,37610,2,2
9015,6,36719,Holy Cross Germ,,0,295343,37610,2,2
9015,6,36728,Holy Cross Germ,,0,295411,37610,2,2
9015,6,36715,Holy Cross Germ,,0,295410,37610,2,2
9015,6,36720,Holy Cross Germ,,0,295411,37610,2,2
9015,6,36721,Holy Cross Germ,,0,295409,37610,2,2
9015,6,36714,Holy Cross Germ,,0,295345,37610,2,2
9015,6,36713,Holy Cross Germ,,0,295409,37610,2,2
9015,6,36712,Holy Cross Germ,,0,295408,37610,2,2
9015,6,36725,Holy Cross Germ,,0,295412,37610,2,2
9015,6,36731,Holy Cross Germ,,0,295408,37610,2,2
9015,6,36726,Holy Cross Germ,,0,295412,37610,2,2
9015,6,36711,Holy Cross Germ,,0,295408,37610,2,2
9015,6,36729,Holy Cross Germ,,0,295413,37610,2,2
9015,6,36710,Holy Cross Germ,,0,295405,37610,2,2
9015,6,36732,Holy Cross Germ,,0,295407,37610,2,2
9015,6,36709,Holy Cross Germ,,0,295405,37610,2,2
9015,6,36708,Holy Cross Germ,,0,295407,37610,2,2
9015,6,36707,Holy Cross Germ,,0,295406,37610,2,2
9015,6,36706,Holy Cross Germ,,0,295405,37610,2,2
9015,6,36705,Holy Cross Germ,,0,295406,37610,2,2
9015,6,36723,Holy Cross Germ,,0,295405,37610,2,2
9015,6,36724,Holy Cross Germ,,0,295406,37610,2,2
9015,6,36727,Holy Cross Germ,,0,295413,37610,2,2
9015,6,36704,Holy Cross Germ,,0,295405,37610,2,2
9015,6,36743,Germantown Trans Cntr,,1,295343,37614,2,2
9015,6,36747,Germantown Trans Cntr,,1,295409,37614,2,2
9015,6,36742,Germantown Trans Cntr,,1,295343,37614,2,2
9015,6,36744,Germantown Trans Cntr,,1,295409,37614,2,2
9015,6,36753,Germantown Trans Cntr,,1,295343,37614,2,2
9015,6,36741,Germantown Trans Cntr,,1,295409,37614,2,2
9015,6,36745,Germantown Trans Cntr,,1,295343,37614,2,2
9015,6,36740,Germantown Trans Cntr,,1,295411,37614,2,2
9015,6,36748,Germantown Trans Cntr,,1,295410,37614,2,2
9015,6,36746,Germantown Trans Cntr,,1,295411,37614,2,2
9015,6,36749,Germantown Trans Cntr,,1,295409,37614,2,2
9015,6,36739,Germantown Trans Cntr,,1,295345,37614,2,2
9015,6,36751,Germantown Trans Cntr,,1,295409,37614,2,2
9015,6,36752,Germantown Trans Cntr,,1,295408,37614,2,2
9015,6,36754,Germantown Trans Cntr,,1,295412,37614,2,2
9015,6,36759,Germantown Trans Cntr,,1,295408,37614,2,2
9015,6,36760,Germantown Trans Cntr,,1,295412,37614,2,2
9015,6,36761,Germantown Trans Cntr,,1,295408,37614,2,2
9015,6,36755,Germantown Trans Cntr,,1,295413,37614,2,2
9015,6,36750,Germantown Trans Cntr,,1,295405,37614,2,2
9015,6,36738,Germantown Trans Cntr,,1,295407,37614,2,2
9015,6,36737,Germantown Trans Cntr,,1,295405,37614,2,2
9015,6,36736,Germantown Trans Cntr,,1,295407,37614,2,2
9015,6,36756,Germantown Trans Cntr,,1,295406,37614,2,2
9015,6,36757,Germantown Trans Cntr,,1,295405,37614,2,2
9015,6,36735,Germantown Trans Cntr,,1,295406,37614,2,2
9015,6,36734,Germantown Trans Cntr,,1,295405,37614,2,2
9015,6,36758,Germantown Trans Cntr,,1,295406,37614,2,2
9015,6,36733,Germantown Trans Cntr,,1,295413,37614,2,2
9016,6,37165,Wheaton,,0,293129,37617,2,2
9016,6,37166,Wheaton,,0,293726,37617,2,2
9016,6,37167,Wheaton,,0,293791,37617,2,2
9016,6,37164,Wheaton,,0,293151,37617,2,2
9016,6,37168,Wheaton,,0,293130,37617,2,2
9016,6,37163,Wheaton,,0,293726,37617,2,2
9016,6,37169,Wheaton,,0,293716,37617,2,2
9016,6,37162,Wheaton,,0,293789,37617,2,2
9016,6,37170,Wheaton,,0,293910,37617,2,2
9016,6,37161,Wheaton,,0,293160,37617,2,2
9016,6,37171,Wheaton,,0,293125,37617,2,2
9016,6,37172,Wheaton,,0,293728,37617,2,2
9016,6,37173,Wheaton,,0,293132,37617,2,2
9016,6,37174,Wheaton,,0,293911,37617,2,2
9016,6,37175,Wheaton,,0,293717,37617,2,2
9016,6,37176,Wheaton,,0,294563,37617,2,2
9016,6,37177,Wheaton,,0,294071,37617,2,2
9016,6,37154,Wheaton,,0,293136,37617,2,2
9016,6,37153,Wheaton,,0,294559,37617,2,2
9016,6,37156,Wheaton,,0,293924,37617,2,2
9016,6,37155,Wheaton,,0,293718,37617,2,2
9016,6,37160,Wheaton,,0,293912,37617,2,2
9016,6,37178,Wheaton,,0,293157,37617,2,2
9016,6,37159,Wheaton,,0,293917,37617,2,2
9016,6,37179,Wheaton,,0,293614,37617,2,2
9016,6,37158,Wheaton,,0,293147,37617,2,2
9016,6,37180,Wheaton,,0,293733,37617,2,2
9016,6,37181,Wheaton,,0,293615,37617,2,2
9016,6,37157,Wheaton,,0,293618,37617,2,2
9016,6,37182,Wheaton,,0,293153,37617,2,2
9016,6,37183,Wheaton,,0,294435,37617,2,2
9016,6,37184,Wheaton,,0,293914,37617,2,2
9016,6,37188,Wheaton,,0,293724,37617,2,2
9016,6,37185,Wheaton,,0,293611,37617,2,2
9016,6,37186,Wheaton,,0,293147,37617,2,2
9016,6,37187,Wheaton,,0,293731,37617,2,2
9016,6,37202,Silver Spring,,1,293908,37618,2,2
9016,6,37203,Silver Spring,,1,293129,37618,2,2
9016,6,37201,Silver Spring,,1,293726,37618,2,2
9016,6,37204,Silver Spring,,1,293610,37618,2,2
9016,6,37200,Silver Spring,,1,293791,37618,2,2
9016,6,37205,Silver Spring,,1,293156,37618,2,2
9016,6,37199,Silver Spring,,1,293130,37618,2,2
9016,6,37206,Silver Spring,,1,293911,37618,2,2
9016,6,37198,Silver Spring,,1,294433,37618,2,2
9016,6,37207,Silver Spring,,1,294047,37618,2,2
9016,6,37208,Silver Spring,,1,293728,37618,2,2
9016,6,37191,Silver Spring,,1,293922,37618,2,2
9016,6,37190,Silver Spring,,1,293125,37618,2,2
9016,6,37209,Silver Spring,,1,293728,37618,2,2
9016,6,37210,Silver Spring,,1,294563,37618,2,2
9016,6,37211,Silver Spring,,1,294071,37618,2,2
9016,6,37212,Silver Spring,,1,293144,37618,2,2
9016,6,37213,Silver Spring,,1,294559,37618,2,2
9016,6,37214,Silver Spring,,1,293910,37618,2,2
9016,6,37193,Silver Spring,,1,293798,37618,2,2
9016,6,37215,Silver Spring,,1,293969,37618,2,2
9016,6,37197,Silver Spring,,1,293915,37618,2,2
9016,6,37216,Silver Spring,,1,293968,37618,2,2
9016,6,37196,Silver Spring,,1,294434,37618,2,2
9016,6,37217,Silver Spring,,1,293925,37618,2,2
9016,6,37195,Silver Spring,,1,293924,37618,2,2
9016,6,37218,Silver Spring,,1,293732,37618,2,2
9016,6,37194,Silver Spring,,1,293147,37618,2,2
9016,6,37192,Silver Spring,,1,294072,37618,2,2
9016,6,37189,Silver Spring,,1,294435,37618,2,2
9016,6,37220,Silver Spring,,1,293916,37618,2,2
9016,6,37219,Silver Spring,,1,293144,37618,2,2
9016,6,37221,Silver Spring,,1,293733,37618,2,2
9016,6,37222,Silver Spring,,1,293724,37618,2,2
9016,6,37223,Silver Spring,,1,293917,37618,2,2
9016,6,37224,Silver Spring,,1,293734,37618,2,2
9017,6,37463,Damascus,,0,293435,37619,2,2
9017,6,37464,Damascus,,0,293409,37619,2,2
9017,6,37465,Damascus,,0,293432,37619,2,2
9017,6,37466,Damascus,,0,293407,37619,2,2
9017,6,37467,Damascus,,0,295151,37619,2,2
9017,6,37468,Damascus,,0,293398,37619,2,2
9017,6,37493,Damascus,,0,293403,37619,2,2
9017,6,37469,Damascus,,0,294653,37619,2,2
9017,6,37470,Damascus,,0,295244,37619,2,2
9017,6,37471,Damascus,,0,294981,37619,2,2
9017,6,37472,Milestone via Damascus,,0,293435,37621,2,2
9017,6,37473,Milestone via Damascus,,0,295371,37621,2,2
9017,6,37474,Milestone via Damascus,,0,293422,37621,2,2
9017,6,37475,Milestone via Damascus,,0,293400,37621,2,2
9017,6,37476,Milestone via Damascus,,0,294652,37621,2,2
9017,6,37477,Milestone via Damascus & Airpark,,0,293408,37622,2,2
9017,6,37478,Milestone via Damascus & Airpark,,0,293401,37622,2,2
9017,6,37479,Milestone via Damascus & Airpark,,0,293381,37622,2,2
9017,6,37480,Milestone via Damascus & Airpark,,0,293386,37622,2,2
9017,6,37481,Milestone via Damascus & Airpark,,0,294655,37622,2,2
9017,6,37482,Damascus via Airpark,,0,295296,37620,2,2
9017,6,37483,Damascus via Airpark,,0,293431,37620,2,2
9017,6,37484,Damascus via Airpark,,0,295359,37620,2,2
9017,6,37485,Damascus via Airpark,,0,295296,37620,2,2
9017,6,37486,Damascus via Airpark,,0,293380,37620,2,2
9017,6,37487,Damascus via Airpark,,0,293386,37620,2,2
9017,6,37488,Damascus via Airpark,,0,295359,37620,2,2
9017,6,37489,Damascus via Airpark,,0,295199,37620,2,2
9017,6,37494,Damascus via Airpark,,0,294648,37620,2,2
9017,6,37490,Damascus via Airpark,,0,295359,37620,2,2
9017,6,37491,Damascus via Airpark,,0,293382,37620,2,2
9017,6,37495,Damascus via Airpark,,0,294655,37620,2,2
9017,6,37492,Damascus via Airpark,,0,293421,37620,2,2
9017,6,37496,Shady Grove,,1,293432,37624,2,2
9017,6,37497,Shady Grove,,1,293435,37624,2,2
9017,6,37498,Shady Grove,,1,293409,37624,2,2
9017,6,37499,Shady Grove,,1,293432,37624,2,2
9017,6,37500,Shady Grove,,1,293407,37624,2,2
9017,6,37501,Shady Grove,,1,295151,37624,2,2
9017,6,37502,Shady Grove,,1,293398,37624,2,2
9017,6,37527,Shady Grove,,1,293403,37624,2,2
9017,6,37503,Shady Grove,,1,294653,37624,2,2
9017,6,37504,Shady Grove,,1,295244,37624,2,2
9017,6,37505,Shady Grove,,1,294981,37624,2,2
9017,6,37506,Shady Grove via Damascus,,1,293419,37626,2,2
9017,6,37507,Shady Grove via Damascus,,1,293435,37626,2,2
9017,6,37508,Shady Grove via Damascus,,1,295371,37626,2,2
9017,6,37509,Shady Grove via Damascus,,1,293422,37626,2,2
9017,6,37510,Shady Grove via Damascus,,1,293400,37626,2,2
9017,6,37511,Shady Grove via Damascus,,1,294652,37625,2,2
9017,6,37522,Shady Grove via Damascus,,1,295218,37625,2,2
9017,6,37524,Shady Grove via Damascus,,1,293401,37625,2,2
9017,6,37523,Shady Grove via Damascus,,1,293381,37625,2,2
9017,6,37525,Shady Grove via Damascus,,1,293386,37625,2,2
9017,6,37526,Shady Grove,,1,295296,37623,2,2
9017,6,37512,Shady Grove,,1,293431,37623,2,2
9017,6,37513,Shady Grove,,1,295359,37623,2,2
9017,6,37514,Shady Grove,,1,295296,37623,2,2
9017,6,37515,Shady Grove,,1,293380,37623,2,2
9017,6,37516,Shady Grove,,1,293386,37623,2,2
9017,6,37517,Shady Grove,,1,295359,37623,2,2
9017,6,37518,Shady Grove,,1,295199,37623,2,2
9017,6,37519,Shady Grove,,1,294648,37623,2,2
9017,6,37528,Shady Grove,,1,295359,37623,2,2
9017,6,37520,Shady Grove,,1,293382,37623,2,2
9017,6,37521,Shady Grove,,1,294655,37623,2,2
9017,6,37529,Shady Grove,,1,293421,37623,2,2
9020,6,37660,Grosvenor,,0,295425,37632,2,2
9020,6,37659,Grosvenor,,0,295425,37632,2,2
9020,6,37658,Grosvenor,,0,295425,37632,2,2
9020,6,37657,Grosvenor,,0,294614,37632,2,2
9020,6,37656,Grosvenor,,0,294348,37632,2,2
9020,6,37655,Grosvenor,,0,295424,37632,2,2
9020,6,37654,Grosvenor,,0,295424,37632,2,2
9020,6,37666,Grosvenor,,1,295188,37634,2,2
9020,6,37677,Grosvenor,,1,295188,37634,2,2
9020,6,37676,Grosvenor,,1,295188,37634,2,2
9020,6,37680,Grosvenor,,1,295188,37634,2,2
9020,6,37675,Grosvenor,,1,295188,37634,2,2
9020,6,37681,Grosvenor,,1,295188,37634,2,2
9020,6,37683,Grosvenor,,1,295188,37634,2,2
9020,6,37685,Grosvenor,,1,295188,37634,2,2
9020,6,37674,Montgomery Mall,,1,295188,37633,2,2
9020,6,37678,Montgomery Mall,,1,295425,37633,2,2
9020,6,37679,Montgomery Mall,,1,295425,37633,2,2
9020,6,37673,Montgomery Mall,,1,294614,37633,2,2
9020,6,37672,Montgomery Mall,,1,294614,37633,2,2
9020,6,37671,Montgomery Mall,,1,294348,37633,2,2
9020,6,37670,Montgomery Mall,,1,295424,37633,2,2
9020,6,37667,Grosvenor,,1,295424,37634,2,2
9020,6,37669,Grosvenor,,1,295426,37634,2,2
9020,6,37668,Grosvenor,,1,295426,37634,2,2
9020,6,37661,Grosvenor,,1,295426,37634,2,2
9020,6,37682,Grosvenor,,1,295426,37634,2,2
9020,6,37662,Grosvenor,,1,295426,37634,2,2
9020,6,37663,Grosvenor,,1,295426,37634,2,2
9020,6,37684,Grosvenor,,1,295426,37634,2,2
9020,6,37686,Grosvenor,,1,295426,37634,2,2
9020,6,37664,Grosvenor,,1,295426,37634,2,2
9020,6,37665,Grosvenor,,1,295426,37634,2,2
9021,6,37922,Germantown Loop,,0,295433,37636,2,2
9021,6,37921,Germantown Loop,,0,295433,37636,2,2
9021,6,37920,Germantown Loop,,0,295433,37636,2,2
9021,6,37919,Germantown Loop,,0,295432,37636,2,2
9021,6,37918,Germantown Loop,,0,295432,37636,2,2
9021,6,37917,Germantown Loop,,0,295432,37636,2,2
9021,6,37904,Germantown Loop,,0,295432,37636,2,2
9021,6,37905,Germantown Loop,,0,295407,37636,2,2
9021,6,37903,Germantown Transit via MARC,,0,295345,37635,2,2
9021,6,37916,Germantown Transit via MARC,,0,295407,37635,2,2
9021,6,37923,Germantown Transit via MARC,,0,295432,37635,2,2
9021,6,37924,Germantown Transit via MARC,,0,295413,37635,2,2
9021,6,37925,Germantown Transit via MARC,,0,295345,37635,2,2
9021,6,37926,Germantown Transit via MARC,,0,295345,37635,2,2
9021,6,37915,Germantown Transit via MARC,,0,295345,37635,2,2
9021,6,37914,Germantown Transit via MARC,,0,295432,37635,2,2
9021,6,37913,Germantown Transit via MARC,,0,295432,37635,2,2
9021,6,37912,Germantown Loop,,0,295432,37636,2,2
9021,6,37911,Germantown Loop,,0,295345,37636,2,2
9021,6,37910,Germantown Loop,,0,295413,37636,2,2
9021,6,37909,Germantown Loop,,0,295413,37636,2,2
9021,6,37908,Germantown Loop,,0,295405,37636,2,2
9021,6,37907,Germantown Loop,,0,295405,37636,2,2
9021,6,37906,Germantown Loop,,0,295406,37636,2,2
9021,6,37928,Germantown Loop,,1,295433,37638,2,2
9021,6,37929,Germantown Transit via MARC,,1,295433,37637,2,2
9021,6,37930,Germantown Transit via MARC,,1,295434,37637,2,2
9021,6,37931,Germantown Transit via MARC,,1,295434,37637,2,2
9021,6,37927,Germantown Transit via MARC,,1,295434,37637,2,2
9021,6,37941,Germantown Transit via MARC,,1,295434,37637,2,2
9021,6,37934,Germantown Transit via MARC,,1,295434,37637,2,2
9021,6,37932,Germantown Transit via MARC,,1,295434,37637,2,2
9021,6,37933,Germantown Transit via MARC,,1,295434,37637,2,2
9021,6,37940,Germantown Transit via MARC,,1,295409,37637,2,2
9021,6,37935,Germantown Loop,,1,295409,37638,2,2
9021,6,37936,Germantown Loop,,1,295409,37638,2,2
9021,6,37937,Germantown Loop,,1,295410,37638,2,2
9021,6,37938,Germantown Loop,,1,295410,37638,2,2
9021,6,37939,Germantown Loop,,1,295433,37638,2,2
9022,6,38181,Kingsview P & R,,0,295344,37639,2,2
9022,6,38180,Kingsview P & R,,0,295433,37639,2,2
9022,6,38179,Kingsview P & R,,0,295344,37639,2,2
9022,6,38178,Kingsview P & R,,0,295433,37639,2,2
9022,6,38183,Kingsview P & R,,0,295344,37639,2,2
9022,6,38177,Kingsview P & R,,0,295433,37639,2,2
9022,6,38184,Kingsview P & R,,0,295344,37639,2,2
9022,6,38176,Kingsview P & R,,0,295434,37639,2,2
9022,6,38175,Kingsview via GCC,,0,295433,37641,2,2
9022,6,38163,Kingsview via GCC,,0,295434,37641,2,2
9022,6,38164,Kingsview via GCC,,0,295410,37641,2,2
9022,6,38165,Kingsview via GCC,,0,295434,37641,2,2
9022,6,38166,Kingsview via GCC,,0,295407,37641,2,2
9022,6,38167,Kingsview via GCC,,0,295443,37641,2,2
9022,6,38168,Kingsview via GCC,,0,295407,37641,2,2
9022,6,38182,Kingsview via GCC,,0,295443,37641,2,2
9022,6,38185,Kingsview via Germantown Park,,0,295432,37642,2,2
9022,6,38169,Kingsview via Germantown Park,,0,295406,37642,2,2
9022,6,38170,Kingsview via Germantown Park,,0,295345,37642,2,2
9022,6,38171,Kingsview via Germantown Park,,0,295406,37642,2,2
9022,6,38172,Kingsview via Germantown Park,,0,295432,37642,2,2
9022,6,38173,Kingsview via Germantown Park,,0,295413,37642,2,2
9022,6,38186,Kingsview via Germantown Park,,0,295345,37642,2,2
9022,6,38174,Kingsview via Germantown Park,,0,295413,37642,2,2
9022,6,38187,Kingsview via Germantown Park,,0,295432,37642,2,2
9022,6,38193,Germantown via Germantown Park,,1,295434,37646,2,2
9022,6,38191,Germantown via Germantown Park,,1,295344,37646,2,2
9022,6,38206,Germantown via Germantown Park,,1,295433,37646,2,2
9022,6,38188,Germantown via Germantown Park,,1,295344,37646,2,2
9022,6,38192,Germantown via Germantown Park,,1,295433,37646,2,2
9022,6,38189,Germantown via Germantown Park,,1,295344,37646,2,2
9022,6,38190,Germantown via Germantown Park,,1,295433,37646,2,2
9022,6,38194,Germantown via GCC,,1,295344,37645,2,2
9022,6,38209,Germantown via GCC,,1,295434,37645,2,2
9022,6,38210,Germantown via GCC,,1,295433,37645,2,2
9022,6,38195,Germantown via GCC,,1,295434,37645,2,2
9022,6,38207,Germantown via GCC,,1,295410,37645,2,2
9022,6,38196,Germantown via GCC,,1,295434,37645,2,2
9022,6,38197,Germantown via GCC,,1,295407,37645,2,2
9022,6,38198,Germantown via GCC,,1,295443,37645,2,2
9022,6,38199,Germantown via GCC,,1,295407,37645,2,2
9022,6,38200,Germantown,,1,295443,37643,2,2
9022,6,38201,Germantown,,1,295432,37643,2,2
9022,6,38202,Germantown,,1,295406,37643,2,2
9022,6,38203,Germantown,,1,295345,37643,2,2
9022,6,38208,Germantown,,1,295406,37643,2,2
9022,6,38204,Germantown,,1,295432,37643,2,2
9022,6,38211,Germantown,,1,295413,37643,2,2
9022,6,38205,Germantown,,1,295345,37643,2,2
9022,6,38212,Germantown,,1,295413,37643,2,2
9023,6,39022,Briggs Chaney Park & Ride (Orange),,0,295520,37647,2,2
9023,6,39021,Briggs Chaney Park & Ride (Orange),,0,295519,37647,2,2
9023,6,39020,Briggs Chaney Park & Ride (Orange),,0,295523,37647,2,2
9023,6,39019,Briggs Chaney Park & Ride (Orange),,0,295522,37647,2,2
9023,6,39018,Briggs Chaney Park & Ride (Orange),,0,295521,37647,2,2
9023,6,39017,Briggs Chaney Park & Ride (Orange),,0,295520,37647,2,2
9023,6,39016,Briggs Chaney Park & Ride (Orange),,0,295518,37647,2,2
9023,6,39015,Briggs Chaney Park & Ride (Orange),,0,295519,37647,2,2
9023,6,39014,Briggs Chaney Park & Ride (Orange),,0,295523,37647,2,2
9023,6,39013,Briggs Chaney Park & Ride (Orange),,0,295522,37647,2,2
9023,6,39012,Briggs Chaney Park & Ride (Orange),,0,295521,37647,2,2
9023,6,39011,Briggs Chaney Park & Ride (Orange),,0,295520,37647,2,2
9023,6,39010,Briggs Chaney Park & Ride (Orange),,0,295518,37647,2,2
9023,6,39009,Briggs Chaney Park & Ride (Orange),,0,295517,37647,2,2
9023,6,39008,Briggs Chaney Park & Ride (Orange),,0,295523,37647,2,2
9023,6,39007,Briggs Chaney Park & Ride (Orange),,0,295519,37647,2,2
9023,6,39006,Briggs Chaney Park & Ride (Orange),,0,295521,37647,2,2
9023,6,39005,Briggs Chaney Park & Ride (Orange),,0,295522,37647,2,2
9023,6,39004,Briggs Chaney Park & Ride (Orange),,0,295518,37647,2,2
9023,6,39003,Briggs Chaney Park & Ride (Orange),,0,295520,37647,2,2
9023,6,39002,Briggs Chaney Park & Ride (Orange),,0,295517,37647,2,2
9023,6,39001,Briggs Chaney Park & Ride (Orange),,0,295519,37647,2,2
9023,6,39000,Briggs Chaney Park & Ride (Orange),,0,295523,37647,2,2
9023,6,38999,Briggs Chaney Park & Ride (Orange),,0,295522,37647,2,2
9023,6,38998,Briggs Chaney Park & Ride (Orange),,0,295521,37647,2,2
9023,6,38997,Briggs Chaney Park & Ride (Orange),,0,295520,37647,2,2
9023,6,38996,Briggs Chaney Park & Ride (Orange),,0,295518,37647,2,2
9023,6,38995,Briggs Chaney Park & Ride (Orange),,0,295519,37647,2,2
9023,6,38994,Briggs Chaney Park & Ride (Orange),,0,295517,37647,2,2
9023,6,38993,Briggs Chaney Park & Ride (Orange),,0,295522,37647,2,2
9023,6,38992,Briggs Chaney Park & Ride (Orange),,0,295521,37647,2,2
9023,6,38991,Briggs Chaney Park & Ride (Orange),,0,295520,37647,2,2
9023,6,38990,Briggs Chaney Park & Ride (Orange),,0,295518,37647,2,2
9023,6,38989,Briggs Chaney Park & Ride (Orange),,0,295519,37647,2,2
9023,6,38988,Briggs Chaney Park & Ride (Orange),,0,295517,37647,2,2
9023,6,38987,Briggs Chaney Park & Ride (Orange),,0,295516,37647,2,2
9023,6,38986,Briggs Chaney Park & Ride (Orange),,0,295514,37647,2,2
9023,6,38985,Briggs Chaney Park & Ride (Orange),,0,295513,37647,2,2
9023,6,38984,Briggs Chaney Park & Ride (Orange),,0,295518,37647,2,2
9023,6,38983,Briggs Chaney Park & Ride (Orange),,0,295510,37647,2,2
9023,6,38982,Briggs Chaney Park & Ride (Orange),,0,295517,37647,2,2
9023,6,38981,Briggs Chaney Park & Ride (Orange),,0,295516,37647,2,2
9023,6,38980,Briggs Chaney Park & Ride (Orange),,0,295514,37647,2,2
9023,6,38979,Briggs Chaney Park & Ride (Orange),,0,295513,37647,2,2
9023,6,38978,Briggs Chaney Park & Ride (Orange),,0,295511,37647,2,2
9023,6,38977,Briggs Chaney Park & Ride (Orange),,0,295510,37647,2,2
9023,6,38976,Briggs Chaney Park & Ride (Orange),,0,295515,37647,2,2
9023,6,38975,Briggs Chaney Park & Ride (Orange),,0,295517,37647,2,2
9023,6,38974,Briggs Chaney Park & Ride (Orange),,0,295514,37647,2,2
9023,6,38973,Briggs Chaney Park & Ride (Orange),,0,295513,37647,2,2
9023,6,38972,Briggs Chaney Park & Ride (Orange),,0,295511,37647,2,2
9023,6,38971,Briggs Chaney Park & Ride (Orange),,0,295510,37647,2,2
9023,6,38970,Briggs Chaney Park & Ride (Orange),,0,295515,37647,2,2
9023,6,38969,Briggs Chaney Park & Ride (Orange),,0,295516,37647,2,2
9023,6,38968,Briggs Chaney Park & Ride (Orange),,0,295514,37647,2,2
9023,6,38967,Briggs Chaney Park & Ride (Orange),,0,295512,37647,2,2
9023,6,38966,Briggs Chaney Park & Ride (Orange),,0,295511,37647,2,2
9023,6,38965,Briggs Chaney Park & Ride (Orange),,0,295513,37647,2,2
9023,6,38964,Briggs Chaney Park & Ride (Orange),,0,295515,37647,2,2
9023,6,38963,Briggs Chaney Park & Ride (Orange),,0,295516,37647,2,2
9023,6,38962,Briggs Chaney Park & Ride (Orange),,0,295510,37647,2,2
9023,6,38961,Briggs Chaney Park & Ride (Orange),,0,295512,37647,2,2
9023,6,38960,Briggs Chaney Park & Ride (Orange),,0,295514,37647,2,2
9023,6,38959,Briggs Chaney Park & Ride (Orange),,0,295513,37647,2,2
9023,6,38958,Briggs Chaney Park & Ride (Orange),,0,295511,37647,2,2
9023,6,38957,Briggs Chaney Park & Ride (Orange),,0,295516,37647,2,2
9023,6,38956,Briggs Chaney Park & Ride (Orange),,0,295510,37647,2,2
9023,6,38955,Briggs Chaney Park & Ride (Orange),,0,295515,37647,2,2
9023,6,38954,Briggs Chaney Park & Ride (Orange),,0,295514,37647,2,2
9023,6,38953,Briggs Chaney Park & Ride (Orange),,0,295513,37647,2,2
9023,6,38952,Briggs Chaney Park & Ride (Orange),,0,295512,37647,2,2
9023,6,38951,Briggs Chaney Park & Ride (Orange),,0,295511,37647,2,2
9023,6,38950,Briggs Chaney Park & Ride (Orange),,0,295510,37647,2,2
9023,6,39023,Briggs Chaney Park & Ride (Orange),,0,295515,37647,2,2
9023,6,39024,Briggs Chaney Park & Ride (Orange),,0,295514,37647,2,2
9023,6,39025,Briggs Chaney Park & Ride (Orange),,0,295513,37647,2,2
9023,6,39097,Silver Spring Station (Orange),,1,295523,37650,2,2
9023,6,39096,Silver Spring Station (Orange),,1,295522,37650,2,2
9023,6,39095,Silver Spring Station (Orange),,1,295521,37650,2,2
9023,6,39094,Silver Spring Station (Orange),,1,295520,37650,2,2
9023,6,39093,Silver Spring Station (Orange),,1,295518,37650,2,2
9023,6,39092,Silver Spring Station (Orange),,1,295519,37650,2,2
9023,6,39091,Silver Spring Station (Orange),,1,295523,37650,2,2
9023,6,39090,Silver Spring Station (Orange),,1,295522,37650,2,2
9023,6,39089,Silver Spring Station (Orange),,1,295521,37650,2,2
9023,6,39088,Silver Spring Station (Orange),,1,295520,37650,2,2
9023,6,39087,Silver Spring Station (Orange),,1,295518,37650,2,2
9023,6,39086,Silver Spring Station (Orange),,1,295517,37650,2,2
9023,6,39085,Silver Spring Station (Orange),,1,295523,37650,2,2
9023,6,39084,Silver Spring Station (Orange),,1,295519,37650,2,2
9023,6,39083,Silver Spring Station (Orange),,1,295521,37650,2,2
9023,6,39082,Silver Spring Station (Orange),,1,295522,37650,2,2
9023,6,39081,Silver Spring Station (Orange),,1,295518,37650,2,2
9023,6,39080,Silver Spring Station (Orange),,1,295520,37650,2,2
9023,6,39079,Silver Spring Station (Orange),,1,295517,37650,2,2
9023,6,39078,Silver Spring Station (Orange),,1,295519,37650,2,2
9023,6,39077,Silver Spring Station (Orange),,1,295523,37650,2,2
9023,6,39076,Silver Spring Station (Orange),,1,295522,37650,2,2
9023,6,39075,Silver Spring Station (Orange),,1,295521,37650,2,2
9023,6,39074,Silver Spring Station (Orange),,1,295520,37650,2,2
9023,6,39073,Silver Spring Station (Orange),,1,295518,37650,2,2
9023,6,39072,Silver Spring Station (Orange),,1,295519,37650,2,2
9023,6,39071,Silver Spring Station (Orange),,1,295517,37650,2,2
9023,6,39070,Silver Spring Station (Orange),,1,295522,37650,2,2
9023,6,39069,Silver Spring Station (Orange),,1,295521,37650,2,2
9023,6,39068,Silver Spring Station (Orange),,1,295520,37650,2,2
9023,6,39067,Silver Spring Station (Orange),,1,295518,37650,2,2
9023,6,39066,Silver Spring Station (Orange),,1,295519,37650,2,2
9023,6,39065,Silver Spring Station (Orange),,1,295517,37650,2,2
9023,6,39064,Silver Spring Station (Orange),,1,295516,37650,2,2
9023,6,39063,Silver Spring Station (Orange),,1,295521,37650,2,2
9023,6,39062,Silver Spring Station (Orange),,1,295520,37650,2,2
9023,6,39061,Silver Spring Station (Orange),,1,295518,37650,2,2
9023,6,39060,Silver Spring Station (Orange),,1,295510,37650,2,2
9023,6,39059,Silver Spring Station (Orange),,1,295517,37650,2,2
9023,6,39058,Silver Spring Station (Orange),,1,295516,37650,2,2
9023,6,39057,Silver Spring Station (Orange),,1,295514,37650,2,2
9023,6,39056,Silver Spring Station (Orange),,1,295513,37650,2,2
9023,6,39055,Silver Spring Station (Orange),,1,295511,37650,2,2
9023,6,39054,Silver Spring Station (Orange),,1,295510,37650,2,2
9023,6,39053,Silver Spring Station (Orange),,1,295515,37650,2,2
9023,6,39052,Silver Spring Station (Orange),,1,295517,37650,2,2
9023,6,39051,Silver Spring Station (Orange),,1,295514,37650,2,2
9023,6,39050,Silver Spring Station (Orange),,1,295513,37650,2,2
9023,6,39049,Silver Spring Station (Orange),,1,295511,37650,2,2
9023,6,39048,Silver Spring Station (Orange),,1,295510,37650,2,2
9023,6,39047,Silver Spring Station (Orange),,1,295515,37650,2,2
9023,6,39046,Silver Spring Station (Orange),,1,295516,37650,2,2
9023,6,39045,Silver Spring Station (Orange),,1,295514,37650,2,2
9023,6,39044,Silver Spring Station (Orange),,1,295512,37650,2,2
9023,6,39043,Silver Spring Station (Orange),,1,295511,37650,2,2
9023,6,39042,Silver Spring Station (Orange),,1,295513,37650,2,2
9023,6,39041,Silver Spring Station (Orange),,1,295515,37650,2,2
9023,6,39040,Silver Spring Station (Orange),,1,295516,37650,2,2
9023,6,39039,Silver Spring Station (Orange),,1,295510,37650,2,2
9023,6,39038,Silver Spring Station (Orange),,1,295512,37650,2,2
9023,6,39037,Silver Spring Station (Orange),,1,295514,37650,2,2
9023,6,39036,Silver Spring Station (Orange),,1,295513,37650,2,2
9023,6,39035,Silver Spring Station (Orange),,1,295511,37650,2,2
9023,6,39034,Silver Spring Station (Orange),,1,295516,37650,2,2
9023,6,39033,Silver Spring Station (Orange),,1,295510,37650,2,2
9023,6,39032,Silver Spring Station (Orange),,1,295515,37650,2,2
9023,6,39031,Silver Spring Station (Orange),,1,295514,37650,2,2
9023,6,39030,Silver Spring Station (Orange),,1,295513,37650,2,2
9023,6,39029,Silver Spring Station (Orange),,1,295512,37650,2,2
9023,6,39028,Silver Spring Station (Orange),,1,295511,37650,2,2
9023,6,39027,Silver Spring Station (Orange),,1,295510,37650,2,2
9023,6,39026,Silver Spring Station (Orange),,1,295515,37650,2,2
9023,6,39098,Silver Spring Station (Orange),,1,295514,37650,2,2
9023,6,39099,Silver Spring Station (Orange),,1,295513,37650,2,2
9023,6,39100,Silver Spring Station (Orange),,1,295512,37650,2,2
9023,6,39101,Silver Spring Station (Orange),,1,295511,37650,2,2
9027,6,39744,LIME SHADY GROVE,,0,295615,37661,2,2
9027,6,39743,LIME SHADY GROVE,,0,295614,37661,2,2
9027,6,39742,LIME SHADY GROVE,,0,295615,37661,2,2
9027,6,39741,LIME SHADY GROVE,,0,295614,37661,2,2
9027,6,39740,LIME SHADY GROVE,,0,295615,37661,2,2
9027,6,39739,LIME SHADY GROVE,,0,295614,37661,2,2
9027,6,39738,LIME SHADY GROVE,,0,295615,37661,2,2
9027,6,39737,LIME SHADY GROVE,,0,295613,37661,2,2
9027,6,39736,LIME SHADY GROVE,,0,295614,37661,2,2
9027,6,39735,LIME SHADY GROVE,,0,295613,37661,2,2
9027,6,39734,LIME SHADY GROVE,,0,295614,37661,2,2
9027,6,39733,LIME SHADY GROVE,,0,295613,37661,2,2
9027,6,39732,LIME SHADY GROVE,,0,295614,37661,2,2
9027,6,39731,LIME SHADY GROVE,,0,295613,37661,2,2
9027,6,39730,LIME SHADY GROVE,,0,295614,37661,2,2
9027,6,39729,LIME SHADY GROVE,,0,295613,37661,2,2
9027,6,39728,LIME SHADY GROVE,,0,295611,37661,2,2
9027,6,39727,LIME SHADY GROVE,,0,295613,37661,2,2
9027,6,39726,LIME SHADY GROVE,,0,295611,37661,2,2
9027,6,39725,LIME SHADY GROVE,,0,295612,37661,2,2
9027,6,39724,LIME SHADY GROVE,,0,295611,37661,2,2
9027,6,39723,LIME SHADY GROVE,,0,295612,37661,2,2
9027,6,39722,LIME SHADY GROVE,,0,295610,37661,2,2
9027,6,39721,LIME SHADY GROVE,,0,295611,37661,2,2
9027,6,39720,LIME SHADY GROVE,,0,295610,37661,2,2
9027,6,39719,LIME SHADY GROVE,,0,295611,37661,2,2
9027,6,39718,LIME SHADY GROVE,,0,295610,37661,2,2
9027,6,39771,LIME TRAVILLE,,1,295614,37662,2,2
9027,6,39770,LIME TRAVILLE,,1,295615,37662,2,2
9027,6,39769,LIME TRAVILLE,,1,295614,37662,2,2
9027,6,39768,LIME TRAVILLE,,1,295615,37662,2,2
9027,6,39767,LIME TRAVILLE,,1,295614,37662,2,2
9027,6,39766,LIME TRAVILLE,,1,295615,37662,2,2
9027,6,39765,LIME TRAVILLE,,1,295613,37662,2,2
9027,6,39764,LIME TRAVILLE,,1,295614,37662,2,2
9027,6,39763,LIME TRAVILLE,,1,295613,37662,2,2
9027,6,39762,LIME TRAVILLE,,1,295614,37662,2,2
9027,6,39761,LIME TRAVILLE,,1,295613,37662,2,2
9027,6,39760,LIME TRAVILLE,,1,295614,37662,2,2
9027,6,39759,LIME TRAVILLE,,1,295613,37662,2,2
9027,6,39758,LIME TRAVILLE,,1,295614,37662,2,2
9027,6,39757,LIME TRAVILLE,,1,295613,37662,2,2
9027,6,39756,LIME TRAVILLE,,1,295611,37662,2,2
9027,6,39755,LIME TRAVILLE,,1,295613,37662,2,2
9027,6,39754,LIME TRAVILLE,,1,295611,37662,2,2
9027,6,39753,LIME TRAVILLE,,1,295612,37662,2,2
9027,6,39752,LIME TRAVILLE,,1,295611,37662,2,2
9027,6,39751,LIME TRAVILLE,,1,295612,37662,2,2
9027,6,39750,LIME TRAVILLE,,1,295610,37662,2,2
9027,6,39749,LIME TRAVILLE,,1,295611,37662,2,2
9027,6,39748,LIME TRAVILLE,,1,295610,37662,2,2
9027,6,39747,LIME TRAVILLE,,1,295611,37662,2,2
9027,6,39746,LIME TRAVILLE,,1,295610,37662,2,2
9027,6,39745,LIME TRAVILLE,,1,295611,37662,2,2
9028,6,40138,PINK SHADY GROVE,,0,295639,37663,2,2
9028,6,40137,PINK SHADY GROVE,,0,295638,37663,2,2
9028,6,40136,PINK SHADY GROVE,,0,295639,37663,2,2
9028,6,40135,PINK SHADY GROVE,,0,295638,37663,2,2
9028,6,40134,PINK SHADY GROVE,,0,295639,37663,2,2
9028,6,40133,PINK SHADY GROVE,,0,295638,37663,2,2
9028,6,40132,PINK SHADY GROVE,,0,295639,37663,2,2
9028,6,40131,PINK SHADY GROVE,,0,295638,37663,2,2
9028,6,40130,PINK SHADY GROVE,,0,295639,37663,2,2
9028,6,40129,PINK SHADY GROVE,,0,295615,37663,2,2
9028,6,40128,PINK SHADY GROVE,,0,295638,37663,2,2
9028,6,40127,PINK SHADY GROVE,,0,295615,37663,2,2
9028,6,40126,PINK SHADY GROVE,,0,295638,37663,2,2
9028,6,40125,PINK SHADY GROVE,,0,295615,37663,2,2
9028,6,40124,PINK SHADY GROVE,,0,295638,37663,2,2
9028,6,40123,PINK SHADY GROVE,,0,295615,37663,2,2
9028,6,40122,PINK SHADY GROVE,,0,295610,37663,2,2
9028,6,40121,PINK SHADY GROVE,,0,295637,37663,2,2
9028,6,40120,PINK SHADY GROVE,,0,295610,37663,2,2
9028,6,40119,PINK SHADY GROVE,,0,295637,37663,2,2
9028,6,40118,PINK SHADY GROVE,,0,295613,37663,2,2
9028,6,40117,PINK SHADY GROVE,,0,295637,37663,2,2
9028,6,40116,PINK SHADY GROVE,,0,295613,37663,2,2
9028,6,40115,PINK SHADY GROVE,,0,295637,37663,2,2
9028,6,40114,PINK SHADY GROVE,,0,295613,37663,2,2
9028,6,40113,PINK SHADY GROVE,,0,295637,37663,2,2
9028,6,40164,PINK TRAVILLE,,1,295638,37664,2,2
9028,6,40163,PINK TRAVILLE,,1,295639,37664,2,2
9028,6,40162,PINK TRAVILLE,,1,295638,37664,2,2
9028,6,40161,PINK TRAVILLE,,1,295639,37664,2,2
9028,6,40160,PINK TRAVILLE,,1,295638,37664,2,2
9028,6,40159,PINK TRAVILLE,,1,295639,37664,2,2
9028,6,40158,PINK TRAVILLE,,1,295638,37664,2,2
9028,6,40157,PINK TRAVILLE,,1,295639,37664,2,2
9028,6,40156,PINK TRAVILLE,,1,295615,37664,2,2
9028,6,40155,PINK TRAVILLE,,1,295638,37664,2,2
9028,6,40154,PINK TRAVILLE,,1,295615,37664,2,2
9028,6,40153,PINK TRAVILLE,,1,295638,37664,2,2
9028,6,40152,PINK TRAVILLE,,1,295615,37664,2,2
9028,6,40151,PINK TRAVILLE,,1,295638,37664,2,2
9028,6,40150,PINK TRAVILLE,,1,295615,37664,2,2
9028,6,40149,PINK TRAVILLE,,1,295610,37664,2,2
9028,6,40148,PINK TRAVILLE,,1,295637,37664,2,2
9028,6,40147,PINK TRAVILLE,,1,295610,37664,2,2
9028,6,40146,PINK TRAVILLE,,1,295637,37664,2,2
9028,6,40145,PINK TRAVILLE,,1,295613,37664,2,2
9028,6,40144,PINK TRAVILLE,,1,295637,37664,2,2
9028,6,40143,PINK TRAVILLE,,1,295613,37664,2,2
9028,6,40142,PINK TRAVILLE,,1,295637,37664,2,2
9028,6,40141,PINK TRAVILLE,,1,295613,37664,2,2
9028,6,40140,PINK TRAVILLE,,1,295637,37664,2,2
9028,6,40139,PINK TRAVILLE,,1,295613,37664,2,2
