trip_id,route_id,route_short_name,service_id,direction_id,arrival_time,stop_id,stop_name,stop_sequence,shape_dist_traveled,timepoint,upper_stop,station_name,agency
22020,M20,M20,11,0,15:16:00,12893,Glenmont+Bay H,30,NA,1,GLENMONT+BAY H,GLENMONT STATION,WMATA
22020,M20,M20,11,0,14:35:00,18954,Silver Spring+Bay 219,2,NA,1,SILVER SPRING+BAY 219,SILVER SPRING STATION,WMATA
22020,M20,M20,11,0,15:00:00,16136,Wheaton+Bay E,19,NA,1,WHEATON+BAY E,WHEATON STATION,WMATA
23020,M70,M70,11,0,11:24:00,15362,Bethesda+Bay C,27,NA,1,BETHESDA+BAY C,BETHESDA STATION,WMATA
23020,M70,M70,11,0,11:00:00,19082,Montgomery Mall+Bay F,2,NA,1,MONTGOMERY MALL+BAY F,MONTGOMERY MALL TRANSIT CENTER,WMATA
23020,M70,M70,11,0,11:41:00,18912,Silver Spring+Bay 102,46,NA,1,SILVER SPRING+BAY 102,SILVER SPRING STATION,WMATA
24020,M12,M12,11,0,12:36:00,10628,Wheaton+Bay D,2,NA,1,WHEATON+BAY D,WHEATON STATION,WMATA
25020,D40,D40,11,0,13:33:00,18907,Silver Spring+Bay 220,55,NA,1,SILVER SPRING+BAY 220,SILVER SPRING STATION,WMATA
45020,LCL,LCL,11,1,12:36:00,29091,North Bethesda Station+Bay C,2,NA,1,NORTH BETHESDA STATION+BAY C,NORTH BETHESDA STATION,WMATA
45020,LCL,LCL,11,1,12:44:00,29087,Grosvenor Station+Bay F,4,NA,1,GROSVENOR STATION+BAY F,GROSVENOR STATION,WMATA
62020,M70,M70,11,1,20:38:00,19082,Montgomery Mall+Bay F,46,NA,1,MONTGOMERY MALL+BAY F,MONTGOMERY MALL TRANSIT CENTER,WMATA
62020,M70,M70,11,1,20:00:00,18912,Silver Spring+Bay 102,2,NA,1,SILVER SPRING+BAY 102,SILVER SPRING STATION,WMATA
62020,M70,M70,11,1,20:16:00,15362,Bethesda+Bay C,21,NA,1,BETHESDA+BAY C,BETHESDA STATION,WMATA
98020,M20,M20,11,1,12:57:00,15406,Wheaton+Bay A,35,NA,1,WHEATON+BAY A,WHEATON STATION,WMATA
98020,M20,M20,11,1,12:44:00,12892,Glenmont+Bay D,23,NA,1,GLENMONT+BAY D,GLENMONT STATION,WMATA
98020,M20,M20,11,1,13:17:00,18954,Silver Spring+Bay 219,54,NA,1,SILVER SPRING+BAY 219,SILVER SPRING STATION,WMATA
122020,LCL,LCL,11,1,14:04:00,29087,Grosvenor Station+Bay F,4,NA,1,GROSVENOR STATION+BAY F,GROSVENOR STATION,WMATA
122020,LCL,LCL,11,1,13:56:00,29091,North Bethesda Station+Bay C,2,NA,1,NORTH BETHESDA STATION+BAY C,NORTH BETHESDA STATION,WMATA
123020,LCL,LCL,11,0,15:47:00,29090,Grosvenor Station,8,NA,1,GROSVENOR STATION,GROSVENOR STATION,WMATA
129020,EXP,EXP,11,1,06:35:00,29091,North Bethesda Station+Bay C,2,NA,1,NORTH BETHESDA STATION+BAY C,NORTH BETHESDA STATION,WMATA
146020,D60,D60,11,1,08:10:00,18918,Silver Spring+Bay 103,2,NA,1,SILVER SPRING+BAY 103,SILVER SPRING STATION,WMATA
165020,EXP,EXP,11,1,10:14:00,29091,North Bethesda Station+Bay C,2,NA,1,NORTH BETHESDA STATION+BAY C,NORTH BETHESDA STATION,WMATA
176020,M54,M54,11,1,15:34:00,19054,Silver Spring+Bay 114,54,NA,1,SILVER SPRING+BAY 114,SILVER SPRING STATION,WMATA
178020,M44,M44,11,1,22:40:00,15313,Glenmont+Bay F,91,NA,1,GLENMONT+BAY F,GLENMONT STATION,WMATA
218020,D60,D60,11,0,19:43:00,18918,Silver Spring+Bay 103,49,NA,1,SILVER SPRING+BAY 103,SILVER SPRING STATION,WMATA
219020,M20,M20,11,0,13:36:00,16136,Wheaton+Bay E,19,NA,1,WHEATON+BAY E,WHEATON STATION,WMATA
219020,M20,M20,11,0,13:14:00,18954,Silver Spring+Bay 219,2,NA,1,SILVER SPRING+BAY 219,SILVER SPRING STATION,WMATA
219020,M20,M20,11,0,13:50:00,12893,Glenmont+Bay H,30,NA,1,GLENMONT+BAY H,GLENMONT STATION,WMATA
220020,M22,M22,11,0,21:30:00,16136,Wheaton+Bay E,36,NA,1,WHEATON+BAY E,WHEATON STATION,WMATA
220020,M22,M22,11,0,21:41:00,12893,Glenmont+Bay H,47,NA,1,GLENMONT+BAY H,GLENMONT STATION,WMATA
220020,M22,M22,11,0,21:07:00,15389,Bethesda+Bay B,2,NA,1,BETHESDA+BAY B,BETHESDA STATION,WMATA
228020,M70,M70,11,1,11:18:00,15362,Bethesda+Bay C,21,NA,1,BETHESDA+BAY C,BETHESDA STATION,WMATA
228020,M70,M70,11,1,11:00:00,18912,Silver Spring+Bay 102,2,NA,1,SILVER SPRING+BAY 102,SILVER SPRING STATION,WMATA
228020,M70,M70,11,1,11:42:00,19082,Montgomery Mall+Bay F,46,NA,1,MONTGOMERY MALL+BAY F,MONTGOMERY MALL TRANSIT CENTER,WMATA
245020,LCL,LCL,11,1,18:26:00,29087,Grosvenor Station+Bay F,4,NA,1,GROSVENOR STATION+BAY F,GROSVENOR STATION,WMATA
245020,LCL,LCL,11,1,18:18:00,29091,North Bethesda Station+Bay C,2,NA,1,NORTH BETHESDA STATION+BAY C,NORTH BETHESDA STATION,WMATA
257020,M22,M22,11,1,25:12:00,15406,Wheaton+Bay A,49,NA,1,WHEATON+BAY A,WHEATON STATION,WMATA
257020,M22,M22,11,1,25:04:00,12892,Glenmont+Bay D,37,NA,1,GLENMONT+BAY D,GLENMONT STATION,WMATA
265020,D60,D60,11,1,04:30:00,18918,Silver Spring+Bay 103,2,NA,1,SILVER SPRING+BAY 103,SILVER SPRING STATION,WMATA
280020,EXP,EXP,11,1,18:27:00,29091,North Bethesda Station+Bay C,2,NA,1,NORTH BETHESDA STATION+BAY C,NORTH BETHESDA STATION,WMATA
281020,LCL,LCL,11,0,18:28:00,29090,Grosvenor Station,8,NA,1,GROSVENOR STATION,GROSVENOR STATION,WMATA
297020,M54,M54,11,1,05:31:00,19054,Silver Spring+Bay 114,54,NA,1,SILVER SPRING+BAY 114,SILVER SPRING STATION,WMATA
298020,D6X,D6X,11,1,19:24:00,18914,Silver Spring+Bay 104,2,NA,1,SILVER SPRING+BAY 104,SILVER SPRING STATION,WMATA
319020,LCL,LCL,11,1,05:24:00,29091,North Bethesda Station+Bay C,2,NA,1,NORTH BETHESDA STATION+BAY C,NORTH BETHESDA STATION,WMATA
319020,LCL,LCL,11,1,05:32:00,29087,Grosvenor Station+Bay F,4,NA,1,GROSVENOR STATION+BAY F,GROSVENOR STATION,WMATA
320020,LCL,LCL,11,1,04:44:00,29091,North Bethesda Station+Bay C,2,NA,1,NORTH BETHESDA STATION+BAY C,NORTH BETHESDA STATION,WMATA
320020,LCL,LCL,11,1,04:52:00,29087,Grosvenor Station+Bay F,4,NA,1,GROSVENOR STATION+BAY F,GROSVENOR STATION,WMATA
323020,EXP,EXP,11,1,14:44:00,29091,North Bethesda Station+Bay C,2,NA,1,NORTH BETHESDA STATION+BAY C,NORTH BETHESDA STATION,WMATA
328020,M52,M52,11,0,19:30:00,19053,Silver Spring+Bay 113,2,NA,1,SILVER SPRING+BAY 113,SILVER SPRING STATION,WMATA
336020,D4X,D4X,11,0,07:38:00,18909,Silver Spring+Bay 221,24,NA,1,SILVER SPRING+BAY 221,SILVER SPRING STATION,WMATA
338020,M20,M20,11,0,16:40:00,16136,Wheaton+Bay E,19,NA,1,WHEATON+BAY E,WHEATON STATION,WMATA
338020,M20,M20,11,0,16:13:00,18954,Silver Spring+Bay 219,2,NA,1,SILVER SPRING+BAY 219,SILVER SPRING STATION,WMATA
338020,M20,M20,11,0,16:57:00,12893,Glenmont+Bay H,30,NA,1,GLENMONT+BAY H,GLENMONT STATION,WMATA
357020,LCL,LCL,11,0,16:35:00,29090,Grosvenor Station,8,NA,1,GROSVENOR STATION,GROSVENOR STATION,WMATA
366020,D40,D40,11,1,17:12:00,18907,Silver Spring+Bay 220,2,NA,1,SILVER SPRING+BAY 220,SILVER SPRING STATION,WMATA
375020,D40,D40,11,1,01:40:00,18907,Silver Spring+Bay 220,2,NA,1,SILVER SPRING+BAY 220,SILVER SPRING STATION,WMATA
376020,M70,M70,11,1,13:00:00,18912,Silver Spring+Bay 102,2,NA,1,SILVER SPRING+BAY 102,SILVER SPRING STATION,WMATA
376020,M70,M70,11,1,13:18:00,15362,Bethesda+Bay C,21,NA,1,BETHESDA+BAY C,BETHESDA STATION,WMATA
376020,M70,M70,11,1,13:43:00,19082,Montgomery Mall+Bay F,46,NA,1,MONTGOMERY MALL+BAY F,MONTGOMERY MALL TRANSIT CENTER,WMATA
389020,EXP,EXP,11,1,07:33:00,29091,North Bethesda Station+Bay C,2,NA,1,NORTH BETHESDA STATION+BAY C,NORTH BETHESDA STATION,WMATA
417020,D6X,D6X,11,1,22:15:00,18914,Silver Spring+Bay 104,2,NA,1,SILVER SPRING+BAY 104,SILVER SPRING STATION,WMATA
437020,LCL,LCL,11,0,19:23:00,29090,Grosvenor Station,8,NA,1,GROSVENOR STATION,GROSVENOR STATION,WMATA
438020,LCL,LCL,11,0,20:05:00,29090,Grosvenor Station,8,NA,1,GROSVENOR STATION,GROSVENOR STATION,WMATA
446020,M12,M12,11,1,11:18:00,16955,Wheaton+Bay B,31,NA,1,WHEATON+BAY B,WHEATON STATION,WMATA
448020,M70,M70,11,1,20:02:00,19082,Montgomery Mall+Bay F,46,NA,1,MONTGOMERY MALL+BAY F,MONTGOMERY MALL TRANSIT CENTER,WMATA
448020,M70,M70,11,1,19:24:00,18912,Silver Spring+Bay 102,2,NA,1,SILVER SPRING+BAY 102,SILVER SPRING STATION,WMATA
448020,M70,M70,11,1,19:40:00,15362,Bethesda+Bay C,21,NA,1,BETHESDA+BAY C,BETHESDA STATION,WMATA
456020,M70,M70,11,1,15:00:00,18912,Silver Spring+Bay 102,2,NA,1,SILVER SPRING+BAY 102,SILVER SPRING STATION,WMATA
456020,M70,M70,11,1,15:20:00,15362,Bethesda+Bay C,21,NA,1,BETHESDA+BAY C,BETHESDA STATION,WMATA
456020,M70,M70,11,1,15:51:00,19082,Montgomery Mall+Bay F,46,NA,1,MONTGOMERY MALL+BAY F,MONTGOMERY MALL TRANSIT CENTER,WMATA
499020,D96,D96,11,1,07:20:00,28523,Bethesda+Bay A,2,NA,1,BETHESDA+BAY A,BETHESDA STATION,WMATA
522020,M52,M52,11,0,21:00:00,19053,Silver Spring+Bay 113,2,NA,1,SILVER SPRING+BAY 113,SILVER SPRING STATION,WMATA
523020,M20,M20,11,1,22:29:00,18954,Silver Spring+Bay 219,21,NA,1,SILVER SPRING+BAY 219,SILVER SPRING STATION,WMATA
523020,M20,M20,11,1,22:15:00,15406,Wheaton+Bay A,2,NA,1,WHEATON+BAY A,WHEATON STATION,WMATA
524020,P30,P30,11,0,15:23:00,18911,Silver Spring+Bay 223,2,NA,1,SILVER SPRING+BAY 223,SILVER SPRING STATION,WMATA
575020,D6X,D6X,11,1,10:45:00,18914,Silver Spring+Bay 104,2,NA,1,SILVER SPRING+BAY 104,SILVER SPRING STATION,WMATA
605020,D4X,D4X,11,0,13:39:00,18909,Silver Spring+Bay 221,24,NA,1,SILVER SPRING+BAY 221,SILVER SPRING STATION,WMATA
648020,M12,M12,11,1,08:43:00,21558,Twinbrook+Bay A,74,NA,1,TWINBROOK+BAY A,TWINBROOK STATION,WMATA
648020,M12,M12,11,1,08:24:00,16955,Wheaton+Bay B,49,NA,1,WHEATON+BAY B,WHEATON STATION,WMATA
663020,LCL,LCL,11,0,12:53:00,29090,Grosvenor Station,8,NA,1,GROSVENOR STATION,GROSVENOR STATION,WMATA
678020,M52,M52,11,1,06:46:00,19053,Silver Spring+Bay 113,101,NA,1,SILVER SPRING+BAY 113,SILVER SPRING STATION,WMATA
682020,D6X,D6X,11,0,21:15:00,18914,Silver Spring+Bay 104,33,NA,1,SILVER SPRING+BAY 104,SILVER SPRING STATION,WMATA
702020,LCL,LCL,11,1,08:40:00,29091,North Bethesda Station+Bay C,2,NA,1,NORTH BETHESDA STATION+BAY C,NORTH BETHESDA STATION,WMATA
702020,LCL,LCL,11,1,08:48:00,29087,Grosvenor Station+Bay F,4,NA,1,GROSVENOR STATION+BAY F,GROSVENOR STATION,WMATA
706020,EXP,EXP,11,1,11:11:00,29091,North Bethesda Station+Bay C,2,NA,1,NORTH BETHESDA STATION+BAY C,NORTH BETHESDA STATION,WMATA
713020,D6X,D6X,11,1,05:30:00,18914,Silver Spring+Bay 104,2,NA,1,SILVER SPRING+BAY 104,SILVER SPRING STATION,WMATA
717020,M22,M22,11,1,22:53:00,15406,Wheaton+Bay A,49,NA,1,WHEATON+BAY A,WHEATON STATION,WMATA
717020,M22,M22,11,1,22:43:00,12892,Glenmont+Bay D,37,NA,1,GLENMONT+BAY D,GLENMONT STATION,WMATA
723020,D60,D60,11,0,12:17:00,18918,Silver Spring+Bay 103,49,NA,1,SILVER SPRING+BAY 103,SILVER SPRING STATION,WMATA
741020,LCL,LCL,11,0,21:40:00,29090,Grosvenor Station,8,NA,1,GROSVENOR STATION,GROSVENOR STATION,WMATA
761020,M12,M12,11,1,25:31:00,16955,Wheaton+Bay B,49,NA,1,WHEATON+BAY B,WHEATON STATION,WMATA
761020,M12,M12,11,1,25:45:00,21558,Twinbrook+Bay A,74,NA,1,TWINBROOK+BAY A,TWINBROOK STATION,WMATA
771020,M20,M20,11,1,07:03:00,15406,Wheaton+Bay A,2,NA,1,WHEATON+BAY A,WHEATON STATION,WMATA
771020,M20,M20,11,1,07:24:00,18954,Silver Spring+Bay 219,21,NA,1,SILVER SPRING+BAY 219,SILVER SPRING STATION,WMATA
791020,EXP,EXP,11,1,08:19:00,29091,North Bethesda Station+Bay C,2,NA,1,NORTH BETHESDA STATION+BAY C,NORTH BETHESDA STATION,WMATA
792020,LCL,LCL,11,0,07:39:00,29090,Grosvenor Station,8,NA,1,GROSVENOR STATION,GROSVENOR STATION,WMATA
793020,EXP,EXP,11,1,09:58:00,29091,North Bethesda Station+Bay C,2,NA,1,NORTH BETHESDA STATION+BAY C,NORTH BETHESDA STATION,WMATA
803020,M12,M12,11,0,11:40:00,21558,Twinbrook+Bay A,2,NA,1,TWINBROOK+BAY A,TWINBROOK STATION,WMATA
803020,M12,M12,11,0,12:00:00,10628,Wheaton+Bay D,28,NA,1,WHEATON+BAY D,WHEATON STATION,WMATA
805020,D60,D60,11,1,20:00:00,18918,Silver Spring+Bay 103,2,NA,1,SILVER SPRING+BAY 103,SILVER SPRING STATION,WMATA
807020,D40,D40,11,1,23:40:00,18907,Silver Spring+Bay 220,2,NA,1,SILVER SPRING+BAY 220,SILVER SPRING STATION,WMATA
814020,D60,D60,11,0,17:30:00,18918,Silver Spring+Bay 103,49,NA,1,SILVER SPRING+BAY 103,SILVER SPRING STATION,WMATA
843020,D40,D40,11,0,08:18:00,18907,Silver Spring+Bay 220,55,NA,1,SILVER SPRING+BAY 220,SILVER SPRING STATION,WMATA
845020,M82,M82,11,1,18:30:00,17396,Rockville+Bay A,2,NA,1,ROCKVILLE+BAY A,ROCKVILLE STATION,WMATA
869020,EXP,EXP,11,1,12:20:00,29091,North Bethesda Station+Bay C,2,NA,1,NORTH BETHESDA STATION+BAY C,NORTH BETHESDA STATION,WMATA
886020,M70,M70,11,1,12:55:00,19082,Montgomery Mall+Bay F,46,NA,1,MONTGOMERY MALL+BAY F,MONTGOMERY MALL TRANSIT CENTER,WMATA
886020,M70,M70,11,1,12:30:00,15362,Bethesda+Bay C,21,NA,1,BETHESDA+BAY C,BETHESDA STATION,WMATA
886020,M70,M70,11,1,12:12:00,18912,Silver Spring+Bay 102,2,NA,1,SILVER SPRING+BAY 102,SILVER SPRING STATION,WMATA
889020,D4X,D4X,11,1,21:40:00,18909,Silver Spring+Bay 221,2,NA,1,SILVER SPRING+BAY 221,SILVER SPRING STATION,WMATA
904020,LCL,LCL,11,1,05:16:00,29087,Grosvenor Station+Bay F,4,NA,1,GROSVENOR STATION+BAY F,GROSVENOR STATION,WMATA
904020,LCL,LCL,11,1,05:08:00,29091,North Bethesda Station+Bay C,2,NA,1,NORTH BETHESDA STATION+BAY C,NORTH BETHESDA STATION,WMATA
907020,LCL,LCL,11,1,17:38:00,29087,Grosvenor Station+Bay F,4,NA,1,GROSVENOR STATION+BAY F,GROSVENOR STATION,WMATA
907020,LCL,LCL,11,1,17:30:00,29091,North Bethesda Station+Bay C,2,NA,1,NORTH BETHESDA STATION+BAY C,NORTH BETHESDA STATION,WMATA
920020,M70,M70,11,0,05:40:00,15362,Bethesda+Bay C,27,NA,1,BETHESDA+BAY C,BETHESDA STATION,WMATA
920020,M70,M70,11,0,05:55:00,18912,Silver Spring+Bay 102,46,NA,1,SILVER SPRING+BAY 102,SILVER SPRING STATION,WMATA
920020,M70,M70,11,0,05:20:00,19082,Montgomery Mall+Bay F,2,NA,1,MONTGOMERY MALL+BAY F,MONTGOMERY MALL TRANSIT CENTER,WMATA
922020,M52,M52,11,0,19:00:00,19053,Silver Spring+Bay 113,2,NA,1,SILVER SPRING+BAY 113,SILVER SPRING STATION,WMATA
950020,LCL,LCL,11,0,06:07:00,29090,Grosvenor Station,8,NA,1,GROSVENOR STATION,GROSVENOR STATION,WMATA
957020,LCL,LCL,11,0,09:03:00,29090,Grosvenor Station,8,NA,1,GROSVENOR STATION,GROSVENOR STATION,WMATA
958020,LCL,LCL,11,0,14:31:00,29090,Grosvenor Station,8,NA,1,GROSVENOR STATION,GROSVENOR STATION,WMATA
960020,LCL,LCL,11,1,18:08:00,29087,Grosvenor Station+Bay F,4,NA,1,GROSVENOR STATION+BAY F,GROSVENOR STATION,WMATA
960020,LCL,LCL,11,1,18:00:00,29091,North Bethesda Station+Bay C,2,NA,1,NORTH BETHESDA STATION+BAY C,NORTH BETHESDA STATION,WMATA
974020,M54,M54,11,0,06:15:00,19054,Silver Spring+Bay 114,2,NA,1,SILVER SPRING+BAY 114,SILVER SPRING STATION,WMATA
975020,M20,M20,11,0,17:54:00,16136,Wheaton+Bay E,19,NA,1,WHEATON+BAY E,WHEATON STATION,WMATA
975020,M20,M20,11,0,17:24:00,18954,Silver Spring+Bay 219,2,NA,1,SILVER SPRING+BAY 219,SILVER SPRING STATION,WMATA
976020,M54,M54,11,1,20:59:00,19054,Silver Spring+Bay 114,54,NA,1,SILVER SPRING+BAY 114,SILVER SPRING STATION,WMATA
983020,D96,D96,11,1,16:00:00,28523,Bethesda+Bay A,2,NA,1,BETHESDA+BAY A,BETHESDA STATION,WMATA
1002020,LCL,LCL,11,1,06:20:00,29091,North Bethesda Station+Bay C,2,NA,1,NORTH BETHESDA STATION+BAY C,NORTH BETHESDA STATION,WMATA
1002020,LCL,LCL,11,1,06:28:00,29087,Grosvenor Station+Bay F,4,NA,1,GROSVENOR STATION+BAY F,GROSVENOR STATION,WMATA
1004020,LCL,LCL,11,0,07:51:00,29090,Grosvenor Station,8,NA,1,GROSVENOR STATION,GROSVENOR STATION,WMATA
1060020,D4X,D4X,11,1,15:40:00,18909,Silver Spring+Bay 221,2,NA,1,SILVER SPRING+BAY 221,SILVER SPRING STATION,WMATA
1067020,D4X,D4X,11,1,09:20:00,18909,Silver Spring+Bay 221,2,NA,1,SILVER SPRING+BAY 221,SILVER SPRING STATION,WMATA
1070020,D40,D40,11,0,21:51:00,18907,Silver Spring+Bay 220,55,NA,1,SILVER SPRING+BAY 220,SILVER SPRING STATION,WMATA
1100020,LCL,LCL,11,0,06:59:00,29090,Grosvenor Station,8,NA,1,GROSVENOR STATION,GROSVENOR STATION,WMATA
1112020,D6X,D6X,11,1,20:48:00,18914,Silver Spring+Bay 104,2,NA,1,SILVER SPRING+BAY 104,SILVER SPRING STATION,WMATA
1156020,M54,M54,11,1,07:34:00,19054,Silver Spring+Bay 114,53,NA,1,SILVER SPRING+BAY 114,SILVER SPRING STATION,WMATA
1159020,P30,P30,11,1,11:53:00,18911,Silver Spring+Bay 223,67,NA,1,SILVER SPRING+BAY 223,SILVER SPRING STATION,WMATA
1197020,P30,P30,11,1,09:38:00,18911,Silver Spring+Bay 223,67,NA,1,SILVER SPRING+BAY 223,SILVER SPRING STATION,WMATA
1204020,M70,M70,11,0,16:00:00,19082,Montgomery Mall+Bay F,2,NA,1,MONTGOMERY MALL+BAY F,MONTGOMERY MALL TRANSIT CENTER,WMATA
1204020,M70,M70,11,0,16:51:00,18912,Silver Spring+Bay 102,46,NA,1,SILVER SPRING+BAY 102,SILVER SPRING STATION,WMATA
1204020,M70,M70,11,0,16:29:00,15362,Bethesda+Bay C,27,NA,1,BETHESDA+BAY C,BETHESDA STATION,WMATA
1210020,D96,D96,11,1,14:01:00,28523,Bethesda+Bay A,2,NA,1,BETHESDA+BAY A,BETHESDA STATION,WMATA
1227020,LCL,LCL,11,0,10:11:00,29090,Grosvenor Station,8,NA,1,GROSVENOR STATION,GROSVENOR STATION,WMATA
1249020,M70,M70,11,0,18:00:00,19082,Montgomery Mall+Bay F,2,NA,1,MONTGOMERY MALL+BAY F,MONTGOMERY MALL TRANSIT CENTER,WMATA
1249020,M70,M70,11,0,18:46:00,18912,Silver Spring+Bay 102,46,NA,1,SILVER SPRING+BAY 102,SILVER SPRING STATION,WMATA
1249020,M70,M70,11,0,18:27:00,15362,Bethesda+Bay C,27,NA,1,BETHESDA+BAY C,BETHESDA STATION,WMATA
1251020,M20,M20,11,1,08:45:00,18954,Silver Spring+Bay 219,21,NA,1,SILVER SPRING+BAY 219,SILVER SPRING STATION,WMATA
1251020,M20,M20,11,1,08:25:00,15406,Wheaton+Bay A,2,NA,1,WHEATON+BAY A,WHEATON STATION,WMATA
1271020,EXP,EXP,11,1,12:06:00,29091,North Bethesda Station+Bay C,2,NA,1,NORTH BETHESDA STATION+BAY C,NORTH BETHESDA STATION,WMATA
1272020,LCL,LCL,11,1,17:14:00,29087,Grosvenor Station+Bay F,4,NA,1,GROSVENOR STATION+BAY F,GROSVENOR STATION,WMATA
1272020,LCL,LCL,11,1,17:06:00,29091,North Bethesda Station+Bay C,2,NA,1,NORTH BETHESDA STATION+BAY C,NORTH BETHESDA STATION,WMATA
1273020,LCL,LCL,11,1,20:13:00,29087,Grosvenor Station+Bay F,4,NA,1,GROSVENOR STATION+BAY F,GROSVENOR STATION,WMATA
1273020,LCL,LCL,11,1,20:05:00,29091,North Bethesda Station+Bay C,2,NA,1,NORTH BETHESDA STATION+BAY C,NORTH BETHESDA STATION,WMATA
1280020,LCL,LCL,11,0,21:04:00,29090,Grosvenor Station,8,NA,1,GROSVENOR STATION,GROSVENOR STATION,WMATA
1309020,LCL,LCL,11,0,21:52:00,29090,Grosvenor Station,8,NA,1,GROSVENOR STATION,GROSVENOR STATION,WMATA
1326020,EXP,EXP,11,1,13:23:00,29091,North Bethesda Station+Bay C,2,NA,1,NORTH BETHESDA STATION+BAY C,NORTH BETHESDA STATION,WMATA
1337020,D6X,D6X,11,1,05:00:00,18914,Silver Spring+Bay 104,2,NA,1,SILVER SPRING+BAY 104,SILVER SPRING STATION,WMATA
1338020,M52,M52,11,0,11:00:00,19053,Silver Spring+Bay 113,2,NA,1,SILVER SPRING+BAY 113,SILVER SPRING STATION,WMATA
1369020,M44,M44,11,1,17:42:00,15313,Glenmont+Bay F,91,NA,1,GLENMONT+BAY F,GLENMONT STATION,WMATA
1380020,M12,M12,11,0,18:12:00,10628,Wheaton+Bay D,28,NA,1,WHEATON+BAY D,WHEATON STATION,WMATA
1380020,M12,M12,11,0,17:47:00,21558,Twinbrook+Bay A,2,NA,1,TWINBROOK+BAY A,TWINBROOK STATION,WMATA
1389020,LCL,LCL,11,1,14:54:00,29091,North Bethesda Station+Bay C,2,NA,1,NORTH BETHESDA STATION+BAY C,NORTH BETHESDA STATION,WMATA
1389020,LCL,LCL,11,1,15:02:00,29087,Grosvenor Station+Bay F,4,NA,1,GROSVENOR STATION+BAY F,GROSVENOR STATION,WMATA
1401020,D6X,D6X,11,0,23:55:00,18914,Silver Spring+Bay 104,33,NA,1,SILVER SPRING+BAY 104,SILVER SPRING STATION,WMATA
1438020,LCL,LCL,11,0,15:35:00,29090,Grosvenor Station,8,NA,1,GROSVENOR STATION,GROSVENOR STATION,WMATA
1445020,D40,D40,11,1,24:20:00,18907,Silver Spring+Bay 220,2,NA,1,SILVER SPRING+BAY 220,SILVER SPRING STATION,WMATA
1452020,M12,M12,11,1,12:30:00,16955,Wheaton+Bay B,31,NA,1,WHEATON+BAY B,WHEATON STATION,WMATA
1453020,M12,M12,11,0,19:16:00,21558,Twinbrook+Bay A,2,NA,1,TWINBROOK+BAY A,TWINBROOK STATION,WMATA
1453020,M12,M12,11,0,19:36:00,10628,Wheaton+Bay D,28,NA,1,WHEATON+BAY D,WHEATON STATION,WMATA
1454020,M12,M12,11,0,19:00:00,10628,Wheaton+Bay D,2,NA,1,WHEATON+BAY D,WHEATON STATION,WMATA
1527020,D60,D60,11,0,19:58:00,18918,Silver Spring+Bay 103,49,NA,1,SILVER SPRING+BAY 103,SILVER SPRING STATION,WMATA
1528020,M12,M12,11,1,19:24:00,16955,Wheaton+Bay B,49,NA,1,WHEATON+BAY B,WHEATON STATION,WMATA
1528020,M12,M12,11,1,19:41:00,21558,Twinbrook+Bay A,74,NA,1,TWINBROOK+BAY A,TWINBROOK STATION,WMATA
1537020,M20,M20,11,0,11:28:00,12893,Glenmont+Bay H,30,NA,1,GLENMONT+BAY H,GLENMONT STATION,WMATA
1537020,M20,M20,11,0,10:55:00,18954,Silver Spring+Bay 219,2,NA,1,SILVER SPRING+BAY 219,SILVER SPRING STATION,WMATA
1537020,M20,M20,11,0,11:15:00,16136,Wheaton+Bay E,19,NA,1,WHEATON+BAY E,WHEATON STATION,WMATA
1567020,D60,D60,11,1,05:45:00,18918,Silver Spring+Bay 103,2,NA,1,SILVER SPRING+BAY 103,SILVER SPRING STATION,WMATA
1568020,M44,M44,11,1,14:11:00,15313,Glenmont+Bay F,91,NA,1,GLENMONT+BAY F,GLENMONT STATION,WMATA
1569020,M70,M70,11,0,17:10:00,19082,Montgomery Mall+Bay F,2,NA,1,MONTGOMERY MALL+BAY F,MONTGOMERY MALL TRANSIT CENTER,WMATA
1569020,M70,M70,11,0,17:39:00,15362,Bethesda+Bay C,27,NA,1,BETHESDA+BAY C,BETHESDA STATION,WMATA
1569020,M70,M70,11,0,18:02:00,18912,Silver Spring+Bay 102,46,NA,1,SILVER SPRING+BAY 102,SILVER SPRING STATION,WMATA
1600020,EXP,EXP,11,1,10:08:00,29091,North Bethesda Station+Bay C,2,NA,1,NORTH BETHESDA STATION+BAY C,NORTH BETHESDA STATION,WMATA
1601020,M12,M12,11,0,18:30:00,10628,Wheaton+Bay D,28,NA,1,WHEATON+BAY D,WHEATON STATION,WMATA
1601020,M12,M12,11,0,18:05:00,21558,Twinbrook+Bay A,2,NA,1,TWINBROOK+BAY A,TWINBROOK STATION,WMATA
1602020,M22,M22,11,0,21:11:00,12893,Glenmont+Bay H,47,NA,1,GLENMONT+BAY H,GLENMONT STATION,WMATA
1602020,M22,M22,11,0,21:00:00,16136,Wheaton+Bay E,36,NA,1,WHEATON+BAY E,WHEATON STATION,WMATA
1602020,M22,M22,11,0,20:37:00,15389,Bethesda+Bay B,2,NA,1,BETHESDA+BAY B,BETHESDA STATION,WMATA
1612020,D6X,D6X,11,0,16:40:00,18914,Silver Spring+Bay 104,33,NA,1,SILVER SPRING+BAY 104,SILVER SPRING STATION,WMATA
1634020,M54,M54,11,1,18:32:00,19054,Silver Spring+Bay 114,54,NA,1,SILVER SPRING+BAY 114,SILVER SPRING STATION,WMATA
1650020,EXP,EXP,11,1,17:55:00,29091,North Bethesda Station+Bay C,2,NA,1,NORTH BETHESDA STATION+BAY C,NORTH BETHESDA STATION,WMATA
1732020,LCL,LCL,11,0,24:16:00,29090,Grosvenor Station,8,NA,1,GROSVENOR STATION,GROSVENOR STATION,WMATA
1759020,EXP,EXP,11,1,10:00:00,29091,North Bethesda Station+Bay C,2,NA,1,NORTH BETHESDA STATION+BAY C,NORTH BETHESDA STATION,WMATA
1775020,D40,D40,11,1,11:00:00,18907,Silver Spring+Bay 220,2,NA,1,SILVER SPRING+BAY 220,SILVER SPRING STATION,WMATA
1777020,D40,D40,11,0,09:18:00,18907,Silver Spring+Bay 220,55,NA,1,SILVER SPRING+BAY 220,SILVER SPRING STATION,WMATA
1798020,EXP,EXP,11,1,17:12:00,29091,North Bethesda Station+Bay C,2,NA,1,NORTH BETHESDA STATION+BAY C,NORTH BETHESDA STATION,WMATA
1812020,M44,M44,11,1,19:11:00,15313,Glenmont+Bay F,91,NA,1,GLENMONT+BAY F,GLENMONT STATION,WMATA
1821020,D4X,D4X,11,1,08:30:00,18909,Silver Spring+Bay 221,2,NA,1,SILVER SPRING+BAY 221,SILVER SPRING STATION,WMATA
1822020,M12,M12,11,1,19:01:00,21558,Twinbrook+Bay A,74,NA,1,TWINBROOK+BAY A,TWINBROOK STATION,WMATA
1822020,M12,M12,11,1,18:41:00,16955,Wheaton+Bay B,49,NA,1,WHEATON+BAY B,WHEATON STATION,WMATA
1848020,D4X,D4X,11,0,12:26:00,18909,Silver Spring+Bay 221,24,NA,1,SILVER SPRING+BAY 221,SILVER SPRING STATION,WMATA
1857020,M20,M20,11,0,04:15:00,18954,Silver Spring+Bay 219,2,NA,1,SILVER SPRING+BAY 219,SILVER SPRING STATION,WMATA
1857020,M20,M20,11,0,04:31:00,16136,Wheaton+Bay E,19,NA,1,WHEATON+BAY E,WHEATON STATION,WMATA
1879020,EXP,EXP,11,1,08:05:00,29091,North Bethesda Station+Bay C,2,NA,1,NORTH BETHESDA STATION+BAY C,NORTH BETHESDA STATION,WMATA
1882020,LCL,LCL,11,0,13:55:00,29090,Grosvenor Station,8,NA,1,GROSVENOR STATION,GROSVENOR STATION,WMATA
1895020,D4X,D4X,11,1,16:40:00,18909,Silver Spring+Bay 221,2,NA,1,SILVER SPRING+BAY 221,SILVER SPRING STATION,WMATA
1917020,EXP,EXP,11,1,15:07:00,29091,North Bethesda Station+Bay C,2,NA,1,NORTH BETHESDA STATION+BAY C,NORTH BETHESDA STATION,WMATA
1918020,LCL,LCL,11,1,16:25:00,29087,Grosvenor Station+Bay F,4,NA,1,GROSVENOR STATION+BAY F,GROSVENOR STATION,WMATA
1918020,LCL,LCL,11,1,16:17:00,29091,North Bethesda Station+Bay C,2,NA,1,NORTH BETHESDA STATION+BAY C,NORTH BETHESDA STATION,WMATA
1928020,D4X,D4X,11,1,22:00:00,18909,Silver Spring+Bay 221,2,NA,1,SILVER SPRING+BAY 221,SILVER SPRING STATION,WMATA
1952020,LCL,LCL,11,0,16:05:00,29090,Grosvenor Station,8,NA,1,GROSVENOR STATION,GROSVENOR STATION,WMATA
1969020,M22,M22,11,1,16:15:00,15389,Bethesda+Bay B,89,NA,1,BETHESDA+BAY B,BETHESDA STATION,WMATA
1969020,M22,M22,11,1,15:49:00,15406,Wheaton+Bay A,53,NA,1,WHEATON+BAY A,WHEATON STATION,WMATA
1969020,M22,M22,11,1,15:35:00,12892,Glenmont+Bay D,41,NA,1,GLENMONT+BAY D,GLENMONT STATION,WMATA
1970020,M12,M12,11,1,24:15:00,21558,Twinbrook+Bay A,74,NA,1,TWINBROOK+BAY A,TWINBROOK STATION,WMATA
1970020,M12,M12,11,1,24:01:00,16955,Wheaton+Bay B,49,NA,1,WHEATON+BAY B,WHEATON STATION,WMATA
1996020,LCL,LCL,11,1,12:44:00,29091,North Bethesda Station+Bay C,2,NA,1,NORTH BETHESDA STATION+BAY C,NORTH BETHESDA STATION,WMATA
1996020,LCL,LCL,11,1,12:52:00,29087,Grosvenor Station+Bay F,4,NA,1,GROSVENOR STATION+BAY F,GROSVENOR STATION,WMATA
2010020,D4X,D4X,11,0,08:35:00,18909,Silver Spring+Bay 221,24,NA,1,SILVER SPRING+BAY 221,SILVER SPRING STATION,WMATA
2040020,LCL,LCL,11,1,16:53:00,29091,North Bethesda Station+Bay C,2,NA,1,NORTH BETHESDA STATION+BAY C,NORTH BETHESDA STATION,WMATA
2040020,LCL,LCL,11,1,17:01:00,29087,Grosvenor Station+Bay F,4,NA,1,GROSVENOR STATION+BAY F,GROSVENOR STATION,WMATA
2052020,M20,M20,11,1,12:07:00,18954,Silver Spring+Bay 219,21,NA,1,SILVER SPRING+BAY 219,SILVER SPRING STATION,WMATA
2052020,M20,M20,11,1,11:47:00,15406,Wheaton+Bay A,2,NA,1,WHEATON+BAY A,WHEATON STATION,WMATA
2054020,M12,M12,11,0,14:53:00,21558,Twinbrook+Bay A,2,NA,1,TWINBROOK+BAY A,TWINBROOK STATION,WMATA
2054020,M12,M12,11,0,15:16:00,10628,Wheaton+Bay D,28,NA,1,WHEATON+BAY D,WHEATON STATION,WMATA
2099020,D6X,D6X,11,0,15:15:00,18914,Silver Spring+Bay 104,33,NA,1,SILVER SPRING+BAY 104,SILVER SPRING STATION,WMATA
2100020,M44,M44,11,1,07:12:00,15313,Glenmont+Bay F,91,NA,1,GLENMONT+BAY F,GLENMONT STATION,WMATA
2102020,D4X,D4X,11,0,20:54:00,18909,Silver Spring+Bay 221,24,NA,1,SILVER SPRING+BAY 221,SILVER SPRING STATION,WMATA
2103020,M12,M12,11,0,20:36:00,10628,Wheaton+Bay D,2,NA,1,WHEATON+BAY D,WHEATON STATION,WMATA
2108020,D40,D40,11,0,02:23:00,18907,Silver Spring+Bay 220,59,NA,1,SILVER SPRING+BAY 220,SILVER SPRING STATION,WMATA
2118020,LCL,LCL,11,1,16:01:00,29087,Grosvenor Station+Bay F,4,NA,1,GROSVENOR STATION+BAY F,GROSVENOR STATION,WMATA
2118020,LCL,LCL,11,1,15:53:00,29091,North Bethesda Station+Bay C,2,NA,1,NORTH BETHESDA STATION+BAY C,NORTH BETHESDA STATION,WMATA
2127020,M22,M22,11,1,13:57:00,12892,Glenmont+Bay D,41,NA,1,GLENMONT+BAY D,GLENMONT STATION,WMATA
2127020,M22,M22,11,1,14:35:00,15389,Bethesda+Bay B,89,NA,1,BETHESDA+BAY B,BETHESDA STATION,WMATA
2127020,M22,M22,11,1,14:10:00,15406,Wheaton+Bay A,53,NA,1,WHEATON+BAY A,WHEATON STATION,WMATA
2137020,M42,M42,11,1,14:27:00,15313,Glenmont+Bay F,78,NA,1,GLENMONT+BAY F,GLENMONT STATION,WMATA
2162020,D6X,D6X,11,1,16:00:00,18914,Silver Spring+Bay 104,2,NA,1,SILVER SPRING+BAY 104,SILVER SPRING STATION,WMATA
2164020,M20,M20,11,0,22:15:00,16136,Wheaton+Bay E,19,NA,1,WHEATON+BAY E,WHEATON STATION,WMATA
2164020,M20,M20,11,0,22:25:00,12893,Glenmont+Bay H,30,NA,1,GLENMONT+BAY H,GLENMONT STATION,WMATA
2164020,M20,M20,11,0,21:58:00,18954,Silver Spring+Bay 219,2,NA,1,SILVER SPRING+BAY 219,SILVER SPRING STATION,WMATA
2199020,EXP,EXP,11,1,09:51:00,29091,North Bethesda Station+Bay C,2,NA,1,NORTH BETHESDA STATION+BAY C,NORTH BETHESDA STATION,WMATA
2200020,EXP,EXP,11,1,07:24:00,29091,North Bethesda Station+Bay C,2,NA,1,NORTH BETHESDA STATION+BAY C,NORTH BETHESDA STATION,WMATA
2210020,M82,M82,11,1,17:30:00,17396,Rockville+Bay A,2,NA,1,ROCKVILLE+BAY A,ROCKVILLE STATION,WMATA
2253020,M20,M20,11,0,24:40:00,18954,Silver Spring+Bay 219,2,NA,1,SILVER SPRING+BAY 219,SILVER SPRING STATION,WMATA
2253020,M20,M20,11,0,24:54:00,16136,Wheaton+Bay E,19,NA,1,WHEATON+BAY E,WHEATON STATION,WMATA
2287020,D4X,D4X,11,1,19:00:00,18909,Silver Spring+Bay 221,2,NA,1,SILVER SPRING+BAY 221,SILVER SPRING STATION,WMATA
2304020,LCL,LCL,11,1,09:44:00,29091,North Bethesda Station+Bay C,2,NA,1,NORTH BETHESDA STATION+BAY C,NORTH BETHESDA STATION,WMATA
2304020,LCL,LCL,11,1,09:52:00,29087,Grosvenor Station+Bay F,4,NA,1,GROSVENOR STATION+BAY F,GROSVENOR STATION,WMATA
2305020,EXP,EXP,11,1,14:35:00,29091,North Bethesda Station+Bay C,2,NA,1,NORTH BETHESDA STATION+BAY C,NORTH BETHESDA STATION,WMATA
2314020,D6X,D6X,11,0,17:53:00,18914,Silver Spring+Bay 104,33,NA,1,SILVER SPRING+BAY 104,SILVER SPRING STATION,WMATA
2315020,D6X,D6X,11,0,16:04:00,18914,Silver Spring+Bay 104,33,NA,1,SILVER SPRING+BAY 104,SILVER SPRING STATION,WMATA
2316020,M20,M20,11,1,16:34:00,12892,Glenmont+Bay D,23,NA,1,GLENMONT+BAY D,GLENMONT STATION,WMATA
2316020,M20,M20,11,1,17:08:00,18954,Silver Spring+Bay 219,54,NA,1,SILVER SPRING+BAY 219,SILVER SPRING STATION,WMATA
2316020,M20,M20,11,1,16:47:00,15406,Wheaton+Bay A,35,NA,1,WHEATON+BAY A,WHEATON STATION,WMATA
2325020,M52,M52,11,1,21:43:00,19053,Silver Spring+Bay 113,68,NA,1,SILVER SPRING+BAY 113,SILVER SPRING STATION,WMATA
2341020,P30,P30,11,1,13:06:00,18911,Silver Spring+Bay 223,67,NA,1,SILVER SPRING+BAY 223,SILVER SPRING STATION,WMATA
2348020,M70,M70,11,1,17:31:00,15362,Bethesda+Bay C,21,NA,1,BETHESDA+BAY C,BETHESDA STATION,WMATA
2348020,M70,M70,11,1,17:10:00,18912,Silver Spring+Bay 102,2,NA,1,SILVER SPRING+BAY 102,SILVER SPRING STATION,WMATA
2348020,M70,M70,11,1,18:05:00,19082,Montgomery Mall+Bay F,46,NA,1,MONTGOMERY MALL+BAY F,MONTGOMERY MALL TRANSIT CENTER,WMATA
2349020,M20,M20,11,1,12:37:00,15406,Wheaton+Bay A,2,NA,1,WHEATON+BAY A,WHEATON STATION,WMATA
2349020,M20,M20,11,1,12:57:00,18954,Silver Spring+Bay 219,21,NA,1,SILVER SPRING+BAY 219,SILVER SPRING STATION,WMATA
2350020,D6X,D6X,11,1,15:10:00,18914,Silver Spring+Bay 104,2,NA,1,SILVER SPRING+BAY 104,SILVER SPRING STATION,WMATA
2351020,M70,M70,11,0,16:20:00,19082,Montgomery Mall+Bay F,2,NA,1,MONTGOMERY MALL+BAY F,MONTGOMERY MALL TRANSIT CENTER,WMATA
2351020,M70,M70,11,0,16:49:00,15362,Bethesda+Bay C,27,NA,1,BETHESDA+BAY C,BETHESDA STATION,WMATA
2351020,M70,M70,11,0,17:12:00,18912,Silver Spring+Bay 102,46,NA,1,SILVER SPRING+BAY 102,SILVER SPRING STATION,WMATA
2370020,EXP,EXP,11,1,08:08:00,29091,North Bethesda Station+Bay C,2,NA,1,NORTH BETHESDA STATION+BAY C,NORTH BETHESDA STATION,WMATA
2385020,M54,M54,11,1,19:02:00,19054,Silver Spring+Bay 114,54,NA,1,SILVER SPRING+BAY 114,SILVER SPRING STATION,WMATA
2447020,EXP,EXP,11,1,06:28:00,29091,North Bethesda Station+Bay C,2,NA,1,NORTH BETHESDA STATION+BAY C,NORTH BETHESDA STATION,WMATA
2493020,D40,D40,11,1,18:00:00,18907,Silver Spring+Bay 220,2,NA,1,SILVER SPRING+BAY 220,SILVER SPRING STATION,WMATA
2495020,M70,M70,11,0,25:30:00,19082,Montgomery Mall+Bay F,2,NA,1,MONTGOMERY MALL+BAY F,MONTGOMERY MALL TRANSIT CENTER,WMATA
2495020,M70,M70,11,0,25:48:00,15362,Bethesda+Bay C,27,NA,1,BETHESDA+BAY C,BETHESDA STATION,WMATA
2495020,M70,M70,11,0,26:02:00,18912,Silver Spring+Bay 102,46,NA,1,SILVER SPRING+BAY 102,SILVER SPRING STATION,WMATA
2500020,D60,D60,11,1,15:15:00,18918,Silver Spring+Bay 103,2,NA,1,SILVER SPRING+BAY 103,SILVER SPRING STATION,WMATA
2501020,D6X,D6X,11,1,10:15:00,18914,Silver Spring+Bay 104,2,NA,1,SILVER SPRING+BAY 104,SILVER SPRING STATION,WMATA
2525020,LCL,LCL,11,1,17:26:00,29087,Grosvenor Station+Bay F,4,NA,1,GROSVENOR STATION+BAY F,GROSVENOR STATION,WMATA
2525020,LCL,LCL,11,1,17:18:00,29091,North Bethesda Station+Bay C,2,NA,1,NORTH BETHESDA STATION+BAY C,NORTH BETHESDA STATION,WMATA
2538020,D60,D60,11,0,05:47:00,18918,Silver Spring+Bay 103,55,NA,1,SILVER SPRING+BAY 103,SILVER SPRING STATION,WMATA
2571020,P30,P30,11,1,22:53:00,18911,Silver Spring+Bay 223,67,NA,1,SILVER SPRING+BAY 223,SILVER SPRING STATION,WMATA
2576020,D6X,D6X,11,0,11:07:00,18914,Silver Spring+Bay 104,33,NA,1,SILVER SPRING+BAY 104,SILVER SPRING STATION,WMATA
2578020,D60,D60,11,0,12:05:00,18918,Silver Spring+Bay 103,49,NA,1,SILVER SPRING+BAY 103,SILVER SPRING STATION,WMATA
2601020,EXP,EXP,11,1,15:15:00,29091,North Bethesda Station+Bay C,2,NA,1,NORTH BETHESDA STATION+BAY C,NORTH BETHESDA STATION,WMATA
2607020,D40,D40,11,0,23:03:00,18907,Silver Spring+Bay 220,55,NA,1,SILVER SPRING+BAY 220,SILVER SPRING STATION,WMATA
2617020,D6X,D6X,11,1,12:15:00,18914,Silver Spring+Bay 104,2,NA,1,SILVER SPRING+BAY 104,SILVER SPRING STATION,WMATA
2618020,D60,D60,11,0,18:23:00,18918,Silver Spring+Bay 103,49,NA,1,SILVER SPRING+BAY 103,SILVER SPRING STATION,WMATA
2642020,EXP,EXP,11,1,06:19:00,29091,North Bethesda Station+Bay C,2,NA,1,NORTH BETHESDA STATION+BAY C,NORTH BETHESDA STATION,WMATA
2651020,M70,M70,11,1,16:30:00,18912,Silver Spring+Bay 102,2,NA,1,SILVER SPRING+BAY 102,SILVER SPRING STATION,WMATA
2651020,M70,M70,11,1,16:51:00,15362,Bethesda+Bay C,21,NA,1,BETHESDA+BAY C,BETHESDA STATION,WMATA
2651020,M70,M70,11,1,17:25:00,19082,Montgomery Mall+Bay F,46,NA,1,MONTGOMERY MALL+BAY F,MONTGOMERY MALL TRANSIT CENTER,WMATA
2681020,D40,D40,11,1,16:48:00,18907,Silver Spring+Bay 220,2,NA,1,SILVER SPRING+BAY 220,SILVER SPRING STATION,WMATA
2707020,LCL,LCL,11,1,15:48:00,29091,North Bethesda Station+Bay C,2,NA,1,NORTH BETHESDA STATION+BAY C,NORTH BETHESDA STATION,WMATA
2707020,LCL,LCL,11,1,15:56:00,29087,Grosvenor Station+Bay F,4,NA,1,GROSVENOR STATION+BAY F,GROSVENOR STATION,WMATA
2745020,LCL,LCL,11,1,05:40:00,29087,Grosvenor Station+Bay F,4,NA,1,GROSVENOR STATION+BAY F,GROSVENOR STATION,WMATA
2745020,LCL,LCL,11,1,05:32:00,29091,North Bethesda Station+Bay C,2,NA,1,NORTH BETHESDA STATION+BAY C,NORTH BETHESDA STATION,WMATA
2758020,M70,M70,11,0,10:31:00,18912,Silver Spring+Bay 102,46,NA,1,SILVER SPRING+BAY 102,SILVER SPRING STATION,WMATA
2758020,M70,M70,11,0,10:14:00,15362,Bethesda+Bay C,27,NA,1,BETHESDA+BAY C,BETHESDA STATION,WMATA
2758020,M70,M70,11,0,09:48:00,19082,Montgomery Mall+Bay F,2,NA,1,MONTGOMERY MALL+BAY F,MONTGOMERY MALL TRANSIT CENTER,WMATA
2759020,D6X,D6X,11,0,12:07:00,18914,Silver Spring+Bay 104,33,NA,1,SILVER SPRING+BAY 104,SILVER SPRING STATION,WMATA
2761020,D6X,D6X,11,1,17:50:00,18914,Silver Spring+Bay 104,2,NA,1,SILVER SPRING+BAY 104,SILVER SPRING STATION,WMATA
2762020,P30,P30,11,1,13:56:00,18911,Silver Spring+Bay 223,67,NA,1,SILVER SPRING+BAY 223,SILVER SPRING STATION,WMATA
2788020,EXP,EXP,11,1,12:32:00,29091,North Bethesda Station+Bay C,2,NA,1,NORTH BETHESDA STATION+BAY C,NORTH BETHESDA STATION,WMATA
2830020,M20,M20,11,1,15:53:00,15406,Wheaton+Bay A,2,NA,1,WHEATON+BAY A,WHEATON STATION,WMATA
2830020,M20,M20,11,1,16:16:00,18954,Silver Spring+Bay 219,21,NA,1,SILVER SPRING+BAY 219,SILVER SPRING STATION,WMATA
2839020,M70,M70,11,0,09:35:00,18912,Silver Spring+Bay 102,46,NA,1,SILVER SPRING+BAY 102,SILVER SPRING STATION,WMATA
2839020,M70,M70,11,0,09:18:00,15362,Bethesda+Bay C,27,NA,1,BETHESDA+BAY C,BETHESDA STATION,WMATA
2839020,M70,M70,11,0,08:48:00,19082,Montgomery Mall+Bay F,2,NA,1,MONTGOMERY MALL+BAY F,MONTGOMERY MALL TRANSIT CENTER,WMATA
2870020,D6X,D6X,11,1,08:42:00,18914,Silver Spring+Bay 104,2,NA,1,SILVER SPRING+BAY 104,SILVER SPRING STATION,WMATA
2871020,M42,M42,11,0,14:29:00,13000,Glenmont+Bay E,29,NA,1,GLENMONT+BAY E,GLENMONT STATION,WMATA
2918020,M12,M12,11,1,10:06:00,16955,Wheaton+Bay B,31,NA,1,WHEATON+BAY B,WHEATON STATION,WMATA
2919020,M52,M52,11,1,19:17:00,19053,Silver Spring+Bay 113,102,NA,1,SILVER SPRING+BAY 113,SILVER SPRING STATION,WMATA
2948020,LCL,LCL,11,1,13:36:00,29091,North Bethesda Station+Bay C,2,NA,1,NORTH BETHESDA STATION+BAY C,NORTH BETHESDA STATION,WMATA
2948020,LCL,LCL,11,1,13:44:00,29087,Grosvenor Station+Bay F,4,NA,1,GROSVENOR STATION+BAY F,GROSVENOR STATION,WMATA
2951020,EXP,EXP,11,1,17:18:00,29091,North Bethesda Station+Bay C,2,NA,1,NORTH BETHESDA STATION+BAY C,NORTH BETHESDA STATION,WMATA
2958020,M20,M20,11,1,08:05:00,15406,Wheaton+Bay A,2,NA,1,WHEATON+BAY A,WHEATON STATION,WMATA
2958020,M20,M20,11,1,08:25:00,18954,Silver Spring+Bay 219,21,NA,1,SILVER SPRING+BAY 219,SILVER SPRING STATION,WMATA
2959020,M70,M70,11,1,17:35:00,19082,Montgomery Mall+Bay F,46,NA,1,MONTGOMERY MALL+BAY F,MONTGOMERY MALL TRANSIT CENTER,WMATA
2959020,M70,M70,11,1,16:40:00,18912,Silver Spring+Bay 102,2,NA,1,SILVER SPRING+BAY 102,SILVER SPRING STATION,WMATA
2959020,M70,M70,11,1,17:01:00,15362,Bethesda+Bay C,21,NA,1,BETHESDA+BAY C,BETHESDA STATION,WMATA
2983020,EXP,EXP,11,1,15:01:00,29091,North Bethesda Station+Bay C,2,NA,1,NORTH BETHESDA STATION+BAY C,NORTH BETHESDA STATION,WMATA
3003020,D6X,D6X,11,0,20:27:00,18914,Silver Spring+Bay 104,33,NA,1,SILVER SPRING+BAY 104,SILVER SPRING STATION,WMATA
3010020,M20,M20,11,0,06:05:00,16136,Wheaton+Bay E,19,NA,1,WHEATON+BAY E,WHEATON STATION,WMATA
3010020,M20,M20,11,0,05:49:00,18954,Silver Spring+Bay 219,2,NA,1,SILVER SPRING+BAY 219,SILVER SPRING STATION,WMATA
3011020,M12,M12,11,0,04:30:00,10628,Wheaton+Bay D,28,NA,1,WHEATON+BAY D,WHEATON STATION,WMATA
3011020,M12,M12,11,0,04:14:00,21558,Twinbrook+Bay A,2,NA,1,TWINBROOK+BAY A,TWINBROOK STATION,WMATA
3013020,M20,M20,11,0,20:25:00,16136,Wheaton+Bay E,19,NA,1,WHEATON+BAY E,WHEATON STATION,WMATA
3013020,M20,M20,11,0,20:05:00,18954,Silver Spring+Bay 219,2,NA,1,SILVER SPRING+BAY 219,SILVER SPRING STATION,WMATA
3033020,EXP,EXP,11,1,21:25:00,29091,North Bethesda Station+Bay C,2,NA,1,NORTH BETHESDA STATION+BAY C,NORTH BETHESDA STATION,WMATA
3037020,LCL,LCL,11,1,20:17:00,29091,North Bethesda Station+Bay C,2,NA,1,NORTH BETHESDA STATION+BAY C,NORTH BETHESDA STATION,WMATA
3037020,LCL,LCL,11,1,20:25:00,29087,Grosvenor Station+Bay F,4,NA,1,GROSVENOR STATION+BAY F,GROSVENOR STATION,WMATA
3047020,P30,P30,11,1,14:45:00,18911,Silver Spring+Bay 223,67,NA,1,SILVER SPRING+BAY 223,SILVER SPRING STATION,WMATA
3048020,M20,M20,11,0,05:01:00,16136,Wheaton+Bay E,19,NA,1,WHEATON+BAY E,WHEATON STATION,WMATA
3048020,M20,M20,11,0,04:45:00,18954,Silver Spring+Bay 219,2,NA,1,SILVER SPRING+BAY 219,SILVER SPRING STATION,WMATA
3050020,M44,M44,11,1,14:42:00,15313,Glenmont+Bay F,91,NA,1,GLENMONT+BAY F,GLENMONT STATION,WMATA
3052020,M44,M44,11,0,09:40:00,13000,Glenmont+Bay E,29,NA,1,GLENMONT+BAY E,GLENMONT STATION,WMATA
3053020,M44,M44,11,0,14:44:00,13000,Glenmont+Bay E,29,NA,1,GLENMONT+BAY E,GLENMONT STATION,WMATA
3092020,EXP,EXP,11,1,15:18:00,29091,North Bethesda Station+Bay C,2,NA,1,NORTH BETHESDA STATION+BAY C,NORTH BETHESDA STATION,WMATA
3106020,P30,P30,11,0,16:36:00,18911,Silver Spring+Bay 223,2,NA,1,SILVER SPRING+BAY 223,SILVER SPRING STATION,WMATA
3140020,P30,P30,11,1,09:49:00,18911,Silver Spring+Bay 223,67,NA,1,SILVER SPRING+BAY 223,SILVER SPRING STATION,WMATA
3141020,P30,P30,11,1,20:04:00,18911,Silver Spring+Bay 223,67,NA,1,SILVER SPRING+BAY 223,SILVER SPRING STATION,WMATA
3147020,M20,M20,11,0,08:25:00,16136,Wheaton+Bay E,19,NA,1,WHEATON+BAY E,WHEATON STATION,WMATA
3147020,M20,M20,11,0,08:06:00,18954,Silver Spring+Bay 219,2,NA,1,SILVER SPRING+BAY 219,SILVER SPRING STATION,WMATA
3150020,D60,D60,11,1,23:40:00,18918,Silver Spring+Bay 103,2,NA,1,SILVER SPRING+BAY 103,SILVER SPRING STATION,WMATA
3155020,M20,M20,11,0,08:05:00,16136,Wheaton+Bay E,19,NA,1,WHEATON+BAY E,WHEATON STATION,WMATA
3155020,M20,M20,11,0,07:46:00,18954,Silver Spring+Bay 219,2,NA,1,SILVER SPRING+BAY 219,SILVER SPRING STATION,WMATA
3156020,M20,M20,11,0,16:33:00,18954,Silver Spring+Bay 219,2,NA,1,SILVER SPRING+BAY 219,SILVER SPRING STATION,WMATA
3156020,M20,M20,11,0,17:00:00,16136,Wheaton+Bay E,19,NA,1,WHEATON+BAY E,WHEATON STATION,WMATA
3156020,M20,M20,11,0,17:17:00,12893,Glenmont+Bay H,30,NA,1,GLENMONT+BAY H,GLENMONT STATION,WMATA
3180020,EXP,EXP,11,1,11:00:00,29091,North Bethesda Station+Bay C,2,NA,1,NORTH BETHESDA STATION+BAY C,NORTH BETHESDA STATION,WMATA
3197020,D96,D96,11,1,18:20:00,28523,Bethesda+Bay A,2,NA,1,BETHESDA+BAY A,BETHESDA STATION,WMATA
3211020,EXP,EXP,11,1,10:51:00,29091,North Bethesda Station+Bay C,2,NA,1,NORTH BETHESDA STATION+BAY C,NORTH BETHESDA STATION,WMATA
3212020,EXP,EXP,11,1,19:21:00,29091,North Bethesda Station+Bay C,2,NA,1,NORTH BETHESDA STATION+BAY C,NORTH BETHESDA STATION,WMATA
3253020,LCL,LCL,11,1,16:44:00,29087,Grosvenor Station+Bay F,4,NA,1,GROSVENOR STATION+BAY F,GROSVENOR STATION,WMATA
3253020,LCL,LCL,11,1,16:36:00,29091,North Bethesda Station+Bay C,2,NA,1,NORTH BETHESDA STATION+BAY C,NORTH BETHESDA STATION,WMATA
3262020,M52,M52,11,0,10:30:00,19053,Silver Spring+Bay 113,2,NA,1,SILVER SPRING+BAY 113,SILVER SPRING STATION,WMATA
3270020,M20,M20,11,1,05:53:00,18954,Silver Spring+Bay 219,21,NA,1,SILVER SPRING+BAY 219,SILVER SPRING STATION,WMATA
3270020,M20,M20,11,1,05:38:00,15406,Wheaton+Bay A,2,NA,1,WHEATON+BAY A,WHEATON STATION,WMATA
3272020,D60,D60,11,0,19:03:00,18918,Silver Spring+Bay 103,49,NA,1,SILVER SPRING+BAY 103,SILVER SPRING STATION,WMATA
3273020,M42,M42,11,1,15:27:00,15313,Glenmont+Bay F,78,NA,1,GLENMONT+BAY F,GLENMONT STATION,WMATA
3313020,D40,D40,11,1,19:24:00,18907,Silver Spring+Bay 220,2,NA,1,SILVER SPRING+BAY 220,SILVER SPRING STATION,WMATA
3315020,P30,P30,11,0,13:11:00,18911,Silver Spring+Bay 223,2,NA,1,SILVER SPRING+BAY 223,SILVER SPRING STATION,WMATA
3320020,D96,D96,11,0,21:36:00,28523,Bethesda+Bay A,79,NA,1,BETHESDA+BAY A,BETHESDA STATION,WMATA
3343020,LCL,LCL,11,0,09:39:00,29090,Grosvenor Station,8,NA,1,GROSVENOR STATION,GROSVENOR STATION,WMATA
3351020,M12,M12,11,0,17:16:00,10628,Wheaton+Bay D,2,NA,1,WHEATON+BAY D,WHEATON STATION,WMATA
3359020,M52,M52,11,1,08:51:00,19053,Silver Spring+Bay 113,101,NA,1,SILVER SPRING+BAY 113,SILVER SPRING STATION,WMATA
3361020,D40,D40,11,1,20:24:00,18907,Silver Spring+Bay 220,2,NA,1,SILVER SPRING+BAY 220,SILVER SPRING STATION,WMATA
3388020,EXP,EXP,11,1,12:55:00,29091,North Bethesda Station+Bay C,2,NA,1,NORTH BETHESDA STATION+BAY C,NORTH BETHESDA STATION,WMATA
3397020,EXP,EXP,11,1,15:44:00,29091,North Bethesda Station+Bay C,2,NA,1,NORTH BETHESDA STATION+BAY C,NORTH BETHESDA STATION,WMATA
3410020,D96,D96,11,0,19:23:00,28523,Bethesda+Bay A,79,NA,1,BETHESDA+BAY A,BETHESDA STATION,WMATA
3411020,D4X,D4X,11,1,08:20:00,18909,Silver Spring+Bay 221,2,NA,1,SILVER SPRING+BAY 221,SILVER SPRING STATION,WMATA
3412020,M42,M42,11,0,06:25:00,13000,Glenmont+Bay E,29,NA,1,GLENMONT+BAY E,GLENMONT STATION,WMATA
3436020,EXP,EXP,11,1,06:47:00,29091,North Bethesda Station+Bay C,2,NA,1,NORTH BETHESDA STATION+BAY C,NORTH BETHESDA STATION,WMATA
3438020,EXP,EXP,11,1,08:42:00,29091,North Bethesda Station+Bay C,2,NA,1,NORTH BETHESDA STATION+BAY C,NORTH BETHESDA STATION,WMATA
3452020,M12,M12,11,1,12:42:00,16955,Wheaton+Bay B,49,NA,1,WHEATON+BAY B,WHEATON STATION,WMATA
3452020,M12,M12,11,1,13:01:00,21558,Twinbrook+Bay A,74,NA,1,TWINBROOK+BAY A,TWINBROOK STATION,WMATA
3453020,M12,M12,11,0,16:28:00,10628,Wheaton+Bay D,2,NA,1,WHEATON+BAY D,WHEATON STATION,WMATA
3480020,EXP,EXP,11,1,15:29:00,29091,North Bethesda Station+Bay C,2,NA,1,NORTH BETHESDA STATION+BAY C,NORTH BETHESDA STATION,WMATA
3485020,LCL,LCL,11,1,18:44:00,29087,Grosvenor Station+Bay F,4,NA,1,GROSVENOR STATION+BAY F,GROSVENOR STATION,WMATA
3485020,LCL,LCL,11,1,18:36:00,29091,North Bethesda Station+Bay C,2,NA,1,NORTH BETHESDA STATION+BAY C,NORTH BETHESDA STATION,WMATA
3491020,M70,M70,11,1,09:24:00,18912,Silver Spring+Bay 102,2,NA,1,SILVER SPRING+BAY 102,SILVER SPRING STATION,WMATA
3491020,M70,M70,11,1,10:09:00,19082,Montgomery Mall+Bay F,46,NA,1,MONTGOMERY MALL+BAY F,MONTGOMERY MALL TRANSIT CENTER,WMATA
3491020,M70,M70,11,1,09:44:00,15362,Bethesda+Bay C,21,NA,1,BETHESDA+BAY C,BETHESDA STATION,WMATA
3492020,P30,P30,11,1,07:07:00,18911,Silver Spring+Bay 223,67,NA,1,SILVER SPRING+BAY 223,SILVER SPRING STATION,WMATA
3502020,D96,D96,11,0,19:42:00,28523,Bethesda+Bay A,79,NA,1,BETHESDA+BAY A,BETHESDA STATION,WMATA
3517020,LCL,LCL,11,0,08:35:00,29090,Grosvenor Station,8,NA,1,GROSVENOR STATION,GROSVENOR STATION,WMATA
3547020,LCL,LCL,11,1,06:52:00,29091,North Bethesda Station+Bay C,2,NA,1,NORTH BETHESDA STATION+BAY C,NORTH BETHESDA STATION,WMATA
3547020,LCL,LCL,11,1,07:00:00,29087,Grosvenor Station+Bay F,4,NA,1,GROSVENOR STATION+BAY F,GROSVENOR STATION,WMATA
3548020,LCL,LCL,11,1,05:28:00,29087,Grosvenor Station+Bay F,4,NA,1,GROSVENOR STATION+BAY F,GROSVENOR STATION,WMATA
3548020,LCL,LCL,11,1,05:20:00,29091,North Bethesda Station+Bay C,2,NA,1,NORTH BETHESDA STATION+BAY C,NORTH BETHESDA STATION,WMATA
3554020,EXP,EXP,11,1,06:56:00,29091,North Bethesda Station+Bay C,2,NA,1,NORTH BETHESDA STATION+BAY C,NORTH BETHESDA STATION,WMATA
3568020,D40,D40,11,1,04:40:00,18907,Silver Spring+Bay 220,2,NA,1,SILVER SPRING+BAY 220,SILVER SPRING STATION,WMATA
3611020,D4X,D4X,11,0,11:06:00,18909,Silver Spring+Bay 221,24,NA,1,SILVER SPRING+BAY 221,SILVER SPRING STATION,WMATA
3633020,LCL,LCL,11,1,12:16:00,29091,North Bethesda Station+Bay C,2,NA,1,NORTH BETHESDA STATION+BAY C,NORTH BETHESDA STATION,WMATA
3633020,LCL,LCL,11,1,12:24:00,29087,Grosvenor Station+Bay F,4,NA,1,GROSVENOR STATION+BAY F,GROSVENOR STATION,WMATA
3646020,M70,M70,11,1,19:00:00,15362,Bethesda+Bay C,21,NA,1,BETHESDA+BAY C,BETHESDA STATION,WMATA
3646020,M70,M70,11,1,18:40:00,18912,Silver Spring+Bay 102,2,NA,1,SILVER SPRING+BAY 102,SILVER SPRING STATION,WMATA
3646020,M70,M70,11,1,19:25:00,19082,Montgomery Mall+Bay F,46,NA,1,MONTGOMERY MALL+BAY F,MONTGOMERY MALL TRANSIT CENTER,WMATA
3647020,D40,D40,11,1,24:00:00,18907,Silver Spring+Bay 220,2,NA,1,SILVER SPRING+BAY 220,SILVER SPRING STATION,WMATA
3664020,EXP,EXP,11,1,09:49:00,29091,North Bethesda Station+Bay C,2,NA,1,NORTH BETHESDA STATION+BAY C,NORTH BETHESDA STATION,WMATA
3682020,D4X,D4X,11,1,12:10:00,18909,Silver Spring+Bay 221,2,NA,1,SILVER SPRING+BAY 221,SILVER SPRING STATION,WMATA
3705020,EXP,EXP,11,1,15:21:00,29091,North Bethesda Station+Bay C,2,NA,1,NORTH BETHESDA STATION+BAY C,NORTH BETHESDA STATION,WMATA
3731020,D60,D60,11,1,09:24:00,18918,Silver Spring+Bay 103,2,NA,1,SILVER SPRING+BAY 103,SILVER SPRING STATION,WMATA
3753020,EXP,EXP,11,1,04:51:00,29091,North Bethesda Station+Bay C,2,NA,1,NORTH BETHESDA STATION+BAY C,NORTH BETHESDA STATION,WMATA
3768020,M20,M20,11,0,06:46:00,18954,Silver Spring+Bay 219,2,NA,1,SILVER SPRING+BAY 219,SILVER SPRING STATION,WMATA
3768020,M20,M20,11,0,07:04:00,16136,Wheaton+Bay E,19,NA,1,WHEATON+BAY E,WHEATON STATION,WMATA
3769020,M20,M20,11,1,04:48:00,15406,Wheaton+Bay A,35,NA,1,WHEATON+BAY A,WHEATON STATION,WMATA
3769020,M20,M20,11,1,04:38:00,12892,Glenmont+Bay D,23,NA,1,GLENMONT+BAY D,GLENMONT STATION,WMATA
3769020,M20,M20,11,1,05:03:00,18954,Silver Spring+Bay 219,54,NA,1,SILVER SPRING+BAY 219,SILVER SPRING STATION,WMATA
3798020,C87,C87,11,1,06:33:00,19055,Silver Spring+Bay 115,2,NA,1,SILVER SPRING+BAY 115,SILVER SPRING STATION,WMATA
3799020,C87,C87,11,1,17:29:00,19055,Silver Spring+Bay 115,2,NA,1,SILVER SPRING+BAY 115,SILVER SPRING STATION,WMATA
3801020,M12,M12,11,1,17:23:00,21558,Twinbrook+Bay A,74,NA,1,TWINBROOK+BAY A,TWINBROOK STATION,WMATA
3801020,M12,M12,11,1,17:02:00,16955,Wheaton+Bay B,49,NA,1,WHEATON+BAY B,WHEATON STATION,WMATA
3829020,EXP,EXP,11,1,13:11:00,29091,North Bethesda Station+Bay C,2,NA,1,NORTH BETHESDA STATION+BAY C,NORTH BETHESDA STATION,WMATA
3839020,M22,M22,11,0,05:41:00,12893,Glenmont+Bay H,13,NA,1,GLENMONT+BAY H,GLENMONT STATION,WMATA
3839020,M22,M22,11,0,05:30:00,16136,Wheaton+Bay E,2,NA,1,WHEATON+BAY E,WHEATON STATION,WMATA
3843020,P30,P30,11,1,25:15:00,18911,Silver Spring+Bay 223,67,NA,1,SILVER SPRING+BAY 223,SILVER SPRING STATION,WMATA
3870020,EXP,EXP,11,1,15:46:00,29091,North Bethesda Station+Bay C,2,NA,1,NORTH BETHESDA STATION+BAY C,NORTH BETHESDA STATION,WMATA
3871020,LCL,LCL,11,1,20:53:00,29091,North Bethesda Station+Bay C,2,NA,1,NORTH BETHESDA STATION+BAY C,NORTH BETHESDA STATION,WMATA
3871020,LCL,LCL,11,1,21:01:00,29087,Grosvenor Station+Bay F,4,NA,1,GROSVENOR STATION+BAY F,GROSVENOR STATION,WMATA
3890020,M70,M70,11,1,08:34:00,15362,Bethesda+Bay C,21,NA,1,BETHESDA+BAY C,BETHESDA STATION,WMATA
3890020,M70,M70,11,1,09:03:00,19082,Montgomery Mall+Bay F,46,NA,1,MONTGOMERY MALL+BAY F,MONTGOMERY MALL TRANSIT CENTER,WMATA
3890020,M70,M70,11,1,08:10:00,18912,Silver Spring+Bay 102,2,NA,1,SILVER SPRING+BAY 102,SILVER SPRING STATION,WMATA
3931020,M12,M12,11,1,18:53:00,16955,Wheaton+Bay B,31,NA,1,WHEATON+BAY B,WHEATON STATION,WMATA
3956020,LCL,LCL,11,0,10:31:00,29090,Grosvenor Station,8,NA,1,GROSVENOR STATION,GROSVENOR STATION,WMATA
3973020,D60,D60,11,0,11:03:00,18918,Silver Spring+Bay 103,49,NA,1,SILVER SPRING+BAY 103,SILVER SPRING STATION,WMATA
3992020,LCL,LCL,11,1,18:32:00,29087,Grosvenor Station+Bay F,4,NA,1,GROSVENOR STATION+BAY F,GROSVENOR STATION,WMATA
3992020,LCL,LCL,11,1,18:24:00,29091,North Bethesda Station+Bay C,2,NA,1,NORTH BETHESDA STATION+BAY C,NORTH BETHESDA STATION,WMATA
4000020,D40,D40,11,0,17:07:00,18907,Silver Spring+Bay 220,55,NA,1,SILVER SPRING+BAY 220,SILVER SPRING STATION,WMATA
4003020,P30,P30,11,0,14:45:00,18911,Silver Spring+Bay 223,2,NA,1,SILVER SPRING+BAY 223,SILVER SPRING STATION,WMATA
4009020,M20,M20,11,1,07:18:00,15406,Wheaton+Bay A,2,NA,1,WHEATON+BAY A,WHEATON STATION,WMATA
4009020,M20,M20,11,1,07:39:00,18954,Silver Spring+Bay 219,21,NA,1,SILVER SPRING+BAY 219,SILVER SPRING STATION,WMATA
4011020,M12,M12,11,0,16:04:00,10628,Wheaton+Bay D,28,NA,1,WHEATON+BAY D,WHEATON STATION,WMATA
4011020,M12,M12,11,0,15:41:00,21558,Twinbrook+Bay A,2,NA,1,TWINBROOK+BAY A,TWINBROOK STATION,WMATA
4034020,M70,M70,11,1,12:24:00,18912,Silver Spring+Bay 102,2,NA,1,SILVER SPRING+BAY 102,SILVER SPRING STATION,WMATA
4034020,M70,M70,11,1,13:07:00,19082,Montgomery Mall+Bay F,46,NA,1,MONTGOMERY MALL+BAY F,MONTGOMERY MALL TRANSIT CENTER,WMATA
4034020,M70,M70,11,1,12:42:00,15362,Bethesda+Bay C,21,NA,1,BETHESDA+BAY C,BETHESDA STATION,WMATA
4035020,M20,M20,11,0,12:14:00,18954,Silver Spring+Bay 219,2,NA,1,SILVER SPRING+BAY 219,SILVER SPRING STATION,WMATA
4035020,M20,M20,11,0,12:34:00,16136,Wheaton+Bay E,19,NA,1,WHEATON+BAY E,WHEATON STATION,WMATA
4061020,LCL,LCL,11,0,14:59:00,29090,Grosvenor Station,8,NA,1,GROSVENOR STATION,GROSVENOR STATION,WMATA
4071020,D4X,D4X,11,0,19:45:00,18909,Silver Spring+Bay 221,24,NA,1,SILVER SPRING+BAY 221,SILVER SPRING STATION,WMATA
4079020,M52,M52,11,0,14:00:00,19053,Silver Spring+Bay 113,2,NA,1,SILVER SPRING+BAY 113,SILVER SPRING STATION,WMATA
4096020,EXP,EXP,11,1,05:31:00,29091,North Bethesda Station+Bay C,2,NA,1,NORTH BETHESDA STATION+BAY C,NORTH BETHESDA STATION,WMATA
4107020,M70,M70,11,0,10:24:00,19082,Montgomery Mall+Bay F,2,NA,1,MONTGOMERY MALL+BAY F,MONTGOMERY MALL TRANSIT CENTER,WMATA
4107020,M70,M70,11,0,11:05:00,18912,Silver Spring+Bay 102,46,NA,1,SILVER SPRING+BAY 102,SILVER SPRING STATION,WMATA
4107020,M70,M70,11,0,10:48:00,15362,Bethesda+Bay C,27,NA,1,BETHESDA+BAY C,BETHESDA STATION,WMATA
4122020,EXP,EXP,11,1,07:54:00,29091,North Bethesda Station+Bay C,2,NA,1,NORTH BETHESDA STATION+BAY C,NORTH BETHESDA STATION,WMATA
4123020,LCL,LCL,11,0,05:47:00,29090,Grosvenor Station,8,NA,1,GROSVENOR STATION,GROSVENOR STATION,WMATA
4128020,M54,M54,11,0,05:45:00,19054,Silver Spring+Bay 114,2,NA,1,SILVER SPRING+BAY 114,SILVER SPRING STATION,WMATA
4138020,D60,D60,11,1,01:20:00,18918,Silver Spring+Bay 103,2,NA,1,SILVER SPRING+BAY 103,SILVER SPRING STATION,WMATA
4152020,EXP,EXP,11,1,20:25:00,29091,North Bethesda Station+Bay C,2,NA,1,NORTH BETHESDA STATION+BAY C,NORTH BETHESDA STATION,WMATA
4159020,LCL,LCL,11,1,06:00:00,29091,North Bethesda Station+Bay C,2,NA,1,NORTH BETHESDA STATION+BAY C,NORTH BETHESDA STATION,WMATA
4159020,LCL,LCL,11,1,06:08:00,29087,Grosvenor Station+Bay F,4,NA,1,GROSVENOR STATION+BAY F,GROSVENOR STATION,WMATA
4170020,M22,M22,11,0,20:12:00,12893,Glenmont+Bay H,47,NA,1,GLENMONT+BAY H,GLENMONT STATION,WMATA
4170020,M22,M22,11,0,19:34:00,15389,Bethesda+Bay B,2,NA,1,BETHESDA+BAY B,BETHESDA STATION,WMATA
4170020,M22,M22,11,0,20:00:00,16136,Wheaton+Bay E,36,NA,1,WHEATON+BAY E,WHEATON STATION,WMATA
4171020,P30,P30,11,0,12:25:00,18911,Silver Spring+Bay 223,2,NA,1,SILVER SPRING+BAY 223,SILVER SPRING STATION,WMATA
4206020,D40,D40,11,1,03:20:00,18907,Silver Spring+Bay 220,2,NA,1,SILVER SPRING+BAY 220,SILVER SPRING STATION,WMATA
4209020,M20,M20,11,0,19:03:00,18954,Silver Spring+Bay 219,2,NA,1,SILVER SPRING+BAY 219,SILVER SPRING STATION,WMATA
4209020,M20,M20,11,0,19:26:00,16136,Wheaton+Bay E,19,NA,1,WHEATON+BAY E,WHEATON STATION,WMATA
4210020,D4X,D4X,11,1,21:30:00,18909,Silver Spring+Bay 221,2,NA,1,SILVER SPRING+BAY 221,SILVER SPRING STATION,WMATA
4243020,D40,D40,11,0,20:51:00,18907,Silver Spring+Bay 220,55,NA,1,SILVER SPRING+BAY 220,SILVER SPRING STATION,WMATA
4246020,P30,P30,11,1,13:19:00,18911,Silver Spring+Bay 223,67,NA,1,SILVER SPRING+BAY 223,SILVER SPRING STATION,WMATA
4266020,LCL,LCL,11,1,06:24:00,29091,North Bethesda Station+Bay C,2,NA,1,NORTH BETHESDA STATION+BAY C,NORTH BETHESDA STATION,WMATA
4266020,LCL,LCL,11,1,06:32:00,29087,Grosvenor Station+Bay F,4,NA,1,GROSVENOR STATION+BAY F,GROSVENOR STATION,WMATA
4267020,LCL,LCL,11,1,16:50:00,29087,Grosvenor Station+Bay F,4,NA,1,GROSVENOR STATION+BAY F,GROSVENOR STATION,WMATA
4267020,LCL,LCL,11,1,16:42:00,29091,North Bethesda Station+Bay C,2,NA,1,NORTH BETHESDA STATION+BAY C,NORTH BETHESDA STATION,WMATA
4279020,D6X,D6X,11,0,23:24:00,18914,Silver Spring+Bay 104,33,NA,1,SILVER SPRING+BAY 104,SILVER SPRING STATION,WMATA
4287020,D40,D40,11,1,02:00:00,18907,Silver Spring+Bay 220,2,NA,1,SILVER SPRING+BAY 220,SILVER SPRING STATION,WMATA
4313020,D60,D60,11,0,24:19:00,18918,Silver Spring+Bay 103,49,NA,1,SILVER SPRING+BAY 103,SILVER SPRING STATION,WMATA
4321020,D60,D60,11,0,08:24:00,18918,Silver Spring+Bay 103,49,NA,1,SILVER SPRING+BAY 103,SILVER SPRING STATION,WMATA
4351020,EXP,EXP,11,1,08:45:00,29091,North Bethesda Station+Bay C,2,NA,1,NORTH BETHESDA STATION+BAY C,NORTH BETHESDA STATION,WMATA
4360020,P30,P30,11,0,18:36:00,18911,Silver Spring+Bay 223,2,NA,1,SILVER SPRING+BAY 223,SILVER SPRING STATION,WMATA
4367020,M20,M20,11,1,24:02:00,18954,Silver Spring+Bay 219,21,NA,1,SILVER SPRING+BAY 219,SILVER SPRING STATION,WMATA
4367020,M20,M20,11,1,23:50:00,15406,Wheaton+Bay A,2,NA,1,WHEATON+BAY A,WHEATON STATION,WMATA
4368020,M54,M54,11,1,21:28:00,19054,Silver Spring+Bay 114,54,NA,1,SILVER SPRING+BAY 114,SILVER SPRING STATION,WMATA
4369020,M70,M70,11,1,21:02:00,19082,Montgomery Mall+Bay F,46,NA,1,MONTGOMERY MALL+BAY F,MONTGOMERY MALL TRANSIT CENTER,WMATA
4369020,M70,M70,11,1,20:24:00,18912,Silver Spring+Bay 102,2,NA,1,SILVER SPRING+BAY 102,SILVER SPRING STATION,WMATA
4369020,M70,M70,11,1,20:40:00,15362,Bethesda+Bay C,21,NA,1,BETHESDA+BAY C,BETHESDA STATION,WMATA
4375020,M22,M22,11,1,11:42:00,15406,Wheaton+Bay A,53,NA,1,WHEATON+BAY A,WHEATON STATION,WMATA
4375020,M22,M22,11,1,11:29:00,12892,Glenmont+Bay D,41,NA,1,GLENMONT+BAY D,GLENMONT STATION,WMATA
4375020,M22,M22,11,1,12:08:00,15389,Bethesda+Bay B,89,NA,1,BETHESDA+BAY B,BETHESDA STATION,WMATA
4396020,LCL,LCL,11,1,15:38:00,29087,Grosvenor Station+Bay F,4,NA,1,GROSVENOR STATION+BAY F,GROSVENOR STATION,WMATA
4396020,LCL,LCL,11,1,15:30:00,29091,North Bethesda Station+Bay C,2,NA,1,NORTH BETHESDA STATION+BAY C,NORTH BETHESDA STATION,WMATA
4398020,LCL,LCL,11,0,07:35:00,29090,Grosvenor Station,8,NA,1,GROSVENOR STATION,GROSVENOR STATION,WMATA
4399020,EXP,EXP,11,1,12:28:00,29091,North Bethesda Station+Bay C,2,NA,1,NORTH BETHESDA STATION+BAY C,NORTH BETHESDA STATION,WMATA
4407020,M22,M22,11,1,06:20:00,12892,Glenmont+Bay D,41,NA,1,GLENMONT+BAY D,GLENMONT STATION,WMATA
4407020,M22,M22,11,1,06:30:00,15406,Wheaton+Bay A,53,NA,1,WHEATON+BAY A,WHEATON STATION,WMATA
4407020,M22,M22,11,1,06:53:00,15389,Bethesda+Bay B,89,NA,1,BETHESDA+BAY B,BETHESDA STATION,WMATA
4436020,EXP,EXP,11,1,09:14:00,29091,North Bethesda Station+Bay C,2,NA,1,NORTH BETHESDA STATION+BAY C,NORTH BETHESDA STATION,WMATA
4443020,D40,D40,11,1,17:24:00,18907,Silver Spring+Bay 220,2,NA,1,SILVER SPRING+BAY 220,SILVER SPRING STATION,WMATA
4448020,P30,P30,11,1,18:13:00,18911,Silver Spring+Bay 223,67,NA,1,SILVER SPRING+BAY 223,SILVER SPRING STATION,WMATA
4450020,D60,D60,11,1,03:00:00,18918,Silver Spring+Bay 103,2,NA,1,SILVER SPRING+BAY 103,SILVER SPRING STATION,WMATA
4452020,D60,D60,11,0,13:05:00,18918,Silver Spring+Bay 103,49,NA,1,SILVER SPRING+BAY 103,SILVER SPRING STATION,WMATA
4453020,M20,M20,11,0,06:35:00,16136,Wheaton+Bay E,19,NA,1,WHEATON+BAY E,WHEATON STATION,WMATA
4453020,M20,M20,11,0,06:19:00,18954,Silver Spring+Bay 219,2,NA,1,SILVER SPRING+BAY 219,SILVER SPRING STATION,WMATA
4470020,LCL,LCL,11,1,05:24:00,29087,Grosvenor Station+Bay F,4,NA,1,GROSVENOR STATION+BAY F,GROSVENOR STATION,WMATA
4470020,LCL,LCL,11,1,05:16:00,29091,North Bethesda Station+Bay C,2,NA,1,NORTH BETHESDA STATION+BAY C,NORTH BETHESDA STATION,WMATA
4487020,M70,M70,11,0,08:40:00,18912,Silver Spring+Bay 102,46,NA,1,SILVER SPRING+BAY 102,SILVER SPRING STATION,WMATA
4487020,M70,M70,11,0,07:50:00,19082,Montgomery Mall+Bay F,2,NA,1,MONTGOMERY MALL+BAY F,MONTGOMERY MALL TRANSIT CENTER,WMATA
4487020,M70,M70,11,0,08:21:00,15362,Bethesda+Bay C,27,NA,1,BETHESDA+BAY C,BETHESDA STATION,WMATA
4489020,M20,M20,11,0,14:00:00,16136,Wheaton+Bay E,19,NA,1,WHEATON+BAY E,WHEATON STATION,WMATA
4489020,M20,M20,11,0,14:14:00,12893,Glenmont+Bay H,30,NA,1,GLENMONT+BAY H,GLENMONT STATION,WMATA
4489020,M20,M20,11,0,13:38:00,18954,Silver Spring+Bay 219,2,NA,1,SILVER SPRING+BAY 219,SILVER SPRING STATION,WMATA
4490020,D60,D60,11,0,09:24:00,18918,Silver Spring+Bay 103,49,NA,1,SILVER SPRING+BAY 103,SILVER SPRING STATION,WMATA
4491020,M42,M42,11,0,13:25:00,13000,Glenmont+Bay E,29,NA,1,GLENMONT+BAY E,GLENMONT STATION,WMATA
4496020,D96,D96,11,0,14:23:00,28523,Bethesda+Bay A,79,NA,1,BETHESDA+BAY A,BETHESDA STATION,WMATA
4530020,D60,D60,11,1,15:01:00,18918,Silver Spring+Bay 103,2,NA,1,SILVER SPRING+BAY 103,SILVER SPRING STATION,WMATA
4541020,D96,D96,11,1,15:40:00,28523,Bethesda+Bay A,2,NA,1,BETHESDA+BAY A,BETHESDA STATION,WMATA
4563020,P30,P30,11,1,19:30:00,18911,Silver Spring+Bay 223,67,NA,1,SILVER SPRING+BAY 223,SILVER SPRING STATION,WMATA
4566020,M52,M52,11,1,18:47:00,19053,Silver Spring+Bay 113,102,NA,1,SILVER SPRING+BAY 113,SILVER SPRING STATION,WMATA
4574020,M54,M54,11,1,17:04:00,19054,Silver Spring+Bay 114,54,NA,1,SILVER SPRING+BAY 114,SILVER SPRING STATION,WMATA
4576020,M12,M12,11,0,13:56:00,10628,Wheaton+Bay D,28,NA,1,WHEATON+BAY D,WHEATON STATION,WMATA
4576020,M12,M12,11,0,13:36:00,21558,Twinbrook+Bay A,2,NA,1,TWINBROOK+BAY A,TWINBROOK STATION,WMATA
4605020,D6X,D6X,11,0,19:04:00,18914,Silver Spring+Bay 104,33,NA,1,SILVER SPRING+BAY 104,SILVER SPRING STATION,WMATA
4634020,D60,D60,11,0,23:39:00,18918,Silver Spring+Bay 103,49,NA,1,SILVER SPRING+BAY 103,SILVER SPRING STATION,WMATA
4677020,P30,P30,11,0,21:20:00,18911,Silver Spring+Bay 223,2,NA,1,SILVER SPRING+BAY 223,SILVER SPRING STATION,WMATA
4703020,LCL,LCL,11,1,08:52:00,29091,North Bethesda Station+Bay C,2,NA,1,NORTH BETHESDA STATION+BAY C,NORTH BETHESDA STATION,WMATA
4703020,LCL,LCL,11,1,09:00:00,29087,Grosvenor Station+Bay F,4,NA,1,GROSVENOR STATION+BAY F,GROSVENOR STATION,WMATA
4714020,M70,M70,11,1,23:29:00,15362,Bethesda+Bay C,21,NA,1,BETHESDA+BAY C,BETHESDA STATION,WMATA
4714020,M70,M70,11,1,23:15:00,18912,Silver Spring+Bay 102,2,NA,1,SILVER SPRING+BAY 102,SILVER SPRING STATION,WMATA
4714020,M70,M70,11,1,23:48:00,19082,Montgomery Mall+Bay F,46,NA,1,MONTGOMERY MALL+BAY F,MONTGOMERY MALL TRANSIT CENTER,WMATA
4721020,D96,D96,11,0,07:51:00,28523,Bethesda+Bay A,79,NA,1,BETHESDA+BAY A,BETHESDA STATION,WMATA
4751020,M22,M22,11,0,13:14:00,12893,Glenmont+Bay H,47,NA,1,GLENMONT+BAY H,GLENMONT STATION,WMATA
4751020,M22,M22,11,0,13:00:00,16136,Wheaton+Bay E,36,NA,1,WHEATON+BAY E,WHEATON STATION,WMATA
4751020,M22,M22,11,0,12:33:00,15389,Bethesda+Bay B,2,NA,1,BETHESDA+BAY B,BETHESDA STATION,WMATA
4759020,D96,D96,11,1,12:01:00,28523,Bethesda+Bay A,2,NA,1,BETHESDA+BAY A,BETHESDA STATION,WMATA
4786020,M12,M12,11,0,17:40:00,10628,Wheaton+Bay D,28,NA,1,WHEATON+BAY D,WHEATON STATION,WMATA
4786020,M12,M12,11,0,17:16:00,21558,Twinbrook+Bay A,2,NA,1,TWINBROOK+BAY A,TWINBROOK STATION,WMATA
4787020,M44,M44,11,1,20:38:00,15313,Glenmont+Bay F,91,NA,1,GLENMONT+BAY F,GLENMONT STATION,WMATA
4790020,P30,P30,11,1,20:27:00,18911,Silver Spring+Bay 223,67,NA,1,SILVER SPRING+BAY 223,SILVER SPRING STATION,WMATA
4793020,D96,D96,11,1,14:40:00,28523,Bethesda+Bay A,2,NA,1,BETHESDA+BAY A,BETHESDA STATION,WMATA
4796020,M82,M82,11,0,07:06:00,17396,Rockville+Bay A,73,NA,1,ROCKVILLE+BAY A,ROCKVILLE STATION,WMATA
4797020,D60,D60,11,1,11:24:00,18918,Silver Spring+Bay 103,2,NA,1,SILVER SPRING+BAY 103,SILVER SPRING STATION,WMATA
4806020,EXP,EXP,11,1,05:24:00,29091,North Bethesda Station+Bay C,2,NA,1,NORTH BETHESDA STATION+BAY C,NORTH BETHESDA STATION,WMATA
4819020,D60,D60,11,0,06:05:00,18918,Silver Spring+Bay 103,49,NA,1,SILVER SPRING+BAY 103,SILVER SPRING STATION,WMATA
4844020,LCL,LCL,11,0,09:11:00,29090,Grosvenor Station,8,NA,1,GROSVENOR STATION,GROSVENOR STATION,WMATA
4855020,M54,M54,11,0,16:15:00,19054,Silver Spring+Bay 114,2,NA,1,SILVER SPRING+BAY 114,SILVER SPRING STATION,WMATA
4864020,M20,M20,11,1,13:07:00,18954,Silver Spring+Bay 219,21,NA,1,SILVER SPRING+BAY 219,SILVER SPRING STATION,WMATA
4864020,M20,M20,11,1,12:47:00,15406,Wheaton+Bay A,2,NA,1,WHEATON+BAY A,WHEATON STATION,WMATA
4877020,EXP,EXP,11,1,07:45:00,29091,North Bethesda Station+Bay C,2,NA,1,NORTH BETHESDA STATION+BAY C,NORTH BETHESDA STATION,WMATA
4880020,LCL,LCL,11,0,25:04:00,29090,Grosvenor Station,8,NA,1,GROSVENOR STATION,GROSVENOR STATION,WMATA
4886020,D40,D40,11,0,25:46:00,18907,Silver Spring+Bay 220,59,NA,1,SILVER SPRING+BAY 220,SILVER SPRING STATION,WMATA
4888020,M44,M44,11,1,20:08:00,15313,Glenmont+Bay F,91,NA,1,GLENMONT+BAY F,GLENMONT STATION,WMATA
4889020,P30,P30,11,0,06:03:00,18911,Silver Spring+Bay 223,2,NA,1,SILVER SPRING+BAY 223,SILVER SPRING STATION,WMATA
4894020,D4X,D4X,11,1,17:00:00,18909,Silver Spring+Bay 221,2,NA,1,SILVER SPRING+BAY 221,SILVER SPRING STATION,WMATA
4895020,M52,M52,11,0,18:30:00,19053,Silver Spring+Bay 113,2,NA,1,SILVER SPRING+BAY 113,SILVER SPRING STATION,WMATA
4925020,D6X,D6X,11,1,17:20:00,18914,Silver Spring+Bay 104,2,NA,1,SILVER SPRING+BAY 104,SILVER SPRING STATION,WMATA
4926020,D6X,D6X,11,0,24:10:00,18914,Silver Spring+Bay 104,33,NA,1,SILVER SPRING+BAY 104,SILVER SPRING STATION,WMATA
4948020,LCL,LCL,11,0,16:40:00,29090,Grosvenor Station,8,NA,1,GROSVENOR STATION,GROSVENOR STATION,WMATA
4952020,D6X,D6X,11,0,18:11:00,18914,Silver Spring+Bay 104,33,NA,1,SILVER SPRING+BAY 104,SILVER SPRING STATION,WMATA
4961020,M12,M12,11,1,21:21:00,16955,Wheaton+Bay B,49,NA,1,WHEATON+BAY B,WHEATON STATION,WMATA
4961020,M12,M12,11,1,21:38:00,21558,Twinbrook+Bay A,74,NA,1,TWINBROOK+BAY A,TWINBROOK STATION,WMATA
4963020,M70,M70,11,0,26:00:00,19082,Montgomery Mall+Bay F,2,NA,1,MONTGOMERY MALL+BAY F,MONTGOMERY MALL TRANSIT CENTER,WMATA
4963020,M70,M70,11,0,26:32:00,18912,Silver Spring+Bay 102,46,NA,1,SILVER SPRING+BAY 102,SILVER SPRING STATION,WMATA
4963020,M70,M70,11,0,26:18:00,15362,Bethesda+Bay C,27,NA,1,BETHESDA+BAY C,BETHESDA STATION,WMATA
4966020,D96,D96,11,0,15:24:00,28523,Bethesda+Bay A,79,NA,1,BETHESDA+BAY A,BETHESDA STATION,WMATA
4995020,M70,M70,11,1,19:48:00,18912,Silver Spring+Bay 102,2,NA,1,SILVER SPRING+BAY 102,SILVER SPRING STATION,WMATA
4995020,M70,M70,11,1,20:26:00,19082,Montgomery Mall+Bay F,46,NA,1,MONTGOMERY MALL+BAY F,MONTGOMERY MALL TRANSIT CENTER,WMATA
4995020,M70,M70,11,1,20:04:00,15362,Bethesda+Bay C,21,NA,1,BETHESDA+BAY C,BETHESDA STATION,WMATA
5002020,M20,M20,11,0,08:27:00,12893,Glenmont+Bay H,30,NA,1,GLENMONT+BAY H,GLENMONT STATION,WMATA
5002020,M20,M20,11,0,08:15:00,16136,Wheaton+Bay E,19,NA,1,WHEATON+BAY E,WHEATON STATION,WMATA
5002020,M20,M20,11,0,07:56:00,18954,Silver Spring+Bay 219,2,NA,1,SILVER SPRING+BAY 219,SILVER SPRING STATION,WMATA
5004020,D60,D60,11,1,20:30:00,18918,Silver Spring+Bay 103,2,NA,1,SILVER SPRING+BAY 103,SILVER SPRING STATION,WMATA
5005020,D6X,D6X,11,1,21:45:00,18914,Silver Spring+Bay 104,2,NA,1,SILVER SPRING+BAY 104,SILVER SPRING STATION,WMATA
5039020,M20,M20,11,0,19:55:00,18954,Silver Spring+Bay 219,2,NA,1,SILVER SPRING+BAY 219,SILVER SPRING STATION,WMATA
5039020,M20,M20,11,0,20:15:00,16136,Wheaton+Bay E,19,NA,1,WHEATON+BAY E,WHEATON STATION,WMATA
5039020,M20,M20,11,0,20:27:00,12893,Glenmont+Bay H,30,NA,1,GLENMONT+BAY H,GLENMONT STATION,WMATA
5047020,D6X,D6X,11,1,13:45:00,18914,Silver Spring+Bay 104,2,NA,1,SILVER SPRING+BAY 104,SILVER SPRING STATION,WMATA
5048020,M42,M42,11,1,09:28:00,15313,Glenmont+Bay F,78,NA,1,GLENMONT+BAY F,GLENMONT STATION,WMATA
5049020,D40,D40,11,0,08:42:00,18907,Silver Spring+Bay 220,55,NA,1,SILVER SPRING+BAY 220,SILVER SPRING STATION,WMATA
5063020,LCL,LCL,11,1,05:52:00,29087,Grosvenor Station+Bay F,4,NA,1,GROSVENOR STATION+BAY F,GROSVENOR STATION,WMATA
5063020,LCL,LCL,11,1,05:44:00,29091,North Bethesda Station+Bay C,2,NA,1,NORTH BETHESDA STATION+BAY C,NORTH BETHESDA STATION,WMATA
5065020,EXP,EXP,11,1,12:36:00,29091,North Bethesda Station+Bay C,2,NA,1,NORTH BETHESDA STATION+BAY C,NORTH BETHESDA STATION,WMATA
5082020,M12,M12,11,1,07:35:00,16955,Wheaton+Bay B,49,NA,1,WHEATON+BAY B,WHEATON STATION,WMATA
5082020,M12,M12,11,1,07:56:00,21558,Twinbrook+Bay A,74,NA,1,TWINBROOK+BAY A,TWINBROOK STATION,WMATA
5083020,M20,M20,11,1,12:47:00,18954,Silver Spring+Bay 219,54,NA,1,SILVER SPRING+BAY 219,SILVER SPRING STATION,WMATA
5083020,M20,M20,11,1,12:14:00,12892,Glenmont+Bay D,23,NA,1,GLENMONT+BAY D,GLENMONT STATION,WMATA
5083020,M20,M20,11,1,12:27:00,15406,Wheaton+Bay A,35,NA,1,WHEATON+BAY A,WHEATON STATION,WMATA
5088020,D60,D60,11,1,03:20:00,18918,Silver Spring+Bay 103,2,NA,1,SILVER SPRING+BAY 103,SILVER SPRING STATION,WMATA
5089020,D96,D96,11,0,19:00:00,28523,Bethesda+Bay A,79,NA,1,BETHESDA+BAY A,BETHESDA STATION,WMATA
5092020,M22,M22,11,1,10:11:00,15389,Bethesda+Bay B,89,NA,1,BETHESDA+BAY B,BETHESDA STATION,WMATA
5092020,M22,M22,11,1,09:41:00,15406,Wheaton+Bay A,53,NA,1,WHEATON+BAY A,WHEATON STATION,WMATA
5092020,M22,M22,11,1,09:29:00,12892,Glenmont+Bay D,41,NA,1,GLENMONT+BAY D,GLENMONT STATION,WMATA
5150020,LCL,LCL,11,1,09:36:00,29091,North Bethesda Station+Bay C,2,NA,1,NORTH BETHESDA STATION+BAY C,NORTH BETHESDA STATION,WMATA
5150020,LCL,LCL,11,1,09:44:00,29087,Grosvenor Station+Bay F,4,NA,1,GROSVENOR STATION+BAY F,GROSVENOR STATION,WMATA
5169020,M12,M12,11,0,08:12:00,10628,Wheaton+Bay D,2,NA,1,WHEATON+BAY D,WHEATON STATION,WMATA
5172020,M42,M42,11,1,16:27:00,15313,Glenmont+Bay F,78,NA,1,GLENMONT+BAY F,GLENMONT STATION,WMATA
5204020,P30,P30,11,1,07:47:00,18911,Silver Spring+Bay 223,67,NA,1,SILVER SPRING+BAY 223,SILVER SPRING STATION,WMATA
5209020,D40,D40,11,1,18:36:00,18907,Silver Spring+Bay 220,2,NA,1,SILVER SPRING+BAY 220,SILVER SPRING STATION,WMATA
5219020,D6X,D6X,11,1,19:00:00,18914,Silver Spring+Bay 104,2,NA,1,SILVER SPRING+BAY 104,SILVER SPRING STATION,WMATA
5220020,M54,M54,11,1,21:58:00,19054,Silver Spring+Bay 114,54,NA,1,SILVER SPRING+BAY 114,SILVER SPRING STATION,WMATA
5290020,EXP,EXP,11,1,06:40:00,29091,North Bethesda Station+Bay C,2,NA,1,NORTH BETHESDA STATION+BAY C,NORTH BETHESDA STATION,WMATA
5294020,D4X,D4X,11,1,20:40:00,18909,Silver Spring+Bay 221,2,NA,1,SILVER SPRING+BAY 221,SILVER SPRING STATION,WMATA
5295020,M54,M54,11,0,21:45:00,19054,Silver Spring+Bay 114,2,NA,1,SILVER SPRING+BAY 114,SILVER SPRING STATION,WMATA
5303020,D40,D40,11,0,04:03:00,18907,Silver Spring+Bay 220,59,NA,1,SILVER SPRING+BAY 220,SILVER SPRING STATION,WMATA
5317020,LCL,LCL,11,1,21:29:00,29091,North Bethesda Station+Bay C,2,NA,1,NORTH BETHESDA STATION+BAY C,NORTH BETHESDA STATION,WMATA
5317020,LCL,LCL,11,1,21:37:00,29087,Grosvenor Station+Bay F,4,NA,1,GROSVENOR STATION+BAY F,GROSVENOR STATION,WMATA
5319020,LCL,LCL,11,0,07:15:00,29090,Grosvenor Station,8,NA,1,GROSVENOR STATION,GROSVENOR STATION,WMATA
5349020,D6X,D6X,11,0,07:40:00,18914,Silver Spring+Bay 104,33,NA,1,SILVER SPRING+BAY 104,SILVER SPRING STATION,WMATA
5370020,LCL,LCL,11,1,07:52:00,29091,North Bethesda Station+Bay C,2,NA,1,NORTH BETHESDA STATION+BAY C,NORTH BETHESDA STATION,WMATA
5370020,LCL,LCL,11,1,08:00:00,29087,Grosvenor Station+Bay F,4,NA,1,GROSVENOR STATION+BAY F,GROSVENOR STATION,WMATA
5372020,EXP,EXP,11,1,12:02:00,29091,North Bethesda Station+Bay C,2,NA,1,NORTH BETHESDA STATION+BAY C,NORTH BETHESDA STATION,WMATA
5378020,M12,M12,11,0,17:32:00,10628,Wheaton+Bay D,2,NA,1,WHEATON+BAY D,WHEATON STATION,WMATA
5384020,M44,M44,11,0,07:10:00,13000,Glenmont+Bay E,29,NA,1,GLENMONT+BAY E,GLENMONT STATION,WMATA
5386020,D40,D40,11,0,06:26:00,18907,Silver Spring+Bay 220,55,NA,1,SILVER SPRING+BAY 220,SILVER SPRING STATION,WMATA
5423020,P30,P30,11,1,21:26:00,18911,Silver Spring+Bay 223,67,NA,1,SILVER SPRING+BAY 223,SILVER SPRING STATION,WMATA
5427020,D4X,D4X,11,0,17:24:00,18909,Silver Spring+Bay 221,24,NA,1,SILVER SPRING+BAY 221,SILVER SPRING STATION,WMATA
5429020,D6X,D6X,11,1,17:00:00,18914,Silver Spring+Bay 104,2,NA,1,SILVER SPRING+BAY 104,SILVER SPRING STATION,WMATA
5437020,M82,M82,11,1,10:30:00,17396,Rockville+Bay A,2,NA,1,ROCKVILLE+BAY A,ROCKVILLE STATION,WMATA
5470020,D40,D40,11,1,11:36:00,18907,Silver Spring+Bay 220,2,NA,1,SILVER SPRING+BAY 220,SILVER SPRING STATION,WMATA
5472020,D40,D40,11,1,09:00:00,18907,Silver Spring+Bay 220,2,NA,1,SILVER SPRING+BAY 220,SILVER SPRING STATION,WMATA
5474020,D40,D40,11,0,21:39:00,18907,Silver Spring+Bay 220,55,NA,1,SILVER SPRING+BAY 220,SILVER SPRING STATION,WMATA
5517020,M22,M22,11,0,17:10:00,16136,Wheaton+Bay E,36,NA,1,WHEATON+BAY E,WHEATON STATION,WMATA
5517020,M22,M22,11,0,17:27:00,12893,Glenmont+Bay H,47,NA,1,GLENMONT+BAY H,GLENMONT STATION,WMATA
5517020,M22,M22,11,0,16:33:00,15389,Bethesda+Bay B,2,NA,1,BETHESDA+BAY B,BETHESDA STATION,WMATA
5546020,P30,P30,11,0,24:30:00,18911,Silver Spring+Bay 223,2,NA,1,SILVER SPRING+BAY 223,SILVER SPRING STATION,WMATA
5548020,M54,M54,11,1,15:01:00,19054,Silver Spring+Bay 114,54,NA,1,SILVER SPRING+BAY 114,SILVER SPRING STATION,WMATA
5557020,D96,D96,11,0,13:21:00,28523,Bethesda+Bay A,79,NA,1,BETHESDA+BAY A,BETHESDA STATION,WMATA
5559020,M12,M12,11,1,06:26:00,21558,Twinbrook+Bay A,74,NA,1,TWINBROOK+BAY A,TWINBROOK STATION,WMATA
5559020,M12,M12,11,1,06:07:00,16955,Wheaton+Bay B,49,NA,1,WHEATON+BAY B,WHEATON STATION,WMATA
5578020,EXP,EXP,11,1,08:40:00,29091,North Bethesda Station+Bay C,2,NA,1,NORTH BETHESDA STATION+BAY C,NORTH BETHESDA STATION,WMATA
5623020,D40,D40,11,0,05:56:00,18907,Silver Spring+Bay 220,55,NA,1,SILVER SPRING+BAY 220,SILVER SPRING STATION,WMATA
5625020,D4X,D4X,11,1,07:00:00,18909,Silver Spring+Bay 221,2,NA,1,SILVER SPRING+BAY 221,SILVER SPRING STATION,WMATA
5626020,M12,M12,11,1,07:17:00,16955,Wheaton+Bay B,31,NA,1,WHEATON+BAY B,WHEATON STATION,WMATA
5627020,M42,M42,11,1,18:27:00,15313,Glenmont+Bay F,78,NA,1,GLENMONT+BAY F,GLENMONT STATION,WMATA
5657020,LCL,LCL,11,0,09:35:00,29090,Grosvenor Station,8,NA,1,GROSVENOR STATION,GROSVENOR STATION,WMATA
5663020,M70,M70,11,0,07:40:00,19082,Montgomery Mall+Bay F,2,NA,1,MONTGOMERY MALL+BAY F,MONTGOMERY MALL TRANSIT CENTER,WMATA
5663020,M70,M70,11,0,08:06:00,15362,Bethesda+Bay C,27,NA,1,BETHESDA+BAY C,BETHESDA STATION,WMATA
5663020,M70,M70,11,0,08:24:00,18912,Silver Spring+Bay 102,46,NA,1,SILVER SPRING+BAY 102,SILVER SPRING STATION,WMATA
5665020,D40,D40,11,1,21:48:00,18907,Silver Spring+Bay 220,2,NA,1,SILVER SPRING+BAY 220,SILVER SPRING STATION,WMATA
5708020,LCL,LCL,11,1,06:36:00,29091,North Bethesda Station+Bay C,2,NA,1,NORTH BETHESDA STATION+BAY C,NORTH BETHESDA STATION,WMATA
5708020,LCL,LCL,11,1,06:44:00,29087,Grosvenor Station+Bay F,4,NA,1,GROSVENOR STATION+BAY F,GROSVENOR STATION,WMATA
5710020,LCL,LCL,11,0,14:35:00,29090,Grosvenor Station,8,NA,1,GROSVENOR STATION,GROSVENOR STATION,WMATA
5722020,D6X,D6X,11,1,06:40:00,18914,Silver Spring+Bay 104,2,NA,1,SILVER SPRING+BAY 104,SILVER SPRING STATION,WMATA
5723020,M20,M20,11,1,11:37:00,15406,Wheaton+Bay A,2,NA,1,WHEATON+BAY A,WHEATON STATION,WMATA
5723020,M20,M20,11,1,11:57:00,18954,Silver Spring+Bay 219,21,NA,1,SILVER SPRING+BAY 219,SILVER SPRING STATION,WMATA
5726020,P30,P30,11,0,14:09:00,18911,Silver Spring+Bay 223,2,NA,1,SILVER SPRING+BAY 223,SILVER SPRING STATION,WMATA
5742020,LCL,LCL,11,0,16:04:00,29090,Grosvenor Station,8,NA,1,GROSVENOR STATION,GROSVENOR STATION,WMATA
5777020,LCL,LCL,11,1,16:49:00,29087,Grosvenor Station+Bay F,4,NA,1,GROSVENOR STATION+BAY F,GROSVENOR STATION,WMATA
5777020,LCL,LCL,11,1,16:41:00,29091,North Bethesda Station+Bay C,2,NA,1,NORTH BETHESDA STATION+BAY C,NORTH BETHESDA STATION,WMATA
5789020,D60,D60,11,1,06:10:00,18918,Silver Spring+Bay 103,2,NA,1,SILVER SPRING+BAY 103,SILVER SPRING STATION,WMATA
5790020,M22,M22,11,0,16:10:00,16136,Wheaton+Bay E,36,NA,1,WHEATON+BAY E,WHEATON STATION,WMATA
5790020,M22,M22,11,0,16:26:00,12893,Glenmont+Bay H,47,NA,1,GLENMONT+BAY H,GLENMONT STATION,WMATA
5790020,M22,M22,11,0,15:37:00,15389,Bethesda+Bay B,2,NA,1,BETHESDA+BAY B,BETHESDA STATION,WMATA
5800020,M70,M70,11,0,18:35:00,15362,Bethesda+Bay C,27,NA,1,BETHESDA+BAY C,BETHESDA STATION,WMATA
5800020,M70,M70,11,0,18:10:00,19082,Montgomery Mall+Bay F,2,NA,1,MONTGOMERY MALL+BAY F,MONTGOMERY MALL TRANSIT CENTER,WMATA
5800020,M70,M70,11,0,18:52:00,18912,Silver Spring+Bay 102,46,NA,1,SILVER SPRING+BAY 102,SILVER SPRING STATION,WMATA
5840020,LCL,LCL,11,0,16:16:00,29090,Grosvenor Station,8,NA,1,GROSVENOR STATION,GROSVENOR STATION,WMATA
5850020,M20,M20,11,1,16:58:00,12892,Glenmont+Bay D,23,NA,1,GLENMONT+BAY D,GLENMONT STATION,WMATA
5850020,M20,M20,11,1,17:11:00,15406,Wheaton+Bay A,35,NA,1,WHEATON+BAY A,WHEATON STATION,WMATA
5850020,M20,M20,11,1,17:32:00,18954,Silver Spring+Bay 219,54,NA,1,SILVER SPRING+BAY 219,SILVER SPRING STATION,WMATA
5859020,M22,M22,11,1,04:53:00,12892,Glenmont+Bay D,37,NA,1,GLENMONT+BAY D,GLENMONT STATION,WMATA
5859020,M22,M22,11,1,05:23:00,15389,Bethesda+Bay B,85,NA,1,BETHESDA+BAY B,BETHESDA STATION,WMATA
5859020,M22,M22,11,1,05:03:00,15406,Wheaton+Bay A,49,NA,1,WHEATON+BAY A,WHEATON STATION,WMATA
5892020,P30,P30,11,1,14:09:00,18911,Silver Spring+Bay 223,67,NA,1,SILVER SPRING+BAY 223,SILVER SPRING STATION,WMATA
5899020,D40,D40,11,1,14:24:00,18907,Silver Spring+Bay 220,2,NA,1,SILVER SPRING+BAY 220,SILVER SPRING STATION,WMATA
5905020,D96,D96,11,0,10:51:00,28523,Bethesda+Bay A,79,NA,1,BETHESDA+BAY A,BETHESDA STATION,WMATA
5906020,D60,D60,11,1,04:00:00,18918,Silver Spring+Bay 103,2,NA,1,SILVER SPRING+BAY 103,SILVER SPRING STATION,WMATA
5907020,M70,M70,11,1,06:10:00,18912,Silver Spring+Bay 102,2,NA,1,SILVER SPRING+BAY 102,SILVER SPRING STATION,WMATA
5907020,M70,M70,11,1,06:28:00,15362,Bethesda+Bay C,21,NA,1,BETHESDA+BAY C,BETHESDA STATION,WMATA
5907020,M70,M70,11,1,06:53:00,19082,Montgomery Mall+Bay F,46,NA,1,MONTGOMERY MALL+BAY F,MONTGOMERY MALL TRANSIT CENTER,WMATA
5928020,LCL,LCL,11,0,09:51:00,29090,Grosvenor Station,8,NA,1,GROSVENOR STATION,GROSVENOR STATION,WMATA
5929020,LCL,LCL,11,0,18:35:00,29090,Grosvenor Station,8,NA,1,GROSVENOR STATION,GROSVENOR STATION,WMATA
5960020,EXP,EXP,11,1,13:06:00,29091,North Bethesda Station+Bay C,2,NA,1,NORTH BETHESDA STATION+BAY C,NORTH BETHESDA STATION,WMATA
5974020,D60,D60,11,0,06:36:00,18918,Silver Spring+Bay 103,49,NA,1,SILVER SPRING+BAY 103,SILVER SPRING STATION,WMATA
5975020,D60,D60,11,1,04:45:00,18918,Silver Spring+Bay 103,2,NA,1,SILVER SPRING+BAY 103,SILVER SPRING STATION,WMATA
5977020,D6X,D6X,11,1,14:15:00,18914,Silver Spring+Bay 104,2,NA,1,SILVER SPRING+BAY 104,SILVER SPRING STATION,WMATA
5978020,M44,M44,11,0,16:45:00,13000,Glenmont+Bay E,29,NA,1,GLENMONT+BAY E,GLENMONT STATION,WMATA
5980020,D96,D96,11,1,08:40:00,28523,Bethesda+Bay A,2,NA,1,BETHESDA+BAY A,BETHESDA STATION,WMATA
5981020,M82,M82,11,1,07:00:00,17396,Rockville+Bay A,2,NA,1,ROCKVILLE+BAY A,ROCKVILLE STATION,WMATA
5982020,M52,M52,11,1,11:18:00,19053,Silver Spring+Bay 113,68,NA,1,SILVER SPRING+BAY 113,SILVER SPRING STATION,WMATA
5984020,D6X,D6X,11,0,11:22:00,18914,Silver Spring+Bay 104,33,NA,1,SILVER SPRING+BAY 104,SILVER SPRING STATION,WMATA
5997020,LCL,LCL,11,0,08:11:00,29090,Grosvenor Station,8,NA,1,GROSVENOR STATION,GROSVENOR STATION,WMATA
6013020,D60,D60,11,1,16:15:00,18918,Silver Spring+Bay 103,2,NA,1,SILVER SPRING+BAY 103,SILVER SPRING STATION,WMATA
6015020,D6X,D6X,11,1,14:45:00,18914,Silver Spring+Bay 104,2,NA,1,SILVER SPRING+BAY 104,SILVER SPRING STATION,WMATA
6045020,M12,M12,11,1,18:02:00,16955,Wheaton+Bay B,49,NA,1,WHEATON+BAY B,WHEATON STATION,WMATA
6045020,M12,M12,11,1,18:23:00,21558,Twinbrook+Bay A,74,NA,1,TWINBROOK+BAY A,TWINBROOK STATION,WMATA
6047020,D60,D60,11,0,20:25:00,18918,Silver Spring+Bay 103,49,NA,1,SILVER SPRING+BAY 103,SILVER SPRING STATION,WMATA
6077020,EXP,EXP,11,1,18:15:00,29091,North Bethesda Station+Bay C,2,NA,1,NORTH BETHESDA STATION+BAY C,NORTH BETHESDA STATION,WMATA
6088020,D60,D60,11,1,07:20:00,18918,Silver Spring+Bay 103,2,NA,1,SILVER SPRING+BAY 103,SILVER SPRING STATION,WMATA
6090020,D40,D40,11,0,20:27:00,18907,Silver Spring+Bay 220,55,NA,1,SILVER SPRING+BAY 220,SILVER SPRING STATION,WMATA
6092020,M52,M52,11,1,10:18:00,19053,Silver Spring+Bay 113,68,NA,1,SILVER SPRING+BAY 113,SILVER SPRING STATION,WMATA
6120020,P30,P30,11,1,06:07:00,18911,Silver Spring+Bay 223,67,NA,1,SILVER SPRING+BAY 223,SILVER SPRING STATION,WMATA
6125020,M70,M70,11,1,17:50:00,18912,Silver Spring+Bay 102,2,NA,1,SILVER SPRING+BAY 102,SILVER SPRING STATION,WMATA
6125020,M70,M70,11,1,18:11:00,15362,Bethesda+Bay C,21,NA,1,BETHESDA+BAY C,BETHESDA STATION,WMATA
6125020,M70,M70,11,1,18:40:00,19082,Montgomery Mall+Bay F,46,NA,1,MONTGOMERY MALL+BAY F,MONTGOMERY MALL TRANSIT CENTER,WMATA
6126020,D4X,D4X,11,1,14:50:00,18909,Silver Spring+Bay 221,2,NA,1,SILVER SPRING+BAY 221,SILVER SPRING STATION,WMATA
6131020,D6X,D6X,11,1,09:45:00,18914,Silver Spring+Bay 104,2,NA,1,SILVER SPRING+BAY 104,SILVER SPRING STATION,WMATA
6132020,D4X,D4X,11,1,13:40:00,18909,Silver Spring+Bay 221,2,NA,1,SILVER SPRING+BAY 221,SILVER SPRING STATION,WMATA
6133020,M20,M20,11,1,15:45:00,15406,Wheaton+Bay A,2,NA,1,WHEATON+BAY A,WHEATON STATION,WMATA
6133020,M20,M20,11,1,16:08:00,18954,Silver Spring+Bay 219,21,NA,1,SILVER SPRING+BAY 219,SILVER SPRING STATION,WMATA
6135020,M42,M42,11,1,06:28:00,15313,Glenmont+Bay F,78,NA,1,GLENMONT+BAY F,GLENMONT STATION,WMATA
6136020,M12,M12,11,0,09:24:00,10628,Wheaton+Bay D,2,NA,1,WHEATON+BAY D,WHEATON STATION,WMATA
6139020,D96,D96,11,1,22:00:00,28523,Bethesda+Bay A,2,NA,1,BETHESDA+BAY A,BETHESDA STATION,WMATA
6140020,D96,D96,11,0,21:16:00,28523,Bethesda+Bay A,79,NA,1,BETHESDA+BAY A,BETHESDA STATION,WMATA
6156020,EXP,EXP,11,1,19:04:00,29091,North Bethesda Station+Bay C,2,NA,1,NORTH BETHESDA STATION+BAY C,NORTH BETHESDA STATION,WMATA
6158020,EXP,EXP,11,1,12:02:00,29091,North Bethesda Station+Bay C,2,NA,1,NORTH BETHESDA STATION+BAY C,NORTH BETHESDA STATION,WMATA
6162020,P30,P30,11,1,16:59:00,18911,Silver Spring+Bay 223,67,NA,1,SILVER SPRING+BAY 223,SILVER SPRING STATION,WMATA
6167020,M22,M22,11,1,18:38:00,15406,Wheaton+Bay A,53,NA,1,WHEATON+BAY A,WHEATON STATION,WMATA
6167020,M22,M22,11,1,19:02:00,15389,Bethesda+Bay B,89,NA,1,BETHESDA+BAY B,BETHESDA STATION,WMATA
6167020,M22,M22,11,1,18:25:00,12892,Glenmont+Bay D,41,NA,1,GLENMONT+BAY D,GLENMONT STATION,WMATA
6173020,D4X,D4X,11,1,12:30:00,18909,Silver Spring+Bay 221,2,NA,1,SILVER SPRING+BAY 221,SILVER SPRING STATION,WMATA
6214020,M70,M70,11,0,11:48:00,19082,Montgomery Mall+Bay F,2,NA,1,MONTGOMERY MALL+BAY F,MONTGOMERY MALL TRANSIT CENTER,WMATA
6214020,M70,M70,11,0,12:12:00,15362,Bethesda+Bay C,27,NA,1,BETHESDA+BAY C,BETHESDA STATION,WMATA
6214020,M70,M70,11,0,12:29:00,18912,Silver Spring+Bay 102,46,NA,1,SILVER SPRING+BAY 102,SILVER SPRING STATION,WMATA
6249020,M44,M44,11,0,17:15:00,13000,Glenmont+Bay E,29,NA,1,GLENMONT+BAY E,GLENMONT STATION,WMATA
6255020,D6X,D6X,11,1,12:00:00,18914,Silver Spring+Bay 104,2,NA,1,SILVER SPRING+BAY 104,SILVER SPRING STATION,WMATA
6259020,D60,D60,11,0,25:13:00,18918,Silver Spring+Bay 103,55,NA,1,SILVER SPRING+BAY 103,SILVER SPRING STATION,WMATA
6272020,EXP,EXP,11,1,12:14:00,29091,North Bethesda Station+Bay C,2,NA,1,NORTH BETHESDA STATION+BAY C,NORTH BETHESDA STATION,WMATA
6291020,D60,D60,11,1,19:30:00,18918,Silver Spring+Bay 103,2,NA,1,SILVER SPRING+BAY 103,SILVER SPRING STATION,WMATA
6292020,D60,D60,11,0,22:40:00,18918,Silver Spring+Bay 103,49,NA,1,SILVER SPRING+BAY 103,SILVER SPRING STATION,WMATA
6293020,M22,M22,11,0,24:30:00,16136,Wheaton+Bay E,2,NA,1,WHEATON+BAY E,WHEATON STATION,WMATA
6293020,M22,M22,11,0,24:39:00,12893,Glenmont+Bay H,13,NA,1,GLENMONT+BAY H,GLENMONT STATION,WMATA
6301020,M20,M20,11,0,06:09:00,18954,Silver Spring+Bay 219,2,NA,1,SILVER SPRING+BAY 219,SILVER SPRING STATION,WMATA
6301020,M20,M20,11,0,06:25:00,16136,Wheaton+Bay E,19,NA,1,WHEATON+BAY E,WHEATON STATION,WMATA
6302020,M82,M82,11,0,13:12:00,17396,Rockville+Bay A,73,NA,1,ROCKVILLE+BAY A,ROCKVILLE STATION,WMATA
6341020,D4X,D4X,11,0,09:15:00,18909,Silver Spring+Bay 221,24,NA,1,SILVER SPRING+BAY 221,SILVER SPRING STATION,WMATA
6342020,D4X,D4X,11,1,07:10:00,18909,Silver Spring+Bay 221,2,NA,1,SILVER SPRING+BAY 221,SILVER SPRING STATION,WMATA
6368020,LCL,LCL,11,1,04:28:00,29091,North Bethesda Station+Bay C,2,NA,1,NORTH BETHESDA STATION+BAY C,NORTH BETHESDA STATION,WMATA
6368020,LCL,LCL,11,1,04:36:00,29087,Grosvenor Station+Bay F,4,NA,1,GROSVENOR STATION+BAY F,GROSVENOR STATION,WMATA
6381020,D60,D60,11,1,23:00:00,18918,Silver Spring+Bay 103,2,NA,1,SILVER SPRING+BAY 103,SILVER SPRING STATION,WMATA
6386020,D60,D60,11,1,02:00:00,18918,Silver Spring+Bay 103,2,NA,1,SILVER SPRING+BAY 103,SILVER SPRING STATION,WMATA
6389020,M20,M20,11,1,07:46:00,18954,Silver Spring+Bay 219,21,NA,1,SILVER SPRING+BAY 219,SILVER SPRING STATION,WMATA
6389020,M20,M20,11,1,07:25:00,15406,Wheaton+Bay A,2,NA,1,WHEATON+BAY A,WHEATON STATION,WMATA
6422020,M52,M52,11,0,20:30:00,19053,Silver Spring+Bay 113,2,NA,1,SILVER SPRING+BAY 113,SILVER SPRING STATION,WMATA
6443020,EXP,EXP,11,1,09:10:00,29091,North Bethesda Station+Bay C,2,NA,1,NORTH BETHESDA STATION+BAY C,NORTH BETHESDA STATION,WMATA
6456020,M12,M12,11,1,11:30:00,16955,Wheaton+Bay B,49,NA,1,WHEATON+BAY B,WHEATON STATION,WMATA
6456020,M12,M12,11,1,11:49:00,21558,Twinbrook+Bay A,74,NA,1,TWINBROOK+BAY A,TWINBROOK STATION,WMATA
6478020,LCL,LCL,11,0,12:23:00,29090,Grosvenor Station,8,NA,1,GROSVENOR STATION,GROSVENOR STATION,WMATA
6493020,D4X,D4X,11,0,16:57:00,18909,Silver Spring+Bay 221,24,NA,1,SILVER SPRING+BAY 221,SILVER SPRING STATION,WMATA
6494020,M70,M70,11,0,23:00:00,19082,Montgomery Mall+Bay F,2,NA,1,MONTGOMERY MALL+BAY F,MONTGOMERY MALL TRANSIT CENTER,WMATA
6494020,M70,M70,11,0,23:20:00,15362,Bethesda+Bay C,27,NA,1,BETHESDA+BAY C,BETHESDA STATION,WMATA
6494020,M70,M70,11,0,23:36:00,18912,Silver Spring+Bay 102,46,NA,1,SILVER SPRING+BAY 102,SILVER SPRING STATION,WMATA
6495020,D40,D40,11,0,19:15:00,18907,Silver Spring+Bay 220,55,NA,1,SILVER SPRING+BAY 220,SILVER SPRING STATION,WMATA
6496020,P30,P30,11,1,12:05:00,18911,Silver Spring+Bay 223,67,NA,1,SILVER SPRING+BAY 223,SILVER SPRING STATION,WMATA
6519020,LCL,LCL,11,0,19:35:00,29090,Grosvenor Station,8,NA,1,GROSVENOR STATION,GROSVENOR STATION,WMATA
6525020,P30,P30,11,1,21:39:00,18911,Silver Spring+Bay 223,67,NA,1,SILVER SPRING+BAY 223,SILVER SPRING STATION,WMATA
6529020,D6X,D6X,11,1,16:10:00,18914,Silver Spring+Bay 104,2,NA,1,SILVER SPRING+BAY 104,SILVER SPRING STATION,WMATA
6564020,LCL,LCL,11,1,05:00:00,29087,Grosvenor Station+Bay F,4,NA,1,GROSVENOR STATION+BAY F,GROSVENOR STATION,WMATA
6564020,LCL,LCL,11,1,04:52:00,29091,North Bethesda Station+Bay C,2,NA,1,NORTH BETHESDA STATION+BAY C,NORTH BETHESDA STATION,WMATA
6579020,D60,D60,11,0,11:15:00,18918,Silver Spring+Bay 103,49,NA,1,SILVER SPRING+BAY 103,SILVER SPRING STATION,WMATA
6580020,D60,D60,11,1,13:48:00,18918,Silver Spring+Bay 103,2,NA,1,SILVER SPRING+BAY 103,SILVER SPRING STATION,WMATA
6602020,LCL,LCL,11,1,08:44:00,29087,Grosvenor Station+Bay F,4,NA,1,GROSVENOR STATION+BAY F,GROSVENOR STATION,WMATA
6602020,LCL,LCL,11,1,08:36:00,29091,North Bethesda Station+Bay C,2,NA,1,NORTH BETHESDA STATION+BAY C,NORTH BETHESDA STATION,WMATA
6603020,EXP,EXP,11,1,06:12:00,29091,North Bethesda Station+Bay C,2,NA,1,NORTH BETHESDA STATION+BAY C,NORTH BETHESDA STATION,WMATA
6605020,EXP,EXP,11,1,16:20:00,29091,North Bethesda Station+Bay C,2,NA,1,NORTH BETHESDA STATION+BAY C,NORTH BETHESDA STATION,WMATA
6627020,EXP,EXP,11,1,08:10:00,29091,North Bethesda Station+Bay C,2,NA,1,NORTH BETHESDA STATION+BAY C,NORTH BETHESDA STATION,WMATA
6645020,M22,M22,11,0,15:10:00,16136,Wheaton+Bay E,36,NA,1,WHEATON+BAY E,WHEATON STATION,WMATA
6645020,M22,M22,11,0,14:40:00,15389,Bethesda+Bay B,2,NA,1,BETHESDA+BAY B,BETHESDA STATION,WMATA
6645020,M22,M22,11,0,15:26:00,12893,Glenmont+Bay H,47,NA,1,GLENMONT+BAY H,GLENMONT STATION,WMATA
6694020,D60,D60,11,1,09:36:00,18918,Silver Spring+Bay 103,2,NA,1,SILVER SPRING+BAY 103,SILVER SPRING STATION,WMATA
6696020,M82,M82,11,0,18:46:00,17396,Rockville+Bay A,73,NA,1,ROCKVILLE+BAY A,ROCKVILLE STATION,WMATA
6716020,EXP,EXP,11,1,15:55:00,29091,North Bethesda Station+Bay C,2,NA,1,NORTH BETHESDA STATION+BAY C,NORTH BETHESDA STATION,WMATA
6734020,D96,D96,11,0,17:26:00,28523,Bethesda+Bay A,79,NA,1,BETHESDA+BAY A,BETHESDA STATION,WMATA
6760020,P30,P30,11,0,16:00:00,18911,Silver Spring+Bay 223,2,NA,1,SILVER SPRING+BAY 223,SILVER SPRING STATION,WMATA
6770020,M70,M70,11,1,07:30:00,18912,Silver Spring+Bay 102,2,NA,1,SILVER SPRING+BAY 102,SILVER SPRING STATION,WMATA
6770020,M70,M70,11,1,08:23:00,19082,Montgomery Mall+Bay F,46,NA,1,MONTGOMERY MALL+BAY F,MONTGOMERY MALL TRANSIT CENTER,WMATA
6770020,M70,M70,11,1,07:54:00,15362,Bethesda+Bay C,21,NA,1,BETHESDA+BAY C,BETHESDA STATION,WMATA
6771020,D4X,D4X,11,1,11:40:00,18909,Silver Spring+Bay 221,2,NA,1,SILVER SPRING+BAY 221,SILVER SPRING STATION,WMATA
6843020,EXP,EXP,11,1,12:46:00,29091,North Bethesda Station+Bay C,2,NA,1,NORTH BETHESDA STATION+BAY C,NORTH BETHESDA STATION,WMATA
6856020,M12,M12,11,0,16:44:00,10628,Wheaton+Bay D,2,NA,1,WHEATON+BAY D,WHEATON STATION,WMATA
6858020,D60,D60,11,0,23:10:00,18918,Silver Spring+Bay 103,49,NA,1,SILVER SPRING+BAY 103,SILVER SPRING STATION,WMATA
6882020,LCL,LCL,11,0,10:07:00,29090,Grosvenor Station,8,NA,1,GROSVENOR STATION,GROSVENOR STATION,WMATA
6884020,EXP,EXP,11,1,15:41:00,29091,North Bethesda Station+Bay C,2,NA,1,NORTH BETHESDA STATION+BAY C,NORTH BETHESDA STATION,WMATA
6889020,EXP,EXP,11,1,16:32:00,29091,North Bethesda Station+Bay C,2,NA,1,NORTH BETHESDA STATION+BAY C,NORTH BETHESDA STATION,WMATA
6914020,D4X,D4X,11,1,05:50:00,18909,Silver Spring+Bay 221,2,NA,1,SILVER SPRING+BAY 221,SILVER SPRING STATION,WMATA
6935020,LCL,LCL,11,1,14:36:00,29087,Grosvenor Station+Bay F,4,NA,1,GROSVENOR STATION+BAY F,GROSVENOR STATION,WMATA
6935020,LCL,LCL,11,1,14:28:00,29091,North Bethesda Station+Bay C,2,NA,1,NORTH BETHESDA STATION+BAY C,NORTH BETHESDA STATION,WMATA
6952020,M82,M82,11,1,09:30:00,17396,Rockville+Bay A,2,NA,1,ROCKVILLE+BAY A,ROCKVILLE STATION,WMATA
6953020,M12,M12,11,0,04:44:00,21558,Twinbrook+Bay A,2,NA,1,TWINBROOK+BAY A,TWINBROOK STATION,WMATA
6953020,M12,M12,11,0,05:00:00,10628,Wheaton+Bay D,28,NA,1,WHEATON+BAY D,WHEATON STATION,WMATA
6954020,D6X,D6X,11,1,07:18:00,18914,Silver Spring+Bay 104,2,NA,1,SILVER SPRING+BAY 104,SILVER SPRING STATION,WMATA
6956020,M70,M70,11,0,19:12:00,18912,Silver Spring+Bay 102,46,NA,1,SILVER SPRING+BAY 102,SILVER SPRING STATION,WMATA
6956020,M70,M70,11,0,18:55:00,15362,Bethesda+Bay C,27,NA,1,BETHESDA+BAY C,BETHESDA STATION,WMATA
6956020,M70,M70,11,0,18:30:00,19082,Montgomery Mall+Bay F,2,NA,1,MONTGOMERY MALL+BAY F,MONTGOMERY MALL TRANSIT CENTER,WMATA
6985020,EXP,EXP,11,1,10:11:00,29091,North Bethesda Station+Bay C,2,NA,1,NORTH BETHESDA STATION+BAY C,NORTH BETHESDA STATION,WMATA
6995020,D40,D40,11,0,16:38:00,18907,Silver Spring+Bay 220,55,NA,1,SILVER SPRING+BAY 220,SILVER SPRING STATION,WMATA
6997020,M42,M42,11,0,18:29:00,13000,Glenmont+Bay E,29,NA,1,GLENMONT+BAY E,GLENMONT STATION,WMATA
7046020,M12,M12,11,1,09:30:00,16955,Wheaton+Bay B,49,NA,1,WHEATON+BAY B,WHEATON STATION,WMATA
7046020,M12,M12,11,1,09:49:00,21558,Twinbrook+Bay A,74,NA,1,TWINBROOK+BAY A,TWINBROOK STATION,WMATA
7048020,D60,D60,11,0,10:51:00,18918,Silver Spring+Bay 103,49,NA,1,SILVER SPRING+BAY 103,SILVER SPRING STATION,WMATA
7072020,EXP,EXP,11,1,18:52:00,29091,North Bethesda Station+Bay C,2,NA,1,NORTH BETHESDA STATION+BAY C,NORTH BETHESDA STATION,WMATA
7088020,D4X,D4X,11,0,06:58:00,18909,Silver Spring+Bay 221,24,NA,1,SILVER SPRING+BAY 221,SILVER SPRING STATION,WMATA
7089020,M42,M42,11,0,05:21:00,13000,Glenmont+Bay E,29,NA,1,GLENMONT+BAY E,GLENMONT STATION,WMATA
7104020,LCL,LCL,11,1,04:36:00,29091,North Bethesda Station+Bay C,2,NA,1,NORTH BETHESDA STATION+BAY C,NORTH BETHESDA STATION,WMATA
7104020,LCL,LCL,11,1,04:44:00,29087,Grosvenor Station+Bay F,4,NA,1,GROSVENOR STATION+BAY F,GROSVENOR STATION,WMATA
7105020,EXP,EXP,11,1,06:10:00,29091,North Bethesda Station+Bay C,2,NA,1,NORTH BETHESDA STATION+BAY C,NORTH BETHESDA STATION,WMATA
7117020,M82,M82,11,1,16:30:00,17396,Rockville+Bay A,2,NA,1,ROCKVILLE+BAY A,ROCKVILLE STATION,WMATA
7118020,M12,M12,11,1,21:09:00,16955,Wheaton+Bay B,31,NA,1,WHEATON+BAY B,WHEATON STATION,WMATA
7126020,M20,M20,11,1,06:27:00,18954,Silver Spring+Bay 219,21,NA,1,SILVER SPRING+BAY 219,SILVER SPRING STATION,WMATA
7126020,M20,M20,11,1,06:12:00,15406,Wheaton+Bay A,2,NA,1,WHEATON+BAY A,WHEATON STATION,WMATA
7128020,D40,D40,11,1,14:00:00,18907,Silver Spring+Bay 220,2,NA,1,SILVER SPRING+BAY 220,SILVER SPRING STATION,WMATA
7164020,M12,M12,11,0,13:00:00,10628,Wheaton+Bay D,2,NA,1,WHEATON+BAY D,WHEATON STATION,WMATA
7189020,EXP,EXP,11,1,09:19:00,29091,North Bethesda Station+Bay C,2,NA,1,NORTH BETHESDA STATION+BAY C,NORTH BETHESDA STATION,WMATA
7202020,D6X,D6X,11,1,22:00:00,18914,Silver Spring+Bay 104,2,NA,1,SILVER SPRING+BAY 104,SILVER SPRING STATION,WMATA
7215020,LCL,LCL,11,0,07:59:00,29090,Grosvenor Station,8,NA,1,GROSVENOR STATION,GROSVENOR STATION,WMATA
7227020,EXP,EXP,11,1,07:21:00,29091,North Bethesda Station+Bay C,2,NA,1,NORTH BETHESDA STATION+BAY C,NORTH BETHESDA STATION,WMATA
7246020,D96,D96,11,1,09:31:00,28523,Bethesda+Bay A,2,NA,1,BETHESDA+BAY A,BETHESDA STATION,WMATA
7261020,EXP,EXP,11,1,13:20:00,29091,North Bethesda Station+Bay C,2,NA,1,NORTH BETHESDA STATION+BAY C,NORTH BETHESDA STATION,WMATA
7269020,D4X,D4X,11,1,19:30:00,18909,Silver Spring+Bay 221,2,NA,1,SILVER SPRING+BAY 221,SILVER SPRING STATION,WMATA
7279020,M12,M12,11,0,18:04:00,10628,Wheaton+Bay D,2,NA,1,WHEATON+BAY D,WHEATON STATION,WMATA
7308020,LCL,LCL,11,0,10:23:00,29090,Grosvenor Station,8,NA,1,GROSVENOR STATION,GROSVENOR STATION,WMATA
7319020,D40,D40,11,0,14:21:00,18907,Silver Spring+Bay 220,55,NA,1,SILVER SPRING+BAY 220,SILVER SPRING STATION,WMATA
7328020,D96,D96,11,0,12:21:00,28523,Bethesda+Bay A,79,NA,1,BETHESDA+BAY A,BETHESDA STATION,WMATA
7357020,EXP,EXP,11,1,20:59:00,29091,North Bethesda Station+Bay C,2,NA,1,NORTH BETHESDA STATION+BAY C,NORTH BETHESDA STATION,WMATA
7364020,D6X,D6X,11,0,17:59:00,18914,Silver Spring+Bay 104,33,NA,1,SILVER SPRING+BAY 104,SILVER SPRING STATION,WMATA
7365020,M70,M70,11,0,13:36:00,19082,Montgomery Mall+Bay F,2,NA,1,MONTGOMERY MALL+BAY F,MONTGOMERY MALL TRANSIT CENTER,WMATA
7365020,M70,M70,11,0,14:00:00,15362,Bethesda+Bay C,27,NA,1,BETHESDA+BAY C,BETHESDA STATION,WMATA
7365020,M70,M70,11,0,14:19:00,18912,Silver Spring+Bay 102,46,NA,1,SILVER SPRING+BAY 102,SILVER SPRING STATION,WMATA
7367020,M44,M44,11,0,16:15:00,13000,Glenmont+Bay E,29,NA,1,GLENMONT+BAY E,GLENMONT STATION,WMATA
7389020,EXP,EXP,11,1,16:54:00,29091,North Bethesda Station+Bay C,2,NA,1,NORTH BETHESDA STATION+BAY C,NORTH BETHESDA STATION,WMATA
7390020,LCL,LCL,11,0,23:40:00,29090,Grosvenor Station,8,NA,1,GROSVENOR STATION,GROSVENOR STATION,WMATA
7396020,D40,D40,11,1,13:24:00,18907,Silver Spring+Bay 220,2,NA,1,SILVER SPRING+BAY 220,SILVER SPRING STATION,WMATA
7397020,D4X,D4X,11,1,12:20:00,18909,Silver Spring+Bay 221,2,NA,1,SILVER SPRING+BAY 221,SILVER SPRING STATION,WMATA
7407020,M70,M70,11,1,06:51:00,15362,Bethesda+Bay C,21,NA,1,BETHESDA+BAY C,BETHESDA STATION,WMATA
7407020,M70,M70,11,1,06:30:00,18912,Silver Spring+Bay 102,2,NA,1,SILVER SPRING+BAY 102,SILVER SPRING STATION,WMATA
7407020,M70,M70,11,1,07:18:00,19082,Montgomery Mall+Bay F,46,NA,1,MONTGOMERY MALL+BAY F,MONTGOMERY MALL TRANSIT CENTER,WMATA
7454020,M20,M20,11,0,11:05:00,18954,Silver Spring+Bay 219,2,NA,1,SILVER SPRING+BAY 219,SILVER SPRING STATION,WMATA
7454020,M20,M20,11,0,11:25:00,16136,Wheaton+Bay E,19,NA,1,WHEATON+BAY E,WHEATON STATION,WMATA
7456020,D60,D60,11,0,18:20:00,18918,Silver Spring+Bay 103,49,NA,1,SILVER SPRING+BAY 103,SILVER SPRING STATION,WMATA
7497020,M20,M20,11,1,13:37:00,18954,Silver Spring+Bay 219,21,NA,1,SILVER SPRING+BAY 219,SILVER SPRING STATION,WMATA
7497020,M20,M20,11,1,13:17:00,15406,Wheaton+Bay A,2,NA,1,WHEATON+BAY A,WHEATON STATION,WMATA
7503020,M20,M20,11,0,12:23:00,18954,Silver Spring+Bay 219,2,NA,1,SILVER SPRING+BAY 219,SILVER SPRING STATION,WMATA
7503020,M20,M20,11,0,12:45:00,16136,Wheaton+Bay E,19,NA,1,WHEATON+BAY E,WHEATON STATION,WMATA
7503020,M20,M20,11,0,12:59:00,12893,Glenmont+Bay H,30,NA,1,GLENMONT+BAY H,GLENMONT STATION,WMATA
7504020,D40,D40,11,1,06:00:00,18907,Silver Spring+Bay 220,2,NA,1,SILVER SPRING+BAY 220,SILVER SPRING STATION,WMATA
7505020,M12,M12,11,1,07:11:00,16955,Wheaton+Bay B,49,NA,1,WHEATON+BAY B,WHEATON STATION,WMATA
7505020,M12,M12,11,1,07:32:00,21558,Twinbrook+Bay A,74,NA,1,TWINBROOK+BAY A,TWINBROOK STATION,WMATA
7543020,D60,D60,11,1,10:12:00,18918,Silver Spring+Bay 103,2,NA,1,SILVER SPRING+BAY 103,SILVER SPRING STATION,WMATA
7569020,EXP,EXP,11,1,05:19:00,29091,North Bethesda Station+Bay C,2,NA,1,NORTH BETHESDA STATION+BAY C,NORTH BETHESDA STATION,WMATA
7580020,M20,M20,11,0,11:25:00,18954,Silver Spring+Bay 219,2,NA,1,SILVER SPRING+BAY 219,SILVER SPRING STATION,WMATA
7580020,M20,M20,11,0,11:58:00,12893,Glenmont+Bay H,30,NA,1,GLENMONT+BAY H,GLENMONT STATION,WMATA
7580020,M20,M20,11,0,11:45:00,16136,Wheaton+Bay E,19,NA,1,WHEATON+BAY E,WHEATON STATION,WMATA
7581020,M20,M20,11,1,15:05:00,15406,Wheaton+Bay A,2,NA,1,WHEATON+BAY A,WHEATON STATION,WMATA
7581020,M20,M20,11,1,15:28:00,18954,Silver Spring+Bay 219,21,NA,1,SILVER SPRING+BAY 219,SILVER SPRING STATION,WMATA
7592020,LCL,LCL,11,0,16:29:00,29090,Grosvenor Station,8,NA,1,GROSVENOR STATION,GROSVENOR STATION,WMATA
7593020,LCL,LCL,11,1,22:41:00,29091,North Bethesda Station+Bay C,2,NA,1,NORTH BETHESDA STATION+BAY C,NORTH BETHESDA STATION,WMATA
7593020,LCL,LCL,11,1,22:49:00,29087,Grosvenor Station+Bay F,4,NA,1,GROSVENOR STATION+BAY F,GROSVENOR STATION,WMATA
7610020,D40,D40,11,1,08:48:00,18907,Silver Spring+Bay 220,2,NA,1,SILVER SPRING+BAY 220,SILVER SPRING STATION,WMATA
7644020,M44,M44,11,0,23:08:00,13000,Glenmont+Bay E,29,NA,1,GLENMONT+BAY E,GLENMONT STATION,WMATA
7645020,D6X,D6X,11,0,22:09:00,18914,Silver Spring+Bay 104,33,NA,1,SILVER SPRING+BAY 104,SILVER SPRING STATION,WMATA
7646020,M54,M54,11,0,25:45:00,19054,Silver Spring+Bay 114,2,NA,1,SILVER SPRING+BAY 114,SILVER SPRING STATION,WMATA
7653020,M70,M70,11,1,07:40:00,18912,Silver Spring+Bay 102,2,NA,1,SILVER SPRING+BAY 102,SILVER SPRING STATION,WMATA
7653020,M70,M70,11,1,08:33:00,19082,Montgomery Mall+Bay F,46,NA,1,MONTGOMERY MALL+BAY F,MONTGOMERY MALL TRANSIT CENTER,WMATA
7653020,M70,M70,11,1,08:04:00,15362,Bethesda+Bay C,21,NA,1,BETHESDA+BAY C,BETHESDA STATION,WMATA
7684020,M20,M20,11,1,17:27:00,15406,Wheaton+Bay A,2,NA,1,WHEATON+BAY A,WHEATON STATION,WMATA
7684020,M20,M20,11,1,17:48:00,18954,Silver Spring+Bay 219,21,NA,1,SILVER SPRING+BAY 219,SILVER SPRING STATION,WMATA
7686020,D40,D40,11,1,16:24:00,18907,Silver Spring+Bay 220,2,NA,1,SILVER SPRING+BAY 220,SILVER SPRING STATION,WMATA
7717020,M12,M12,11,0,06:36:00,10628,Wheaton+Bay D,28,NA,1,WHEATON+BAY D,WHEATON STATION,WMATA
7717020,M12,M12,11,0,06:17:00,21558,Twinbrook+Bay A,2,NA,1,TWINBROOK+BAY A,TWINBROOK STATION,WMATA
7718020,M70,M70,11,0,16:09:00,15362,Bethesda+Bay C,27,NA,1,BETHESDA+BAY C,BETHESDA STATION,WMATA
7718020,M70,M70,11,0,15:40:00,19082,Montgomery Mall+Bay F,2,NA,1,MONTGOMERY MALL+BAY F,MONTGOMERY MALL TRANSIT CENTER,WMATA
7718020,M70,M70,11,0,16:31:00,18912,Silver Spring+Bay 102,46,NA,1,SILVER SPRING+BAY 102,SILVER SPRING STATION,WMATA
7720020,D6X,D6X,11,0,18:26:00,18914,Silver Spring+Bay 104,33,NA,1,SILVER SPRING+BAY 104,SILVER SPRING STATION,WMATA
7758020,P30,P30,11,1,05:46:00,18911,Silver Spring+Bay 223,67,NA,1,SILVER SPRING+BAY 223,SILVER SPRING STATION,WMATA
7772020,M12,M12,11,1,06:38:00,21558,Twinbrook+Bay A,74,NA,1,TWINBROOK+BAY A,TWINBROOK STATION,WMATA
7772020,M12,M12,11,1,06:19:00,16955,Wheaton+Bay B,49,NA,1,WHEATON+BAY B,WHEATON STATION,WMATA
7779020,D96,D96,11,0,16:03:00,28523,Bethesda+Bay A,79,NA,1,BETHESDA+BAY A,BETHESDA STATION,WMATA
7808020,M70,M70,11,0,13:55:00,18912,Silver Spring+Bay 102,46,NA,1,SILVER SPRING+BAY 102,SILVER SPRING STATION,WMATA
7808020,M70,M70,11,0,13:36:00,15362,Bethesda+Bay C,27,NA,1,BETHESDA+BAY C,BETHESDA STATION,WMATA
7808020,M70,M70,11,0,13:12:00,19082,Montgomery Mall+Bay F,2,NA,1,MONTGOMERY MALL+BAY F,MONTGOMERY MALL TRANSIT CENTER,WMATA
7809020,D6X,D6X,11,0,16:16:00,18914,Silver Spring+Bay 104,33,NA,1,SILVER SPRING+BAY 104,SILVER SPRING STATION,WMATA
7810020,M22,M22,11,1,24:36:00,12892,Glenmont+Bay D,37,NA,1,GLENMONT+BAY D,GLENMONT STATION,WMATA
7810020,M22,M22,11,1,24:44:00,15406,Wheaton+Bay A,49,NA,1,WHEATON+BAY A,WHEATON STATION,WMATA
7826020,EXP,EXP,11,1,15:04:00,29091,North Bethesda Station+Bay C,2,NA,1,NORTH BETHESDA STATION+BAY C,NORTH BETHESDA STATION,WMATA
7843020,M70,M70,11,1,06:00:00,18912,Silver Spring+Bay 102,2,NA,1,SILVER SPRING+BAY 102,SILVER SPRING STATION,WMATA
7843020,M70,M70,11,1,06:43:00,19082,Montgomery Mall+Bay F,46,NA,1,MONTGOMERY MALL+BAY F,MONTGOMERY MALL TRANSIT CENTER,WMATA
7843020,M70,M70,11,1,06:18:00,15362,Bethesda+Bay C,21,NA,1,BETHESDA+BAY C,BETHESDA STATION,WMATA
7844020,D40,D40,11,0,20:15:00,18907,Silver Spring+Bay 220,55,NA,1,SILVER SPRING+BAY 220,SILVER SPRING STATION,WMATA
7845020,D40,D40,11,0,25:26:00,18907,Silver Spring+Bay 220,59,NA,1,SILVER SPRING+BAY 220,SILVER SPRING STATION,WMATA
7880020,M42,M42,11,1,05:58:00,15313,Glenmont+Bay F,44,NA,1,GLENMONT+BAY F,GLENMONT STATION,WMATA
7891020,M70,M70,11,1,10:24:00,18912,Silver Spring+Bay 102,2,NA,1,SILVER SPRING+BAY 102,SILVER SPRING STATION,WMATA
7891020,M70,M70,11,1,11:06:00,19082,Montgomery Mall+Bay F,46,NA,1,MONTGOMERY MALL+BAY F,MONTGOMERY MALL TRANSIT CENTER,WMATA
7891020,M70,M70,11,1,10:42:00,15362,Bethesda+Bay C,21,NA,1,BETHESDA+BAY C,BETHESDA STATION,WMATA
7904020,LCL,LCL,11,0,22:16:00,29090,Grosvenor Station,8,NA,1,GROSVENOR STATION,GROSVENOR STATION,WMATA
7905020,LCL,LCL,11,0,24:04:00,29090,Grosvenor Station,8,NA,1,GROSVENOR STATION,GROSVENOR STATION,WMATA
7930020,D4X,D4X,11,1,12:00:00,18909,Silver Spring+Bay 221,2,NA,1,SILVER SPRING+BAY 221,SILVER SPRING STATION,WMATA
7998020,LCL,LCL,11,0,12:43:00,29090,Grosvenor Station,8,NA,1,GROSVENOR STATION,GROSVENOR STATION,WMATA
7999020,LCL,LCL,11,1,14:24:00,29091,North Bethesda Station+Bay C,2,NA,1,NORTH BETHESDA STATION+BAY C,NORTH BETHESDA STATION,WMATA
7999020,LCL,LCL,11,1,14:32:00,29087,Grosvenor Station+Bay F,4,NA,1,GROSVENOR STATION+BAY F,GROSVENOR STATION,WMATA
8006020,EXP,EXP,11,1,09:35:00,29091,North Bethesda Station+Bay C,2,NA,1,NORTH BETHESDA STATION+BAY C,NORTH BETHESDA STATION,WMATA
8008020,M20,M20,11,1,21:22:00,18954,Silver Spring+Bay 219,21,NA,1,SILVER SPRING+BAY 219,SILVER SPRING STATION,WMATA
8008020,M20,M20,11,1,21:08:00,15406,Wheaton+Bay A,2,NA,1,WHEATON+BAY A,WHEATON STATION,WMATA
8031020,LCL,LCL,11,1,17:08:00,29087,Grosvenor Station+Bay F,4,NA,1,GROSVENOR STATION+BAY F,GROSVENOR STATION,WMATA
8031020,LCL,LCL,11,1,17:00:00,29091,North Bethesda Station+Bay C,2,NA,1,NORTH BETHESDA STATION+BAY C,NORTH BETHESDA STATION,WMATA
8037020,LCL,LCL,11,0,12:35:00,29090,Grosvenor Station,8,NA,1,GROSVENOR STATION,GROSVENOR STATION,WMATA
8038020,EXP,EXP,11,1,18:41:00,29091,North Bethesda Station+Bay C,2,NA,1,NORTH BETHESDA STATION+BAY C,NORTH BETHESDA STATION,WMATA
8055020,D4X,D4X,11,1,10:30:00,18909,Silver Spring+Bay 221,2,NA,1,SILVER SPRING+BAY 221,SILVER SPRING STATION,WMATA
8077020,LCL,LCL,11,1,04:48:00,29087,Grosvenor Station+Bay F,4,NA,1,GROSVENOR STATION+BAY F,GROSVENOR STATION,WMATA
8077020,LCL,LCL,11,1,04:40:00,29091,North Bethesda Station+Bay C,2,NA,1,NORTH BETHESDA STATION+BAY C,NORTH BETHESDA STATION,WMATA
8088020,P30,P30,11,0,07:39:00,18911,Silver Spring+Bay 223,2,NA,1,SILVER SPRING+BAY 223,SILVER SPRING STATION,WMATA
8097020,M20,M20,11,0,18:30:00,18954,Silver Spring+Bay 219,2,NA,1,SILVER SPRING+BAY 219,SILVER SPRING STATION,WMATA
8097020,M20,M20,11,0,18:55:00,16136,Wheaton+Bay E,19,NA,1,WHEATON+BAY E,WHEATON STATION,WMATA
8110020,D96,D96,11,0,24:11:00,28523,Bethesda+Bay A,79,NA,1,BETHESDA+BAY A,BETHESDA STATION,WMATA
8136020,C87,C87,11,1,16:47:00,19055,Silver Spring+Bay 115,2,NA,1,SILVER SPRING+BAY 115,SILVER SPRING STATION,WMATA
8145020,D40,D40,11,0,10:57:00,18907,Silver Spring+Bay 220,55,NA,1,SILVER SPRING+BAY 220,SILVER SPRING STATION,WMATA
8174020,M12,M12,11,1,16:31:00,16955,Wheaton+Bay B,31,NA,1,WHEATON+BAY B,WHEATON STATION,WMATA
8176020,D40,D40,11,1,16:00:00,18907,Silver Spring+Bay 220,2,NA,1,SILVER SPRING+BAY 220,SILVER SPRING STATION,WMATA
8183020,D40,D40,11,1,09:48:00,18907,Silver Spring+Bay 220,2,NA,1,SILVER SPRING+BAY 220,SILVER SPRING STATION,WMATA
8184020,M70,M70,11,1,14:20:00,18912,Silver Spring+Bay 102,2,NA,1,SILVER SPRING+BAY 102,SILVER SPRING STATION,WMATA
8184020,M70,M70,11,1,15:11:00,19082,Montgomery Mall+Bay F,46,NA,1,MONTGOMERY MALL+BAY F,MONTGOMERY MALL TRANSIT CENTER,WMATA
8184020,M70,M70,11,1,14:41:00,15362,Bethesda+Bay C,21,NA,1,BETHESDA+BAY C,BETHESDA STATION,WMATA
8218020,M12,M12,11,0,05:36:00,10628,Wheaton+Bay D,28,NA,1,WHEATON+BAY D,WHEATON STATION,WMATA
8218020,M12,M12,11,0,05:20:00,21558,Twinbrook+Bay A,2,NA,1,TWINBROOK+BAY A,TWINBROOK STATION,WMATA
8313020,D6X,D6X,11,1,07:24:00,18914,Silver Spring+Bay 104,2,NA,1,SILVER SPRING+BAY 104,SILVER SPRING STATION,WMATA
8314020,D4X,D4X,11,1,14:10:00,18909,Silver Spring+Bay 221,2,NA,1,SILVER SPRING+BAY 221,SILVER SPRING STATION,WMATA
8315020,M70,M70,11,1,12:00:00,18912,Silver Spring+Bay 102,2,NA,1,SILVER SPRING+BAY 102,SILVER SPRING STATION,WMATA
8315020,M70,M70,11,1,12:43:00,19082,Montgomery Mall+Bay F,46,NA,1,MONTGOMERY MALL+BAY F,MONTGOMERY MALL TRANSIT CENTER,WMATA
8315020,M70,M70,11,1,12:18:00,15362,Bethesda+Bay C,21,NA,1,BETHESDA+BAY C,BETHESDA STATION,WMATA
8317020,P30,P30,11,1,21:13:00,18911,Silver Spring+Bay 223,67,NA,1,SILVER SPRING+BAY 223,SILVER SPRING STATION,WMATA
8322020,D40,D40,11,1,11:12:00,18907,Silver Spring+Bay 220,2,NA,1,SILVER SPRING+BAY 220,SILVER SPRING STATION,WMATA
8323020,D60,D60,11,0,13:17:00,18918,Silver Spring+Bay 103,49,NA,1,SILVER SPRING+BAY 103,SILVER SPRING STATION,WMATA
8352020,M52,M52,11,0,10:00:00,19053,Silver Spring+Bay 113,2,NA,1,SILVER SPRING+BAY 113,SILVER SPRING STATION,WMATA
8355020,M12,M12,11,0,22:00:00,21558,Twinbrook+Bay A,2,NA,1,TWINBROOK+BAY A,TWINBROOK STATION,WMATA
8355020,M12,M12,11,0,22:17:00,10628,Wheaton+Bay D,28,NA,1,WHEATON+BAY D,WHEATON STATION,WMATA
8376020,EXP,EXP,11,1,12:19:00,29091,North Bethesda Station+Bay C,2,NA,1,NORTH BETHESDA STATION+BAY C,NORTH BETHESDA STATION,WMATA
8379020,EXP,EXP,11,1,19:38:00,29091,North Bethesda Station+Bay C,2,NA,1,NORTH BETHESDA STATION+BAY C,NORTH BETHESDA STATION,WMATA
8385020,P30,P30,11,0,17:36:00,18911,Silver Spring+Bay 223,2,NA,1,SILVER SPRING+BAY 223,SILVER SPRING STATION,WMATA
8390020,D40,D40,11,1,06:48:00,18907,Silver Spring+Bay 220,2,NA,1,SILVER SPRING+BAY 220,SILVER SPRING STATION,WMATA
8400020,M82,M82,11,1,06:30:00,17396,Rockville+Bay A,2,NA,1,ROCKVILLE+BAY A,ROCKVILLE STATION,WMATA
8427020,D60,D60,11,1,13:12:00,18918,Silver Spring+Bay 103,2,NA,1,SILVER SPRING+BAY 103,SILVER SPRING STATION,WMATA
8435020,M12,M12,11,0,05:48:00,10628,Wheaton+Bay D,28,NA,1,WHEATON+BAY D,WHEATON STATION,WMATA
8435020,M12,M12,11,0,05:29:00,21558,Twinbrook+Bay A,2,NA,1,TWINBROOK+BAY A,TWINBROOK STATION,WMATA
8459020,D40,D40,11,1,12:12:00,18907,Silver Spring+Bay 220,2,NA,1,SILVER SPRING+BAY 220,SILVER SPRING STATION,WMATA
8468020,D40,D40,11,0,06:53:00,18907,Silver Spring+Bay 220,55,NA,1,SILVER SPRING+BAY 220,SILVER SPRING STATION,WMATA
8470020,D6X,D6X,11,0,18:32:00,18914,Silver Spring+Bay 104,33,NA,1,SILVER SPRING+BAY 104,SILVER SPRING STATION,WMATA
8492020,P30,P30,11,0,21:40:00,18911,Silver Spring+Bay 223,2,NA,1,SILVER SPRING+BAY 223,SILVER SPRING STATION,WMATA
8498020,D40,D40,11,1,09:24:00,18907,Silver Spring+Bay 220,2,NA,1,SILVER SPRING+BAY 220,SILVER SPRING STATION,WMATA
8526020,LCL,LCL,11,1,10:54:00,29091,North Bethesda Station+Bay C,2,NA,1,NORTH BETHESDA STATION+BAY C,NORTH BETHESDA STATION,WMATA
8526020,LCL,LCL,11,1,11:02:00,29087,Grosvenor Station+Bay F,4,NA,1,GROSVENOR STATION+BAY F,GROSVENOR STATION,WMATA
8533020,EXP,EXP,11,1,13:13:00,29091,North Bethesda Station+Bay C,2,NA,1,NORTH BETHESDA STATION+BAY C,NORTH BETHESDA STATION,WMATA
8540020,M82,M82,11,1,17:00:00,17396,Rockville+Bay A,2,NA,1,ROCKVILLE+BAY A,ROCKVILLE STATION,WMATA
8541020,D4X,D4X,11,0,15:54:00,18909,Silver Spring+Bay 221,24,NA,1,SILVER SPRING+BAY 221,SILVER SPRING STATION,WMATA
8542020,M70,M70,11,0,20:23:00,15362,Bethesda+Bay C,27,NA,1,BETHESDA+BAY C,BETHESDA STATION,WMATA
8542020,M70,M70,11,0,20:00:00,19082,Montgomery Mall+Bay F,2,NA,1,MONTGOMERY MALL+BAY F,MONTGOMERY MALL TRANSIT CENTER,WMATA
8542020,M70,M70,11,0,20:40:00,18912,Silver Spring+Bay 102,46,NA,1,SILVER SPRING+BAY 102,SILVER SPRING STATION,WMATA
8622020,M70,M70,11,1,17:20:00,18912,Silver Spring+Bay 102,2,NA,1,SILVER SPRING+BAY 102,SILVER SPRING STATION,WMATA
8622020,M70,M70,11,1,18:10:00,19082,Montgomery Mall+Bay F,46,NA,1,MONTGOMERY MALL+BAY F,MONTGOMERY MALL TRANSIT CENTER,WMATA
8622020,M70,M70,11,1,17:41:00,15362,Bethesda+Bay C,21,NA,1,BETHESDA+BAY C,BETHESDA STATION,WMATA
8629020,M52,M52,11,0,14:30:00,19053,Silver Spring+Bay 113,2,NA,1,SILVER SPRING+BAY 113,SILVER SPRING STATION,WMATA
8630020,D4X,D4X,11,0,14:59:00,18909,Silver Spring+Bay 221,24,NA,1,SILVER SPRING+BAY 221,SILVER SPRING STATION,WMATA
8660020,LCL,LCL,11,0,06:27:00,29090,Grosvenor Station,8,NA,1,GROSVENOR STATION,GROSVENOR STATION,WMATA
8677020,D60,D60,11,1,24:00:00,18918,Silver Spring+Bay 103,2,NA,1,SILVER SPRING+BAY 103,SILVER SPRING STATION,WMATA
8678020,D4X,D4X,11,0,17:44:00,18909,Silver Spring+Bay 221,24,NA,1,SILVER SPRING+BAY 221,SILVER SPRING STATION,WMATA
8684020,M54,M54,11,0,18:45:00,19054,Silver Spring+Bay 114,2,NA,1,SILVER SPRING+BAY 114,SILVER SPRING STATION,WMATA
8685020,M22,M22,11,0,13:38:00,12893,Glenmont+Bay H,47,NA,1,GLENMONT+BAY H,GLENMONT STATION,WMATA
8685020,M22,M22,11,0,13:24:00,16136,Wheaton+Bay E,36,NA,1,WHEATON+BAY E,WHEATON STATION,WMATA
8685020,M22,M22,11,0,12:57:00,15389,Bethesda+Bay B,2,NA,1,BETHESDA+BAY B,BETHESDA STATION,WMATA
8686020,D4X,D4X,11,1,19:50:00,18909,Silver Spring+Bay 221,2,NA,1,SILVER SPRING+BAY 221,SILVER SPRING STATION,WMATA
8707020,LCL,LCL,11,1,19:54:00,29091,North Bethesda Station+Bay C,2,NA,1,NORTH BETHESDA STATION+BAY C,NORTH BETHESDA STATION,WMATA
8707020,LCL,LCL,11,1,20:02:00,29087,Grosvenor Station+Bay F,4,NA,1,GROSVENOR STATION+BAY F,GROSVENOR STATION,WMATA
8708020,EXP,EXP,11,1,18:32:00,29091,North Bethesda Station+Bay C,2,NA,1,NORTH BETHESDA STATION+BAY C,NORTH BETHESDA STATION,WMATA
8712020,P30,P30,11,1,15:48:00,18911,Silver Spring+Bay 223,67,NA,1,SILVER SPRING+BAY 223,SILVER SPRING STATION,WMATA
8726020,M12,M12,11,1,19:36:00,16955,Wheaton+Bay B,31,NA,1,WHEATON+BAY B,WHEATON STATION,WMATA
8753020,D4X,D4X,11,0,18:30:00,18909,Silver Spring+Bay 221,24,NA,1,SILVER SPRING+BAY 221,SILVER SPRING STATION,WMATA
8754020,D40,D40,11,0,11:45:00,18907,Silver Spring+Bay 220,55,NA,1,SILVER SPRING+BAY 220,SILVER SPRING STATION,WMATA
8755020,M12,M12,11,0,13:24:00,10628,Wheaton+Bay D,2,NA,1,WHEATON+BAY D,WHEATON STATION,WMATA
8762020,D4X,D4X,11,0,09:25:00,18909,Silver Spring+Bay 221,24,NA,1,SILVER SPRING+BAY 221,SILVER SPRING STATION,WMATA
8797020,LCL,LCL,11,1,09:28:00,29087,Grosvenor Station+Bay F,4,NA,1,GROSVENOR STATION+BAY F,GROSVENOR STATION,WMATA
8797020,LCL,LCL,11,1,09:20:00,29091,North Bethesda Station+Bay C,2,NA,1,NORTH BETHESDA STATION+BAY C,NORTH BETHESDA STATION,WMATA
8798020,EXP,EXP,11,1,10:54:00,29091,North Bethesda Station+Bay C,2,NA,1,NORTH BETHESDA STATION+BAY C,NORTH BETHESDA STATION,WMATA
8799020,EXP,EXP,11,1,19:27:00,29091,North Bethesda Station+Bay C,2,NA,1,NORTH BETHESDA STATION+BAY C,NORTH BETHESDA STATION,WMATA
8800020,LCL,LCL,11,1,16:26:00,29087,Grosvenor Station+Bay F,4,NA,1,GROSVENOR STATION+BAY F,GROSVENOR STATION,WMATA
8800020,LCL,LCL,11,1,16:18:00,29091,North Bethesda Station+Bay C,2,NA,1,NORTH BETHESDA STATION+BAY C,NORTH BETHESDA STATION,WMATA
8802020,EXP,EXP,11,1,18:30:00,29091,North Bethesda Station+Bay C,2,NA,1,NORTH BETHESDA STATION+BAY C,NORTH BETHESDA STATION,WMATA
8810020,D40,D40,11,1,16:12:00,18907,Silver Spring+Bay 220,2,NA,1,SILVER SPRING+BAY 220,SILVER SPRING STATION,WMATA
8818020,M20,M20,11,0,08:35:00,18954,Silver Spring+Bay 219,2,NA,1,SILVER SPRING+BAY 219,SILVER SPRING STATION,WMATA
8818020,M20,M20,11,0,08:55:00,16136,Wheaton+Bay E,19,NA,1,WHEATON+BAY E,WHEATON STATION,WMATA
8839020,LCL,LCL,11,0,09:15:00,29090,Grosvenor Station,8,NA,1,GROSVENOR STATION,GROSVENOR STATION,WMATA
8851020,P30,P30,11,1,18:25:00,18911,Silver Spring+Bay 223,67,NA,1,SILVER SPRING+BAY 223,SILVER SPRING STATION,WMATA
8866020,LCL,LCL,11,0,14:19:00,29090,Grosvenor Station,8,NA,1,GROSVENOR STATION,GROSVENOR STATION,WMATA
8867020,EXP,EXP,11,1,20:00:00,29091,North Bethesda Station+Bay C,2,NA,1,NORTH BETHESDA STATION+BAY C,NORTH BETHESDA STATION,WMATA
8882020,M12,M12,11,0,10:04:00,21558,Twinbrook+Bay A,2,NA,1,TWINBROOK+BAY A,TWINBROOK STATION,WMATA
8882020,M12,M12,11,0,10:24:00,10628,Wheaton+Bay D,28,NA,1,WHEATON+BAY D,WHEATON STATION,WMATA
8883020,M82,M82,11,1,08:30:00,17396,Rockville+Bay A,2,NA,1,ROCKVILLE+BAY A,ROCKVILLE STATION,WMATA
8884020,M70,M70,11,0,15:30:00,18912,Silver Spring+Bay 102,46,NA,1,SILVER SPRING+BAY 102,SILVER SPRING STATION,WMATA
8884020,M70,M70,11,0,15:09:00,15362,Bethesda+Bay C,27,NA,1,BETHESDA+BAY C,BETHESDA STATION,WMATA
8884020,M70,M70,11,0,14:40:00,19082,Montgomery Mall+Bay F,2,NA,1,MONTGOMERY MALL+BAY F,MONTGOMERY MALL TRANSIT CENTER,WMATA
8886020,M20,M20,11,1,22:14:00,18954,Silver Spring+Bay 219,21,NA,1,SILVER SPRING+BAY 219,SILVER SPRING STATION,WMATA
8886020,M20,M20,11,1,22:00:00,15406,Wheaton+Bay A,2,NA,1,WHEATON+BAY A,WHEATON STATION,WMATA
8907020,EXP,EXP,11,1,09:38:00,29091,North Bethesda Station+Bay C,2,NA,1,NORTH BETHESDA STATION+BAY C,NORTH BETHESDA STATION,WMATA
8910020,EXP,EXP,11,1,14:02:00,29091,North Bethesda Station+Bay C,2,NA,1,NORTH BETHESDA STATION+BAY C,NORTH BETHESDA STATION,WMATA
8918020,D4X,D4X,11,0,19:15:00,18909,Silver Spring+Bay 221,24,NA,1,SILVER SPRING+BAY 221,SILVER SPRING STATION,WMATA
8920020,D40,D40,11,1,18:48:00,18907,Silver Spring+Bay 220,2,NA,1,SILVER SPRING+BAY 220,SILVER SPRING STATION,WMATA
8974020,D40,D40,11,0,12:57:00,18907,Silver Spring+Bay 220,55,NA,1,SILVER SPRING+BAY 220,SILVER SPRING STATION,WMATA
8977020,M70,M70,11,0,16:50:00,19082,Montgomery Mall+Bay F,2,NA,1,MONTGOMERY MALL+BAY F,MONTGOMERY MALL TRANSIT CENTER,WMATA
8977020,M70,M70,11,0,17:42:00,18912,Silver Spring+Bay 102,46,NA,1,SILVER SPRING+BAY 102,SILVER SPRING STATION,WMATA
8977020,M70,M70,11,0,17:19:00,15362,Bethesda+Bay C,27,NA,1,BETHESDA+BAY C,BETHESDA STATION,WMATA
8992020,LCL,LCL,11,0,11:23:00,29090,Grosvenor Station,8,NA,1,GROSVENOR STATION,GROSVENOR STATION,WMATA
9004020,M20,M20,11,1,15:04:00,18954,Silver Spring+Bay 219,21,NA,1,SILVER SPRING+BAY 219,SILVER SPRING STATION,WMATA
9004020,M20,M20,11,1,14:41:00,15406,Wheaton+Bay A,2,NA,1,WHEATON+BAY A,WHEATON STATION,WMATA
9026020,EXP,EXP,11,1,07:03:00,29091,North Bethesda Station+Bay C,2,NA,1,NORTH BETHESDA STATION+BAY C,NORTH BETHESDA STATION,WMATA
9027020,LCL,LCL,11,0,20:23:00,29090,Grosvenor Station,8,NA,1,GROSVENOR STATION,GROSVENOR STATION,WMATA
9028020,LCL,LCL,11,1,14:29:00,29091,North Bethesda Station+Bay C,2,NA,1,NORTH BETHESDA STATION+BAY C,NORTH BETHESDA STATION,WMATA
9028020,LCL,LCL,11,1,14:37:00,29087,Grosvenor Station+Bay F,4,NA,1,GROSVENOR STATION+BAY F,GROSVENOR STATION,WMATA
9033020,M70,M70,11,1,19:29:00,15362,Bethesda+Bay C,21,NA,1,BETHESDA+BAY C,BETHESDA STATION,WMATA
9033020,M70,M70,11,1,19:53:00,19082,Montgomery Mall+Bay F,46,NA,1,MONTGOMERY MALL+BAY F,MONTGOMERY MALL TRANSIT CENTER,WMATA
9033020,M70,M70,11,1,19:12:00,18912,Silver Spring+Bay 102,2,NA,1,SILVER SPRING+BAY 102,SILVER SPRING STATION,WMATA
9057020,EXP,EXP,11,1,05:08:00,29091,North Bethesda Station+Bay C,2,NA,1,NORTH BETHESDA STATION+BAY C,NORTH BETHESDA STATION,WMATA
9072020,M12,M12,11,0,11:00:00,10628,Wheaton+Bay D,2,NA,1,WHEATON+BAY D,WHEATON STATION,WMATA
9075020,M22,M22,11,1,14:47:00,12892,Glenmont+Bay D,41,NA,1,GLENMONT+BAY D,GLENMONT STATION,WMATA
9075020,M22,M22,11,1,15:27:00,15389,Bethesda+Bay B,89,NA,1,BETHESDA+BAY B,BETHESDA STATION,WMATA
9075020,M22,M22,11,1,15:01:00,15406,Wheaton+Bay A,53,NA,1,WHEATON+BAY A,WHEATON STATION,WMATA
9112020,M70,M70,11,0,22:08:00,15362,Bethesda+Bay C,27,NA,1,BETHESDA+BAY C,BETHESDA STATION,WMATA
9112020,M70,M70,11,0,21:45:00,19082,Montgomery Mall+Bay F,2,NA,1,MONTGOMERY MALL+BAY F,MONTGOMERY MALL TRANSIT CENTER,WMATA
9112020,M70,M70,11,0,22:25:00,18912,Silver Spring+Bay 102,46,NA,1,SILVER SPRING+BAY 102,SILVER SPRING STATION,WMATA
9113020,D4X,D4X,11,1,17:50:00,18909,Silver Spring+Bay 221,2,NA,1,SILVER SPRING+BAY 221,SILVER SPRING STATION,WMATA
9121020,D60,D60,11,1,06:50:00,18918,Silver Spring+Bay 103,2,NA,1,SILVER SPRING+BAY 103,SILVER SPRING STATION,WMATA
9122020,D60,D60,11,0,15:50:00,18918,Silver Spring+Bay 103,49,NA,1,SILVER SPRING+BAY 103,SILVER SPRING STATION,WMATA
9173020,EXP,EXP,11,1,16:38:00,29091,North Bethesda Station+Bay C,2,NA,1,NORTH BETHESDA STATION+BAY C,NORTH BETHESDA STATION,WMATA
9178020,EXP,EXP,11,1,05:33:00,29091,North Bethesda Station+Bay C,2,NA,1,NORTH BETHESDA STATION+BAY C,NORTH BETHESDA STATION,WMATA
9192020,M20,M20,11,0,09:55:00,16136,Wheaton+Bay E,19,NA,1,WHEATON+BAY E,WHEATON STATION,WMATA
9192020,M20,M20,11,0,09:35:00,18954,Silver Spring+Bay 219,2,NA,1,SILVER SPRING+BAY 219,SILVER SPRING STATION,WMATA
9195020,D4X,D4X,11,1,14:00:00,18909,Silver Spring+Bay 221,2,NA,1,SILVER SPRING+BAY 221,SILVER SPRING STATION,WMATA
9196020,M54,M54,11,1,19:59:00,19054,Silver Spring+Bay 114,54,NA,1,SILVER SPRING+BAY 114,SILVER SPRING STATION,WMATA
9241020,M20,M20,11,1,17:03:00,15406,Wheaton+Bay A,2,NA,1,WHEATON+BAY A,WHEATON STATION,WMATA
9241020,M20,M20,11,1,17:24:00,18954,Silver Spring+Bay 219,21,NA,1,SILVER SPRING+BAY 219,SILVER SPRING STATION,WMATA
9243020,M22,M22,11,0,23:00:00,16136,Wheaton+Bay E,36,NA,1,WHEATON+BAY E,WHEATON STATION,WMATA
9243020,M22,M22,11,0,23:10:00,12893,Glenmont+Bay H,47,NA,1,GLENMONT+BAY H,GLENMONT STATION,WMATA
9243020,M22,M22,11,0,22:38:00,15389,Bethesda+Bay B,2,NA,1,BETHESDA+BAY B,BETHESDA STATION,WMATA
9250020,M70,M70,11,0,10:07:00,18912,Silver Spring+Bay 102,46,NA,1,SILVER SPRING+BAY 102,SILVER SPRING STATION,WMATA
9250020,M70,M70,11,0,09:50:00,15362,Bethesda+Bay C,27,NA,1,BETHESDA+BAY C,BETHESDA STATION,WMATA
9250020,M70,M70,11,0,09:24:00,19082,Montgomery Mall+Bay F,2,NA,1,MONTGOMERY MALL+BAY F,MONTGOMERY MALL TRANSIT CENTER,WMATA
9300020,EXP,EXP,11,1,14:30:00,29091,North Bethesda Station+Bay C,2,NA,1,NORTH BETHESDA STATION+BAY C,NORTH BETHESDA STATION,WMATA
9301020,LCL,LCL,11,1,15:05:00,29091,North Bethesda Station+Bay C,2,NA,1,NORTH BETHESDA STATION+BAY C,NORTH BETHESDA STATION,WMATA
9301020,LCL,LCL,11,1,15:13:00,29087,Grosvenor Station+Bay F,4,NA,1,GROSVENOR STATION+BAY F,GROSVENOR STATION,WMATA
9318020,M54,M54,11,1,09:33:00,19054,Silver Spring+Bay 114,53,NA,1,SILVER SPRING+BAY 114,SILVER SPRING STATION,WMATA
9319020,M70,M70,11,0,12:36:00,19082,Montgomery Mall+Bay F,2,NA,1,MONTGOMERY MALL+BAY F,MONTGOMERY MALL TRANSIT CENTER,WMATA
9319020,M70,M70,11,0,13:19:00,18912,Silver Spring+Bay 102,46,NA,1,SILVER SPRING+BAY 102,SILVER SPRING STATION,WMATA
9319020,M70,M70,11,0,13:00:00,15362,Bethesda+Bay C,27,NA,1,BETHESDA+BAY C,BETHESDA STATION,WMATA
9349020,P30,P30,11,1,12:30:00,18911,Silver Spring+Bay 223,67,NA,1,SILVER SPRING+BAY 223,SILVER SPRING STATION,WMATA
9375020,LCL,LCL,11,1,15:01:00,29087,Grosvenor Station+Bay F,4,NA,1,GROSVENOR STATION+BAY F,GROSVENOR STATION,WMATA
9375020,LCL,LCL,11,1,14:53:00,29091,North Bethesda Station+Bay C,2,NA,1,NORTH BETHESDA STATION+BAY C,NORTH BETHESDA STATION,WMATA
9389020,D60,D60,11,1,02:20:00,18918,Silver Spring+Bay 103,2,NA,1,SILVER SPRING+BAY 103,SILVER SPRING STATION,WMATA
9390020,M54,M54,11,1,06:31:00,19054,Silver Spring+Bay 114,54,NA,1,SILVER SPRING+BAY 114,SILVER SPRING STATION,WMATA
9423020,D60,D60,11,0,05:32:00,18918,Silver Spring+Bay 103,55,NA,1,SILVER SPRING+BAY 103,SILVER SPRING STATION,WMATA
9424020,D60,D60,11,0,13:41:00,18918,Silver Spring+Bay 103,49,NA,1,SILVER SPRING+BAY 103,SILVER SPRING STATION,WMATA
9432020,M42,M42,11,0,05:51:00,13000,Glenmont+Bay E,29,NA,1,GLENMONT+BAY E,GLENMONT STATION,WMATA
9468020,P30,P30,11,1,21:54:00,18911,Silver Spring+Bay 223,67,NA,1,SILVER SPRING+BAY 223,SILVER SPRING STATION,WMATA
9472020,D60,D60,11,1,19:15:00,18918,Silver Spring+Bay 103,2,NA,1,SILVER SPRING+BAY 103,SILVER SPRING STATION,WMATA
9505020,D6X,D6X,11,1,16:50:00,18914,Silver Spring+Bay 104,2,NA,1,SILVER SPRING+BAY 104,SILVER SPRING STATION,WMATA
9506020,D60,D60,11,0,07:52:00,18918,Silver Spring+Bay 103,49,NA,1,SILVER SPRING+BAY 103,SILVER SPRING STATION,WMATA
9516020,M52,M52,11,0,13:30:00,19053,Silver Spring+Bay 113,2,NA,1,SILVER SPRING+BAY 113,SILVER SPRING STATION,WMATA
9530020,EXP,EXP,11,1,05:58:00,29091,North Bethesda Station+Bay C,2,NA,1,NORTH BETHESDA STATION+BAY C,NORTH BETHESDA STATION,WMATA
9531020,LCL,LCL,11,0,09:59:00,29090,Grosvenor Station,8,NA,1,GROSVENOR STATION,GROSVENOR STATION,WMATA
9538020,M12,M12,11,0,19:24:00,10628,Wheaton+Bay D,2,NA,1,WHEATON+BAY D,WHEATON STATION,WMATA
9571020,LCL,LCL,11,0,10:35:00,29090,Grosvenor Station,8,NA,1,GROSVENOR STATION,GROSVENOR STATION,WMATA
9572020,LCL,LCL,11,0,11:29:00,29090,Grosvenor Station,8,NA,1,GROSVENOR STATION,GROSVENOR STATION,WMATA
9576020,M20,M20,11,1,19:29:00,18954,Silver Spring+Bay 219,21,NA,1,SILVER SPRING+BAY 219,SILVER SPRING STATION,WMATA
9576020,M20,M20,11,1,19:11:00,15406,Wheaton+Bay A,2,NA,1,WHEATON+BAY A,WHEATON STATION,WMATA
9586020,M22,M22,11,0,12:43:00,12893,Glenmont+Bay H,47,NA,1,GLENMONT+BAY H,GLENMONT STATION,WMATA
9586020,M22,M22,11,0,12:30:00,16136,Wheaton+Bay E,36,NA,1,WHEATON+BAY E,WHEATON STATION,WMATA
9586020,M22,M22,11,0,12:03:00,15389,Bethesda+Bay B,2,NA,1,BETHESDA+BAY B,BETHESDA STATION,WMATA
9621020,M70,M70,11,1,15:40:00,18912,Silver Spring+Bay 102,2,NA,1,SILVER SPRING+BAY 102,SILVER SPRING STATION,WMATA
9621020,M70,M70,11,1,16:32:00,19082,Montgomery Mall+Bay F,46,NA,1,MONTGOMERY MALL+BAY F,MONTGOMERY MALL TRANSIT CENTER,WMATA
9621020,M70,M70,11,1,16:00:00,15362,Bethesda+Bay C,21,NA,1,BETHESDA+BAY C,BETHESDA STATION,WMATA
9657020,M20,M20,11,1,19:21:00,15406,Wheaton+Bay A,35,NA,1,WHEATON+BAY A,WHEATON STATION,WMATA
9657020,M20,M20,11,1,19:09:00,12892,Glenmont+Bay D,23,NA,1,GLENMONT+BAY D,GLENMONT STATION,WMATA
9657020,M20,M20,11,1,19:39:00,18954,Silver Spring+Bay 219,54,NA,1,SILVER SPRING+BAY 219,SILVER SPRING STATION,WMATA
9694020,M70,M70,11,1,11:24:00,18912,Silver Spring+Bay 102,2,NA,1,SILVER SPRING+BAY 102,SILVER SPRING STATION,WMATA
9694020,M70,M70,11,1,11:42:00,15362,Bethesda+Bay C,21,NA,1,BETHESDA+BAY C,BETHESDA STATION,WMATA
9694020,M70,M70,11,1,12:07:00,19082,Montgomery Mall+Bay F,46,NA,1,MONTGOMERY MALL+BAY F,MONTGOMERY MALL TRANSIT CENTER,WMATA
9698020,M20,M20,11,0,15:59:00,18954,Silver Spring+Bay 219,2,NA,1,SILVER SPRING+BAY 219,SILVER SPRING STATION,WMATA
9698020,M20,M20,11,0,16:27:00,16136,Wheaton+Bay E,19,NA,1,WHEATON+BAY E,WHEATON STATION,WMATA
9699020,M20,M20,11,1,18:03:00,18954,Silver Spring+Bay 219,21,NA,1,SILVER SPRING+BAY 219,SILVER SPRING STATION,WMATA
9699020,M20,M20,11,1,17:42:00,15406,Wheaton+Bay A,2,NA,1,WHEATON+BAY A,WHEATON STATION,WMATA
9726020,LCL,LCL,11,1,07:20:00,29087,Grosvenor Station+Bay F,4,NA,1,GROSVENOR STATION+BAY F,GROSVENOR STATION,WMATA
9726020,LCL,LCL,11,1,07:12:00,29091,North Bethesda Station+Bay C,2,NA,1,NORTH BETHESDA STATION+BAY C,NORTH BETHESDA STATION,WMATA
9743020,M70,M70,11,0,09:12:00,19082,Montgomery Mall+Bay F,2,NA,1,MONTGOMERY MALL+BAY F,MONTGOMERY MALL TRANSIT CENTER,WMATA
9743020,M70,M70,11,0,09:42:00,15362,Bethesda+Bay C,27,NA,1,BETHESDA+BAY C,BETHESDA STATION,WMATA
9743020,M70,M70,11,0,09:59:00,18912,Silver Spring+Bay 102,46,NA,1,SILVER SPRING+BAY 102,SILVER SPRING STATION,WMATA
9744020,M42,M42,11,0,16:00:00,13000,Glenmont+Bay E,29,NA,1,GLENMONT+BAY E,GLENMONT STATION,WMATA
9772020,LCL,LCL,11,0,17:35:00,29090,Grosvenor Station,8,NA,1,GROSVENOR STATION,GROSVENOR STATION,WMATA
9780020,EXP,EXP,11,1,17:11:00,29091,North Bethesda Station+Bay C,2,NA,1,NORTH BETHESDA STATION+BAY C,NORTH BETHESDA STATION,WMATA
9783020,LCL,LCL,11,0,18:53:00,29090,Grosvenor Station,8,NA,1,GROSVENOR STATION,GROSVENOR STATION,WMATA
9793020,D6X,D6X,11,0,07:52:00,18914,Silver Spring+Bay 104,33,NA,1,SILVER SPRING+BAY 104,SILVER SPRING STATION,WMATA
9794020,D40,D40,11,0,18:07:00,18907,Silver Spring+Bay 220,55,NA,1,SILVER SPRING+BAY 220,SILVER SPRING STATION,WMATA
9795020,D6X,D6X,11,0,17:30:00,18914,Silver Spring+Bay 104,33,NA,1,SILVER SPRING+BAY 104,SILVER SPRING STATION,WMATA
9811020,LCL,LCL,11,0,15:23:00,29090,Grosvenor Station,8,NA,1,GROSVENOR STATION,GROSVENOR STATION,WMATA
9832020,M20,M20,11,0,14:54:00,16136,Wheaton+Bay E,19,NA,1,WHEATON+BAY E,WHEATON STATION,WMATA
9832020,M20,M20,11,0,14:29:00,18954,Silver Spring+Bay 219,2,NA,1,SILVER SPRING+BAY 219,SILVER SPRING STATION,WMATA
9833020,M12,M12,11,1,20:24:00,16955,Wheaton+Bay B,31,NA,1,WHEATON+BAY B,WHEATON STATION,WMATA
9855020,EXP,EXP,11,1,09:45:00,29091,North Bethesda Station+Bay C,2,NA,1,NORTH BETHESDA STATION+BAY C,NORTH BETHESDA STATION,WMATA
9858020,EXP,EXP,11,1,14:25:00,29091,North Bethesda Station+Bay C,2,NA,1,NORTH BETHESDA STATION+BAY C,NORTH BETHESDA STATION,WMATA
9866020,D40,D40,11,0,16:14:00,18907,Silver Spring+Bay 220,55,NA,1,SILVER SPRING+BAY 220,SILVER SPRING STATION,WMATA
9867020,D40,D40,11,0,15:26:00,18907,Silver Spring+Bay 220,55,NA,1,SILVER SPRING+BAY 220,SILVER SPRING STATION,WMATA
9868020,P30,P30,11,0,09:15:00,18911,Silver Spring+Bay 223,2,NA,1,SILVER SPRING+BAY 223,SILVER SPRING STATION,WMATA
9895020,EXP,EXP,11,1,14:55:00,29091,North Bethesda Station+Bay C,2,NA,1,NORTH BETHESDA STATION+BAY C,NORTH BETHESDA STATION,WMATA
9946020,D96,D96,11,0,11:51:00,28523,Bethesda+Bay A,79,NA,1,BETHESDA+BAY A,BETHESDA STATION,WMATA
9947020,M12,M12,11,1,13:42:00,16955,Wheaton+Bay B,31,NA,1,WHEATON+BAY B,WHEATON STATION,WMATA
10060020,M70,M70,11,0,18:11:00,18912,Silver Spring+Bay 102,46,NA,1,SILVER SPRING+BAY 102,SILVER SPRING STATION,WMATA
10060020,M70,M70,11,0,17:20:00,19082,Montgomery Mall+Bay F,2,NA,1,MONTGOMERY MALL+BAY F,MONTGOMERY MALL TRANSIT CENTER,WMATA
10060020,M70,M70,11,0,17:50:00,15362,Bethesda+Bay C,27,NA,1,BETHESDA+BAY C,BETHESDA STATION,WMATA
10063020,M54,M54,11,1,22:28:00,19054,Silver Spring+Bay 114,54,NA,1,SILVER SPRING+BAY 114,SILVER SPRING STATION,WMATA
10070020,D40,D40,11,1,15:36:00,18907,Silver Spring+Bay 220,2,NA,1,SILVER SPRING+BAY 220,SILVER SPRING STATION,WMATA
10111020,M42,M42,11,0,13:55:00,13000,Glenmont+Bay E,29,NA,1,GLENMONT+BAY E,GLENMONT STATION,WMATA
10132020,EXP,EXP,11,1,13:32:00,29091,North Bethesda Station+Bay C,2,NA,1,NORTH BETHESDA STATION+BAY C,NORTH BETHESDA STATION,WMATA
10152020,D4X,D4X,11,0,11:26:00,18909,Silver Spring+Bay 221,24,NA,1,SILVER SPRING+BAY 221,SILVER SPRING STATION,WMATA
10154020,D6X,D6X,11,1,11:00:00,18914,Silver Spring+Bay 104,2,NA,1,SILVER SPRING+BAY 104,SILVER SPRING STATION,WMATA
10155020,M42,M42,11,0,19:25:00,13000,Glenmont+Bay E,29,NA,1,GLENMONT+BAY E,GLENMONT STATION,WMATA
10184020,M52,M52,11,1,17:19:00,19053,Silver Spring+Bay 113,68,NA,1,SILVER SPRING+BAY 113,SILVER SPRING STATION,WMATA
10186020,M22,M22,11,0,20:04:00,15389,Bethesda+Bay B,2,NA,1,BETHESDA+BAY B,BETHESDA STATION,WMATA
10186020,M22,M22,11,0,20:30:00,16136,Wheaton+Bay E,36,NA,1,WHEATON+BAY E,WHEATON STATION,WMATA
10186020,M22,M22,11,0,20:42:00,12893,Glenmont+Bay H,47,NA,1,GLENMONT+BAY H,GLENMONT STATION,WMATA
10208020,EXP,EXP,11,1,06:38:00,29091,North Bethesda Station+Bay C,2,NA,1,NORTH BETHESDA STATION+BAY C,NORTH BETHESDA STATION,WMATA
10214020,D60,D60,11,1,08:50:00,18918,Silver Spring+Bay 103,2,NA,1,SILVER SPRING+BAY 103,SILVER SPRING STATION,WMATA
10220020,D6X,D6X,11,0,08:28:00,18914,Silver Spring+Bay 104,33,NA,1,SILVER SPRING+BAY 104,SILVER SPRING STATION,WMATA
10247020,P30,P30,11,0,10:27:00,18911,Silver Spring+Bay 223,2,NA,1,SILVER SPRING+BAY 223,SILVER SPRING STATION,WMATA
10253020,M20,M20,11,0,17:37:00,18954,Silver Spring+Bay 219,2,NA,1,SILVER SPRING+BAY 219,SILVER SPRING STATION,WMATA
10253020,M20,M20,11,0,18:07:00,16136,Wheaton+Bay E,19,NA,1,WHEATON+BAY E,WHEATON STATION,WMATA
10254020,D6X,D6X,11,0,21:39:00,18914,Silver Spring+Bay 104,33,NA,1,SILVER SPRING+BAY 104,SILVER SPRING STATION,WMATA
10263020,D6X,D6X,11,0,10:22:00,18914,Silver Spring+Bay 104,33,NA,1,SILVER SPRING+BAY 104,SILVER SPRING STATION,WMATA
10276020,EXP,EXP,11,1,07:58:00,29091,North Bethesda Station+Bay C,2,NA,1,NORTH BETHESDA STATION+BAY C,NORTH BETHESDA STATION,WMATA
10277020,LCL,LCL,11,0,12:35:00,29090,Grosvenor Station,8,NA,1,GROSVENOR STATION,GROSVENOR STATION,WMATA
10278020,LCL,LCL,11,0,13:11:00,29090,Grosvenor Station,8,NA,1,GROSVENOR STATION,GROSVENOR STATION,WMATA
10287020,M70,M70,11,0,14:50:00,19082,Montgomery Mall+Bay F,2,NA,1,MONTGOMERY MALL+BAY F,MONTGOMERY MALL TRANSIT CENTER,WMATA
10287020,M70,M70,11,0,15:40:00,18912,Silver Spring+Bay 102,46,NA,1,SILVER SPRING+BAY 102,SILVER SPRING STATION,WMATA
10287020,M70,M70,11,0,15:19:00,15362,Bethesda+Bay C,27,NA,1,BETHESDA+BAY C,BETHESDA STATION,WMATA
10288020,M22,M22,11,0,17:30:00,16136,Wheaton+Bay E,36,NA,1,WHEATON+BAY E,WHEATON STATION,WMATA
10288020,M22,M22,11,0,16:53:00,15389,Bethesda+Bay B,2,NA,1,BETHESDA+BAY B,BETHESDA STATION,WMATA
10288020,M22,M22,11,0,17:47:00,12893,Glenmont+Bay H,47,NA,1,GLENMONT+BAY H,GLENMONT STATION,WMATA
10289020,P30,P30,11,0,15:35:00,18911,Silver Spring+Bay 223,2,NA,1,SILVER SPRING+BAY 223,SILVER SPRING STATION,WMATA
10294020,M12,M12,11,0,17:00:00,10628,Wheaton+Bay D,2,NA,1,WHEATON+BAY D,WHEATON STATION,WMATA
10295020,M12,M12,11,1,08:06:00,16955,Wheaton+Bay B,31,NA,1,WHEATON+BAY B,WHEATON STATION,WMATA
10296020,M20,M20,11,0,09:15:00,18954,Silver Spring+Bay 219,2,NA,1,SILVER SPRING+BAY 219,SILVER SPRING STATION,WMATA
10296020,M20,M20,11,0,09:35:00,16136,Wheaton+Bay E,19,NA,1,WHEATON+BAY E,WHEATON STATION,WMATA
10325020,D6X,D6X,11,0,24:40:00,18914,Silver Spring+Bay 104,33,NA,1,SILVER SPRING+BAY 104,SILVER SPRING STATION,WMATA
10335020,D40,D40,11,0,12:33:00,18907,Silver Spring+Bay 220,55,NA,1,SILVER SPRING+BAY 220,SILVER SPRING STATION,WMATA
10349020,EXP,EXP,11,1,12:18:00,29091,North Bethesda Station+Bay C,2,NA,1,NORTH BETHESDA STATION+BAY C,NORTH BETHESDA STATION,WMATA
10350020,LCL,LCL,11,1,14:42:00,29091,North Bethesda Station+Bay C,2,NA,1,NORTH BETHESDA STATION+BAY C,NORTH BETHESDA STATION,WMATA
10350020,LCL,LCL,11,1,14:50:00,29087,Grosvenor Station+Bay F,4,NA,1,GROSVENOR STATION+BAY F,GROSVENOR STATION,WMATA
10360020,M20,M20,11,0,18:37:00,12893,Glenmont+Bay H,30,NA,1,GLENMONT+BAY H,GLENMONT STATION,WMATA
10360020,M20,M20,11,0,17:50:00,18954,Silver Spring+Bay 219,2,NA,1,SILVER SPRING+BAY 219,SILVER SPRING STATION,WMATA
10360020,M20,M20,11,0,18:20:00,16136,Wheaton+Bay E,19,NA,1,WHEATON+BAY E,WHEATON STATION,WMATA
10361020,D6X,D6X,11,0,19:51:00,18914,Silver Spring+Bay 104,33,NA,1,SILVER SPRING+BAY 104,SILVER SPRING STATION,WMATA
10369020,D6X,D6X,11,1,05:45:00,18914,Silver Spring+Bay 104,2,NA,1,SILVER SPRING+BAY 104,SILVER SPRING STATION,WMATA
10371020,M42,M42,11,1,15:57:00,15313,Glenmont+Bay F,78,NA,1,GLENMONT+BAY F,GLENMONT STATION,WMATA
10410020,M52,M52,11,0,11:30:00,19053,Silver Spring+Bay 113,2,NA,1,SILVER SPRING+BAY 113,SILVER SPRING STATION,WMATA
10423020,LCL,LCL,11,1,07:40:00,29091,North Bethesda Station+Bay C,2,NA,1,NORTH BETHESDA STATION+BAY C,NORTH BETHESDA STATION,WMATA
10423020,LCL,LCL,11,1,07:48:00,29087,Grosvenor Station+Bay F,4,NA,1,GROSVENOR STATION+BAY F,GROSVENOR STATION,WMATA
10433020,LCL,LCL,11,1,20:37:00,29087,Grosvenor Station+Bay F,4,NA,1,GROSVENOR STATION+BAY F,GROSVENOR STATION,WMATA
10433020,LCL,LCL,11,1,20:29:00,29091,North Bethesda Station+Bay C,2,NA,1,NORTH BETHESDA STATION+BAY C,NORTH BETHESDA STATION,WMATA
10443020,M52,M52,11,0,08:00:00,19053,Silver Spring+Bay 113,2,NA,1,SILVER SPRING+BAY 113,SILVER SPRING STATION,WMATA
10453020,D40,D40,11,0,04:23:00,18907,Silver Spring+Bay 220,59,NA,1,SILVER SPRING+BAY 220,SILVER SPRING STATION,WMATA
10478020,LCL,LCL,11,0,12:55:00,29090,Grosvenor Station,8,NA,1,GROSVENOR STATION,GROSVENOR STATION,WMATA
10479020,EXP,EXP,11,1,21:08:00,29091,North Bethesda Station+Bay C,2,NA,1,NORTH BETHESDA STATION+BAY C,NORTH BETHESDA STATION,WMATA
10487020,M70,M70,11,0,10:55:00,18912,Silver Spring+Bay 102,46,NA,1,SILVER SPRING+BAY 102,SILVER SPRING STATION,WMATA
10487020,M70,M70,11,0,10:12:00,19082,Montgomery Mall+Bay F,2,NA,1,MONTGOMERY MALL+BAY F,MONTGOMERY MALL TRANSIT CENTER,WMATA
10487020,M70,M70,11,0,10:38:00,15362,Bethesda+Bay C,27,NA,1,BETHESDA+BAY C,BETHESDA STATION,WMATA
10492020,M20,M20,11,1,19:19:00,18954,Silver Spring+Bay 219,21,NA,1,SILVER SPRING+BAY 219,SILVER SPRING STATION,WMATA
10492020,M20,M20,11,1,19:01:00,15406,Wheaton+Bay A,2,NA,1,WHEATON+BAY A,WHEATON STATION,WMATA
10514020,EXP,EXP,11,1,16:49:00,29091,North Bethesda Station+Bay C,2,NA,1,NORTH BETHESDA STATION+BAY C,NORTH BETHESDA STATION,WMATA
10544020,LCL,LCL,11,0,17:47:00,29090,Grosvenor Station,8,NA,1,GROSVENOR STATION,GROSVENOR STATION,WMATA
10567020,M70,M70,11,1,12:54:00,15362,Bethesda+Bay C,21,NA,1,BETHESDA+BAY C,BETHESDA STATION,WMATA
10567020,M70,M70,11,1,12:36:00,18912,Silver Spring+Bay 102,2,NA,1,SILVER SPRING+BAY 102,SILVER SPRING STATION,WMATA
10567020,M70,M70,11,1,13:19:00,19082,Montgomery Mall+Bay F,46,NA,1,MONTGOMERY MALL+BAY F,MONTGOMERY MALL TRANSIT CENTER,WMATA
10643020,D4X,D4X,11,0,09:35:00,18909,Silver Spring+Bay 221,24,NA,1,SILVER SPRING+BAY 221,SILVER SPRING STATION,WMATA
10646020,M20,M20,11,1,18:13:00,15406,Wheaton+Bay A,2,NA,1,WHEATON+BAY A,WHEATON STATION,WMATA
10646020,M20,M20,11,1,18:31:00,18954,Silver Spring+Bay 219,21,NA,1,SILVER SPRING+BAY 219,SILVER SPRING STATION,WMATA
10670020,LCL,LCL,11,0,07:23:00,29090,Grosvenor Station,8,NA,1,GROSVENOR STATION,GROSVENOR STATION,WMATA
10674020,P30,P30,11,1,26:14:00,18911,Silver Spring+Bay 223,67,NA,1,SILVER SPRING+BAY 223,SILVER SPRING STATION,WMATA
10677020,M12,M12,11,0,18:20:00,10628,Wheaton+Bay D,2,NA,1,WHEATON+BAY D,WHEATON STATION,WMATA
10687020,M20,M20,11,1,14:17:00,18954,Silver Spring+Bay 219,54,NA,1,SILVER SPRING+BAY 219,SILVER SPRING STATION,WMATA
10687020,M20,M20,11,1,13:57:00,15406,Wheaton+Bay A,35,NA,1,WHEATON+BAY A,WHEATON STATION,WMATA
10687020,M20,M20,11,1,13:44:00,12892,Glenmont+Bay D,23,NA,1,GLENMONT+BAY D,GLENMONT STATION,WMATA
10688020,D4X,D4X,11,1,13:30:00,18909,Silver Spring+Bay 221,2,NA,1,SILVER SPRING+BAY 221,SILVER SPRING STATION,WMATA
10722020,P30,P30,11,0,13:23:00,18911,Silver Spring+Bay 223,2,NA,1,SILVER SPRING+BAY 223,SILVER SPRING STATION,WMATA
10729020,M20,M20,11,0,09:45:00,16136,Wheaton+Bay E,19,NA,1,WHEATON+BAY E,WHEATON STATION,WMATA
10729020,M20,M20,11,0,09:57:00,12893,Glenmont+Bay H,30,NA,1,GLENMONT+BAY H,GLENMONT STATION,WMATA
10729020,M20,M20,11,0,09:25:00,18954,Silver Spring+Bay 219,2,NA,1,SILVER SPRING+BAY 219,SILVER SPRING STATION,WMATA
10763020,D6X,D6X,11,0,18:17:00,18914,Silver Spring+Bay 104,33,NA,1,SILVER SPRING+BAY 104,SILVER SPRING STATION,WMATA
10765020,M20,M20,11,0,20:47:00,18954,Silver Spring+Bay 219,2,NA,1,SILVER SPRING+BAY 219,SILVER SPRING STATION,WMATA
10765020,M20,M20,11,0,21:04:00,16136,Wheaton+Bay E,19,NA,1,WHEATON+BAY E,WHEATON STATION,WMATA
10766020,M70,M70,11,0,17:30:00,19082,Montgomery Mall+Bay F,2,NA,1,MONTGOMERY MALL+BAY F,MONTGOMERY MALL TRANSIT CENTER,WMATA
10766020,M70,M70,11,0,18:00:00,15362,Bethesda+Bay C,27,NA,1,BETHESDA+BAY C,BETHESDA STATION,WMATA
10766020,M70,M70,11,0,18:21:00,18912,Silver Spring+Bay 102,46,NA,1,SILVER SPRING+BAY 102,SILVER SPRING STATION,WMATA
10767020,M54,M54,11,1,26:00:00,19054,Silver Spring+Bay 114,54,NA,1,SILVER SPRING+BAY 114,SILVER SPRING STATION,WMATA
10769020,D60,D60,11,1,07:30:00,18918,Silver Spring+Bay 103,2,NA,1,SILVER SPRING+BAY 103,SILVER SPRING STATION,WMATA
10770020,M12,M12,11,1,09:00:00,16955,Wheaton+Bay B,49,NA,1,WHEATON+BAY B,WHEATON STATION,WMATA
10770020,M12,M12,11,1,09:18:00,21558,Twinbrook+Bay A,74,NA,1,TWINBROOK+BAY A,TWINBROOK STATION,WMATA
10771020,M70,M70,11,1,11:36:00,18912,Silver Spring+Bay 102,2,NA,1,SILVER SPRING+BAY 102,SILVER SPRING STATION,WMATA
10771020,M70,M70,11,1,11:54:00,15362,Bethesda+Bay C,21,NA,1,BETHESDA+BAY C,BETHESDA STATION,WMATA
10771020,M70,M70,11,1,12:19:00,19082,Montgomery Mall+Bay F,46,NA,1,MONTGOMERY MALL+BAY F,MONTGOMERY MALL TRANSIT CENTER,WMATA
10772020,D60,D60,11,1,12:36:00,18918,Silver Spring+Bay 103,2,NA,1,SILVER SPRING+BAY 103,SILVER SPRING STATION,WMATA
10813020,M44,M44,11,0,11:40:00,13000,Glenmont+Bay E,29,NA,1,GLENMONT+BAY E,GLENMONT STATION,WMATA
10815020,M52,M52,11,1,15:17:00,19053,Silver Spring+Bay 113,68,NA,1,SILVER SPRING+BAY 113,SILVER SPRING STATION,WMATA
10852020,M20,M20,11,0,19:25:00,18954,Silver Spring+Bay 219,2,NA,1,SILVER SPRING+BAY 219,SILVER SPRING STATION,WMATA
10852020,M20,M20,11,0,19:57:00,12893,Glenmont+Bay H,30,NA,1,GLENMONT+BAY H,GLENMONT STATION,WMATA
10852020,M20,M20,11,0,19:45:00,16136,Wheaton+Bay E,19,NA,1,WHEATON+BAY E,WHEATON STATION,WMATA
10855020,P30,P30,11,1,12:18:00,18911,Silver Spring+Bay 223,67,NA,1,SILVER SPRING+BAY 223,SILVER SPRING STATION,WMATA
10861020,M12,M12,11,1,11:01:00,21558,Twinbrook+Bay A,74,NA,1,TWINBROOK+BAY A,TWINBROOK STATION,WMATA
10861020,M12,M12,11,1,10:42:00,16955,Wheaton+Bay B,49,NA,1,WHEATON+BAY B,WHEATON STATION,WMATA
10863020,M54,M54,11,0,17:45:00,19054,Silver Spring+Bay 114,2,NA,1,SILVER SPRING+BAY 114,SILVER SPRING STATION,WMATA
10878020,LCL,LCL,11,1,07:08:00,29091,North Bethesda Station+Bay C,2,NA,1,NORTH BETHESDA STATION+BAY C,NORTH BETHESDA STATION,WMATA
10878020,LCL,LCL,11,1,07:16:00,29087,Grosvenor Station+Bay F,4,NA,1,GROSVENOR STATION+BAY F,GROSVENOR STATION,WMATA
10891020,M20,M20,11,1,18:31:00,15406,Wheaton+Bay A,2,NA,1,WHEATON+BAY A,WHEATON STATION,WMATA
10891020,M20,M20,11,1,18:49:00,18954,Silver Spring+Bay 219,21,NA,1,SILVER SPRING+BAY 219,SILVER SPRING STATION,WMATA
10893020,D6X,D6X,11,1,22:45:00,18914,Silver Spring+Bay 104,2,NA,1,SILVER SPRING+BAY 104,SILVER SPRING STATION,WMATA
10899020,M70,M70,11,0,09:47:00,18912,Silver Spring+Bay 102,46,NA,1,SILVER SPRING+BAY 102,SILVER SPRING STATION,WMATA
10899020,M70,M70,11,0,09:30:00,15362,Bethesda+Bay C,27,NA,1,BETHESDA+BAY C,BETHESDA STATION,WMATA
10899020,M70,M70,11,0,09:00:00,19082,Montgomery Mall+Bay F,2,NA,1,MONTGOMERY MALL+BAY F,MONTGOMERY MALL TRANSIT CENTER,WMATA
10900020,D60,D60,11,0,18:43:00,18918,Silver Spring+Bay 103,49,NA,1,SILVER SPRING+BAY 103,SILVER SPRING STATION,WMATA
10936020,M82,M82,11,1,07:30:00,17396,Rockville+Bay A,2,NA,1,ROCKVILLE+BAY A,ROCKVILLE STATION,WMATA
10939020,M70,M70,11,0,16:30:00,19082,Montgomery Mall+Bay F,2,NA,1,MONTGOMERY MALL+BAY F,MONTGOMERY MALL TRANSIT CENTER,WMATA
10939020,M70,M70,11,0,16:59:00,15362,Bethesda+Bay C,27,NA,1,BETHESDA+BAY C,BETHESDA STATION,WMATA
10939020,M70,M70,11,0,17:22:00,18912,Silver Spring+Bay 102,46,NA,1,SILVER SPRING+BAY 102,SILVER SPRING STATION,WMATA
10947020,D96,D96,11,0,09:04:00,28523,Bethesda+Bay A,79,NA,1,BETHESDA+BAY A,BETHESDA STATION,WMATA
10968020,D6X,D6X,11,0,19:10:00,18914,Silver Spring+Bay 104,33,NA,1,SILVER SPRING+BAY 104,SILVER SPRING STATION,WMATA
10972020,M70,M70,11,0,18:20:00,19082,Montgomery Mall+Bay F,2,NA,1,MONTGOMERY MALL+BAY F,MONTGOMERY MALL TRANSIT CENTER,WMATA
10972020,M70,M70,11,0,18:45:00,15362,Bethesda+Bay C,27,NA,1,BETHESDA+BAY C,BETHESDA STATION,WMATA
10972020,M70,M70,11,0,19:02:00,18912,Silver Spring+Bay 102,46,NA,1,SILVER SPRING+BAY 102,SILVER SPRING STATION,WMATA
10975020,D96,D96,11,0,16:43:00,28523,Bethesda+Bay A,79,NA,1,BETHESDA+BAY A,BETHESDA STATION,WMATA
10979020,D4X,D4X,11,1,13:00:00,18909,Silver Spring+Bay 221,2,NA,1,SILVER SPRING+BAY 221,SILVER SPRING STATION,WMATA
11015020,P30,P30,11,0,08:39:00,18911,Silver Spring+Bay 223,2,NA,1,SILVER SPRING+BAY 223,SILVER SPRING STATION,WMATA
11020020,M82,M82,11,1,15:30:00,17396,Rockville+Bay A,2,NA,1,ROCKVILLE+BAY A,ROCKVILLE STATION,WMATA
11021020,M20,M20,11,0,15:09:00,18954,Silver Spring+Bay 219,2,NA,1,SILVER SPRING+BAY 219,SILVER SPRING STATION,WMATA
11021020,M20,M20,11,0,15:34:00,16136,Wheaton+Bay E,19,NA,1,WHEATON+BAY E,WHEATON STATION,WMATA
11024020,M20,M20,11,0,16:20:00,16136,Wheaton+Bay E,19,NA,1,WHEATON+BAY E,WHEATON STATION,WMATA
11024020,M20,M20,11,0,16:36:00,12893,Glenmont+Bay H,30,NA,1,GLENMONT+BAY H,GLENMONT STATION,WMATA
11024020,M20,M20,11,0,15:52:00,18954,Silver Spring+Bay 219,2,NA,1,SILVER SPRING+BAY 219,SILVER SPRING STATION,WMATA
11029020,D40,D40,11,0,10:30:00,18907,Silver Spring+Bay 220,55,NA,1,SILVER SPRING+BAY 220,SILVER SPRING STATION,WMATA
11030020,D6X,D6X,11,1,07:42:00,18914,Silver Spring+Bay 104,2,NA,1,SILVER SPRING+BAY 104,SILVER SPRING STATION,WMATA
11045020,LCL,LCL,11,0,20:17:00,29090,Grosvenor Station,8,NA,1,GROSVENOR STATION,GROSVENOR STATION,WMATA
11055020,P30,P30,11,1,16:00:00,18911,Silver Spring+Bay 223,67,NA,1,SILVER SPRING+BAY 223,SILVER SPRING STATION,WMATA
11061020,M54,M54,11,1,18:04:00,19054,Silver Spring+Bay 114,54,NA,1,SILVER SPRING+BAY 114,SILVER SPRING STATION,WMATA
11069020,D60,D60,11,1,03:40:00,18918,Silver Spring+Bay 103,2,NA,1,SILVER SPRING+BAY 103,SILVER SPRING STATION,WMATA
11070020,M70,M70,11,0,07:26:00,15362,Bethesda+Bay C,27,NA,1,BETHESDA+BAY C,BETHESDA STATION,WMATA
11070020,M70,M70,11,0,07:44:00,18912,Silver Spring+Bay 102,46,NA,1,SILVER SPRING+BAY 102,SILVER SPRING STATION,WMATA
11070020,M70,M70,11,0,07:00:00,19082,Montgomery Mall+Bay F,2,NA,1,MONTGOMERY MALL+BAY F,MONTGOMERY MALL TRANSIT CENTER,WMATA
11084020,EXP,EXP,11,1,09:54:00,29091,North Bethesda Station+Bay C,2,NA,1,NORTH BETHESDA STATION+BAY C,NORTH BETHESDA STATION,WMATA
11097020,D60,D60,11,0,03:28:00,18918,Silver Spring+Bay 103,55,NA,1,SILVER SPRING+BAY 103,SILVER SPRING STATION,WMATA
11117020,EXP,EXP,11,1,11:19:00,29091,North Bethesda Station+Bay C,2,NA,1,NORTH BETHESDA STATION+BAY C,NORTH BETHESDA STATION,WMATA
11134020,D40,D40,11,0,15:38:00,18907,Silver Spring+Bay 220,55,NA,1,SILVER SPRING+BAY 220,SILVER SPRING STATION,WMATA
11135020,D6X,D6X,11,0,18:05:00,18914,Silver Spring+Bay 104,33,NA,1,SILVER SPRING+BAY 104,SILVER SPRING STATION,WMATA
11170020,D6X,D6X,11,0,06:22:00,18914,Silver Spring+Bay 104,33,NA,1,SILVER SPRING+BAY 104,SILVER SPRING STATION,WMATA
11172020,D4X,D4X,11,0,12:06:00,18909,Silver Spring+Bay 221,24,NA,1,SILVER SPRING+BAY 221,SILVER SPRING STATION,WMATA
11173020,M22,M22,11,0,09:37:00,15389,Bethesda+Bay B,2,NA,1,BETHESDA+BAY B,BETHESDA STATION,WMATA
11173020,M22,M22,11,0,10:00:00,16136,Wheaton+Bay E,36,NA,1,WHEATON+BAY E,WHEATON STATION,WMATA
11173020,M22,M22,11,0,10:12:00,12893,Glenmont+Bay H,47,NA,1,GLENMONT+BAY H,GLENMONT STATION,WMATA
11179020,D96,D96,11,1,08:20:00,28523,Bethesda+Bay A,2,NA,1,BETHESDA+BAY A,BETHESDA STATION,WMATA
11207020,D60,D60,11,0,20:55:00,18918,Silver Spring+Bay 103,49,NA,1,SILVER SPRING+BAY 103,SILVER SPRING STATION,WMATA
11215020,D96,D96,11,1,16:40:00,28523,Bethesda+Bay A,2,NA,1,BETHESDA+BAY A,BETHESDA STATION,WMATA
11217020,D6X,D6X,11,1,08:00:00,18914,Silver Spring+Bay 104,2,NA,1,SILVER SPRING+BAY 104,SILVER SPRING STATION,WMATA
11231020,LCL,LCL,11,1,14:20:00,29091,North Bethesda Station+Bay C,2,NA,1,NORTH BETHESDA STATION+BAY C,NORTH BETHESDA STATION,WMATA
11231020,LCL,LCL,11,1,14:28:00,29087,Grosvenor Station+Bay F,4,NA,1,GROSVENOR STATION+BAY F,GROSVENOR STATION,WMATA
11245020,C87,C87,11,1,17:09:00,19055,Silver Spring+Bay 115,2,NA,1,SILVER SPRING+BAY 115,SILVER SPRING STATION,WMATA
11246020,D60,D60,11,0,21:40:00,18918,Silver Spring+Bay 103,49,NA,1,SILVER SPRING+BAY 103,SILVER SPRING STATION,WMATA
11247020,M12,M12,11,1,15:03:00,21558,Twinbrook+Bay A,74,NA,1,TWINBROOK+BAY A,TWINBROOK STATION,WMATA
11247020,M12,M12,11,1,14:42:00,16955,Wheaton+Bay B,49,NA,1,WHEATON+BAY B,WHEATON STATION,WMATA
11248020,M52,M52,11,1,15:49:00,19053,Silver Spring+Bay 113,68,NA,1,SILVER SPRING+BAY 113,SILVER SPRING STATION,WMATA
11255020,D60,D60,11,1,07:10:00,18918,Silver Spring+Bay 103,2,NA,1,SILVER SPRING+BAY 103,SILVER SPRING STATION,WMATA
11274020,EXP,EXP,11,1,17:01:00,29091,North Bethesda Station+Bay C,2,NA,1,NORTH BETHESDA STATION+BAY C,NORTH BETHESDA STATION,WMATA
11287020,D40,D40,11,0,08:06:00,18907,Silver Spring+Bay 220,55,NA,1,SILVER SPRING+BAY 220,SILVER SPRING STATION,WMATA
11289020,M12,M12,11,1,20:50:00,21558,Twinbrook+Bay A,74,NA,1,TWINBROOK+BAY A,TWINBROOK STATION,WMATA
11289020,M12,M12,11,1,20:33:00,16955,Wheaton+Bay B,49,NA,1,WHEATON+BAY B,WHEATON STATION,WMATA
11293020,D96,D96,11,0,22:48:00,28523,Bethesda+Bay A,79,NA,1,BETHESDA+BAY A,BETHESDA STATION,WMATA
11295020,M12,M12,11,1,06:13:00,16955,Wheaton+Bay B,31,NA,1,WHEATON+BAY B,WHEATON STATION,WMATA
11296020,M70,M70,11,0,14:55:00,18912,Silver Spring+Bay 102,46,NA,1,SILVER SPRING+BAY 102,SILVER SPRING STATION,WMATA
11296020,M70,M70,11,0,14:10:00,19082,Montgomery Mall+Bay F,2,NA,1,MONTGOMERY MALL+BAY F,MONTGOMERY MALL TRANSIT CENTER,WMATA
11296020,M70,M70,11,0,14:36:00,15362,Bethesda+Bay C,27,NA,1,BETHESDA+BAY C,BETHESDA STATION,WMATA
11304020,EXP,EXP,11,1,18:47:00,29091,North Bethesda Station+Bay C,2,NA,1,NORTH BETHESDA STATION+BAY C,NORTH BETHESDA STATION,WMATA
11312020,EXP,EXP,11,1,11:39:00,29091,North Bethesda Station+Bay C,2,NA,1,NORTH BETHESDA STATION+BAY C,NORTH BETHESDA STATION,WMATA
11329020,M20,M20,11,1,06:19:00,15406,Wheaton+Bay A,35,NA,1,WHEATON+BAY A,WHEATON STATION,WMATA
11329020,M20,M20,11,1,06:08:00,12892,Glenmont+Bay D,23,NA,1,GLENMONT+BAY D,GLENMONT STATION,WMATA
11329020,M20,M20,11,1,06:36:00,18954,Silver Spring+Bay 219,54,NA,1,SILVER SPRING+BAY 219,SILVER SPRING STATION,WMATA
11339020,LCL,LCL,11,1,17:36:00,29091,North Bethesda Station+Bay C,2,NA,1,NORTH BETHESDA STATION+BAY C,NORTH BETHESDA STATION,WMATA
11339020,LCL,LCL,11,1,17:44:00,29087,Grosvenor Station+Bay F,4,NA,1,GROSVENOR STATION+BAY F,GROSVENOR STATION,WMATA
11346020,EXP,EXP,11,1,08:54:00,29091,North Bethesda Station+Bay C,2,NA,1,NORTH BETHESDA STATION+BAY C,NORTH BETHESDA STATION,WMATA
11354020,P30,P30,11,1,16:47:00,18911,Silver Spring+Bay 223,67,NA,1,SILVER SPRING+BAY 223,SILVER SPRING STATION,WMATA
11360020,D6X,D6X,11,1,08:30:00,18914,Silver Spring+Bay 104,2,NA,1,SILVER SPRING+BAY 104,SILVER SPRING STATION,WMATA
11377020,EXP,EXP,11,1,06:54:00,29091,North Bethesda Station+Bay C,2,NA,1,NORTH BETHESDA STATION+BAY C,NORTH BETHESDA STATION,WMATA
11378020,LCL,LCL,11,1,18:20:00,29087,Grosvenor Station+Bay F,4,NA,1,GROSVENOR STATION+BAY F,GROSVENOR STATION,WMATA
11378020,LCL,LCL,11,1,18:12:00,29091,North Bethesda Station+Bay C,2,NA,1,NORTH BETHESDA STATION+BAY C,NORTH BETHESDA STATION,WMATA
11387020,M54,M54,11,0,13:45:00,19054,Silver Spring+Bay 114,2,NA,1,SILVER SPRING+BAY 114,SILVER SPRING STATION,WMATA
11388020,M22,M22,11,0,17:53:00,15389,Bethesda+Bay B,2,NA,1,BETHESDA+BAY B,BETHESDA STATION,WMATA
11388020,M22,M22,11,0,18:47:00,12893,Glenmont+Bay H,47,NA,1,GLENMONT+BAY H,GLENMONT STATION,WMATA
11388020,M22,M22,11,0,18:30:00,16136,Wheaton+Bay E,36,NA,1,WHEATON+BAY E,WHEATON STATION,WMATA
11405020,LCL,LCL,11,0,12:47:00,29090,Grosvenor Station,8,NA,1,GROSVENOR STATION,GROSVENOR STATION,WMATA
11416020,D40,D40,11,1,15:48:00,18907,Silver Spring+Bay 220,2,NA,1,SILVER SPRING+BAY 220,SILVER SPRING STATION,WMATA
11417020,M12,M12,11,1,15:31:00,16955,Wheaton+Bay B,31,NA,1,WHEATON+BAY B,WHEATON STATION,WMATA
11418020,M52,M52,11,1,20:44:00,19053,Silver Spring+Bay 113,68,NA,1,SILVER SPRING+BAY 113,SILVER SPRING STATION,WMATA
11423020,D96,D96,11,1,22:30:00,28523,Bethesda+Bay A,2,NA,1,BETHESDA+BAY A,BETHESDA STATION,WMATA
11427020,D60,D60,11,0,19:33:00,18918,Silver Spring+Bay 103,49,NA,1,SILVER SPRING+BAY 103,SILVER SPRING STATION,WMATA
11442020,LCL,LCL,11,1,12:56:00,29091,North Bethesda Station+Bay C,2,NA,1,NORTH BETHESDA STATION+BAY C,NORTH BETHESDA STATION,WMATA
11442020,LCL,LCL,11,1,13:04:00,29087,Grosvenor Station+Bay F,4,NA,1,GROSVENOR STATION+BAY F,GROSVENOR STATION,WMATA
11456020,M20,M20,11,0,22:18:00,18954,Silver Spring+Bay 219,2,NA,1,SILVER SPRING+BAY 219,SILVER SPRING STATION,WMATA
11456020,M20,M20,11,0,22:35:00,16136,Wheaton+Bay E,19,NA,1,WHEATON+BAY E,WHEATON STATION,WMATA
11482020,EXP,EXP,11,1,08:26:00,29091,North Bethesda Station+Bay C,2,NA,1,NORTH BETHESDA STATION+BAY C,NORTH BETHESDA STATION,WMATA
11486020,P30,P30,11,1,23:23:00,18911,Silver Spring+Bay 223,67,NA,1,SILVER SPRING+BAY 223,SILVER SPRING STATION,WMATA
11489020,D96,D96,11,0,20:19:00,28523,Bethesda+Bay A,79,NA,1,BETHESDA+BAY A,BETHESDA STATION,WMATA
11493020,M20,M20,11,0,20:35:00,16136,Wheaton+Bay E,19,NA,1,WHEATON+BAY E,WHEATON STATION,WMATA
11493020,M20,M20,11,0,20:15:00,18954,Silver Spring+Bay 219,2,NA,1,SILVER SPRING+BAY 219,SILVER SPRING STATION,WMATA
11500020,D60,D60,11,1,05:30:00,18918,Silver Spring+Bay 103,2,NA,1,SILVER SPRING+BAY 103,SILVER SPRING STATION,WMATA
11538020,M12,M12,11,0,12:52:00,21558,Twinbrook+Bay A,2,NA,1,TWINBROOK+BAY A,TWINBROOK STATION,WMATA
11538020,M12,M12,11,0,13:12:00,10628,Wheaton+Bay D,28,NA,1,WHEATON+BAY D,WHEATON STATION,WMATA
11546020,D96,D96,11,0,13:51:00,28523,Bethesda+Bay A,79,NA,1,BETHESDA+BAY A,BETHESDA STATION,WMATA
11554020,LCL,LCL,11,1,08:48:00,29091,North Bethesda Station+Bay C,2,NA,1,NORTH BETHESDA STATION+BAY C,NORTH BETHESDA STATION,WMATA
11554020,LCL,LCL,11,1,08:56:00,29087,Grosvenor Station+Bay F,4,NA,1,GROSVENOR STATION+BAY F,GROSVENOR STATION,WMATA
11564020,D4X,D4X,11,0,18:14:00,18909,Silver Spring+Bay 221,24,NA,1,SILVER SPRING+BAY 221,SILVER SPRING STATION,WMATA
11566020,P30,P30,11,0,08:03:00,18911,Silver Spring+Bay 223,2,NA,1,SILVER SPRING+BAY 223,SILVER SPRING STATION,WMATA
11571020,M44,M44,11,0,06:06:00,13000,Glenmont+Bay E,29,NA,1,GLENMONT+BAY E,GLENMONT STATION,WMATA
11574020,M12,M12,11,0,11:48:00,10628,Wheaton+Bay D,2,NA,1,WHEATON+BAY D,WHEATON STATION,WMATA
11626020,LCL,LCL,11,0,18:47:00,29090,Grosvenor Station,8,NA,1,GROSVENOR STATION,GROSVENOR STATION,WMATA
11646020,M52,M52,11,1,13:47:00,19053,Silver Spring+Bay 113,68,NA,1,SILVER SPRING+BAY 113,SILVER SPRING STATION,WMATA
11647020,M42,M42,11,1,14:57:00,15313,Glenmont+Bay F,78,NA,1,GLENMONT+BAY F,GLENMONT STATION,WMATA
11675020,EXP,EXP,11,1,09:56:00,29091,North Bethesda Station+Bay C,2,NA,1,NORTH BETHESDA STATION+BAY C,NORTH BETHESDA STATION,WMATA
11676020,EXP,EXP,11,1,10:17:00,29091,North Bethesda Station+Bay C,2,NA,1,NORTH BETHESDA STATION+BAY C,NORTH BETHESDA STATION,WMATA
11686020,D6X,D6X,11,0,14:56:00,18914,Silver Spring+Bay 104,33,NA,1,SILVER SPRING+BAY 104,SILVER SPRING STATION,WMATA
11687020,D60,D60,11,1,14:36:00,18918,Silver Spring+Bay 103,2,NA,1,SILVER SPRING+BAY 103,SILVER SPRING STATION,WMATA
11688020,D6X,D6X,11,1,15:50:00,18914,Silver Spring+Bay 104,2,NA,1,SILVER SPRING+BAY 104,SILVER SPRING STATION,WMATA
11693020,D4X,D4X,11,1,06:20:00,18909,Silver Spring+Bay 221,2,NA,1,SILVER SPRING+BAY 221,SILVER SPRING STATION,WMATA
11694020,M20,M20,11,0,11:05:00,16136,Wheaton+Bay E,19,NA,1,WHEATON+BAY E,WHEATON STATION,WMATA
11694020,M20,M20,11,0,10:45:00,18954,Silver Spring+Bay 219,2,NA,1,SILVER SPRING+BAY 219,SILVER SPRING STATION,WMATA
11695020,M20,M20,11,1,14:07:00,18954,Silver Spring+Bay 219,21,NA,1,SILVER SPRING+BAY 219,SILVER SPRING STATION,WMATA
11695020,M20,M20,11,1,13:47:00,15406,Wheaton+Bay A,2,NA,1,WHEATON+BAY A,WHEATON STATION,WMATA
11716020,LCL,LCL,11,1,13:52:00,29091,North Bethesda Station+Bay C,2,NA,1,NORTH BETHESDA STATION+BAY C,NORTH BETHESDA STATION,WMATA
11716020,LCL,LCL,11,1,14:00:00,29087,Grosvenor Station+Bay F,4,NA,1,GROSVENOR STATION+BAY F,GROSVENOR STATION,WMATA
11719020,LCL,LCL,11,0,12:59:00,29090,Grosvenor Station,8,NA,1,GROSVENOR STATION,GROSVENOR STATION,WMATA
11723020,EXP,EXP,11,1,14:29:00,29091,North Bethesda Station+Bay C,2,NA,1,NORTH BETHESDA STATION+BAY C,NORTH BETHESDA STATION,WMATA
11731020,D60,D60,11,1,18:15:00,18918,Silver Spring+Bay 103,2,NA,1,SILVER SPRING+BAY 103,SILVER SPRING STATION,WMATA
11732020,D6X,D6X,11,1,17:10:00,18914,Silver Spring+Bay 104,2,NA,1,SILVER SPRING+BAY 104,SILVER SPRING STATION,WMATA
11733020,D4X,D4X,11,1,15:50:00,18909,Silver Spring+Bay 221,2,NA,1,SILVER SPRING+BAY 221,SILVER SPRING STATION,WMATA
11739020,D60,D60,11,0,13:29:00,18918,Silver Spring+Bay 103,49,NA,1,SILVER SPRING+BAY 103,SILVER SPRING STATION,WMATA
11740020,D60,D60,11,0,11:39:00,18918,Silver Spring+Bay 103,49,NA,1,SILVER SPRING+BAY 103,SILVER SPRING STATION,WMATA
11741020,D60,D60,11,0,17:40:00,18918,Silver Spring+Bay 103,49,NA,1,SILVER SPRING+BAY 103,SILVER SPRING STATION,WMATA
11742020,M44,M44,11,0,18:44:00,13000,Glenmont+Bay E,29,NA,1,GLENMONT+BAY E,GLENMONT STATION,WMATA
11762020,EXP,EXP,11,1,17:44:00,29091,North Bethesda Station+Bay C,2,NA,1,NORTH BETHESDA STATION+BAY C,NORTH BETHESDA STATION,WMATA
11764020,EXP,EXP,11,1,10:22:00,29091,North Bethesda Station+Bay C,2,NA,1,NORTH BETHESDA STATION+BAY C,NORTH BETHESDA STATION,WMATA
11766020,LCL,LCL,11,1,10:32:00,29087,Grosvenor Station+Bay F,4,NA,1,GROSVENOR STATION+BAY F,GROSVENOR STATION,WMATA
11766020,LCL,LCL,11,1,10:24:00,29091,North Bethesda Station+Bay C,2,NA,1,NORTH BETHESDA STATION+BAY C,NORTH BETHESDA STATION,WMATA
11775020,P30,P30,11,0,16:48:00,18911,Silver Spring+Bay 223,2,NA,1,SILVER SPRING+BAY 223,SILVER SPRING STATION,WMATA
11778020,D6X,D6X,11,1,09:30:00,18914,Silver Spring+Bay 104,2,NA,1,SILVER SPRING+BAY 104,SILVER SPRING STATION,WMATA
11811020,M12,M12,11,1,16:51:00,16955,Wheaton+Bay B,31,NA,1,WHEATON+BAY B,WHEATON STATION,WMATA
11812020,D60,D60,11,1,17:15:00,18918,Silver Spring+Bay 103,2,NA,1,SILVER SPRING+BAY 103,SILVER SPRING STATION,WMATA
11813020,D40,D40,11,0,07:05:00,18907,Silver Spring+Bay 220,55,NA,1,SILVER SPRING+BAY 220,SILVER SPRING STATION,WMATA
11814020,M20,M20,11,1,22:30:00,15406,Wheaton+Bay A,2,NA,1,WHEATON+BAY A,WHEATON STATION,WMATA
11814020,M20,M20,11,1,22:44:00,18954,Silver Spring+Bay 219,21,NA,1,SILVER SPRING+BAY 219,SILVER SPRING STATION,WMATA
11820020,C87,C87,11,0,08:36:00,19055,Silver Spring+Bay 115,42,NA,1,SILVER SPRING+BAY 115,SILVER SPRING STATION,WMATA
11846020,EXP,EXP,11,1,07:05:00,29091,North Bethesda Station+Bay C,2,NA,1,NORTH BETHESDA STATION+BAY C,NORTH BETHESDA STATION,WMATA
11853020,EXP,EXP,11,1,06:17:00,29091,North Bethesda Station+Bay C,2,NA,1,NORTH BETHESDA STATION+BAY C,NORTH BETHESDA STATION,WMATA
11864020,M42,M42,11,1,08:58:00,15313,Glenmont+Bay F,78,NA,1,GLENMONT+BAY F,GLENMONT STATION,WMATA
11914020,M20,M20,11,1,11:07:00,15406,Wheaton+Bay A,2,NA,1,WHEATON+BAY A,WHEATON STATION,WMATA
11914020,M20,M20,11,1,11:27:00,18954,Silver Spring+Bay 219,21,NA,1,SILVER SPRING+BAY 219,SILVER SPRING STATION,WMATA
11937020,EXP,EXP,11,1,16:47:00,29091,North Bethesda Station+Bay C,2,NA,1,NORTH BETHESDA STATION+BAY C,NORTH BETHESDA STATION,WMATA
11946020,M20,M20,11,0,13:52:00,18954,Silver Spring+Bay 219,2,NA,1,SILVER SPRING+BAY 219,SILVER SPRING STATION,WMATA
11946020,M20,M20,11,0,14:14:00,16136,Wheaton+Bay E,19,NA,1,WHEATON+BAY E,WHEATON STATION,WMATA
11950020,P30,P30,11,1,12:42:00,18911,Silver Spring+Bay 223,67,NA,1,SILVER SPRING+BAY 223,SILVER SPRING STATION,WMATA
11954020,M12,M12,11,1,08:30:00,16955,Wheaton+Bay B,31,NA,1,WHEATON+BAY B,WHEATON STATION,WMATA
11955020,D4X,D4X,11,1,08:50:00,18909,Silver Spring+Bay 221,2,NA,1,SILVER SPRING+BAY 221,SILVER SPRING STATION,WMATA
11978020,EXP,EXP,11,1,12:27:00,29091,North Bethesda Station+Bay C,2,NA,1,NORTH BETHESDA STATION+BAY C,NORTH BETHESDA STATION,WMATA
11987020,D40,D40,11,0,11:33:00,18907,Silver Spring+Bay 220,55,NA,1,SILVER SPRING+BAY 220,SILVER SPRING STATION,WMATA
11988020,M70,M70,11,0,20:36:00,19082,Montgomery Mall+Bay F,2,NA,1,MONTGOMERY MALL+BAY F,MONTGOMERY MALL TRANSIT CENTER,WMATA
11988020,M70,M70,11,0,20:59:00,15362,Bethesda+Bay C,27,NA,1,BETHESDA+BAY C,BETHESDA STATION,WMATA
11988020,M70,M70,11,0,21:16:00,18912,Silver Spring+Bay 102,46,NA,1,SILVER SPRING+BAY 102,SILVER SPRING STATION,WMATA
11990020,P30,P30,11,0,13:33:00,18911,Silver Spring+Bay 223,2,NA,1,SILVER SPRING+BAY 223,SILVER SPRING STATION,WMATA
12015020,LCL,LCL,11,1,20:41:00,29091,North Bethesda Station+Bay C,2,NA,1,NORTH BETHESDA STATION+BAY C,NORTH BETHESDA STATION,WMATA
12015020,LCL,LCL,11,1,20:49:00,29087,Grosvenor Station+Bay F,4,NA,1,GROSVENOR STATION+BAY F,GROSVENOR STATION,WMATA
12017020,P30,P30,11,0,20:48:00,18911,Silver Spring+Bay 223,2,NA,1,SILVER SPRING+BAY 223,SILVER SPRING STATION,WMATA
12029020,D60,D60,11,0,22:25:00,18918,Silver Spring+Bay 103,49,NA,1,SILVER SPRING+BAY 103,SILVER SPRING STATION,WMATA
12037020,M22,M22,11,1,08:29:00,12892,Glenmont+Bay D,41,NA,1,GLENMONT+BAY D,GLENMONT STATION,WMATA
12037020,M22,M22,11,1,08:41:00,15406,Wheaton+Bay A,53,NA,1,WHEATON+BAY A,WHEATON STATION,WMATA
12037020,M22,M22,11,1,09:11:00,15389,Bethesda+Bay B,89,NA,1,BETHESDA+BAY B,BETHESDA STATION,WMATA
12076020,C87,C87,11,0,07:33:00,19055,Silver Spring+Bay 115,42,NA,1,SILVER SPRING+BAY 115,SILVER SPRING STATION,WMATA
12077020,M82,M82,11,0,18:16:00,17396,Rockville+Bay A,73,NA,1,ROCKVILLE+BAY A,ROCKVILLE STATION,WMATA
12108020,LCL,LCL,11,0,22:04:00,29090,Grosvenor Station,8,NA,1,GROSVENOR STATION,GROSVENOR STATION,WMATA
12164020,D6X,D6X,11,0,13:41:00,18914,Silver Spring+Bay 104,33,NA,1,SILVER SPRING+BAY 104,SILVER SPRING STATION,WMATA
12188020,D40,D40,11,0,22:27:00,18907,Silver Spring+Bay 220,55,NA,1,SILVER SPRING+BAY 220,SILVER SPRING STATION,WMATA
12211020,EXP,EXP,11,1,16:55:00,29091,North Bethesda Station+Bay C,2,NA,1,NORTH BETHESDA STATION+BAY C,NORTH BETHESDA STATION,WMATA
12218020,D40,D40,11,1,20:36:00,18907,Silver Spring+Bay 220,2,NA,1,SILVER SPRING+BAY 220,SILVER SPRING STATION,WMATA
12219020,M70,M70,11,1,21:26:00,19082,Montgomery Mall+Bay F,46,NA,1,MONTGOMERY MALL+BAY F,MONTGOMERY MALL TRANSIT CENTER,WMATA
12219020,M70,M70,11,1,21:04:00,15362,Bethesda+Bay C,21,NA,1,BETHESDA+BAY C,BETHESDA STATION,WMATA
12219020,M70,M70,11,1,20:48:00,18912,Silver Spring+Bay 102,2,NA,1,SILVER SPRING+BAY 102,SILVER SPRING STATION,WMATA
12223020,M42,M42,11,0,17:59:00,13000,Glenmont+Bay E,29,NA,1,GLENMONT+BAY E,GLENMONT STATION,WMATA
12226020,M22,M22,11,1,08:09:00,12892,Glenmont+Bay D,41,NA,1,GLENMONT+BAY D,GLENMONT STATION,WMATA
12226020,M22,M22,11,1,08:21:00,15406,Wheaton+Bay A,53,NA,1,WHEATON+BAY A,WHEATON STATION,WMATA
12226020,M22,M22,11,1,08:51:00,15389,Bethesda+Bay B,89,NA,1,BETHESDA+BAY B,BETHESDA STATION,WMATA
12270020,M12,M12,11,0,08:36:00,10628,Wheaton+Bay D,2,NA,1,WHEATON+BAY D,WHEATON STATION,WMATA
12271020,D40,D40,11,0,18:59:00,18907,Silver Spring+Bay 220,55,NA,1,SILVER SPRING+BAY 220,SILVER SPRING STATION,WMATA
12302020,D60,D60,11,0,21:55:00,18918,Silver Spring+Bay 103,49,NA,1,SILVER SPRING+BAY 103,SILVER SPRING STATION,WMATA
12352020,D6X,D6X,11,1,23:00:00,18914,Silver Spring+Bay 104,2,NA,1,SILVER SPRING+BAY 104,SILVER SPRING STATION,WMATA
12388020,M20,M20,11,0,05:59:00,18954,Silver Spring+Bay 219,2,NA,1,SILVER SPRING+BAY 219,SILVER SPRING STATION,WMATA
12388020,M20,M20,11,0,06:15:00,16136,Wheaton+Bay E,19,NA,1,WHEATON+BAY E,WHEATON STATION,WMATA
12388020,M20,M20,11,0,06:26:00,12893,Glenmont+Bay H,30,NA,1,GLENMONT+BAY H,GLENMONT STATION,WMATA
12389020,M70,M70,11,1,10:00:00,18912,Silver Spring+Bay 102,2,NA,1,SILVER SPRING+BAY 102,SILVER SPRING STATION,WMATA
12389020,M70,M70,11,1,10:42:00,19082,Montgomery Mall+Bay F,46,NA,1,MONTGOMERY MALL+BAY F,MONTGOMERY MALL TRANSIT CENTER,WMATA
12389020,M70,M70,11,1,10:18:00,15362,Bethesda+Bay C,21,NA,1,BETHESDA+BAY C,BETHESDA STATION,WMATA
12391020,M70,M70,11,1,16:31:00,15362,Bethesda+Bay C,21,NA,1,BETHESDA+BAY C,BETHESDA STATION,WMATA
12391020,M70,M70,11,1,17:05:00,19082,Montgomery Mall+Bay F,46,NA,1,MONTGOMERY MALL+BAY F,MONTGOMERY MALL TRANSIT CENTER,WMATA
12391020,M70,M70,11,1,16:10:00,18912,Silver Spring+Bay 102,2,NA,1,SILVER SPRING+BAY 102,SILVER SPRING STATION,WMATA
12392020,M54,M54,11,0,20:15:00,19054,Silver Spring+Bay 114,2,NA,1,SILVER SPRING+BAY 114,SILVER SPRING STATION,WMATA
12411020,LCL,LCL,11,1,12:16:00,29087,Grosvenor Station+Bay F,4,NA,1,GROSVENOR STATION+BAY F,GROSVENOR STATION,WMATA
12411020,LCL,LCL,11,1,12:08:00,29091,North Bethesda Station+Bay C,2,NA,1,NORTH BETHESDA STATION+BAY C,NORTH BETHESDA STATION,WMATA
12424020,M44,M44,11,1,08:12:00,15313,Glenmont+Bay F,91,NA,1,GLENMONT+BAY F,GLENMONT STATION,WMATA
12425020,D60,D60,11,0,11:27:00,18918,Silver Spring+Bay 103,49,NA,1,SILVER SPRING+BAY 103,SILVER SPRING STATION,WMATA
12447020,EXP,EXP,11,1,07:26:00,29091,North Bethesda Station+Bay C,2,NA,1,NORTH BETHESDA STATION+BAY C,NORTH BETHESDA STATION,WMATA
12456020,D6X,D6X,11,0,22:39:00,18914,Silver Spring+Bay 104,33,NA,1,SILVER SPRING+BAY 104,SILVER SPRING STATION,WMATA
12464020,D4X,D4X,11,1,09:50:00,18909,Silver Spring+Bay 221,2,NA,1,SILVER SPRING+BAY 221,SILVER SPRING STATION,WMATA
12497020,D60,D60,11,0,14:29:00,18918,Silver Spring+Bay 103,49,NA,1,SILVER SPRING+BAY 103,SILVER SPRING STATION,WMATA
12515020,EXP,EXP,11,1,05:01:00,29091,North Bethesda Station+Bay C,2,NA,1,NORTH BETHESDA STATION+BAY C,NORTH BETHESDA STATION,WMATA
12516020,EXP,EXP,11,1,17:24:00,29091,North Bethesda Station+Bay C,2,NA,1,NORTH BETHESDA STATION+BAY C,NORTH BETHESDA STATION,WMATA
12526020,M20,M20,11,1,14:07:00,15406,Wheaton+Bay A,2,NA,1,WHEATON+BAY A,WHEATON STATION,WMATA
12526020,M20,M20,11,1,14:27:00,18954,Silver Spring+Bay 219,21,NA,1,SILVER SPRING+BAY 219,SILVER SPRING STATION,WMATA
12551020,LCL,LCL,11,0,11:17:00,29090,Grosvenor Station,8,NA,1,GROSVENOR STATION,GROSVENOR STATION,WMATA
12560020,M82,M82,11,0,12:42:00,17396,Rockville+Bay A,73,NA,1,ROCKVILLE+BAY A,ROCKVILLE STATION,WMATA
12581020,LCL,LCL,11,0,08:55:00,29090,Grosvenor Station,8,NA,1,GROSVENOR STATION,GROSVENOR STATION,WMATA
12594020,C87,C87,11,0,19:06:00,19055,Silver Spring+Bay 115,32,NA,1,SILVER SPRING+BAY 115,SILVER SPRING STATION,WMATA
12630020,P30,P30,11,1,20:39:00,18911,Silver Spring+Bay 223,67,NA,1,SILVER SPRING+BAY 223,SILVER SPRING STATION,WMATA
12635020,M12,M12,11,0,17:24:00,10628,Wheaton+Bay D,28,NA,1,WHEATON+BAY D,WHEATON STATION,WMATA
12635020,M12,M12,11,0,17:00:00,21558,Twinbrook+Bay A,2,NA,1,TWINBROOK+BAY A,TWINBROOK STATION,WMATA
12636020,D6X,D6X,11,0,22:24:00,18914,Silver Spring+Bay 104,33,NA,1,SILVER SPRING+BAY 104,SILVER SPRING STATION,WMATA
12674020,M12,M12,11,0,05:41:00,21558,Twinbrook+Bay A,2,NA,1,TWINBROOK+BAY A,TWINBROOK STATION,WMATA
12674020,M12,M12,11,0,06:00:00,10628,Wheaton+Bay D,28,NA,1,WHEATON+BAY D,WHEATON STATION,WMATA
12676020,D4X,D4X,11,1,14:30:00,18909,Silver Spring+Bay 221,2,NA,1,SILVER SPRING+BAY 221,SILVER SPRING STATION,WMATA
12700020,LCL,LCL,11,0,24:52:00,29090,Grosvenor Station,8,NA,1,GROSVENOR STATION,GROSVENOR STATION,WMATA
12709020,D60,D60,11,1,17:00:00,18918,Silver Spring+Bay 103,2,NA,1,SILVER SPRING+BAY 103,SILVER SPRING STATION,WMATA
12717020,M22,M22,11,0,08:12:00,12893,Glenmont+Bay H,47,NA,1,GLENMONT+BAY H,GLENMONT STATION,WMATA
12717020,M22,M22,11,0,07:38:00,15389,Bethesda+Bay B,2,NA,1,BETHESDA+BAY B,BETHESDA STATION,WMATA
12717020,M22,M22,11,0,08:00:00,16136,Wheaton+Bay E,36,NA,1,WHEATON+BAY E,WHEATON STATION,WMATA
12748020,LCL,LCL,11,1,22:25:00,29087,Grosvenor Station+Bay F,4,NA,1,GROSVENOR STATION+BAY F,GROSVENOR STATION,WMATA
12748020,LCL,LCL,11,1,22:17:00,29091,North Bethesda Station+Bay C,2,NA,1,NORTH BETHESDA STATION+BAY C,NORTH BETHESDA STATION,WMATA
12756020,D6X,D6X,11,0,10:52:00,18914,Silver Spring+Bay 104,33,NA,1,SILVER SPRING+BAY 104,SILVER SPRING STATION,WMATA
12757020,D4X,D4X,11,1,16:10:00,18909,Silver Spring+Bay 221,2,NA,1,SILVER SPRING+BAY 221,SILVER SPRING STATION,WMATA
12789020,EXP,EXP,11,1,08:49:00,29091,North Bethesda Station+Bay C,2,NA,1,NORTH BETHESDA STATION+BAY C,NORTH BETHESDA STATION,WMATA
12793020,P30,P30,11,1,21:01:00,18911,Silver Spring+Bay 223,67,NA,1,SILVER SPRING+BAY 223,SILVER SPRING STATION,WMATA
12795020,P30,P30,11,0,22:10:00,18911,Silver Spring+Bay 223,2,NA,1,SILVER SPRING+BAY 223,SILVER SPRING STATION,WMATA
12798020,M44,M44,11,0,11:10:00,13000,Glenmont+Bay E,29,NA,1,GLENMONT+BAY E,GLENMONT STATION,WMATA
12799020,M20,M20,11,1,17:40:00,18954,Silver Spring+Bay 219,21,NA,1,SILVER SPRING+BAY 219,SILVER SPRING STATION,WMATA
12799020,M20,M20,11,1,17:19:00,15406,Wheaton+Bay A,2,NA,1,WHEATON+BAY A,WHEATON STATION,WMATA
12822020,LCL,LCL,11,0,19:47:00,29090,Grosvenor Station,8,NA,1,GROSVENOR STATION,GROSVENOR STATION,WMATA
12855020,M44,M44,11,1,05:14:00,15313,Glenmont+Bay F,40,NA,1,GLENMONT+BAY F,GLENMONT STATION,WMATA
12858020,M20,M20,11,1,09:05:00,18954,Silver Spring+Bay 219,21,NA,1,SILVER SPRING+BAY 219,SILVER SPRING STATION,WMATA
12858020,M20,M20,11,1,08:45:00,15406,Wheaton+Bay A,2,NA,1,WHEATON+BAY A,WHEATON STATION,WMATA
12894020,M42,M42,11,1,19:56:00,15313,Glenmont+Bay F,78,NA,1,GLENMONT+BAY F,GLENMONT STATION,WMATA
12918020,LCL,LCL,11,1,05:48:00,29087,Grosvenor Station+Bay F,4,NA,1,GROSVENOR STATION+BAY F,GROSVENOR STATION,WMATA
12918020,LCL,LCL,11,1,05:40:00,29091,North Bethesda Station+Bay C,2,NA,1,NORTH BETHESDA STATION+BAY C,NORTH BETHESDA STATION,WMATA
12924020,M12,M12,11,1,18:29:00,16955,Wheaton+Bay B,31,NA,1,WHEATON+BAY B,WHEATON STATION,WMATA
12932020,D4X,D4X,11,1,19:10:00,18909,Silver Spring+Bay 221,2,NA,1,SILVER SPRING+BAY 221,SILVER SPRING STATION,WMATA
12935020,D40,D40,11,1,17:48:00,18907,Silver Spring+Bay 220,2,NA,1,SILVER SPRING+BAY 220,SILVER SPRING STATION,WMATA
12939020,D96,D96,11,1,15:20:00,28523,Bethesda+Bay A,2,NA,1,BETHESDA+BAY A,BETHESDA STATION,WMATA
12978020,D4X,D4X,11,1,11:10:00,18909,Silver Spring+Bay 221,2,NA,1,SILVER SPRING+BAY 221,SILVER SPRING STATION,WMATA
12981020,M20,M20,11,0,22:57:00,16136,Wheaton+Bay E,19,NA,1,WHEATON+BAY E,WHEATON STATION,WMATA
12981020,M20,M20,11,0,22:40:00,18954,Silver Spring+Bay 219,2,NA,1,SILVER SPRING+BAY 219,SILVER SPRING STATION,WMATA
12988020,M12,M12,11,0,10:36:00,10628,Wheaton+Bay D,2,NA,1,WHEATON+BAY D,WHEATON STATION,WMATA
13010020,LCL,LCL,11,0,18:11:00,29090,Grosvenor Station,8,NA,1,GROSVENOR STATION,GROSVENOR STATION,WMATA
13030020,P30,P30,11,1,11:41:00,18911,Silver Spring+Bay 223,67,NA,1,SILVER SPRING+BAY 223,SILVER SPRING STATION,WMATA
13050020,LCL,LCL,11,0,14:39:00,29090,Grosvenor Station,8,NA,1,GROSVENOR STATION,GROSVENOR STATION,WMATA
13054020,LCL,LCL,11,0,12:17:00,29090,Grosvenor Station,8,NA,1,GROSVENOR STATION,GROSVENOR STATION,WMATA
13064020,M20,M20,11,0,11:35:00,16136,Wheaton+Bay E,19,NA,1,WHEATON+BAY E,WHEATON STATION,WMATA
13064020,M20,M20,11,0,11:15:00,18954,Silver Spring+Bay 219,2,NA,1,SILVER SPRING+BAY 219,SILVER SPRING STATION,WMATA
13094020,EXP,EXP,11,1,17:04:00,29091,North Bethesda Station+Bay C,2,NA,1,NORTH BETHESDA STATION+BAY C,NORTH BETHESDA STATION,WMATA
13101020,LCL,LCL,11,0,23:16:00,29090,Grosvenor Station,8,NA,1,GROSVENOR STATION,GROSVENOR STATION,WMATA
13102020,LCL,LCL,11,0,17:28:00,29090,Grosvenor Station,8,NA,1,GROSVENOR STATION,GROSVENOR STATION,WMATA
13111020,LCL,LCL,11,1,13:48:00,29091,North Bethesda Station+Bay C,2,NA,1,NORTH BETHESDA STATION+BAY C,NORTH BETHESDA STATION,WMATA
13111020,LCL,LCL,11,1,13:56:00,29087,Grosvenor Station+Bay F,4,NA,1,GROSVENOR STATION+BAY F,GROSVENOR STATION,WMATA
13113020,M22,M22,11,0,05:11:00,12893,Glenmont+Bay H,13,NA,1,GLENMONT+BAY H,GLENMONT STATION,WMATA
13113020,M22,M22,11,0,05:00:00,16136,Wheaton+Bay E,2,NA,1,WHEATON+BAY E,WHEATON STATION,WMATA
13117020,P30,P30,11,1,08:27:00,18911,Silver Spring+Bay 223,67,NA,1,SILVER SPRING+BAY 223,SILVER SPRING STATION,WMATA
13161020,P30,P30,11,0,17:48:00,18911,Silver Spring+Bay 223,2,NA,1,SILVER SPRING+BAY 223,SILVER SPRING STATION,WMATA
13166020,D40,D40,11,0,21:03:00,18907,Silver Spring+Bay 220,55,NA,1,SILVER SPRING+BAY 220,SILVER SPRING STATION,WMATA
13167020,M70,M70,11,1,19:05:00,19082,Montgomery Mall+Bay F,46,NA,1,MONTGOMERY MALL+BAY F,MONTGOMERY MALL TRANSIT CENTER,WMATA
13167020,M70,M70,11,1,18:40:00,15362,Bethesda+Bay C,21,NA,1,BETHESDA+BAY C,BETHESDA STATION,WMATA
13167020,M70,M70,11,1,18:20:00,18912,Silver Spring+Bay 102,2,NA,1,SILVER SPRING+BAY 102,SILVER SPRING STATION,WMATA
13169020,M52,M52,11,1,18:19:00,19053,Silver Spring+Bay 113,68,NA,1,SILVER SPRING+BAY 113,SILVER SPRING STATION,WMATA
13183020,EXP,EXP,11,1,06:05:00,29091,North Bethesda Station+Bay C,2,NA,1,NORTH BETHESDA STATION+BAY C,NORTH BETHESDA STATION,WMATA
13189020,M70,M70,11,0,07:36:00,15362,Bethesda+Bay C,27,NA,1,BETHESDA+BAY C,BETHESDA STATION,WMATA
13189020,M70,M70,11,0,07:54:00,18912,Silver Spring+Bay 102,46,NA,1,SILVER SPRING+BAY 102,SILVER SPRING STATION,WMATA
13189020,M70,M70,11,0,07:10:00,19082,Montgomery Mall+Bay F,2,NA,1,MONTGOMERY MALL+BAY F,MONTGOMERY MALL TRANSIT CENTER,WMATA
13190020,M12,M12,11,0,13:16:00,21558,Twinbrook+Bay A,2,NA,1,TWINBROOK+BAY A,TWINBROOK STATION,WMATA
13190020,M12,M12,11,0,13:36:00,10628,Wheaton+Bay D,28,NA,1,WHEATON+BAY D,WHEATON STATION,WMATA
13199020,D96,D96,11,0,16:23:00,28523,Bethesda+Bay A,79,NA,1,BETHESDA+BAY A,BETHESDA STATION,WMATA
13200020,M70,M70,11,0,07:15:00,18912,Silver Spring+Bay 102,46,NA,1,SILVER SPRING+BAY 102,SILVER SPRING STATION,WMATA
13200020,M70,M70,11,0,06:36:00,19082,Montgomery Mall+Bay F,2,NA,1,MONTGOMERY MALL+BAY F,MONTGOMERY MALL TRANSIT CENTER,WMATA
13200020,M70,M70,11,0,06:59:00,15362,Bethesda+Bay C,27,NA,1,BETHESDA+BAY C,BETHESDA STATION,WMATA
13236020,D40,D40,11,1,18:24:00,18907,Silver Spring+Bay 220,2,NA,1,SILVER SPRING+BAY 220,SILVER SPRING STATION,WMATA
13237020,D4X,D4X,11,0,19:00:00,18909,Silver Spring+Bay 221,24,NA,1,SILVER SPRING+BAY 221,SILVER SPRING STATION,WMATA
13239020,D40,D40,11,0,20:03:00,18907,Silver Spring+Bay 220,55,NA,1,SILVER SPRING+BAY 220,SILVER SPRING STATION,WMATA
13260020,LCL,LCL,11,1,12:30:00,29091,North Bethesda Station+Bay C,2,NA,1,NORTH BETHESDA STATION+BAY C,NORTH BETHESDA STATION,WMATA
13260020,LCL,LCL,11,1,12:38:00,29087,Grosvenor Station+Bay F,4,NA,1,GROSVENOR STATION+BAY F,GROSVENOR STATION,WMATA
13267020,D6X,D6X,11,1,20:24:00,18914,Silver Spring+Bay 104,2,NA,1,SILVER SPRING+BAY 104,SILVER SPRING STATION,WMATA
13268020,M20,M20,11,0,25:38:00,16136,Wheaton+Bay E,19,NA,1,WHEATON+BAY E,WHEATON STATION,WMATA
13268020,M20,M20,11,0,25:25:00,18954,Silver Spring+Bay 219,2,NA,1,SILVER SPRING+BAY 219,SILVER SPRING STATION,WMATA
13301020,LCL,LCL,11,0,10:27:00,29090,Grosvenor Station,8,NA,1,GROSVENOR STATION,GROSVENOR STATION,WMATA
13317020,D6X,D6X,11,1,06:20:00,18914,Silver Spring+Bay 104,2,NA,1,SILVER SPRING+BAY 104,SILVER SPRING STATION,WMATA
13318020,M12,M12,11,1,15:21:00,16955,Wheaton+Bay B,49,NA,1,WHEATON+BAY B,WHEATON STATION,WMATA
13318020,M12,M12,11,1,15:43:00,21558,Twinbrook+Bay A,74,NA,1,TWINBROOK+BAY A,TWINBROOK STATION,WMATA
13348020,EXP,EXP,11,1,09:33:00,29091,North Bethesda Station+Bay C,2,NA,1,NORTH BETHESDA STATION+BAY C,NORTH BETHESDA STATION,WMATA
13350020,LCL,LCL,11,0,07:19:00,29090,Grosvenor Station,8,NA,1,GROSVENOR STATION,GROSVENOR STATION,WMATA
13367020,M20,M20,11,1,11:57:00,15406,Wheaton+Bay A,35,NA,1,WHEATON+BAY A,WHEATON STATION,WMATA
13367020,M20,M20,11,1,11:44:00,12892,Glenmont+Bay D,23,NA,1,GLENMONT+BAY D,GLENMONT STATION,WMATA
13367020,M20,M20,11,1,12:17:00,18954,Silver Spring+Bay 219,54,NA,1,SILVER SPRING+BAY 219,SILVER SPRING STATION,WMATA
13371020,D60,D60,11,1,14:24:00,18918,Silver Spring+Bay 103,2,NA,1,SILVER SPRING+BAY 103,SILVER SPRING STATION,WMATA
13397020,EXP,EXP,11,1,16:03:00,29091,North Bethesda Station+Bay C,2,NA,1,NORTH BETHESDA STATION+BAY C,NORTH BETHESDA STATION,WMATA
13402020,P30,P30,11,0,22:40:00,18911,Silver Spring+Bay 223,2,NA,1,SILVER SPRING+BAY 223,SILVER SPRING STATION,WMATA
13406020,P30,P30,11,0,12:13:00,18911,Silver Spring+Bay 223,2,NA,1,SILVER SPRING+BAY 223,SILVER SPRING STATION,WMATA
13413020,M70,M70,11,1,08:40:00,18912,Silver Spring+Bay 102,2,NA,1,SILVER SPRING+BAY 102,SILVER SPRING STATION,WMATA
13413020,M70,M70,11,1,09:29:00,19082,Montgomery Mall+Bay F,46,NA,1,MONTGOMERY MALL+BAY F,MONTGOMERY MALL TRANSIT CENTER,WMATA
13413020,M70,M70,11,1,09:03:00,15362,Bethesda+Bay C,21,NA,1,BETHESDA+BAY C,BETHESDA STATION,WMATA
13438020,EXP,EXP,11,1,15:52:00,29091,North Bethesda Station+Bay C,2,NA,1,NORTH BETHESDA STATION+BAY C,NORTH BETHESDA STATION,WMATA
13451020,M42,M42,11,0,12:55:00,13000,Glenmont+Bay E,29,NA,1,GLENMONT+BAY E,GLENMONT STATION,WMATA
13467020,EXP,EXP,11,1,11:54:00,29091,North Bethesda Station+Bay C,2,NA,1,NORTH BETHESDA STATION+BAY C,NORTH BETHESDA STATION,WMATA
13469020,LCL,LCL,11,0,12:47:00,29090,Grosvenor Station,8,NA,1,GROSVENOR STATION,GROSVENOR STATION,WMATA
13479020,D40,D40,11,0,24:16:00,18907,Silver Spring+Bay 220,55,NA,1,SILVER SPRING+BAY 220,SILVER SPRING STATION,WMATA
13488020,M20,M20,11,0,13:06:00,18954,Silver Spring+Bay 219,2,NA,1,SILVER SPRING+BAY 219,SILVER SPRING STATION,WMATA
13488020,M20,M20,11,0,13:28:00,16136,Wheaton+Bay E,19,NA,1,WHEATON+BAY E,WHEATON STATION,WMATA
13511020,LCL,LCL,11,1,18:01:00,29087,Grosvenor Station+Bay F,4,NA,1,GROSVENOR STATION+BAY F,GROSVENOR STATION,WMATA
13511020,LCL,LCL,11,1,17:53:00,29091,North Bethesda Station+Bay C,2,NA,1,NORTH BETHESDA STATION+BAY C,NORTH BETHESDA STATION,WMATA
13552020,M12,M12,11,1,17:32:00,16955,Wheaton+Bay B,31,NA,1,WHEATON+BAY B,WHEATON STATION,WMATA
13562020,M44,M44,11,1,13:11:00,15313,Glenmont+Bay F,91,NA,1,GLENMONT+BAY F,GLENMONT STATION,WMATA
13563020,M20,M20,11,1,17:01:00,18954,Silver Spring+Bay 219,21,NA,1,SILVER SPRING+BAY 219,SILVER SPRING STATION,WMATA
13563020,M20,M20,11,1,16:40:00,15406,Wheaton+Bay A,2,NA,1,WHEATON+BAY A,WHEATON STATION,WMATA
13597020,M52,M52,11,1,11:47:00,19053,Silver Spring+Bay 113,68,NA,1,SILVER SPRING+BAY 113,SILVER SPRING STATION,WMATA
13599020,D4X,D4X,11,0,10:15:00,18909,Silver Spring+Bay 221,24,NA,1,SILVER SPRING+BAY 221,SILVER SPRING STATION,WMATA
13601020,M20,M20,11,0,22:00:00,16136,Wheaton+Bay E,19,NA,1,WHEATON+BAY E,WHEATON STATION,WMATA
13601020,M20,M20,11,0,21:43:00,18954,Silver Spring+Bay 219,2,NA,1,SILVER SPRING+BAY 219,SILVER SPRING STATION,WMATA
13646020,M54,M54,11,0,19:15:00,19054,Silver Spring+Bay 114,2,NA,1,SILVER SPRING+BAY 114,SILVER SPRING STATION,WMATA
13647020,M54,M54,11,0,21:15:00,19054,Silver Spring+Bay 114,2,NA,1,SILVER SPRING+BAY 114,SILVER SPRING STATION,WMATA
13648020,M22,M22,11,1,22:16:00,15389,Bethesda+Bay B,85,NA,1,BETHESDA+BAY B,BETHESDA STATION,WMATA
13648020,M22,M22,11,1,21:58:00,15406,Wheaton+Bay A,49,NA,1,WHEATON+BAY A,WHEATON STATION,WMATA
13648020,M22,M22,11,1,21:48:00,12892,Glenmont+Bay D,37,NA,1,GLENMONT+BAY D,GLENMONT STATION,WMATA
13664020,EXP,EXP,11,1,20:08:00,29091,North Bethesda Station+Bay C,2,NA,1,NORTH BETHESDA STATION+BAY C,NORTH BETHESDA STATION,WMATA
13675020,P30,P30,11,0,09:51:00,18911,Silver Spring+Bay 223,2,NA,1,SILVER SPRING+BAY 223,SILVER SPRING STATION,WMATA
13679020,D60,D60,11,1,01:00:00,18918,Silver Spring+Bay 103,2,NA,1,SILVER SPRING+BAY 103,SILVER SPRING STATION,WMATA
13681020,M12,M12,11,1,13:25:00,21558,Twinbrook+Bay A,74,NA,1,TWINBROOK+BAY A,TWINBROOK STATION,WMATA
13681020,M12,M12,11,1,13:06:00,16955,Wheaton+Bay B,49,NA,1,WHEATON+BAY B,WHEATON STATION,WMATA
13682020,M12,M12,11,0,16:52:00,10628,Wheaton+Bay D,28,NA,1,WHEATON+BAY D,WHEATON STATION,WMATA
13682020,M12,M12,11,0,16:29:00,21558,Twinbrook+Bay A,2,NA,1,TWINBROOK+BAY A,TWINBROOK STATION,WMATA
13688020,D96,D96,11,0,20:36:00,28523,Bethesda+Bay A,79,NA,1,BETHESDA+BAY A,BETHESDA STATION,WMATA
13703020,EXP,EXP,11,1,20:51:00,29091,North Bethesda Station+Bay C,2,NA,1,NORTH BETHESDA STATION+BAY C,NORTH BETHESDA STATION,WMATA
13719020,LCL,LCL,11,0,12:51:00,29090,Grosvenor Station,8,NA,1,GROSVENOR STATION,GROSVENOR STATION,WMATA
13728020,D6X,D6X,11,0,09:16:00,18914,Silver Spring+Bay 104,33,NA,1,SILVER SPRING+BAY 104,SILVER SPRING STATION,WMATA
13745020,LCL,LCL,11,0,19:17:00,29090,Grosvenor Station,8,NA,1,GROSVENOR STATION,GROSVENOR STATION,WMATA
13763020,D4X,D4X,11,0,15:44:00,18909,Silver Spring+Bay 221,24,NA,1,SILVER SPRING+BAY 221,SILVER SPRING STATION,WMATA
13764020,D40,D40,11,0,14:45:00,18907,Silver Spring+Bay 220,55,NA,1,SILVER SPRING+BAY 220,SILVER SPRING STATION,WMATA
13767020,D40,D40,11,1,20:12:00,18907,Silver Spring+Bay 220,2,NA,1,SILVER SPRING+BAY 220,SILVER SPRING STATION,WMATA
13801020,M20,M20,11,0,21:35:00,16136,Wheaton+Bay E,19,NA,1,WHEATON+BAY E,WHEATON STATION,WMATA
13801020,M20,M20,11,0,21:18:00,18954,Silver Spring+Bay 219,2,NA,1,SILVER SPRING+BAY 219,SILVER SPRING STATION,WMATA
13802020,D60,D60,11,0,14:54:00,18918,Silver Spring+Bay 103,49,NA,1,SILVER SPRING+BAY 103,SILVER SPRING STATION,WMATA
13840020,EXP,EXP,11,1,23:07:00,29091,North Bethesda Station+Bay C,2,NA,1,NORTH BETHESDA STATION+BAY C,NORTH BETHESDA STATION,WMATA
13848020,P30,P30,11,0,11:37:00,18911,Silver Spring+Bay 223,2,NA,1,SILVER SPRING+BAY 223,SILVER SPRING STATION,WMATA
13854020,M20,M20,11,1,14:59:00,12892,Glenmont+Bay D,23,NA,1,GLENMONT+BAY D,GLENMONT STATION,WMATA
13854020,M20,M20,11,1,15:13:00,15406,Wheaton+Bay A,35,NA,1,WHEATON+BAY A,WHEATON STATION,WMATA
13854020,M20,M20,11,1,15:36:00,18954,Silver Spring+Bay 219,54,NA,1,SILVER SPRING+BAY 219,SILVER SPRING STATION,WMATA
13855020,D6X,D6X,11,1,20:12:00,18914,Silver Spring+Bay 104,2,NA,1,SILVER SPRING+BAY 104,SILVER SPRING STATION,WMATA
13856020,D4X,D4X,11,0,21:14:00,18909,Silver Spring+Bay 221,24,NA,1,SILVER SPRING+BAY 221,SILVER SPRING STATION,WMATA
13863020,M54,M54,11,0,05:15:00,19054,Silver Spring+Bay 114,2,NA,1,SILVER SPRING+BAY 114,SILVER SPRING STATION,WMATA
13898020,M22,M22,11,1,16:47:00,12892,Glenmont+Bay D,41,NA,1,GLENMONT+BAY D,GLENMONT STATION,WMATA
13898020,M22,M22,11,1,17:01:00,15406,Wheaton+Bay A,53,NA,1,WHEATON+BAY A,WHEATON STATION,WMATA
13898020,M22,M22,11,1,17:27:00,15389,Bethesda+Bay B,89,NA,1,BETHESDA+BAY B,BETHESDA STATION,WMATA
13923020,M12,M12,11,0,19:12:00,10628,Wheaton+Bay D,28,NA,1,WHEATON+BAY D,WHEATON STATION,WMATA
13923020,M12,M12,11,0,18:52:00,21558,Twinbrook+Bay A,2,NA,1,TWINBROOK+BAY A,TWINBROOK STATION,WMATA
13932020,M12,M12,11,1,15:21:00,21558,Twinbrook+Bay A,74,NA,1,TWINBROOK+BAY A,TWINBROOK STATION,WMATA
13932020,M12,M12,11,1,15:00:00,16955,Wheaton+Bay B,49,NA,1,WHEATON+BAY B,WHEATON STATION,WMATA
13960020,M20,M20,11,0,10:57:00,12893,Glenmont+Bay H,30,NA,1,GLENMONT+BAY H,GLENMONT STATION,WMATA
13960020,M20,M20,11,0,10:25:00,18954,Silver Spring+Bay 219,2,NA,1,SILVER SPRING+BAY 219,SILVER SPRING STATION,WMATA
13960020,M20,M20,11,0,10:45:00,16136,Wheaton+Bay E,19,NA,1,WHEATON+BAY E,WHEATON STATION,WMATA
13961020,M12,M12,11,1,19:05:00,16955,Wheaton+Bay B,49,NA,1,WHEATON+BAY B,WHEATON STATION,WMATA
13961020,M12,M12,11,1,19:25:00,21558,Twinbrook+Bay A,74,NA,1,TWINBROOK+BAY A,TWINBROOK STATION,WMATA
13991020,M70,M70,11,1,08:24:00,15362,Bethesda+Bay C,21,NA,1,BETHESDA+BAY C,BETHESDA STATION,WMATA
13991020,M70,M70,11,1,08:53:00,19082,Montgomery Mall+Bay F,46,NA,1,MONTGOMERY MALL+BAY F,MONTGOMERY MALL TRANSIT CENTER,WMATA
13991020,M70,M70,11,1,08:00:00,18912,Silver Spring+Bay 102,2,NA,1,SILVER SPRING+BAY 102,SILVER SPRING STATION,WMATA
13992020,M54,M54,11,0,17:15:00,19054,Silver Spring+Bay 114,2,NA,1,SILVER SPRING+BAY 114,SILVER SPRING STATION,WMATA
14001020,D6X,D6X,11,1,11:15:00,18914,Silver Spring+Bay 104,2,NA,1,SILVER SPRING+BAY 104,SILVER SPRING STATION,WMATA
14009020,EXP,EXP,11,1,08:03:00,29091,North Bethesda Station+Bay C,2,NA,1,NORTH BETHESDA STATION+BAY C,NORTH BETHESDA STATION,WMATA
14016020,EXP,EXP,11,1,04:49:00,29091,North Bethesda Station+Bay C,2,NA,1,NORTH BETHESDA STATION+BAY C,NORTH BETHESDA STATION,WMATA
14036020,D6X,D6X,11,0,11:37:00,18914,Silver Spring+Bay 104,33,NA,1,SILVER SPRING+BAY 104,SILVER SPRING STATION,WMATA
14060020,LCL,LCL,11,0,09:19:00,29090,Grosvenor Station,8,NA,1,GROSVENOR STATION,GROSVENOR STATION,WMATA
14069020,D4X,D4X,11,0,21:54:00,18909,Silver Spring+Bay 221,24,NA,1,SILVER SPRING+BAY 221,SILVER SPRING STATION,WMATA
14079020,M44,M44,11,1,08:42:00,15313,Glenmont+Bay F,91,NA,1,GLENMONT+BAY F,GLENMONT STATION,WMATA
14087020,EXP,EXP,11,1,16:35:00,29091,North Bethesda Station+Bay C,2,NA,1,NORTH BETHESDA STATION+BAY C,NORTH BETHESDA STATION,WMATA
14120020,D40,D40,11,0,11:57:00,18907,Silver Spring+Bay 220,55,NA,1,SILVER SPRING+BAY 220,SILVER SPRING STATION,WMATA
14140020,LCL,LCL,11,1,10:00:00,29087,Grosvenor Station+Bay F,4,NA,1,GROSVENOR STATION+BAY F,GROSVENOR STATION,WMATA
14140020,LCL,LCL,11,1,09:52:00,29091,North Bethesda Station+Bay C,2,NA,1,NORTH BETHESDA STATION+BAY C,NORTH BETHESDA STATION,WMATA
14141020,EXP,EXP,11,1,08:12:00,29091,North Bethesda Station+Bay C,2,NA,1,NORTH BETHESDA STATION+BAY C,NORTH BETHESDA STATION,WMATA
14155020,D60,D60,11,0,02:48:00,18918,Silver Spring+Bay 103,55,NA,1,SILVER SPRING+BAY 103,SILVER SPRING STATION,WMATA
14156020,M12,M12,11,1,11:42:00,16955,Wheaton+Bay B,31,NA,1,WHEATON+BAY B,WHEATON STATION,WMATA
14193020,M82,M82,11,0,14:12:00,17396,Rockville+Bay A,73,NA,1,ROCKVILLE+BAY A,ROCKVILLE STATION,WMATA
14194020,M82,M82,11,0,20:10:00,17396,Rockville+Bay A,73,NA,1,ROCKVILLE+BAY A,ROCKVILLE STATION,WMATA
14238020,M22,M22,11,1,09:51:00,15389,Bethesda+Bay B,89,NA,1,BETHESDA+BAY B,BETHESDA STATION,WMATA
14238020,M22,M22,11,1,09:09:00,12892,Glenmont+Bay D,41,NA,1,GLENMONT+BAY D,GLENMONT STATION,WMATA
14238020,M22,M22,11,1,09:21:00,15406,Wheaton+Bay A,53,NA,1,WHEATON+BAY A,WHEATON STATION,WMATA
14281020,D40,D40,11,1,12:36:00,18907,Silver Spring+Bay 220,2,NA,1,SILVER SPRING+BAY 220,SILVER SPRING STATION,WMATA
14283020,M52,M52,11,1,20:14:00,19053,Silver Spring+Bay 113,102,NA,1,SILVER SPRING+BAY 113,SILVER SPRING STATION,WMATA
14284020,D4X,D4X,11,0,19:55:00,18909,Silver Spring+Bay 221,24,NA,1,SILVER SPRING+BAY 221,SILVER SPRING STATION,WMATA
14288020,D40,D40,11,0,06:41:00,18907,Silver Spring+Bay 220,55,NA,1,SILVER SPRING+BAY 220,SILVER SPRING STATION,WMATA
14289020,M54,M54,11,1,11:03:00,19054,Silver Spring+Bay 114,54,NA,1,SILVER SPRING+BAY 114,SILVER SPRING STATION,WMATA
14290020,D60,D60,11,0,06:51:00,18918,Silver Spring+Bay 103,49,NA,1,SILVER SPRING+BAY 103,SILVER SPRING STATION,WMATA
14304020,EXP,EXP,11,1,12:11:00,29091,North Bethesda Station+Bay C,2,NA,1,NORTH BETHESDA STATION+BAY C,NORTH BETHESDA STATION,WMATA
14316020,P30,P30,11,1,24:45:00,18911,Silver Spring+Bay 223,67,NA,1,SILVER SPRING+BAY 223,SILVER SPRING STATION,WMATA
14320020,D40,D40,11,0,21:27:00,18907,Silver Spring+Bay 220,55,NA,1,SILVER SPRING+BAY 220,SILVER SPRING STATION,WMATA
14329020,D60,D60,11,1,14:12:00,18918,Silver Spring+Bay 103,2,NA,1,SILVER SPRING+BAY 103,SILVER SPRING STATION,WMATA
14353020,LCL,LCL,11,0,09:07:00,29090,Grosvenor Station,8,NA,1,GROSVENOR STATION,GROSVENOR STATION,WMATA
14361020,D96,D96,11,1,11:01:00,28523,Bethesda+Bay A,2,NA,1,BETHESDA+BAY A,BETHESDA STATION,WMATA
14366020,M52,M52,11,0,09:30:00,19053,Silver Spring+Bay 113,2,NA,1,SILVER SPRING+BAY 113,SILVER SPRING STATION,WMATA
14399020,M12,M12,11,1,10:54:00,16955,Wheaton+Bay B,31,NA,1,WHEATON+BAY B,WHEATON STATION,WMATA
14400020,M52,M52,11,1,12:47:00,19053,Silver Spring+Bay 113,68,NA,1,SILVER SPRING+BAY 113,SILVER SPRING STATION,WMATA
14424020,LCL,LCL,11,1,08:28:00,29091,North Bethesda Station+Bay C,2,NA,1,NORTH BETHESDA STATION+BAY C,NORTH BETHESDA STATION,WMATA
14424020,LCL,LCL,11,1,08:36:00,29087,Grosvenor Station+Bay F,4,NA,1,GROSVENOR STATION+BAY F,GROSVENOR STATION,WMATA
14436020,M20,M20,11,0,16:07:00,16136,Wheaton+Bay E,19,NA,1,WHEATON+BAY E,WHEATON STATION,WMATA
14436020,M20,M20,11,0,15:39:00,18954,Silver Spring+Bay 219,2,NA,1,SILVER SPRING+BAY 219,SILVER SPRING STATION,WMATA
14437020,M20,M20,11,1,19:09:00,18954,Silver Spring+Bay 219,54,NA,1,SILVER SPRING+BAY 219,SILVER SPRING STATION,WMATA
14437020,M20,M20,11,1,18:51:00,15406,Wheaton+Bay A,35,NA,1,WHEATON+BAY A,WHEATON STATION,WMATA
14437020,M20,M20,11,1,18:39:00,12892,Glenmont+Bay D,23,NA,1,GLENMONT+BAY D,GLENMONT STATION,WMATA
14438020,D60,D60,11,1,22:00:00,18918,Silver Spring+Bay 103,2,NA,1,SILVER SPRING+BAY 103,SILVER SPRING STATION,WMATA
14439020,M22,M22,11,1,22:41:00,15389,Bethesda+Bay B,85,NA,1,BETHESDA+BAY B,BETHESDA STATION,WMATA
14439020,M22,M22,11,1,22:13:00,12892,Glenmont+Bay D,37,NA,1,GLENMONT+BAY D,GLENMONT STATION,WMATA
14439020,M22,M22,11,1,22:23:00,15406,Wheaton+Bay A,49,NA,1,WHEATON+BAY A,WHEATON STATION,WMATA
14443020,D60,D60,11,0,02:28:00,18918,Silver Spring+Bay 103,55,NA,1,SILVER SPRING+BAY 103,SILVER SPRING STATION,WMATA
14445020,M12,M12,11,1,08:42:00,16955,Wheaton+Bay B,31,NA,1,WHEATON+BAY B,WHEATON STATION,WMATA
14459020,LCL,LCL,11,1,16:32:00,29087,Grosvenor Station+Bay F,4,NA,1,GROSVENOR STATION+BAY F,GROSVENOR STATION,WMATA
14459020,LCL,LCL,11,1,16:24:00,29091,North Bethesda Station+Bay C,2,NA,1,NORTH BETHESDA STATION+BAY C,NORTH BETHESDA STATION,WMATA
14478020,D6X,D6X,11,0,06:37:00,18914,Silver Spring+Bay 104,33,NA,1,SILVER SPRING+BAY 104,SILVER SPRING STATION,WMATA
14506020,D60,D60,11,0,16:00:00,18918,Silver Spring+Bay 103,49,NA,1,SILVER SPRING+BAY 103,SILVER SPRING STATION,WMATA
14507020,D40,D40,11,0,14:57:00,18907,Silver Spring+Bay 220,55,NA,1,SILVER SPRING+BAY 220,SILVER SPRING STATION,WMATA
14515020,D6X,D6X,11,0,08:52:00,18914,Silver Spring+Bay 104,33,NA,1,SILVER SPRING+BAY 104,SILVER SPRING STATION,WMATA
14516020,D40,D40,11,0,11:09:00,18907,Silver Spring+Bay 220,55,NA,1,SILVER SPRING+BAY 220,SILVER SPRING STATION,WMATA
14517020,D60,D60,11,1,10:00:00,18918,Silver Spring+Bay 103,2,NA,1,SILVER SPRING+BAY 103,SILVER SPRING STATION,WMATA
14531020,LCL,LCL,11,1,12:20:00,29087,Grosvenor Station+Bay F,4,NA,1,GROSVENOR STATION+BAY F,GROSVENOR STATION,WMATA
14531020,LCL,LCL,11,1,12:12:00,29091,North Bethesda Station+Bay C,2,NA,1,NORTH BETHESDA STATION+BAY C,NORTH BETHESDA STATION,WMATA
14539020,P30,P30,11,0,20:36:00,18911,Silver Spring+Bay 223,2,NA,1,SILVER SPRING+BAY 223,SILVER SPRING STATION,WMATA
14546020,D60,D60,11,0,22:10:00,18918,Silver Spring+Bay 103,49,NA,1,SILVER SPRING+BAY 103,SILVER SPRING STATION,WMATA
14547020,D60,D60,11,1,19:00:00,18918,Silver Spring+Bay 103,2,NA,1,SILVER SPRING+BAY 103,SILVER SPRING STATION,WMATA
14576020,LCL,LCL,11,1,08:32:00,29091,North Bethesda Station+Bay C,2,NA,1,NORTH BETHESDA STATION+BAY C,NORTH BETHESDA STATION,WMATA
14576020,LCL,LCL,11,1,08:40:00,29087,Grosvenor Station+Bay F,4,NA,1,GROSVENOR STATION+BAY F,GROSVENOR STATION,WMATA
14577020,LCL,LCL,11,0,17:04:00,29090,Grosvenor Station,8,NA,1,GROSVENOR STATION,GROSVENOR STATION,WMATA
14608020,LCL,LCL,11,0,12:29:00,29090,Grosvenor Station,8,NA,1,GROSVENOR STATION,GROSVENOR STATION,WMATA
14620020,M12,M12,11,0,04:56:00,21558,Twinbrook+Bay A,2,NA,1,TWINBROOK+BAY A,TWINBROOK STATION,WMATA
14620020,M12,M12,11,0,05:12:00,10628,Wheaton+Bay D,28,NA,1,WHEATON+BAY D,WHEATON STATION,WMATA
14621020,M12,M12,11,1,20:12:00,16955,Wheaton+Bay B,49,NA,1,WHEATON+BAY B,WHEATON STATION,WMATA
14621020,M12,M12,11,1,20:29:00,21558,Twinbrook+Bay A,74,NA,1,TWINBROOK+BAY A,TWINBROOK STATION,WMATA
14665020,M44,M44,11,0,22:08:00,13000,Glenmont+Bay E,29,NA,1,GLENMONT+BAY E,GLENMONT STATION,WMATA
14666020,D40,D40,11,0,20:39:00,18907,Silver Spring+Bay 220,55,NA,1,SILVER SPRING+BAY 220,SILVER SPRING STATION,WMATA
14673020,M12,M12,11,1,07:41:00,16955,Wheaton+Bay B,31,NA,1,WHEATON+BAY B,WHEATON STATION,WMATA
14674020,M42,M42,11,0,08:56:00,13000,Glenmont+Bay E,29,NA,1,GLENMONT+BAY E,GLENMONT STATION,WMATA
14697020,LCL,LCL,11,1,16:29:00,29091,North Bethesda Station+Bay C,2,NA,1,NORTH BETHESDA STATION+BAY C,NORTH BETHESDA STATION,WMATA
14697020,LCL,LCL,11,1,16:37:00,29087,Grosvenor Station+Bay F,4,NA,1,GROSVENOR STATION+BAY F,GROSVENOR STATION,WMATA
14706020,D6X,D6X,11,0,19:33:00,18914,Silver Spring+Bay 104,33,NA,1,SILVER SPRING+BAY 104,SILVER SPRING STATION,WMATA
14709020,M44,M44,11,1,21:10:00,15313,Glenmont+Bay F,91,NA,1,GLENMONT+BAY F,GLENMONT STATION,WMATA
14710020,M44,M44,11,0,19:40:00,13000,Glenmont+Bay E,29,NA,1,GLENMONT+BAY E,GLENMONT STATION,WMATA
14712020,M70,M70,11,1,05:50:00,19082,Montgomery Mall+Bay F,46,NA,1,MONTGOMERY MALL+BAY F,MONTGOMERY MALL TRANSIT CENTER,WMATA
14712020,M70,M70,11,1,05:15:00,18912,Silver Spring+Bay 102,2,NA,1,SILVER SPRING+BAY 102,SILVER SPRING STATION,WMATA
14712020,M70,M70,11,1,05:30:00,15362,Bethesda+Bay C,21,NA,1,BETHESDA+BAY C,BETHESDA STATION,WMATA
14713020,D4X,D4X,11,1,07:50:00,18909,Silver Spring+Bay 221,2,NA,1,SILVER SPRING+BAY 221,SILVER SPRING STATION,WMATA
14723020,M70,M70,11,0,08:00:00,19082,Montgomery Mall+Bay F,2,NA,1,MONTGOMERY MALL+BAY F,MONTGOMERY MALL TRANSIT CENTER,WMATA
14723020,M70,M70,11,0,08:50:00,18912,Silver Spring+Bay 102,46,NA,1,SILVER SPRING+BAY 102,SILVER SPRING STATION,WMATA
14723020,M70,M70,11,0,08:31:00,15362,Bethesda+Bay C,27,NA,1,BETHESDA+BAY C,BETHESDA STATION,WMATA
14754020,LCL,LCL,11,1,14:38:00,29087,Grosvenor Station+Bay F,4,NA,1,GROSVENOR STATION+BAY F,GROSVENOR STATION,WMATA
14754020,LCL,LCL,11,1,14:30:00,29091,North Bethesda Station+Bay C,2,NA,1,NORTH BETHESDA STATION+BAY C,NORTH BETHESDA STATION,WMATA
14757020,LCL,LCL,11,1,23:01:00,29087,Grosvenor Station+Bay F,4,NA,1,GROSVENOR STATION+BAY F,GROSVENOR STATION,WMATA
14757020,LCL,LCL,11,1,22:53:00,29091,North Bethesda Station+Bay C,2,NA,1,NORTH BETHESDA STATION+BAY C,NORTH BETHESDA STATION,WMATA
14768020,M54,M54,11,1,08:04:00,19054,Silver Spring+Bay 114,53,NA,1,SILVER SPRING+BAY 114,SILVER SPRING STATION,WMATA
14769020,M12,M12,11,1,10:30:00,16955,Wheaton+Bay B,31,NA,1,WHEATON+BAY B,WHEATON STATION,WMATA
14770020,M12,M12,11,1,18:09:00,16955,Wheaton+Bay B,31,NA,1,WHEATON+BAY B,WHEATON STATION,WMATA
14791020,LCL,LCL,11,0,09:55:00,29090,Grosvenor Station,8,NA,1,GROSVENOR STATION,GROSVENOR STATION,WMATA
14809020,P30,P30,11,0,11:01:00,18911,Silver Spring+Bay 223,2,NA,1,SILVER SPRING+BAY 223,SILVER SPRING STATION,WMATA
14815020,D60,D60,11,0,20:10:00,18918,Silver Spring+Bay 103,49,NA,1,SILVER SPRING+BAY 103,SILVER SPRING STATION,WMATA
14830020,LCL,LCL,11,1,11:00:00,29091,North Bethesda Station+Bay C,2,NA,1,NORTH BETHESDA STATION+BAY C,NORTH BETHESDA STATION,WMATA
14830020,LCL,LCL,11,1,11:08:00,29087,Grosvenor Station+Bay F,4,NA,1,GROSVENOR STATION+BAY F,GROSVENOR STATION,WMATA
14838020,M82,M82,11,0,19:10:00,17396,Rockville+Bay A,73,NA,1,ROCKVILLE+BAY A,ROCKVILLE STATION,WMATA
14846020,M20,M20,11,0,04:59:00,18954,Silver Spring+Bay 219,2,NA,1,SILVER SPRING+BAY 219,SILVER SPRING STATION,WMATA
14846020,M20,M20,11,0,05:15:00,16136,Wheaton+Bay E,19,NA,1,WHEATON+BAY E,WHEATON STATION,WMATA
14846020,M20,M20,11,0,05:26:00,12893,Glenmont+Bay H,30,NA,1,GLENMONT+BAY H,GLENMONT STATION,WMATA
14847020,M44,M44,11,1,15:42:00,15313,Glenmont+Bay F,91,NA,1,GLENMONT+BAY F,GLENMONT STATION,WMATA
14848020,M20,M20,11,1,18:23:00,18954,Silver Spring+Bay 219,21,NA,1,SILVER SPRING+BAY 219,SILVER SPRING STATION,WMATA
14848020,M20,M20,11,1,18:05:00,15406,Wheaton+Bay A,2,NA,1,WHEATON+BAY A,WHEATON STATION,WMATA
14876020,LCL,LCL,11,0,06:43:00,29090,Grosvenor Station,8,NA,1,GROSVENOR STATION,GROSVENOR STATION,WMATA
14927020,P30,P30,11,1,07:22:00,18911,Silver Spring+Bay 223,67,NA,1,SILVER SPRING+BAY 223,SILVER SPRING STATION,WMATA
14971020,M20,M20,11,1,09:18:00,18954,Silver Spring+Bay 219,21,NA,1,SILVER SPRING+BAY 219,SILVER SPRING STATION,WMATA
14971020,M20,M20,11,1,08:58:00,15406,Wheaton+Bay A,2,NA,1,WHEATON+BAY A,WHEATON STATION,WMATA
14991020,LCL,LCL,11,1,12:00:00,29091,North Bethesda Station+Bay C,2,NA,1,NORTH BETHESDA STATION+BAY C,NORTH BETHESDA STATION,WMATA
14991020,LCL,LCL,11,1,12:08:00,29087,Grosvenor Station+Bay F,4,NA,1,GROSVENOR STATION+BAY F,GROSVENOR STATION,WMATA
14992020,EXP,EXP,11,1,13:18:00,29091,North Bethesda Station+Bay C,2,NA,1,NORTH BETHESDA STATION+BAY C,NORTH BETHESDA STATION,WMATA
14993020,EXP,EXP,11,1,13:36:00,29091,North Bethesda Station+Bay C,2,NA,1,NORTH BETHESDA STATION+BAY C,NORTH BETHESDA STATION,WMATA
15006020,D96,D96,11,1,23:00:00,28523,Bethesda+Bay A,2,NA,1,BETHESDA+BAY A,BETHESDA STATION,WMATA
15007020,M20,M20,11,1,09:19:00,12892,Glenmont+Bay D,23,NA,1,GLENMONT+BAY D,GLENMONT STATION,WMATA
15007020,M20,M20,11,1,09:32:00,15406,Wheaton+Bay A,35,NA,1,WHEATON+BAY A,WHEATON STATION,WMATA
15007020,M20,M20,11,1,09:51:00,18954,Silver Spring+Bay 219,54,NA,1,SILVER SPRING+BAY 219,SILVER SPRING STATION,WMATA
15009020,D40,D40,11,0,21:15:00,18907,Silver Spring+Bay 220,55,NA,1,SILVER SPRING+BAY 220,SILVER SPRING STATION,WMATA
15010020,M44,M44,11,1,16:42:00,15313,Glenmont+Bay F,91,NA,1,GLENMONT+BAY F,GLENMONT STATION,WMATA
15032020,LCL,LCL,11,0,07:55:00,29090,Grosvenor Station,8,NA,1,GROSVENOR STATION,GROSVENOR STATION,WMATA
15033020,LCL,LCL,11,1,10:14:00,29087,Grosvenor Station+Bay F,4,NA,1,GROSVENOR STATION+BAY F,GROSVENOR STATION,WMATA
15033020,LCL,LCL,11,1,10:06:00,29091,North Bethesda Station+Bay C,2,NA,1,NORTH BETHESDA STATION+BAY C,NORTH BETHESDA STATION,WMATA
15038020,P30,P30,11,0,11:25:00,18911,Silver Spring+Bay 223,2,NA,1,SILVER SPRING+BAY 223,SILVER SPRING STATION,WMATA
15039020,P30,P30,11,1,10:19:00,18911,Silver Spring+Bay 223,67,NA,1,SILVER SPRING+BAY 223,SILVER SPRING STATION,WMATA
15044020,D96,D96,11,1,19:40:00,28523,Bethesda+Bay A,2,NA,1,BETHESDA+BAY A,BETHESDA STATION,WMATA
15047020,D6X,D6X,11,0,23:39:00,18914,Silver Spring+Bay 104,33,NA,1,SILVER SPRING+BAY 104,SILVER SPRING STATION,WMATA
15089020,D6X,D6X,11,1,19:48:00,18914,Silver Spring+Bay 104,2,NA,1,SILVER SPRING+BAY 104,SILVER SPRING STATION,WMATA
15106020,LCL,LCL,11,0,16:59:00,29090,Grosvenor Station,8,NA,1,GROSVENOR STATION,GROSVENOR STATION,WMATA
15115020,EXP,EXP,11,1,12:05:00,29091,North Bethesda Station+Bay C,2,NA,1,NORTH BETHESDA STATION+BAY C,NORTH BETHESDA STATION,WMATA
15161020,M12,M12,11,1,11:54:00,16955,Wheaton+Bay B,49,NA,1,WHEATON+BAY B,WHEATON STATION,WMATA
15161020,M12,M12,11,1,12:13:00,21558,Twinbrook+Bay A,74,NA,1,TWINBROOK+BAY A,TWINBROOK STATION,WMATA
15162020,D60,D60,11,0,15:06:00,18918,Silver Spring+Bay 103,49,NA,1,SILVER SPRING+BAY 103,SILVER SPRING STATION,WMATA
15165020,M52,M52,11,1,16:49:00,19053,Silver Spring+Bay 113,102,NA,1,SILVER SPRING+BAY 113,SILVER SPRING STATION,WMATA
15171020,D40,D40,11,0,03:23:00,18907,Silver Spring+Bay 220,59,NA,1,SILVER SPRING+BAY 220,SILVER SPRING STATION,WMATA
15172020,D60,D60,11,1,06:20:00,18918,Silver Spring+Bay 103,2,NA,1,SILVER SPRING+BAY 103,SILVER SPRING STATION,WMATA
15199020,M12,M12,11,0,25:14:00,10628,Wheaton+Bay D,28,NA,1,WHEATON+BAY D,WHEATON STATION,WMATA
15199020,M12,M12,11,0,25:00:00,21558,Twinbrook+Bay A,2,NA,1,TWINBROOK+BAY A,TWINBROOK STATION,WMATA
15205020,M20,M20,11,0,09:05:00,16136,Wheaton+Bay E,19,NA,1,WHEATON+BAY E,WHEATON STATION,WMATA
15205020,M20,M20,11,0,08:45:00,18954,Silver Spring+Bay 219,2,NA,1,SILVER SPRING+BAY 219,SILVER SPRING STATION,WMATA
15210020,D4X,D4X,11,1,17:20:00,18909,Silver Spring+Bay 221,2,NA,1,SILVER SPRING+BAY 221,SILVER SPRING STATION,WMATA
15215020,D6X,D6X,11,0,12:22:00,18914,Silver Spring+Bay 104,33,NA,1,SILVER SPRING+BAY 104,SILVER SPRING STATION,WMATA
15233020,LCL,LCL,11,0,18:05:00,29090,Grosvenor Station,8,NA,1,GROSVENOR STATION,GROSVENOR STATION,WMATA
15259020,D96,D96,11,1,10:01:00,28523,Bethesda+Bay A,2,NA,1,BETHESDA+BAY A,BETHESDA STATION,WMATA
15273020,EXP,EXP,11,1,09:28:00,29091,North Bethesda Station+Bay C,2,NA,1,NORTH BETHESDA STATION+BAY C,NORTH BETHESDA STATION,WMATA
15288020,D4X,D4X,11,1,14:20:00,18909,Silver Spring+Bay 221,2,NA,1,SILVER SPRING+BAY 221,SILVER SPRING STATION,WMATA
15290020,M70,M70,11,0,25:18:00,15362,Bethesda+Bay C,27,NA,1,BETHESDA+BAY C,BETHESDA STATION,WMATA
15290020,M70,M70,11,0,25:32:00,18912,Silver Spring+Bay 102,46,NA,1,SILVER SPRING+BAY 102,SILVER SPRING STATION,WMATA
15290020,M70,M70,11,0,25:00:00,19082,Montgomery Mall+Bay F,2,NA,1,MONTGOMERY MALL+BAY F,MONTGOMERY MALL TRANSIT CENTER,WMATA
15291020,P30,P30,11,1,16:23:00,18911,Silver Spring+Bay 223,67,NA,1,SILVER SPRING+BAY 223,SILVER SPRING STATION,WMATA
15294020,D40,D40,11,0,03:03:00,18907,Silver Spring+Bay 220,59,NA,1,SILVER SPRING+BAY 220,SILVER SPRING STATION,WMATA
15295020,M82,M82,11,0,08:16:00,17396,Rockville+Bay A,73,NA,1,ROCKVILLE+BAY A,ROCKVILLE STATION,WMATA
15296020,M52,M52,11,1,09:21:00,19053,Silver Spring+Bay 113,101,NA,1,SILVER SPRING+BAY 113,SILVER SPRING STATION,WMATA
15297020,M12,M12,11,1,16:41:00,16955,Wheaton+Bay B,49,NA,1,WHEATON+BAY B,WHEATON STATION,WMATA
15297020,M12,M12,11,1,17:03:00,21558,Twinbrook+Bay A,74,NA,1,TWINBROOK+BAY A,TWINBROOK STATION,WMATA
15303020,D96,D96,11,1,07:00:00,28523,Bethesda+Bay A,2,NA,1,BETHESDA+BAY A,BETHESDA STATION,WMATA
15322020,LCL,LCL,11,1,16:02:00,29087,Grosvenor Station+Bay F,4,NA,1,GROSVENOR STATION+BAY F,GROSVENOR STATION,WMATA
15322020,LCL,LCL,11,1,15:54:00,29091,North Bethesda Station+Bay C,2,NA,1,NORTH BETHESDA STATION+BAY C,NORTH BETHESDA STATION,WMATA
15332020,P30,P30,11,0,12:37:00,18911,Silver Spring+Bay 223,2,NA,1,SILVER SPRING+BAY 223,SILVER SPRING STATION,WMATA
15339020,D4X,D4X,11,0,11:46:00,18909,Silver Spring+Bay 221,24,NA,1,SILVER SPRING+BAY 221,SILVER SPRING STATION,WMATA
15340020,M42,M42,11,1,13:57:00,15313,Glenmont+Bay F,78,NA,1,GLENMONT+BAY F,GLENMONT STATION,WMATA
15341020,M22,M22,11,0,13:43:00,15389,Bethesda+Bay B,2,NA,1,BETHESDA+BAY B,BETHESDA STATION,WMATA
15341020,M22,M22,11,0,14:24:00,12893,Glenmont+Bay H,47,NA,1,GLENMONT+BAY H,GLENMONT STATION,WMATA
15341020,M22,M22,11,0,14:10:00,16136,Wheaton+Bay E,36,NA,1,WHEATON+BAY E,WHEATON STATION,WMATA
15370020,D40,D40,11,1,14:12:00,18907,Silver Spring+Bay 220,2,NA,1,SILVER SPRING+BAY 220,SILVER SPRING STATION,WMATA
15405020,D4X,D4X,11,0,16:37:00,18909,Silver Spring+Bay 221,24,NA,1,SILVER SPRING+BAY 221,SILVER SPRING STATION,WMATA
15406020,D6X,D6X,11,1,12:30:00,18914,Silver Spring+Bay 104,2,NA,1,SILVER SPRING+BAY 104,SILVER SPRING STATION,WMATA
15409020,D60,D60,11,0,24:39:00,18918,Silver Spring+Bay 103,49,NA,1,SILVER SPRING+BAY 103,SILVER SPRING STATION,WMATA
15415020,D96,D96,11,0,20:02:00,28523,Bethesda+Bay A,79,NA,1,BETHESDA+BAY A,BETHESDA STATION,WMATA
15429020,LCL,LCL,11,1,13:08:00,29087,Grosvenor Station+Bay F,4,NA,1,GROSVENOR STATION+BAY F,GROSVENOR STATION,WMATA
15429020,LCL,LCL,11,1,13:00:00,29091,North Bethesda Station+Bay C,2,NA,1,NORTH BETHESDA STATION+BAY C,NORTH BETHESDA STATION,WMATA
15440020,M20,M20,11,0,09:27:00,12893,Glenmont+Bay H,30,NA,1,GLENMONT+BAY H,GLENMONT STATION,WMATA
15440020,M20,M20,11,0,08:55:00,18954,Silver Spring+Bay 219,2,NA,1,SILVER SPRING+BAY 219,SILVER SPRING STATION,WMATA
15440020,M20,M20,11,0,09:15:00,16136,Wheaton+Bay E,19,NA,1,WHEATON+BAY E,WHEATON STATION,WMATA
15450020,D40,D40,11,0,12:21:00,18907,Silver Spring+Bay 220,55,NA,1,SILVER SPRING+BAY 220,SILVER SPRING STATION,WMATA
15491020,P30,P30,11,0,07:27:00,18911,Silver Spring+Bay 223,2,NA,1,SILVER SPRING+BAY 223,SILVER SPRING STATION,WMATA
15497020,M44,M44,11,0,14:14:00,13000,Glenmont+Bay E,29,NA,1,GLENMONT+BAY E,GLENMONT STATION,WMATA
15503020,M22,M22,11,1,17:23:00,15406,Wheaton+Bay A,53,NA,1,WHEATON+BAY A,WHEATON STATION,WMATA
15503020,M22,M22,11,1,17:47:00,15389,Bethesda+Bay B,89,NA,1,BETHESDA+BAY B,BETHESDA STATION,WMATA
15503020,M22,M22,11,1,17:10:00,12892,Glenmont+Bay D,41,NA,1,GLENMONT+BAY D,GLENMONT STATION,WMATA
15524020,EXP,EXP,11,1,19:15:00,29091,North Bethesda Station+Bay C,2,NA,1,NORTH BETHESDA STATION+BAY C,NORTH BETHESDA STATION,WMATA
15532020,EXP,EXP,11,1,07:01:00,29091,North Bethesda Station+Bay C,2,NA,1,NORTH BETHESDA STATION+BAY C,NORTH BETHESDA STATION,WMATA
15547020,M20,M20,11,0,10:05:00,16136,Wheaton+Bay E,19,NA,1,WHEATON+BAY E,WHEATON STATION,WMATA
15547020,M20,M20,11,0,09:45:00,18954,Silver Spring+Bay 219,2,NA,1,SILVER SPRING+BAY 219,SILVER SPRING STATION,WMATA
15548020,D40,D40,11,1,11:48:00,18907,Silver Spring+Bay 220,2,NA,1,SILVER SPRING+BAY 220,SILVER SPRING STATION,WMATA
15549020,M82,M82,11,1,16:00:00,17396,Rockville+Bay A,2,NA,1,ROCKVILLE+BAY A,ROCKVILLE STATION,WMATA
15556020,M12,M12,11,1,05:08:00,21558,Twinbrook+Bay A,74,NA,1,TWINBROOK+BAY A,TWINBROOK STATION,WMATA
15556020,M12,M12,11,1,04:53:00,16955,Wheaton+Bay B,49,NA,1,WHEATON+BAY B,WHEATON STATION,WMATA
15578020,EXP,EXP,11,1,16:07:00,29091,North Bethesda Station+Bay C,2,NA,1,NORTH BETHESDA STATION+BAY C,NORTH BETHESDA STATION,WMATA
15589020,M12,M12,11,0,09:00:00,10628,Wheaton+Bay D,2,NA,1,WHEATON+BAY D,WHEATON STATION,WMATA
15591020,M12,M12,11,1,10:13:00,21558,Twinbrook+Bay A,74,NA,1,TWINBROOK+BAY A,TWINBROOK STATION,WMATA
15591020,M12,M12,11,1,09:54:00,16955,Wheaton+Bay B,49,NA,1,WHEATON+BAY B,WHEATON STATION,WMATA
15592020,M52,M52,11,1,17:49:00,19053,Silver Spring+Bay 113,102,NA,1,SILVER SPRING+BAY 113,SILVER SPRING STATION,WMATA
15615020,LCL,LCL,11,1,11:48:00,29091,North Bethesda Station+Bay C,2,NA,1,NORTH BETHESDA STATION+BAY C,NORTH BETHESDA STATION,WMATA
15615020,LCL,LCL,11,1,11:56:00,29087,Grosvenor Station+Bay F,4,NA,1,GROSVENOR STATION+BAY F,GROSVENOR STATION,WMATA
15627020,M20,M20,11,0,14:07:00,16136,Wheaton+Bay E,19,NA,1,WHEATON+BAY E,WHEATON STATION,WMATA
15627020,M20,M20,11,0,13:45:00,18954,Silver Spring+Bay 219,2,NA,1,SILVER SPRING+BAY 219,SILVER SPRING STATION,WMATA
15632020,P30,P30,11,0,12:59:00,18911,Silver Spring+Bay 223,2,NA,1,SILVER SPRING+BAY 223,SILVER SPRING STATION,WMATA
15660020,EXP,EXP,11,1,15:12:00,29091,North Bethesda Station+Bay C,2,NA,1,NORTH BETHESDA STATION+BAY C,NORTH BETHESDA STATION,WMATA
15667020,P30,P30,11,1,15:11:00,18911,Silver Spring+Bay 223,67,NA,1,SILVER SPRING+BAY 223,SILVER SPRING STATION,WMATA
15672020,D6X,D6X,11,1,18:00:00,18914,Silver Spring+Bay 104,2,NA,1,SILVER SPRING+BAY 104,SILVER SPRING STATION,WMATA
15679020,D40,D40,11,0,12:45:00,18907,Silver Spring+Bay 220,55,NA,1,SILVER SPRING+BAY 220,SILVER SPRING STATION,WMATA
15744020,EXP,EXP,11,1,19:35:00,29091,North Bethesda Station+Bay C,2,NA,1,NORTH BETHESDA STATION+BAY C,NORTH BETHESDA STATION,WMATA
15745020,LCL,LCL,11,0,23:52:00,29090,Grosvenor Station,8,NA,1,GROSVENOR STATION,GROSVENOR STATION,WMATA
15746020,LCL,LCL,11,0,14:23:00,29090,Grosvenor Station,8,NA,1,GROSVENOR STATION,GROSVENOR STATION,WMATA
15751020,LCL,LCL,11,1,19:08:00,29087,Grosvenor Station+Bay F,4,NA,1,GROSVENOR STATION+BAY F,GROSVENOR STATION,WMATA
15751020,LCL,LCL,11,1,19:00:00,29091,North Bethesda Station+Bay C,2,NA,1,NORTH BETHESDA STATION+BAY C,NORTH BETHESDA STATION,WMATA
15758020,P30,P30,11,0,25:00:00,18911,Silver Spring+Bay 223,2,NA,1,SILVER SPRING+BAY 223,SILVER SPRING STATION,WMATA
15763020,C87,C87,11,1,17:49:00,19055,Silver Spring+Bay 115,2,NA,1,SILVER SPRING+BAY 115,SILVER SPRING STATION,WMATA
15771020,M54,M54,11,0,12:15:00,19054,Silver Spring+Bay 114,2,NA,1,SILVER SPRING+BAY 114,SILVER SPRING STATION,WMATA
15772020,D4X,D4X,11,0,20:15:00,18909,Silver Spring+Bay 221,24,NA,1,SILVER SPRING+BAY 221,SILVER SPRING STATION,WMATA
15792020,LCL,LCL,11,1,09:12:00,29087,Grosvenor Station+Bay F,4,NA,1,GROSVENOR STATION+BAY F,GROSVENOR STATION,WMATA
15792020,LCL,LCL,11,1,09:04:00,29091,North Bethesda Station+Bay C,2,NA,1,NORTH BETHESDA STATION+BAY C,NORTH BETHESDA STATION,WMATA
15793020,LCL,LCL,11,1,11:42:00,29091,North Bethesda Station+Bay C,2,NA,1,NORTH BETHESDA STATION+BAY C,NORTH BETHESDA STATION,WMATA
15793020,LCL,LCL,11,1,11:50:00,29087,Grosvenor Station+Bay F,4,NA,1,GROSVENOR STATION+BAY F,GROSVENOR STATION,WMATA
15811020,P30,P30,11,1,06:28:00,18911,Silver Spring+Bay 223,67,NA,1,SILVER SPRING+BAY 223,SILVER SPRING STATION,WMATA
15814020,C87,C87,11,0,07:53:00,19055,Silver Spring+Bay 115,42,NA,1,SILVER SPRING+BAY 115,SILVER SPRING STATION,WMATA
15815020,M54,M54,11,0,09:15:00,19054,Silver Spring+Bay 114,2,NA,1,SILVER SPRING+BAY 114,SILVER SPRING STATION,WMATA
15816020,D60,D60,11,0,18:00:00,18918,Silver Spring+Bay 103,49,NA,1,SILVER SPRING+BAY 103,SILVER SPRING STATION,WMATA
15843020,D40,D40,11,1,13:48:00,18907,Silver Spring+Bay 220,2,NA,1,SILVER SPRING+BAY 220,SILVER SPRING STATION,WMATA
15844020,M12,M12,11,0,14:36:00,10628,Wheaton+Bay D,2,NA,1,WHEATON+BAY D,WHEATON STATION,WMATA
15846020,D4X,D4X,11,0,16:47:00,18909,Silver Spring+Bay 221,24,NA,1,SILVER SPRING+BAY 221,SILVER SPRING STATION,WMATA
15877020,LCL,LCL,11,1,13:40:00,29087,Grosvenor Station+Bay F,4,NA,1,GROSVENOR STATION+BAY F,GROSVENOR STATION,WMATA
15877020,LCL,LCL,11,1,13:32:00,29091,North Bethesda Station+Bay C,2,NA,1,NORTH BETHESDA STATION+BAY C,NORTH BETHESDA STATION,WMATA
15882020,M70,M70,11,0,15:49:00,15362,Bethesda+Bay C,27,NA,1,BETHESDA+BAY C,BETHESDA STATION,WMATA
15882020,M70,M70,11,0,16:11:00,18912,Silver Spring+Bay 102,46,NA,1,SILVER SPRING+BAY 102,SILVER SPRING STATION,WMATA
15882020,M70,M70,11,0,15:20:00,19082,Montgomery Mall+Bay F,2,NA,1,MONTGOMERY MALL+BAY F,MONTGOMERY MALL TRANSIT CENTER,WMATA
15883020,P30,P30,11,1,10:41:00,18911,Silver Spring+Bay 223,67,NA,1,SILVER SPRING+BAY 223,SILVER SPRING STATION,WMATA
15904020,EXP,EXP,11,1,16:37:00,29091,North Bethesda Station+Bay C,2,NA,1,NORTH BETHESDA STATION+BAY C,NORTH BETHESDA STATION,WMATA
15911020,EXP,EXP,11,1,07:51:00,29091,North Bethesda Station+Bay C,2,NA,1,NORTH BETHESDA STATION+BAY C,NORTH BETHESDA STATION,WMATA
15945020,M52,M52,11,0,16:30:00,19053,Silver Spring+Bay 113,2,NA,1,SILVER SPRING+BAY 113,SILVER SPRING STATION,WMATA
15990020,D4X,D4X,11,0,18:24:00,18909,Silver Spring+Bay 221,24,NA,1,SILVER SPRING+BAY 221,SILVER SPRING STATION,WMATA
16014020,LCL,LCL,11,0,08:19:00,29090,Grosvenor Station,8,NA,1,GROSVENOR STATION,GROSVENOR STATION,WMATA
16026020,D6X,D6X,11,0,24:25:00,18914,Silver Spring+Bay 104,33,NA,1,SILVER SPRING+BAY 104,SILVER SPRING STATION,WMATA
16027020,M22,M22,11,1,26:04:00,12892,Glenmont+Bay D,37,NA,1,GLENMONT+BAY D,GLENMONT STATION,WMATA
16027020,M22,M22,11,1,26:12:00,15406,Wheaton+Bay A,49,NA,1,WHEATON+BAY A,WHEATON STATION,WMATA
16050020,LCL,LCL,11,0,12:41:00,29090,Grosvenor Station,8,NA,1,GROSVENOR STATION,GROSVENOR STATION,WMATA
16052020,LCL,LCL,11,1,07:04:00,29091,North Bethesda Station+Bay C,2,NA,1,NORTH BETHESDA STATION+BAY C,NORTH BETHESDA STATION,WMATA
16052020,LCL,LCL,11,1,07:12:00,29087,Grosvenor Station+Bay F,4,NA,1,GROSVENOR STATION+BAY F,GROSVENOR STATION,WMATA
16061020,P30,P30,11,0,11:13:00,18911,Silver Spring+Bay 223,2,NA,1,SILVER SPRING+BAY 223,SILVER SPRING STATION,WMATA
16067020,M12,M12,11,1,05:45:00,16955,Wheaton+Bay B,31,NA,1,WHEATON+BAY B,WHEATON STATION,WMATA
16068020,M52,M52,11,0,06:00:00,19053,Silver Spring+Bay 113,2,NA,1,SILVER SPRING+BAY 113,SILVER SPRING STATION,WMATA
16102020,M20,M20,11,1,09:40:00,15406,Wheaton+Bay A,2,NA,1,WHEATON+BAY A,WHEATON STATION,WMATA
16102020,M20,M20,11,1,09:59:00,18954,Silver Spring+Bay 219,21,NA,1,SILVER SPRING+BAY 219,SILVER SPRING STATION,WMATA
16135020,D40,D40,11,1,14:48:00,18907,Silver Spring+Bay 220,2,NA,1,SILVER SPRING+BAY 220,SILVER SPRING STATION,WMATA
16138020,P30,P30,11,0,13:45:00,18911,Silver Spring+Bay 223,2,NA,1,SILVER SPRING+BAY 223,SILVER SPRING STATION,WMATA
16145020,M20,M20,11,1,08:18:00,18954,Silver Spring+Bay 219,21,NA,1,SILVER SPRING+BAY 219,SILVER SPRING STATION,WMATA
16145020,M20,M20,11,1,07:58:00,15406,Wheaton+Bay A,2,NA,1,WHEATON+BAY A,WHEATON STATION,WMATA
16178020,LCL,LCL,11,0,18:17:00,29090,Grosvenor Station,8,NA,1,GROSVENOR STATION,GROSVENOR STATION,WMATA
16186020,M70,M70,11,1,18:30:00,15362,Bethesda+Bay C,21,NA,1,BETHESDA+BAY C,BETHESDA STATION,WMATA
16186020,M70,M70,11,1,18:10:00,18912,Silver Spring+Bay 102,2,NA,1,SILVER SPRING+BAY 102,SILVER SPRING STATION,WMATA
16186020,M70,M70,11,1,18:55:00,19082,Montgomery Mall+Bay F,46,NA,1,MONTGOMERY MALL+BAY F,MONTGOMERY MALL TRANSIT CENTER,WMATA
16188020,M12,M12,11,0,16:45:00,21558,Twinbrook+Bay A,2,NA,1,TWINBROOK+BAY A,TWINBROOK STATION,WMATA
16188020,M12,M12,11,0,17:08:00,10628,Wheaton+Bay D,28,NA,1,WHEATON+BAY D,WHEATON STATION,WMATA
16196020,M44,M44,11,0,05:34:00,13000,Glenmont+Bay E,29,NA,1,GLENMONT+BAY E,GLENMONT STATION,WMATA
16221020,M82,M82,11,0,09:42:00,17396,Rockville+Bay A,73,NA,1,ROCKVILLE+BAY A,ROCKVILLE STATION,WMATA
16239020,EXP,EXP,11,1,21:16:00,29091,North Bethesda Station+Bay C,2,NA,1,NORTH BETHESDA STATION+BAY C,NORTH BETHESDA STATION,WMATA
16254020,C87,C87,11,1,15:46:00,19055,Silver Spring+Bay 115,2,NA,1,SILVER SPRING+BAY 115,SILVER SPRING STATION,WMATA
16255020,M12,M12,11,0,24:00:00,21558,Twinbrook+Bay A,2,NA,1,TWINBROOK+BAY A,TWINBROOK STATION,WMATA
16255020,M12,M12,11,0,24:14:00,10628,Wheaton+Bay D,28,NA,1,WHEATON+BAY D,WHEATON STATION,WMATA
16265020,M20,M20,11,0,21:15:00,16136,Wheaton+Bay E,19,NA,1,WHEATON+BAY E,WHEATON STATION,WMATA
16265020,M20,M20,11,0,21:26:00,12893,Glenmont+Bay H,30,NA,1,GLENMONT+BAY H,GLENMONT STATION,WMATA
16265020,M20,M20,11,0,20:58:00,18954,Silver Spring+Bay 219,2,NA,1,SILVER SPRING+BAY 219,SILVER SPRING STATION,WMATA
16320020,EXP,EXP,11,1,18:09:00,29091,North Bethesda Station+Bay C,2,NA,1,NORTH BETHESDA STATION+BAY C,NORTH BETHESDA STATION,WMATA
16354020,LCL,LCL,11,0,14:47:00,29090,Grosvenor Station,8,NA,1,GROSVENOR STATION,GROSVENOR STATION,WMATA
16358020,EXP,EXP,11,1,06:08:00,29091,North Bethesda Station+Bay C,2,NA,1,NORTH BETHESDA STATION+BAY C,NORTH BETHESDA STATION,WMATA
16360020,EXP,EXP,11,1,14:49:00,29091,North Bethesda Station+Bay C,2,NA,1,NORTH BETHESDA STATION+BAY C,NORTH BETHESDA STATION,WMATA
16370020,C87,C87,11,0,08:13:00,19055,Silver Spring+Bay 115,42,NA,1,SILVER SPRING+BAY 115,SILVER SPRING STATION,WMATA
16371020,M44,M44,11,0,13:10:00,13000,Glenmont+Bay E,29,NA,1,GLENMONT+BAY E,GLENMONT STATION,WMATA
16372020,M12,M12,11,0,20:24:00,10628,Wheaton+Bay D,28,NA,1,WHEATON+BAY D,WHEATON STATION,WMATA
16372020,M12,M12,11,0,20:07:00,21558,Twinbrook+Bay A,2,NA,1,TWINBROOK+BAY A,TWINBROOK STATION,WMATA
16380020,M52,M52,11,0,07:30:00,19053,Silver Spring+Bay 113,2,NA,1,SILVER SPRING+BAY 113,SILVER SPRING STATION,WMATA
16401020,LCL,LCL,11,0,08:27:00,29090,Grosvenor Station,8,NA,1,GROSVENOR STATION,GROSVENOR STATION,WMATA
16403020,LCL,LCL,11,1,12:12:00,29091,North Bethesda Station+Bay C,2,NA,1,NORTH BETHESDA STATION+BAY C,NORTH BETHESDA STATION,WMATA
16403020,LCL,LCL,11,1,12:20:00,29087,Grosvenor Station+Bay F,4,NA,1,GROSVENOR STATION+BAY F,GROSVENOR STATION,WMATA
16412020,D6X,D6X,11,1,20:00:00,18914,Silver Spring+Bay 104,2,NA,1,SILVER SPRING+BAY 104,SILVER SPRING STATION,WMATA
16421020,M70,M70,11,1,10:30:00,19082,Montgomery Mall+Bay F,46,NA,1,MONTGOMERY MALL+BAY F,MONTGOMERY MALL TRANSIT CENTER,WMATA
16421020,M70,M70,11,1,09:48:00,18912,Silver Spring+Bay 102,2,NA,1,SILVER SPRING+BAY 102,SILVER SPRING STATION,WMATA
16421020,M70,M70,11,1,10:06:00,15362,Bethesda+Bay C,21,NA,1,BETHESDA+BAY C,BETHESDA STATION,WMATA
16451020,P30,P30,11,1,16:11:00,18911,Silver Spring+Bay 223,67,NA,1,SILVER SPRING+BAY 223,SILVER SPRING STATION,WMATA
16454020,M44,M44,11,0,12:40:00,13000,Glenmont+Bay E,29,NA,1,GLENMONT+BAY E,GLENMONT STATION,WMATA
16456020,M82,M82,11,0,09:16:00,17396,Rockville+Bay A,73,NA,1,ROCKVILLE+BAY A,ROCKVILLE STATION,WMATA
16504020,M52,M52,11,1,09:48:00,19053,Silver Spring+Bay 113,68,NA,1,SILVER SPRING+BAY 113,SILVER SPRING STATION,WMATA
16536020,D60,D60,11,0,16:20:00,18918,Silver Spring+Bay 103,49,NA,1,SILVER SPRING+BAY 103,SILVER SPRING STATION,WMATA
16540020,D96,D96,11,1,16:20:00,28523,Bethesda+Bay A,2,NA,1,BETHESDA+BAY A,BETHESDA STATION,WMATA
16557020,LCL,LCL,11,1,19:38:00,29087,Grosvenor Station+Bay F,4,NA,1,GROSVENOR STATION+BAY F,GROSVENOR STATION,WMATA
16557020,LCL,LCL,11,1,19:30:00,29091,North Bethesda Station+Bay C,2,NA,1,NORTH BETHESDA STATION+BAY C,NORTH BETHESDA STATION,WMATA
16577020,D6X,D6X,11,1,11:45:00,18914,Silver Spring+Bay 104,2,NA,1,SILVER SPRING+BAY 104,SILVER SPRING STATION,WMATA
16609020,D60,D60,11,0,12:41:00,18918,Silver Spring+Bay 103,49,NA,1,SILVER SPRING+BAY 103,SILVER SPRING STATION,WMATA
16612020,M54,M54,11,0,24:45:00,19054,Silver Spring+Bay 114,2,NA,1,SILVER SPRING+BAY 114,SILVER SPRING STATION,WMATA
16619020,M42,M42,11,1,07:28:00,15313,Glenmont+Bay F,78,NA,1,GLENMONT+BAY F,GLENMONT STATION,WMATA
16635020,LCL,LCL,11,1,11:36:00,29091,North Bethesda Station+Bay C,2,NA,1,NORTH BETHESDA STATION+BAY C,NORTH BETHESDA STATION,WMATA
16635020,LCL,LCL,11,1,11:44:00,29087,Grosvenor Station+Bay F,4,NA,1,GROSVENOR STATION+BAY F,GROSVENOR STATION,WMATA
16666020,EXP,EXP,11,1,06:21:00,29091,North Bethesda Station+Bay C,2,NA,1,NORTH BETHESDA STATION+BAY C,NORTH BETHESDA STATION,WMATA
16679020,C87,C87,11,1,06:13:00,19055,Silver Spring+Bay 115,2,NA,1,SILVER SPRING+BAY 115,SILVER SPRING STATION,WMATA
16708020,LCL,LCL,11,1,16:30:00,29091,North Bethesda Station+Bay C,2,NA,1,NORTH BETHESDA STATION+BAY C,NORTH BETHESDA STATION,WMATA
16708020,LCL,LCL,11,1,16:38:00,29087,Grosvenor Station+Bay F,4,NA,1,GROSVENOR STATION+BAY F,GROSVENOR STATION,WMATA
16714020,LCL,LCL,11,0,09:27:00,29090,Grosvenor Station,8,NA,1,GROSVENOR STATION,GROSVENOR STATION,WMATA
16716020,LCL,LCL,11,1,08:24:00,29087,Grosvenor Station+Bay F,4,NA,1,GROSVENOR STATION+BAY F,GROSVENOR STATION,WMATA
16716020,LCL,LCL,11,1,08:16:00,29091,North Bethesda Station+Bay C,2,NA,1,NORTH BETHESDA STATION+BAY C,NORTH BETHESDA STATION,WMATA
16718020,EXP,EXP,11,1,05:49:00,29091,North Bethesda Station+Bay C,2,NA,1,NORTH BETHESDA STATION+BAY C,NORTH BETHESDA STATION,WMATA
16719020,LCL,LCL,11,1,06:08:00,29091,North Bethesda Station+Bay C,2,NA,1,NORTH BETHESDA STATION+BAY C,NORTH BETHESDA STATION,WMATA
16719020,LCL,LCL,11,1,06:16:00,29087,Grosvenor Station+Bay F,4,NA,1,GROSVENOR STATION+BAY F,GROSVENOR STATION,WMATA
16724020,M44,M44,11,0,17:45:00,13000,Glenmont+Bay E,29,NA,1,GLENMONT+BAY E,GLENMONT STATION,WMATA
16732020,D96,D96,11,0,25:11:00,28523,Bethesda+Bay A,79,NA,1,BETHESDA+BAY A,BETHESDA STATION,WMATA
16734020,D40,D40,11,1,05:00:00,18907,Silver Spring+Bay 220,2,NA,1,SILVER SPRING+BAY 220,SILVER SPRING STATION,WMATA
16765020,M54,M54,11,0,11:15:00,19054,Silver Spring+Bay 114,2,NA,1,SILVER SPRING+BAY 114,SILVER SPRING STATION,WMATA
16768020,P30,P30,11,1,15:23:00,18911,Silver Spring+Bay 223,67,NA,1,SILVER SPRING+BAY 223,SILVER SPRING STATION,WMATA
16795020,P30,P30,11,1,17:49:00,18911,Silver Spring+Bay 223,67,NA,1,SILVER SPRING+BAY 223,SILVER SPRING STATION,WMATA
16811020,D96,D96,11,1,21:30:00,28523,Bethesda+Bay A,2,NA,1,BETHESDA+BAY A,BETHESDA STATION,WMATA
16862020,EXP,EXP,11,1,19:09:00,29091,North Bethesda Station+Bay C,2,NA,1,NORTH BETHESDA STATION+BAY C,NORTH BETHESDA STATION,WMATA
16923020,M70,M70,11,0,17:09:00,15362,Bethesda+Bay C,27,NA,1,BETHESDA+BAY C,BETHESDA STATION,WMATA
16923020,M70,M70,11,0,16:40:00,19082,Montgomery Mall+Bay F,2,NA,1,MONTGOMERY MALL+BAY F,MONTGOMERY MALL TRANSIT CENTER,WMATA
16923020,M70,M70,11,0,17:32:00,18912,Silver Spring+Bay 102,46,NA,1,SILVER SPRING+BAY 102,SILVER SPRING STATION,WMATA
16963020,M20,M20,11,0,05:55:00,16136,Wheaton+Bay E,19,NA,1,WHEATON+BAY E,WHEATON STATION,WMATA
16963020,M20,M20,11,0,05:39:00,18954,Silver Spring+Bay 219,2,NA,1,SILVER SPRING+BAY 219,SILVER SPRING STATION,WMATA
17000020,D4X,D4X,11,0,17:07:00,18909,Silver Spring+Bay 221,24,NA,1,SILVER SPRING+BAY 221,SILVER SPRING STATION,WMATA
17061020,LCL,LCL,11,1,08:00:00,29091,North Bethesda Station+Bay C,2,NA,1,NORTH BETHESDA STATION+BAY C,NORTH BETHESDA STATION,WMATA
17061020,LCL,LCL,11,1,08:08:00,29087,Grosvenor Station+Bay F,4,NA,1,GROSVENOR STATION+BAY F,GROSVENOR STATION,WMATA
17099020,EXP,EXP,11,1,04:54:00,29091,North Bethesda Station+Bay C,2,NA,1,NORTH BETHESDA STATION+BAY C,NORTH BETHESDA STATION,WMATA
17156020,EXP,EXP,11,1,04:47:00,29091,North Bethesda Station+Bay C,2,NA,1,NORTH BETHESDA STATION+BAY C,NORTH BETHESDA STATION,WMATA
17162020,P30,P30,11,0,20:24:00,18911,Silver Spring+Bay 223,2,NA,1,SILVER SPRING+BAY 223,SILVER SPRING STATION,WMATA
17166020,M82,M82,11,0,15:48:00,17396,Rockville+Bay A,73,NA,1,ROCKVILLE+BAY A,ROCKVILLE STATION,WMATA
17192020,EXP,EXP,11,1,13:57:00,29091,North Bethesda Station+Bay C,2,NA,1,NORTH BETHESDA STATION+BAY C,NORTH BETHESDA STATION,WMATA
17193020,EXP,EXP,11,1,07:19:00,29091,North Bethesda Station+Bay C,2,NA,1,NORTH BETHESDA STATION+BAY C,NORTH BETHESDA STATION,WMATA
17201020,M44,M44,11,0,15:14:00,13000,Glenmont+Bay E,29,NA,1,GLENMONT+BAY E,GLENMONT STATION,WMATA
17207020,D96,D96,11,0,14:54:00,28523,Bethesda+Bay A,79,NA,1,BETHESDA+BAY A,BETHESDA STATION,WMATA
17231020,EXP,EXP,11,1,16:18:00,29091,North Bethesda Station+Bay C,2,NA,1,NORTH BETHESDA STATION+BAY C,NORTH BETHESDA STATION,WMATA
17236020,P30,P30,11,1,20:50:00,18911,Silver Spring+Bay 223,67,NA,1,SILVER SPRING+BAY 223,SILVER SPRING STATION,WMATA
17240020,M70,M70,11,1,05:30:00,18912,Silver Spring+Bay 102,2,NA,1,SILVER SPRING+BAY 102,SILVER SPRING STATION,WMATA
17240020,M70,M70,11,1,06:13:00,19082,Montgomery Mall+Bay F,46,NA,1,MONTGOMERY MALL+BAY F,MONTGOMERY MALL TRANSIT CENTER,WMATA
17240020,M70,M70,11,1,05:48:00,15362,Bethesda+Bay C,21,NA,1,BETHESDA+BAY C,BETHESDA STATION,WMATA
17241020,M70,M70,11,0,20:28:00,18912,Silver Spring+Bay 102,46,NA,1,SILVER SPRING+BAY 102,SILVER SPRING STATION,WMATA
17241020,M70,M70,11,0,20:11:00,15362,Bethesda+Bay C,27,NA,1,BETHESDA+BAY C,BETHESDA STATION,WMATA
17241020,M70,M70,11,0,19:48:00,19082,Montgomery Mall+Bay F,2,NA,1,MONTGOMERY MALL+BAY F,MONTGOMERY MALL TRANSIT CENTER,WMATA
17242020,M12,M12,11,0,05:08:00,21558,Twinbrook+Bay A,2,NA,1,TWINBROOK+BAY A,TWINBROOK STATION,WMATA
17242020,M12,M12,11,0,05:24:00,10628,Wheaton+Bay D,28,NA,1,WHEATON+BAY D,WHEATON STATION,WMATA
17257020,LCL,LCL,11,0,12:59:00,29090,Grosvenor Station,8,NA,1,GROSVENOR STATION,GROSVENOR STATION,WMATA
17348020,M20,M20,11,1,09:38:00,18954,Silver Spring+Bay 219,21,NA,1,SILVER SPRING+BAY 219,SILVER SPRING STATION,WMATA
17348020,M20,M20,11,1,09:19:00,15406,Wheaton+Bay A,2,NA,1,WHEATON+BAY A,WHEATON STATION,WMATA
17349020,M20,M20,11,0,07:15:00,16136,Wheaton+Bay E,19,NA,1,WHEATON+BAY E,WHEATON STATION,WMATA
17349020,M20,M20,11,0,07:27:00,12893,Glenmont+Bay H,30,NA,1,GLENMONT+BAY H,GLENMONT STATION,WMATA
17349020,M20,M20,11,0,06:56:00,18954,Silver Spring+Bay 219,2,NA,1,SILVER SPRING+BAY 219,SILVER SPRING STATION,WMATA
17358020,D4X,D4X,11,0,14:19:00,18909,Silver Spring+Bay 221,24,NA,1,SILVER SPRING+BAY 221,SILVER SPRING STATION,WMATA
17378020,LCL,LCL,11,0,08:07:00,29090,Grosvenor Station,8,NA,1,GROSVENOR STATION,GROSVENOR STATION,WMATA
17387020,EXP,EXP,11,1,09:24:00,29091,North Bethesda Station+Bay C,2,NA,1,NORTH BETHESDA STATION+BAY C,NORTH BETHESDA STATION,WMATA
17399020,D60,D60,11,0,24:53:00,18918,Silver Spring+Bay 103,55,NA,1,SILVER SPRING+BAY 103,SILVER SPRING STATION,WMATA
17407020,D96,D96,11,1,06:40:00,28523,Bethesda+Bay A,2,NA,1,BETHESDA+BAY A,BETHESDA STATION,WMATA
17408020,D96,D96,11,0,24:41:00,28523,Bethesda+Bay A,79,NA,1,BETHESDA+BAY A,BETHESDA STATION,WMATA
17421020,EXP,EXP,11,1,07:35:00,29091,North Bethesda Station+Bay C,2,NA,1,NORTH BETHESDA STATION+BAY C,NORTH BETHESDA STATION,WMATA
17423020,EXP,EXP,11,1,19:30:00,29091,North Bethesda Station+Bay C,2,NA,1,NORTH BETHESDA STATION+BAY C,NORTH BETHESDA STATION,WMATA
17428020,P30,P30,11,1,17:13:00,18911,Silver Spring+Bay 223,67,NA,1,SILVER SPRING+BAY 223,SILVER SPRING STATION,WMATA
17432020,M20,M20,11,0,14:20:00,16136,Wheaton+Bay E,19,NA,1,WHEATON+BAY E,WHEATON STATION,WMATA
17432020,M20,M20,11,0,14:34:00,12893,Glenmont+Bay H,30,NA,1,GLENMONT+BAY H,GLENMONT STATION,WMATA
17432020,M20,M20,11,0,13:58:00,18954,Silver Spring+Bay 219,2,NA,1,SILVER SPRING+BAY 219,SILVER SPRING STATION,WMATA
17433020,M20,M20,11,1,10:36:00,18954,Silver Spring+Bay 219,21,NA,1,SILVER SPRING+BAY 219,SILVER SPRING STATION,WMATA
17433020,M20,M20,11,1,10:17:00,15406,Wheaton+Bay A,2,NA,1,WHEATON+BAY A,WHEATON STATION,WMATA
17457020,EXP,EXP,11,1,11:42:00,29091,North Bethesda Station+Bay C,2,NA,1,NORTH BETHESDA STATION+BAY C,NORTH BETHESDA STATION,WMATA
17458020,EXP,EXP,11,1,17:45:00,29091,North Bethesda Station+Bay C,2,NA,1,NORTH BETHESDA STATION+BAY C,NORTH BETHESDA STATION,WMATA
17460020,LCL,LCL,11,1,12:36:00,29087,Grosvenor Station+Bay F,4,NA,1,GROSVENOR STATION+BAY F,GROSVENOR STATION,WMATA
17460020,LCL,LCL,11,1,12:28:00,29091,North Bethesda Station+Bay C,2,NA,1,NORTH BETHESDA STATION+BAY C,NORTH BETHESDA STATION,WMATA
17490020,EXP,EXP,11,1,19:55:00,29091,North Bethesda Station+Bay C,2,NA,1,NORTH BETHESDA STATION+BAY C,NORTH BETHESDA STATION,WMATA
17511020,D96,D96,11,1,13:31:00,28523,Bethesda+Bay A,2,NA,1,BETHESDA+BAY A,BETHESDA STATION,WMATA
17539020,LCL,LCL,11,0,18:16:00,29090,Grosvenor Station,8,NA,1,GROSVENOR STATION,GROSVENOR STATION,WMATA
17540020,EXP,EXP,11,1,19:44:00,29091,North Bethesda Station+Bay C,2,NA,1,NORTH BETHESDA STATION+BAY C,NORTH BETHESDA STATION,WMATA
17541020,LCL,LCL,11,0,11:05:00,29090,Grosvenor Station,8,NA,1,GROSVENOR STATION,GROSVENOR STATION,WMATA
17548020,EXP,EXP,11,1,15:12:00,29091,North Bethesda Station+Bay C,2,NA,1,NORTH BETHESDA STATION+BAY C,NORTH BETHESDA STATION,WMATA
17549020,M70,M70,11,1,09:00:00,18912,Silver Spring+Bay 102,2,NA,1,SILVER SPRING+BAY 102,SILVER SPRING STATION,WMATA
17549020,M70,M70,11,1,09:20:00,15362,Bethesda+Bay C,21,NA,1,BETHESDA+BAY C,BETHESDA STATION,WMATA
17549020,M70,M70,11,1,09:45:00,19082,Montgomery Mall+Bay F,46,NA,1,MONTGOMERY MALL+BAY F,MONTGOMERY MALL TRANSIT CENTER,WMATA
17551020,D6X,D6X,11,0,08:04:00,18914,Silver Spring+Bay 104,33,NA,1,SILVER SPRING+BAY 104,SILVER SPRING STATION,WMATA
17554020,D40,D40,11,0,17:31:00,18907,Silver Spring+Bay 220,55,NA,1,SILVER SPRING+BAY 220,SILVER SPRING STATION,WMATA
17581020,EXP,EXP,11,1,14:00:00,29091,North Bethesda Station+Bay C,2,NA,1,NORTH BETHESDA STATION+BAY C,NORTH BETHESDA STATION,WMATA
17588020,P30,P30,11,0,20:12:00,18911,Silver Spring+Bay 223,2,NA,1,SILVER SPRING+BAY 223,SILVER SPRING STATION,WMATA
17595020,M12,M12,11,0,11:36:00,10628,Wheaton+Bay D,28,NA,1,WHEATON+BAY D,WHEATON STATION,WMATA
17595020,M12,M12,11,0,11:16:00,21558,Twinbrook+Bay A,2,NA,1,TWINBROOK+BAY A,TWINBROOK STATION,WMATA
17598020,M12,M12,11,1,20:57:00,16955,Wheaton+Bay B,49,NA,1,WHEATON+BAY B,WHEATON STATION,WMATA
17598020,M12,M12,11,1,21:14:00,21558,Twinbrook+Bay A,74,NA,1,TWINBROOK+BAY A,TWINBROOK STATION,WMATA
17599020,M70,M70,11,1,16:41:00,15362,Bethesda+Bay C,21,NA,1,BETHESDA+BAY C,BETHESDA STATION,WMATA
17599020,M70,M70,11,1,16:20:00,18912,Silver Spring+Bay 102,2,NA,1,SILVER SPRING+BAY 102,SILVER SPRING STATION,WMATA
17599020,M70,M70,11,1,17:15:00,19082,Montgomery Mall+Bay F,46,NA,1,MONTGOMERY MALL+BAY F,MONTGOMERY MALL TRANSIT CENTER,WMATA
17619020,EXP,EXP,11,1,09:47:00,29091,North Bethesda Station+Bay C,2,NA,1,NORTH BETHESDA STATION+BAY C,NORTH BETHESDA STATION,WMATA
17620020,EXP,EXP,11,1,15:38:00,29091,North Bethesda Station+Bay C,2,NA,1,NORTH BETHESDA STATION+BAY C,NORTH BETHESDA STATION,WMATA
17631020,D40,D40,11,0,19:51:00,18907,Silver Spring+Bay 220,55,NA,1,SILVER SPRING+BAY 220,SILVER SPRING STATION,WMATA
17639020,M44,M44,11,0,09:11:00,13000,Glenmont+Bay E,29,NA,1,GLENMONT+BAY E,GLENMONT STATION,WMATA
17640020,D4X,D4X,11,0,14:39:00,18909,Silver Spring+Bay 221,24,NA,1,SILVER SPRING+BAY 221,SILVER SPRING STATION,WMATA
17653020,LCL,LCL,11,0,10:53:00,29090,Grosvenor Station,8,NA,1,GROSVENOR STATION,GROSVENOR STATION,WMATA
17655020,EXP,EXP,11,1,19:01:00,29091,North Bethesda Station+Bay C,2,NA,1,NORTH BETHESDA STATION+BAY C,NORTH BETHESDA STATION,WMATA
17682020,D6X,D6X,11,0,11:52:00,18914,Silver Spring+Bay 104,33,NA,1,SILVER SPRING+BAY 104,SILVER SPRING STATION,WMATA
17703020,D40,D40,11,0,22:03:00,18907,Silver Spring+Bay 220,55,NA,1,SILVER SPRING+BAY 220,SILVER SPRING STATION,WMATA
17737020,D40,D40,11,1,07:48:00,18907,Silver Spring+Bay 220,2,NA,1,SILVER SPRING+BAY 220,SILVER SPRING STATION,WMATA
17740020,D6X,D6X,11,0,18:42:00,18914,Silver Spring+Bay 104,33,NA,1,SILVER SPRING+BAY 104,SILVER SPRING STATION,WMATA
17768020,LCL,LCL,11,1,14:20:00,29087,Grosvenor Station+Bay F,4,NA,1,GROSVENOR STATION+BAY F,GROSVENOR STATION,WMATA
17768020,LCL,LCL,11,1,14:12:00,29091,North Bethesda Station+Bay C,2,NA,1,NORTH BETHESDA STATION+BAY C,NORTH BETHESDA STATION,WMATA
17781020,M70,M70,11,1,20:50:00,19082,Montgomery Mall+Bay F,46,NA,1,MONTGOMERY MALL+BAY F,MONTGOMERY MALL TRANSIT CENTER,WMATA
17781020,M70,M70,11,1,20:28:00,15362,Bethesda+Bay C,21,NA,1,BETHESDA+BAY C,BETHESDA STATION,WMATA
17781020,M70,M70,11,1,20:12:00,18912,Silver Spring+Bay 102,2,NA,1,SILVER SPRING+BAY 102,SILVER SPRING STATION,WMATA
17782020,M20,M20,11,0,24:24:00,16136,Wheaton+Bay E,19,NA,1,WHEATON+BAY E,WHEATON STATION,WMATA
17782020,M20,M20,11,0,24:10:00,18954,Silver Spring+Bay 219,2,NA,1,SILVER SPRING+BAY 219,SILVER SPRING STATION,WMATA
17783020,P30,P30,11,1,09:58:00,18911,Silver Spring+Bay 223,67,NA,1,SILVER SPRING+BAY 223,SILVER SPRING STATION,WMATA
17790020,M12,M12,11,1,14:13:00,21558,Twinbrook+Bay A,74,NA,1,TWINBROOK+BAY A,TWINBROOK STATION,WMATA
17790020,M12,M12,11,1,13:54:00,16955,Wheaton+Bay B,49,NA,1,WHEATON+BAY B,WHEATON STATION,WMATA
17791020,D6X,D6X,11,0,13:56:00,18914,Silver Spring+Bay 104,33,NA,1,SILVER SPRING+BAY 104,SILVER SPRING STATION,WMATA
17818020,M70,M70,11,0,18:40:00,19082,Montgomery Mall+Bay F,2,NA,1,MONTGOMERY MALL+BAY F,MONTGOMERY MALL TRANSIT CENTER,WMATA
17818020,M70,M70,11,0,19:05:00,15362,Bethesda+Bay C,27,NA,1,BETHESDA+BAY C,BETHESDA STATION,WMATA
17818020,M70,M70,11,0,19:22:00,18912,Silver Spring+Bay 102,46,NA,1,SILVER SPRING+BAY 102,SILVER SPRING STATION,WMATA
17824020,D60,D60,11,1,09:00:00,18918,Silver Spring+Bay 103,2,NA,1,SILVER SPRING+BAY 103,SILVER SPRING STATION,WMATA
17856020,M44,M44,11,1,23:09:00,15313,Glenmont+Bay F,91,NA,1,GLENMONT+BAY F,GLENMONT STATION,WMATA
17863020,D6X,D6X,11,1,08:24:00,18914,Silver Spring+Bay 104,2,NA,1,SILVER SPRING+BAY 104,SILVER SPRING STATION,WMATA
17865020,M44,M44,11,1,09:12:00,15313,Glenmont+Bay F,91,NA,1,GLENMONT+BAY F,GLENMONT STATION,WMATA
17873020,M44,M44,11,1,09:42:00,15313,Glenmont+Bay F,91,NA,1,GLENMONT+BAY F,GLENMONT STATION,WMATA
17887020,LCL,LCL,11,1,12:06:00,29091,North Bethesda Station+Bay C,2,NA,1,NORTH BETHESDA STATION+BAY C,NORTH BETHESDA STATION,WMATA
17887020,LCL,LCL,11,1,12:14:00,29087,Grosvenor Station+Bay F,4,NA,1,GROSVENOR STATION+BAY F,GROSVENOR STATION,WMATA
17902020,D40,D40,11,0,11:21:00,18907,Silver Spring+Bay 220,55,NA,1,SILVER SPRING+BAY 220,SILVER SPRING STATION,WMATA
17970020,EXP,EXP,11,1,13:43:00,29091,North Bethesda Station+Bay C,2,NA,1,NORTH BETHESDA STATION+BAY C,NORTH BETHESDA STATION,WMATA
17971020,LCL,LCL,11,1,11:12:00,29091,North Bethesda Station+Bay C,2,NA,1,NORTH BETHESDA STATION+BAY C,NORTH BETHESDA STATION,WMATA
17971020,LCL,LCL,11,1,11:20:00,29087,Grosvenor Station+Bay F,4,NA,1,GROSVENOR STATION+BAY F,GROSVENOR STATION,WMATA
17987020,M20,M20,11,1,05:13:00,18954,Silver Spring+Bay 219,21,NA,1,SILVER SPRING+BAY 219,SILVER SPRING STATION,WMATA
17987020,M20,M20,11,1,04:58:00,15406,Wheaton+Bay A,2,NA,1,WHEATON+BAY A,WHEATON STATION,WMATA
18023020,M20,M20,11,0,07:25:00,16136,Wheaton+Bay E,19,NA,1,WHEATON+BAY E,WHEATON STATION,WMATA
18023020,M20,M20,11,0,07:06:00,18954,Silver Spring+Bay 219,2,NA,1,SILVER SPRING+BAY 219,SILVER SPRING STATION,WMATA
18081020,LCL,LCL,11,0,17:59:00,29090,Grosvenor Station,8,NA,1,GROSVENOR STATION,GROSVENOR STATION,WMATA
18091020,EXP,EXP,11,1,17:49:00,29091,North Bethesda Station+Bay C,2,NA,1,NORTH BETHESDA STATION+BAY C,NORTH BETHESDA STATION,WMATA
18092020,D40,D40,11,0,09:06:00,18907,Silver Spring+Bay 220,55,NA,1,SILVER SPRING+BAY 220,SILVER SPRING STATION,WMATA
18099020,D96,D96,11,1,19:00:00,28523,Bethesda+Bay A,2,NA,1,BETHESDA+BAY A,BETHESDA STATION,WMATA
18101020,M54,M54,11,1,10:03:00,19054,Silver Spring+Bay 114,54,NA,1,SILVER SPRING+BAY 114,SILVER SPRING STATION,WMATA
18133020,D6X,D6X,11,1,14:30:00,18914,Silver Spring+Bay 104,2,NA,1,SILVER SPRING+BAY 104,SILVER SPRING STATION,WMATA
18134020,M70,M70,11,0,19:36:00,19082,Montgomery Mall+Bay F,2,NA,1,MONTGOMERY MALL+BAY F,MONTGOMERY MALL TRANSIT CENTER,WMATA
18134020,M70,M70,11,0,19:59:00,15362,Bethesda+Bay C,27,NA,1,BETHESDA+BAY C,BETHESDA STATION,WMATA
18134020,M70,M70,11,0,20:16:00,18912,Silver Spring+Bay 102,46,NA,1,SILVER SPRING+BAY 102,SILVER SPRING STATION,WMATA
18140020,D6X,D6X,11,1,07:36:00,18914,Silver Spring+Bay 104,2,NA,1,SILVER SPRING+BAY 104,SILVER SPRING STATION,WMATA
18141020,M82,M82,11,1,10:00:00,17396,Rockville+Bay A,2,NA,1,ROCKVILLE+BAY A,ROCKVILLE STATION,WMATA
18144020,D6X,D6X,11,1,16:30:00,18914,Silver Spring+Bay 104,2,NA,1,SILVER SPRING+BAY 104,SILVER SPRING STATION,WMATA
18149020,M12,M12,11,1,07:48:00,16955,Wheaton+Bay B,49,NA,1,WHEATON+BAY B,WHEATON STATION,WMATA
18149020,M12,M12,11,1,08:08:00,21558,Twinbrook+Bay A,74,NA,1,TWINBROOK+BAY A,TWINBROOK STATION,WMATA
18181020,P30,P30,11,1,08:40:00,18911,Silver Spring+Bay 223,67,NA,1,SILVER SPRING+BAY 223,SILVER SPRING STATION,WMATA
18189020,D6X,D6X,11,1,19:36:00,18914,Silver Spring+Bay 104,2,NA,1,SILVER SPRING+BAY 104,SILVER SPRING STATION,WMATA
18195020,D60,D60,11,1,07:50:00,18918,Silver Spring+Bay 103,2,NA,1,SILVER SPRING+BAY 103,SILVER SPRING STATION,WMATA
18237020,M12,M12,11,0,08:52:00,21558,Twinbrook+Bay A,2,NA,1,TWINBROOK+BAY A,TWINBROOK STATION,WMATA
18237020,M12,M12,11,0,09:12:00,10628,Wheaton+Bay D,28,NA,1,WHEATON+BAY D,WHEATON STATION,WMATA
18268020,P30,P30,11,1,14:35:00,18911,Silver Spring+Bay 223,67,NA,1,SILVER SPRING+BAY 223,SILVER SPRING STATION,WMATA
18275020,D4X,D4X,11,0,11:36:00,18909,Silver Spring+Bay 221,24,NA,1,SILVER SPRING+BAY 221,SILVER SPRING STATION,WMATA
18276020,D4X,D4X,11,0,09:05:00,18909,Silver Spring+Bay 221,24,NA,1,SILVER SPRING+BAY 221,SILVER SPRING STATION,WMATA
18321020,M70,M70,11,0,06:47:00,18912,Silver Spring+Bay 102,46,NA,1,SILVER SPRING+BAY 102,SILVER SPRING STATION,WMATA
18321020,M70,M70,11,0,06:32:00,15362,Bethesda+Bay C,27,NA,1,BETHESDA+BAY C,BETHESDA STATION,WMATA
18321020,M70,M70,11,0,06:12:00,19082,Montgomery Mall+Bay F,2,NA,1,MONTGOMERY MALL+BAY F,MONTGOMERY MALL TRANSIT CENTER,WMATA
18322020,M70,M70,11,1,04:40:00,18912,Silver Spring+Bay 102,2,NA,1,SILVER SPRING+BAY 102,SILVER SPRING STATION,WMATA
18322020,M70,M70,11,1,04:55:00,15362,Bethesda+Bay C,21,NA,1,BETHESDA+BAY C,BETHESDA STATION,WMATA
18322020,M70,M70,11,1,05:15:00,19082,Montgomery Mall+Bay F,46,NA,1,MONTGOMERY MALL+BAY F,MONTGOMERY MALL TRANSIT CENTER,WMATA
18348020,D4X,D4X,11,1,08:40:00,18909,Silver Spring+Bay 221,2,NA,1,SILVER SPRING+BAY 221,SILVER SPRING STATION,WMATA
18350020,C87,C87,11,1,18:09:00,19055,Silver Spring+Bay 115,2,NA,1,SILVER SPRING+BAY 115,SILVER SPRING STATION,WMATA
18386020,LCL,LCL,11,0,15:59:00,29090,Grosvenor Station,8,NA,1,GROSVENOR STATION,GROSVENOR STATION,WMATA
18388020,EXP,EXP,11,1,20:42:00,29091,North Bethesda Station+Bay C,2,NA,1,NORTH BETHESDA STATION+BAY C,NORTH BETHESDA STATION,WMATA
18402020,D40,D40,11,1,08:12:00,18907,Silver Spring+Bay 220,2,NA,1,SILVER SPRING+BAY 220,SILVER SPRING STATION,WMATA
18404020,M22,M22,11,0,18:10:00,16136,Wheaton+Bay E,36,NA,1,WHEATON+BAY E,WHEATON STATION,WMATA
18404020,M22,M22,11,0,18:27:00,12893,Glenmont+Bay H,47,NA,1,GLENMONT+BAY H,GLENMONT STATION,WMATA
18404020,M22,M22,11,0,17:33:00,15389,Bethesda+Bay B,2,NA,1,BETHESDA+BAY B,BETHESDA STATION,WMATA
18440020,EXP,EXP,11,1,17:47:00,29091,North Bethesda Station+Bay C,2,NA,1,NORTH BETHESDA STATION+BAY C,NORTH BETHESDA STATION,WMATA
18450020,M42,M42,11,1,10:55:00,15313,Glenmont+Bay F,78,NA,1,GLENMONT+BAY F,GLENMONT STATION,WMATA
18484020,D6X,D6X,11,0,10:37:00,18914,Silver Spring+Bay 104,33,NA,1,SILVER SPRING+BAY 104,SILVER SPRING STATION,WMATA
18503020,LCL,LCL,11,1,14:24:00,29087,Grosvenor Station+Bay F,4,NA,1,GROSVENOR STATION+BAY F,GROSVENOR STATION,WMATA
18503020,LCL,LCL,11,1,14:16:00,29091,North Bethesda Station+Bay C,2,NA,1,NORTH BETHESDA STATION+BAY C,NORTH BETHESDA STATION,WMATA
18505020,LCL,LCL,11,0,14:11:00,29090,Grosvenor Station,8,NA,1,GROSVENOR STATION,GROSVENOR STATION,WMATA
18522020,P30,P30,11,0,06:51:00,18911,Silver Spring+Bay 223,2,NA,1,SILVER SPRING+BAY 223,SILVER SPRING STATION,WMATA
18545020,EXP,EXP,11,1,16:52:00,29091,North Bethesda Station+Bay C,2,NA,1,NORTH BETHESDA STATION+BAY C,NORTH BETHESDA STATION,WMATA
18552020,M20,M20,11,0,16:06:00,18954,Silver Spring+Bay 219,2,NA,1,SILVER SPRING+BAY 219,SILVER SPRING STATION,WMATA
18552020,M20,M20,11,0,16:34:00,16136,Wheaton+Bay E,19,NA,1,WHEATON+BAY E,WHEATON STATION,WMATA
18590020,D60,D60,11,0,07:22:00,18918,Silver Spring+Bay 103,49,NA,1,SILVER SPRING+BAY 103,SILVER SPRING STATION,WMATA
18593020,D4X,D4X,11,0,10:35:00,18909,Silver Spring+Bay 221,24,NA,1,SILVER SPRING+BAY 221,SILVER SPRING STATION,WMATA
18615020,LCL,LCL,11,1,13:24:00,29091,North Bethesda Station+Bay C,2,NA,1,NORTH BETHESDA STATION+BAY C,NORTH BETHESDA STATION,WMATA
18615020,LCL,LCL,11,1,13:32:00,29087,Grosvenor Station+Bay F,4,NA,1,GROSVENOR STATION+BAY F,GROSVENOR STATION,WMATA
18621020,LCL,LCL,11,0,13:51:00,29090,Grosvenor Station,8,NA,1,GROSVENOR STATION,GROSVENOR STATION,WMATA
18637020,D40,D40,11,1,15:24:00,18907,Silver Spring+Bay 220,2,NA,1,SILVER SPRING+BAY 220,SILVER SPRING STATION,WMATA
18644020,C87,C87,11,1,05:53:00,19055,Silver Spring+Bay 115,2,NA,1,SILVER SPRING+BAY 115,SILVER SPRING STATION,WMATA
18682020,D4X,D4X,11,0,08:15:00,18909,Silver Spring+Bay 221,24,NA,1,SILVER SPRING+BAY 221,SILVER SPRING STATION,WMATA
18684020,M20,M20,11,1,20:40:00,15406,Wheaton+Bay A,2,NA,1,WHEATON+BAY A,WHEATON STATION,WMATA
18684020,M20,M20,11,1,20:56:00,18954,Silver Spring+Bay 219,21,NA,1,SILVER SPRING+BAY 219,SILVER SPRING STATION,WMATA
18686020,M70,M70,11,0,20:12:00,19082,Montgomery Mall+Bay F,2,NA,1,MONTGOMERY MALL+BAY F,MONTGOMERY MALL TRANSIT CENTER,WMATA
18686020,M70,M70,11,0,20:35:00,15362,Bethesda+Bay C,27,NA,1,BETHESDA+BAY C,BETHESDA STATION,WMATA
18686020,M70,M70,11,0,20:52:00,18912,Silver Spring+Bay 102,46,NA,1,SILVER SPRING+BAY 102,SILVER SPRING STATION,WMATA
18706020,EXP,EXP,11,1,19:41:00,29091,North Bethesda Station+Bay C,2,NA,1,NORTH BETHESDA STATION+BAY C,NORTH BETHESDA STATION,WMATA
18709020,EXP,EXP,11,1,11:57:00,29091,North Bethesda Station+Bay C,2,NA,1,NORTH BETHESDA STATION+BAY C,NORTH BETHESDA STATION,WMATA
18712020,EXP,EXP,11,1,05:12:00,29091,North Bethesda Station+Bay C,2,NA,1,NORTH BETHESDA STATION+BAY C,NORTH BETHESDA STATION,WMATA
18721020,C87,C87,11,0,17:01:00,19055,Silver Spring+Bay 115,42,NA,1,SILVER SPRING+BAY 115,SILVER SPRING STATION,WMATA
18729020,D40,D40,11,0,05:41:00,18907,Silver Spring+Bay 220,55,NA,1,SILVER SPRING+BAY 220,SILVER SPRING STATION,WMATA
18749020,EXP,EXP,11,1,06:14:00,29091,North Bethesda Station+Bay C,2,NA,1,NORTH BETHESDA STATION+BAY C,NORTH BETHESDA STATION,WMATA
18750020,EXP,EXP,11,1,15:09:00,29091,North Bethesda Station+Bay C,2,NA,1,NORTH BETHESDA STATION+BAY C,NORTH BETHESDA STATION,WMATA
18769020,M44,M44,11,1,13:41:00,15313,Glenmont+Bay F,91,NA,1,GLENMONT+BAY F,GLENMONT STATION,WMATA
18783020,LCL,LCL,11,0,05:51:00,29090,Grosvenor Station,8,NA,1,GROSVENOR STATION,GROSVENOR STATION,WMATA
18786020,EXP,EXP,11,1,22:16:00,29091,North Bethesda Station+Bay C,2,NA,1,NORTH BETHESDA STATION+BAY C,NORTH BETHESDA STATION,WMATA
18787020,LCL,LCL,11,1,06:44:00,29091,North Bethesda Station+Bay C,2,NA,1,NORTH BETHESDA STATION+BAY C,NORTH BETHESDA STATION,WMATA
18787020,LCL,LCL,11,1,06:52:00,29087,Grosvenor Station+Bay F,4,NA,1,GROSVENOR STATION+BAY F,GROSVENOR STATION,WMATA
18803020,M82,M82,11,0,11:12:00,17396,Rockville+Bay A,73,NA,1,ROCKVILLE+BAY A,ROCKVILLE STATION,WMATA
18806020,D40,D40,11,0,17:19:00,18907,Silver Spring+Bay 220,55,NA,1,SILVER SPRING+BAY 220,SILVER SPRING STATION,WMATA
18807020,M52,M52,11,1,22:13:00,19053,Silver Spring+Bay 113,68,NA,1,SILVER SPRING+BAY 113,SILVER SPRING STATION,WMATA
18841020,EXP,EXP,11,1,15:55:00,29091,North Bethesda Station+Bay C,2,NA,1,NORTH BETHESDA STATION+BAY C,NORTH BETHESDA STATION,WMATA
18844020,LCL,LCL,11,1,13:20:00,29087,Grosvenor Station+Bay F,4,NA,1,GROSVENOR STATION+BAY F,GROSVENOR STATION,WMATA
18844020,LCL,LCL,11,1,13:12:00,29091,North Bethesda Station+Bay C,2,NA,1,NORTH BETHESDA STATION+BAY C,NORTH BETHESDA STATION,WMATA
18853020,D4X,D4X,11,0,10:05:00,18909,Silver Spring+Bay 221,24,NA,1,SILVER SPRING+BAY 221,SILVER SPRING STATION,WMATA
18854020,M52,M52,11,1,07:49:00,19053,Silver Spring+Bay 113,101,NA,1,SILVER SPRING+BAY 113,SILVER SPRING STATION,WMATA
18891020,M20,M20,11,0,08:16:00,18954,Silver Spring+Bay 219,2,NA,1,SILVER SPRING+BAY 219,SILVER SPRING STATION,WMATA
18891020,M20,M20,11,0,08:35:00,16136,Wheaton+Bay E,19,NA,1,WHEATON+BAY E,WHEATON STATION,WMATA
18893020,M82,M82,11,0,19:40:00,17396,Rockville+Bay A,73,NA,1,ROCKVILLE+BAY A,ROCKVILLE STATION,WMATA
18895020,M70,M70,11,0,24:50:00,15362,Bethesda+Bay C,27,NA,1,BETHESDA+BAY C,BETHESDA STATION,WMATA
18895020,M70,M70,11,0,25:04:00,18912,Silver Spring+Bay 102,46,NA,1,SILVER SPRING+BAY 102,SILVER SPRING STATION,WMATA
18895020,M70,M70,11,0,24:30:00,19082,Montgomery Mall+Bay F,2,NA,1,MONTGOMERY MALL+BAY F,MONTGOMERY MALL TRANSIT CENTER,WMATA
18926020,EXP,EXP,11,1,18:12:00,29091,North Bethesda Station+Bay C,2,NA,1,NORTH BETHESDA STATION+BAY C,NORTH BETHESDA STATION,WMATA
18933020,M54,M54,11,0,14:45:00,19054,Silver Spring+Bay 114,2,NA,1,SILVER SPRING+BAY 114,SILVER SPRING STATION,WMATA
18934020,M20,M20,11,1,14:36:00,18954,Silver Spring+Bay 219,21,NA,1,SILVER SPRING+BAY 219,SILVER SPRING STATION,WMATA
18934020,M20,M20,11,1,14:16:00,15406,Wheaton+Bay A,2,NA,1,WHEATON+BAY A,WHEATON STATION,WMATA
18937020,M42,M42,11,1,20:55:00,15313,Glenmont+Bay F,78,NA,1,GLENMONT+BAY F,GLENMONT STATION,WMATA
18975020,D40,D40,11,1,21:12:00,18907,Silver Spring+Bay 220,2,NA,1,SILVER SPRING+BAY 220,SILVER SPRING STATION,WMATA
18976020,D4X,D4X,11,1,21:20:00,18909,Silver Spring+Bay 221,2,NA,1,SILVER SPRING+BAY 221,SILVER SPRING STATION,WMATA
18977020,M70,M70,11,1,22:45:00,18912,Silver Spring+Bay 102,2,NA,1,SILVER SPRING+BAY 102,SILVER SPRING STATION,WMATA
18977020,M70,M70,11,1,23:18:00,19082,Montgomery Mall+Bay F,46,NA,1,MONTGOMERY MALL+BAY F,MONTGOMERY MALL TRANSIT CENTER,WMATA
18977020,M70,M70,11,1,22:59:00,15362,Bethesda+Bay C,21,NA,1,BETHESDA+BAY C,BETHESDA STATION,WMATA
18983020,M22,M22,11,1,08:12:00,15389,Bethesda+Bay B,89,NA,1,BETHESDA+BAY B,BETHESDA STATION,WMATA
18983020,M22,M22,11,1,07:29:00,12892,Glenmont+Bay D,41,NA,1,GLENMONT+BAY D,GLENMONT STATION,WMATA
18983020,M22,M22,11,1,07:41:00,15406,Wheaton+Bay A,53,NA,1,WHEATON+BAY A,WHEATON STATION,WMATA
18985020,C87,C87,11,1,07:43:00,19055,Silver Spring+Bay 115,2,NA,1,SILVER SPRING+BAY 115,SILVER SPRING STATION,WMATA
19014020,EXP,EXP,11,1,14:32:00,29091,North Bethesda Station+Bay C,2,NA,1,NORTH BETHESDA STATION+BAY C,NORTH BETHESDA STATION,WMATA
19023020,M20,M20,11,1,14:57:00,15406,Wheaton+Bay A,2,NA,1,WHEATON+BAY A,WHEATON STATION,WMATA
19023020,M20,M20,11,1,15:20:00,18954,Silver Spring+Bay 219,21,NA,1,SILVER SPRING+BAY 219,SILVER SPRING STATION,WMATA
19030020,M54,M54,11,0,15:15:00,19054,Silver Spring+Bay 114,2,NA,1,SILVER SPRING+BAY 114,SILVER SPRING STATION,WMATA
19031020,M20,M20,11,1,06:54:00,15406,Wheaton+Bay A,2,NA,1,WHEATON+BAY A,WHEATON STATION,WMATA
19031020,M20,M20,11,1,07:13:00,18954,Silver Spring+Bay 219,21,NA,1,SILVER SPRING+BAY 219,SILVER SPRING STATION,WMATA
19060020,LCL,LCL,11,0,18:23:00,29090,Grosvenor Station,8,NA,1,GROSVENOR STATION,GROSVENOR STATION,WMATA
19069020,M54,M54,11,1,13:32:00,19054,Silver Spring+Bay 114,54,NA,1,SILVER SPRING+BAY 114,SILVER SPRING STATION,WMATA
19113020,M12,M12,11,1,08:48:00,16955,Wheaton+Bay B,49,NA,1,WHEATON+BAY B,WHEATON STATION,WMATA
19113020,M12,M12,11,1,09:06:00,21558,Twinbrook+Bay A,74,NA,1,TWINBROOK+BAY A,TWINBROOK STATION,WMATA
19114020,M12,M12,11,1,23:20:00,21558,Twinbrook+Bay A,74,NA,1,TWINBROOK+BAY A,TWINBROOK STATION,WMATA
19114020,M12,M12,11,1,23:06:00,16955,Wheaton+Bay B,49,NA,1,WHEATON+BAY B,WHEATON STATION,WMATA
19120020,M20,M20,11,1,08:18:00,15406,Wheaton+Bay A,2,NA,1,WHEATON+BAY A,WHEATON STATION,WMATA
19120020,M20,M20,11,1,08:38:00,18954,Silver Spring+Bay 219,21,NA,1,SILVER SPRING+BAY 219,SILVER SPRING STATION,WMATA
19123020,D4X,D4X,11,1,19:40:00,18909,Silver Spring+Bay 221,2,NA,1,SILVER SPRING+BAY 221,SILVER SPRING STATION,WMATA
19124020,M20,M20,11,0,16:53:00,18954,Silver Spring+Bay 219,2,NA,1,SILVER SPRING+BAY 219,SILVER SPRING STATION,WMATA
19124020,M20,M20,11,0,17:20:00,16136,Wheaton+Bay E,19,NA,1,WHEATON+BAY E,WHEATON STATION,WMATA
19124020,M20,M20,11,0,17:37:00,12893,Glenmont+Bay H,30,NA,1,GLENMONT+BAY H,GLENMONT STATION,WMATA
19130020,M12,M12,11,1,15:10:00,16955,Wheaton+Bay B,31,NA,1,WHEATON+BAY B,WHEATON STATION,WMATA
19172020,M52,M52,11,1,06:16:00,19053,Silver Spring+Bay 113,102,NA,1,SILVER SPRING+BAY 113,SILVER SPRING STATION,WMATA
19206020,D40,D40,11,0,19:11:00,18907,Silver Spring+Bay 220,55,NA,1,SILVER SPRING+BAY 220,SILVER SPRING STATION,WMATA
19207020,D40,D40,11,1,15:00:00,18907,Silver Spring+Bay 220,2,NA,1,SILVER SPRING+BAY 220,SILVER SPRING STATION,WMATA
19213020,D40,D40,11,1,02:20:00,18907,Silver Spring+Bay 220,2,NA,1,SILVER SPRING+BAY 220,SILVER SPRING STATION,WMATA
19243020,M12,M12,11,1,14:06:00,16955,Wheaton+Bay B,31,NA,1,WHEATON+BAY B,WHEATON STATION,WMATA
19244020,M22,M22,11,0,07:12:00,12893,Glenmont+Bay H,47,NA,1,GLENMONT+BAY H,GLENMONT STATION,WMATA
19244020,M22,M22,11,0,06:38:00,15389,Bethesda+Bay B,2,NA,1,BETHESDA+BAY B,BETHESDA STATION,WMATA
19244020,M22,M22,11,0,07:00:00,16136,Wheaton+Bay E,36,NA,1,WHEATON+BAY E,WHEATON STATION,WMATA
19246020,D40,D40,11,1,06:12:00,18907,Silver Spring+Bay 220,2,NA,1,SILVER SPRING+BAY 220,SILVER SPRING STATION,WMATA
19248020,M20,M20,11,0,19:45:00,18954,Silver Spring+Bay 219,2,NA,1,SILVER SPRING+BAY 219,SILVER SPRING STATION,WMATA
19248020,M20,M20,11,0,20:05:00,16136,Wheaton+Bay E,19,NA,1,WHEATON+BAY E,WHEATON STATION,WMATA
19254020,D6X,D6X,11,0,14:11:00,18914,Silver Spring+Bay 104,33,NA,1,SILVER SPRING+BAY 104,SILVER SPRING STATION,WMATA
19267020,EXP,EXP,11,1,05:14:00,29091,North Bethesda Station+Bay C,2,NA,1,NORTH BETHESDA STATION+BAY C,NORTH BETHESDA STATION,WMATA
19269020,LCL,LCL,11,0,24:28:00,29090,Grosvenor Station,8,NA,1,GROSVENOR STATION,GROSVENOR STATION,WMATA
19287020,D96,D96,11,1,18:40:00,28523,Bethesda+Bay A,2,NA,1,BETHESDA+BAY A,BETHESDA STATION,WMATA
19288020,M22,M22,11,1,18:11:00,15389,Bethesda+Bay B,89,NA,1,BETHESDA+BAY B,BETHESDA STATION,WMATA
19288020,M22,M22,11,1,17:34:00,12892,Glenmont+Bay D,41,NA,1,GLENMONT+BAY D,GLENMONT STATION,WMATA
19288020,M22,M22,11,1,17:47:00,15406,Wheaton+Bay A,53,NA,1,WHEATON+BAY A,WHEATON STATION,WMATA
19289020,D60,D60,11,1,21:30:00,18918,Silver Spring+Bay 103,2,NA,1,SILVER SPRING+BAY 103,SILVER SPRING STATION,WMATA
19310020,EXP,EXP,11,1,16:01:00,29091,North Bethesda Station+Bay C,2,NA,1,NORTH BETHESDA STATION+BAY C,NORTH BETHESDA STATION,WMATA
19314020,D40,D40,11,0,25:09:00,18907,Silver Spring+Bay 220,59,NA,1,SILVER SPRING+BAY 220,SILVER SPRING STATION,WMATA
19320020,D4X,D4X,11,1,18:20:00,18909,Silver Spring+Bay 221,2,NA,1,SILVER SPRING+BAY 221,SILVER SPRING STATION,WMATA
19370020,D96,D96,11,0,11:21:00,28523,Bethesda+Bay A,79,NA,1,BETHESDA+BAY A,BETHESDA STATION,WMATA
19375020,M54,M54,11,1,25:32:00,19054,Silver Spring+Bay 114,54,NA,1,SILVER SPRING+BAY 114,SILVER SPRING STATION,WMATA
19395020,EXP,EXP,11,1,05:51:00,29091,North Bethesda Station+Bay C,2,NA,1,NORTH BETHESDA STATION+BAY C,NORTH BETHESDA STATION,WMATA
19399020,LCL,LCL,11,0,17:52:00,29090,Grosvenor Station,8,NA,1,GROSVENOR STATION,GROSVENOR STATION,WMATA
19405020,M12,M12,11,1,20:00:00,16955,Wheaton+Bay B,31,NA,1,WHEATON+BAY B,WHEATON STATION,WMATA
19411020,D4X,D4X,11,0,08:25:00,18909,Silver Spring+Bay 221,24,NA,1,SILVER SPRING+BAY 221,SILVER SPRING STATION,WMATA
19412020,D6X,D6X,11,0,09:37:00,18914,Silver Spring+Bay 104,33,NA,1,SILVER SPRING+BAY 104,SILVER SPRING STATION,WMATA
19413020,M42,M42,11,0,07:56:00,13000,Glenmont+Bay E,29,NA,1,GLENMONT+BAY E,GLENMONT STATION,WMATA
19435020,EXP,EXP,11,1,05:40:00,29091,North Bethesda Station+Bay C,2,NA,1,NORTH BETHESDA STATION+BAY C,NORTH BETHESDA STATION,WMATA
19447020,C87,C87,11,0,16:17:00,19055,Silver Spring+Bay 115,32,NA,1,SILVER SPRING+BAY 115,SILVER SPRING STATION,WMATA
19453020,D4X,D4X,11,0,21:44:00,18909,Silver Spring+Bay 221,24,NA,1,SILVER SPRING+BAY 221,SILVER SPRING STATION,WMATA
19455020,D60,D60,11,1,14:48:00,18918,Silver Spring+Bay 103,2,NA,1,SILVER SPRING+BAY 103,SILVER SPRING STATION,WMATA
19460020,M20,M20,11,1,09:45:00,18954,Silver Spring+Bay 219,21,NA,1,SILVER SPRING+BAY 219,SILVER SPRING STATION,WMATA
19460020,M20,M20,11,1,09:26:00,15406,Wheaton+Bay A,2,NA,1,WHEATON+BAY A,WHEATON STATION,WMATA
19461020,M44,M44,11,1,06:42:00,15313,Glenmont+Bay F,91,NA,1,GLENMONT+BAY F,GLENMONT STATION,WMATA
19489020,D96,D96,11,0,08:17:00,28523,Bethesda+Bay A,79,NA,1,BETHESDA+BAY A,BETHESDA STATION,WMATA
19500020,D96,D96,11,0,09:28:00,28523,Bethesda+Bay A,79,NA,1,BETHESDA+BAY A,BETHESDA STATION,WMATA
19521020,LCL,LCL,11,1,15:08:00,29087,Grosvenor Station+Bay F,4,NA,1,GROSVENOR STATION+BAY F,GROSVENOR STATION,WMATA
19521020,LCL,LCL,11,1,15:00:00,29091,North Bethesda Station+Bay C,2,NA,1,NORTH BETHESDA STATION+BAY C,NORTH BETHESDA STATION,WMATA
19532020,D60,D60,11,1,11:12:00,18918,Silver Spring+Bay 103,2,NA,1,SILVER SPRING+BAY 103,SILVER SPRING STATION,WMATA
19556020,LCL,LCL,11,0,18:29:00,29090,Grosvenor Station,8,NA,1,GROSVENOR STATION,GROSVENOR STATION,WMATA
19562020,LCL,LCL,11,0,13:19:00,29090,Grosvenor Station,8,NA,1,GROSVENOR STATION,GROSVENOR STATION,WMATA
19563020,LCL,LCL,11,1,07:56:00,29087,Grosvenor Station+Bay F,4,NA,1,GROSVENOR STATION+BAY F,GROSVENOR STATION,WMATA
19563020,LCL,LCL,11,1,07:48:00,29091,North Bethesda Station+Bay C,2,NA,1,NORTH BETHESDA STATION+BAY C,NORTH BETHESDA STATION,WMATA
19585020,D40,D40,11,1,01:00:00,18907,Silver Spring+Bay 220,2,NA,1,SILVER SPRING+BAY 220,SILVER SPRING STATION,WMATA
19601020,LCL,LCL,11,1,13:48:00,29087,Grosvenor Station+Bay F,4,NA,1,GROSVENOR STATION+BAY F,GROSVENOR STATION,WMATA
19601020,LCL,LCL,11,1,13:40:00,29091,North Bethesda Station+Bay C,2,NA,1,NORTH BETHESDA STATION+BAY C,NORTH BETHESDA STATION,WMATA
19603020,LCL,LCL,11,0,19:59:00,29090,Grosvenor Station,8,NA,1,GROSVENOR STATION,GROSVENOR STATION,WMATA
19613020,M20,M20,11,1,10:14:00,12892,Glenmont+Bay D,23,NA,1,GLENMONT+BAY D,GLENMONT STATION,WMATA
19613020,M20,M20,11,1,10:46:00,18954,Silver Spring+Bay 219,54,NA,1,SILVER SPRING+BAY 219,SILVER SPRING STATION,WMATA
19613020,M20,M20,11,1,10:27:00,15406,Wheaton+Bay A,35,NA,1,WHEATON+BAY A,WHEATON STATION,WMATA
19624020,M52,M52,11,0,07:00:00,19053,Silver Spring+Bay 113,2,NA,1,SILVER SPRING+BAY 113,SILVER SPRING STATION,WMATA
19637020,EXP,EXP,11,1,12:39:00,29091,North Bethesda Station+Bay C,2,NA,1,NORTH BETHESDA STATION+BAY C,NORTH BETHESDA STATION,WMATA
19643020,EXP,EXP,11,1,08:01:00,29091,North Bethesda Station+Bay C,2,NA,1,NORTH BETHESDA STATION+BAY C,NORTH BETHESDA STATION,WMATA
19645020,EXP,EXP,11,1,06:45:00,29091,North Bethesda Station+Bay C,2,NA,1,NORTH BETHESDA STATION+BAY C,NORTH BETHESDA STATION,WMATA
19658020,M20,M20,11,1,19:50:00,15406,Wheaton+Bay A,35,NA,1,WHEATON+BAY A,WHEATON STATION,WMATA
19658020,M20,M20,11,1,20:06:00,18954,Silver Spring+Bay 219,54,NA,1,SILVER SPRING+BAY 219,SILVER SPRING STATION,WMATA
19658020,M20,M20,11,1,19:39:00,12892,Glenmont+Bay D,23,NA,1,GLENMONT+BAY D,GLENMONT STATION,WMATA
19695020,M44,M44,11,1,21:40:00,15313,Glenmont+Bay F,91,NA,1,GLENMONT+BAY F,GLENMONT STATION,WMATA
19702020,EXP,EXP,11,1,08:35:00,29091,North Bethesda Station+Bay C,2,NA,1,NORTH BETHESDA STATION+BAY C,NORTH BETHESDA STATION,WMATA
19718020,M70,M70,11,1,15:41:00,19082,Montgomery Mall+Bay F,46,NA,1,MONTGOMERY MALL+BAY F,MONTGOMERY MALL TRANSIT CENTER,WMATA
19718020,M70,M70,11,1,15:10:00,15362,Bethesda+Bay C,21,NA,1,BETHESDA+BAY C,BETHESDA STATION,WMATA
19718020,M70,M70,11,1,14:50:00,18912,Silver Spring+Bay 102,2,NA,1,SILVER SPRING+BAY 102,SILVER SPRING STATION,WMATA
19719020,D60,D60,11,1,24:40:00,18918,Silver Spring+Bay 103,2,NA,1,SILVER SPRING+BAY 103,SILVER SPRING STATION,WMATA
19735020,EXP,EXP,11,1,08:24:00,29091,North Bethesda Station+Bay C,2,NA,1,NORTH BETHESDA STATION+BAY C,NORTH BETHESDA STATION,WMATA
19737020,LCL,LCL,11,1,14:44:00,29087,Grosvenor Station+Bay F,4,NA,1,GROSVENOR STATION+BAY F,GROSVENOR STATION,WMATA
19737020,LCL,LCL,11,1,14:36:00,29091,North Bethesda Station+Bay C,2,NA,1,NORTH BETHESDA STATION+BAY C,NORTH BETHESDA STATION,WMATA
19746020,D40,D40,11,0,03:43:00,18907,Silver Spring+Bay 220,59,NA,1,SILVER SPRING+BAY 220,SILVER SPRING STATION,WMATA
19786020,D6X,D6X,11,0,23:09:00,18914,Silver Spring+Bay 104,33,NA,1,SILVER SPRING+BAY 104,SILVER SPRING STATION,WMATA
19811020,LCL,LCL,11,0,06:15:00,29090,Grosvenor Station,8,NA,1,GROSVENOR STATION,GROSVENOR STATION,WMATA
19814020,LCL,LCL,11,1,19:02:00,29087,Grosvenor Station+Bay F,4,NA,1,GROSVENOR STATION+BAY F,GROSVENOR STATION,WMATA
19814020,LCL,LCL,11,1,18:54:00,29091,North Bethesda Station+Bay C,2,NA,1,NORTH BETHESDA STATION+BAY C,NORTH BETHESDA STATION,WMATA
19829020,M70,M70,11,0,09:26:00,18912,Silver Spring+Bay 102,46,NA,1,SILVER SPRING+BAY 102,SILVER SPRING STATION,WMATA
19829020,M70,M70,11,0,08:36:00,19082,Montgomery Mall+Bay F,2,NA,1,MONTGOMERY MALL+BAY F,MONTGOMERY MALL TRANSIT CENTER,WMATA
19829020,M70,M70,11,0,09:07:00,15362,Bethesda+Bay C,27,NA,1,BETHESDA+BAY C,BETHESDA STATION,WMATA
19860020,M52,M52,11,0,18:00:00,19053,Silver Spring+Bay 113,2,NA,1,SILVER SPRING+BAY 113,SILVER SPRING STATION,WMATA
19866020,D96,D96,11,0,21:56:00,28523,Bethesda+Bay A,79,NA,1,BETHESDA+BAY A,BETHESDA STATION,WMATA
19868020,M20,M20,11,0,05:35:00,16136,Wheaton+Bay E,19,NA,1,WHEATON+BAY E,WHEATON STATION,WMATA
19868020,M20,M20,11,0,05:19:00,18954,Silver Spring+Bay 219,2,NA,1,SILVER SPRING+BAY 219,SILVER SPRING STATION,WMATA
19869020,M44,M44,11,1,11:42:00,15313,Glenmont+Bay F,91,NA,1,GLENMONT+BAY F,GLENMONT STATION,WMATA
19870020,D4X,D4X,11,0,08:55:00,18909,Silver Spring+Bay 221,24,NA,1,SILVER SPRING+BAY 221,SILVER SPRING STATION,WMATA
19889020,EXP,EXP,11,1,19:58:00,29091,North Bethesda Station+Bay C,2,NA,1,NORTH BETHESDA STATION+BAY C,NORTH BETHESDA STATION,WMATA
19899020,LCL,LCL,11,1,12:24:00,29091,North Bethesda Station+Bay C,2,NA,1,NORTH BETHESDA STATION+BAY C,NORTH BETHESDA STATION,WMATA
19899020,LCL,LCL,11,1,12:32:00,29087,Grosvenor Station+Bay F,4,NA,1,GROSVENOR STATION+BAY F,GROSVENOR STATION,WMATA
19930020,P30,P30,11,0,19:00:00,18911,Silver Spring+Bay 223,2,NA,1,SILVER SPRING+BAY 223,SILVER SPRING STATION,WMATA
19939020,M44,M44,11,0,21:38:00,13000,Glenmont+Bay E,29,NA,1,GLENMONT+BAY E,GLENMONT STATION,WMATA
19947020,M22,M22,11,1,11:12:00,15406,Wheaton+Bay A,53,NA,1,WHEATON+BAY A,WHEATON STATION,WMATA
19947020,M22,M22,11,1,11:38:00,15389,Bethesda+Bay B,89,NA,1,BETHESDA+BAY B,BETHESDA STATION,WMATA
19947020,M22,M22,11,1,10:59:00,12892,Glenmont+Bay D,41,NA,1,GLENMONT+BAY D,GLENMONT STATION,WMATA
19985020,D4X,D4X,11,0,18:50:00,18909,Silver Spring+Bay 221,24,NA,1,SILVER SPRING+BAY 221,SILVER SPRING STATION,WMATA
19986020,M70,M70,11,1,15:40:00,15362,Bethesda+Bay C,21,NA,1,BETHESDA+BAY C,BETHESDA STATION,WMATA
19986020,M70,M70,11,1,15:20:00,18912,Silver Spring+Bay 102,2,NA,1,SILVER SPRING+BAY 102,SILVER SPRING STATION,WMATA
19986020,M70,M70,11,1,16:12:00,19082,Montgomery Mall+Bay F,46,NA,1,MONTGOMERY MALL+BAY F,MONTGOMERY MALL TRANSIT CENTER,WMATA
20010020,EXP,EXP,11,1,07:12:00,29091,North Bethesda Station+Bay C,2,NA,1,NORTH BETHESDA STATION+BAY C,NORTH BETHESDA STATION,WMATA
20028020,M12,M12,11,1,06:01:00,16955,Wheaton+Bay B,31,NA,1,WHEATON+BAY B,WHEATON STATION,WMATA
20029020,M44,M44,11,0,10:40:00,13000,Glenmont+Bay E,29,NA,1,GLENMONT+BAY E,GLENMONT STATION,WMATA
20052020,LCL,LCL,11,1,12:32:00,29087,Grosvenor Station+Bay F,4,NA,1,GROSVENOR STATION+BAY F,GROSVENOR STATION,WMATA
20052020,LCL,LCL,11,1,12:24:00,29091,North Bethesda Station+Bay C,2,NA,1,NORTH BETHESDA STATION+BAY C,NORTH BETHESDA STATION,WMATA
20061020,D6X,D6X,11,1,18:30:00,18914,Silver Spring+Bay 104,2,NA,1,SILVER SPRING+BAY 104,SILVER SPRING STATION,WMATA
20062020,D4X,D4X,11,1,15:30:00,18909,Silver Spring+Bay 221,2,NA,1,SILVER SPRING+BAY 221,SILVER SPRING STATION,WMATA
20070020,D40,D40,11,0,13:21:00,18907,Silver Spring+Bay 220,55,NA,1,SILVER SPRING+BAY 220,SILVER SPRING STATION,WMATA
20072020,D40,D40,11,0,10:06:00,18907,Silver Spring+Bay 220,55,NA,1,SILVER SPRING+BAY 220,SILVER SPRING STATION,WMATA
20097020,LCL,LCL,11,1,11:14:00,29087,Grosvenor Station+Bay F,4,NA,1,GROSVENOR STATION+BAY F,GROSVENOR STATION,WMATA
20097020,LCL,LCL,11,1,11:06:00,29091,North Bethesda Station+Bay C,2,NA,1,NORTH BETHESDA STATION+BAY C,NORTH BETHESDA STATION,WMATA
20113020,D4X,D4X,11,0,19:10:00,18909,Silver Spring+Bay 221,24,NA,1,SILVER SPRING+BAY 221,SILVER SPRING STATION,WMATA
20122020,M12,M12,11,1,12:54:00,16955,Wheaton+Bay B,31,NA,1,WHEATON+BAY B,WHEATON STATION,WMATA
20147020,D40,D40,11,1,22:45:00,18907,Silver Spring+Bay 220,2,NA,1,SILVER SPRING+BAY 220,SILVER SPRING STATION,WMATA
20156020,D4X,D4X,11,0,07:55:00,18909,Silver Spring+Bay 221,24,NA,1,SILVER SPRING+BAY 221,SILVER SPRING STATION,WMATA
20218020,LCL,LCL,11,1,17:42:00,29091,North Bethesda Station+Bay C,2,NA,1,NORTH BETHESDA STATION+BAY C,NORTH BETHESDA STATION,WMATA
20218020,LCL,LCL,11,1,17:50:00,29087,Grosvenor Station+Bay F,4,NA,1,GROSVENOR STATION+BAY F,GROSVENOR STATION,WMATA
20219020,EXP,EXP,11,1,12:53:00,29091,North Bethesda Station+Bay C,2,NA,1,NORTH BETHESDA STATION+BAY C,NORTH BETHESDA STATION,WMATA
20220020,LCL,LCL,11,0,15:53:00,29090,Grosvenor Station,8,NA,1,GROSVENOR STATION,GROSVENOR STATION,WMATA
20231020,D4X,D4X,11,1,07:20:00,18909,Silver Spring+Bay 221,2,NA,1,SILVER SPRING+BAY 221,SILVER SPRING STATION,WMATA
20233020,D60,D60,11,0,09:09:00,18918,Silver Spring+Bay 103,49,NA,1,SILVER SPRING+BAY 103,SILVER SPRING STATION,WMATA
20278020,D6X,D6X,11,0,19:00:00,18914,Silver Spring+Bay 104,33,NA,1,SILVER SPRING+BAY 104,SILVER SPRING STATION,WMATA
20280020,D60,D60,11,1,05:00:00,18918,Silver Spring+Bay 103,2,NA,1,SILVER SPRING+BAY 103,SILVER SPRING STATION,WMATA
20283020,D6X,D6X,11,1,07:54:00,18914,Silver Spring+Bay 104,2,NA,1,SILVER SPRING+BAY 104,SILVER SPRING STATION,WMATA
20284020,D40,D40,11,1,14:36:00,18907,Silver Spring+Bay 220,2,NA,1,SILVER SPRING+BAY 220,SILVER SPRING STATION,WMATA
20285020,D60,D60,11,0,21:10:00,18918,Silver Spring+Bay 103,49,NA,1,SILVER SPRING+BAY 103,SILVER SPRING STATION,WMATA
20305020,EXP,EXP,11,1,05:35:00,29091,North Bethesda Station+Bay C,2,NA,1,NORTH BETHESDA STATION+BAY C,NORTH BETHESDA STATION,WMATA
20316020,D60,D60,11,1,08:00:00,18918,Silver Spring+Bay 103,2,NA,1,SILVER SPRING+BAY 103,SILVER SPRING STATION,WMATA
20319020,D6X,D6X,11,0,18:48:00,18914,Silver Spring+Bay 104,33,NA,1,SILVER SPRING+BAY 104,SILVER SPRING STATION,WMATA
20320020,D60,D60,11,0,23:24:00,18918,Silver Spring+Bay 103,49,NA,1,SILVER SPRING+BAY 103,SILVER SPRING STATION,WMATA
20334020,LCL,LCL,11,1,12:40:00,29087,Grosvenor Station+Bay F,4,NA,1,GROSVENOR STATION+BAY F,GROSVENOR STATION,WMATA
20334020,LCL,LCL,11,1,12:32:00,29091,North Bethesda Station+Bay C,2,NA,1,NORTH BETHESDA STATION+BAY C,NORTH BETHESDA STATION,WMATA
20344020,EXP,EXP,11,1,17:09:00,29091,North Bethesda Station+Bay C,2,NA,1,NORTH BETHESDA STATION+BAY C,NORTH BETHESDA STATION,WMATA
20346020,M82,M82,11,0,12:12:00,17396,Rockville+Bay A,73,NA,1,ROCKVILLE+BAY A,ROCKVILLE STATION,WMATA
20391020,M20,M20,11,1,14:49:00,15406,Wheaton+Bay A,35,NA,1,WHEATON+BAY A,WHEATON STATION,WMATA
20391020,M20,M20,11,1,15:12:00,18954,Silver Spring+Bay 219,54,NA,1,SILVER SPRING+BAY 219,SILVER SPRING STATION,WMATA
20391020,M20,M20,11,1,14:35:00,12892,Glenmont+Bay D,23,NA,1,GLENMONT+BAY D,GLENMONT STATION,WMATA
20428020,M20,M20,11,0,07:45:00,16136,Wheaton+Bay E,19,NA,1,WHEATON+BAY E,WHEATON STATION,WMATA
20428020,M20,M20,11,0,07:26:00,18954,Silver Spring+Bay 219,2,NA,1,SILVER SPRING+BAY 219,SILVER SPRING STATION,WMATA
20428020,M20,M20,11,0,07:57:00,12893,Glenmont+Bay H,30,NA,1,GLENMONT+BAY H,GLENMONT STATION,WMATA
20443020,EXP,EXP,11,1,07:47:00,29091,North Bethesda Station+Bay C,2,NA,1,NORTH BETHESDA STATION+BAY C,NORTH BETHESDA STATION,WMATA
20449020,EXP,EXP,11,1,06:24:00,29091,North Bethesda Station+Bay C,2,NA,1,NORTH BETHESDA STATION+BAY C,NORTH BETHESDA STATION,WMATA
20469020,D96,D96,11,0,18:25:00,28523,Bethesda+Bay A,79,NA,1,BETHESDA+BAY A,BETHESDA STATION,WMATA
20471020,D60,D60,11,0,06:21:00,18918,Silver Spring+Bay 103,49,NA,1,SILVER SPRING+BAY 103,SILVER SPRING STATION,WMATA
20506020,M20,M20,11,1,15:29:00,15406,Wheaton+Bay A,2,NA,1,WHEATON+BAY A,WHEATON STATION,WMATA
20506020,M20,M20,11,1,15:52:00,18954,Silver Spring+Bay 219,21,NA,1,SILVER SPRING+BAY 219,SILVER SPRING STATION,WMATA
20515020,M20,M20,11,1,11:17:00,15406,Wheaton+Bay A,2,NA,1,WHEATON+BAY A,WHEATON STATION,WMATA
20515020,M20,M20,11,1,11:37:00,18954,Silver Spring+Bay 219,21,NA,1,SILVER SPRING+BAY 219,SILVER SPRING STATION,WMATA
20516020,M52,M52,11,0,17:30:00,19053,Silver Spring+Bay 113,2,NA,1,SILVER SPRING+BAY 113,SILVER SPRING STATION,WMATA
20539020,LCL,LCL,11,0,10:03:00,29090,Grosvenor Station,8,NA,1,GROSVENOR STATION,GROSVENOR STATION,WMATA
20548020,LCL,LCL,11,1,15:29:00,29091,North Bethesda Station+Bay C,2,NA,1,NORTH BETHESDA STATION+BAY C,NORTH BETHESDA STATION,WMATA
20548020,LCL,LCL,11,1,15:37:00,29087,Grosvenor Station+Bay F,4,NA,1,GROSVENOR STATION+BAY F,GROSVENOR STATION,WMATA
20550020,M54,M54,11,1,16:34:00,19054,Silver Spring+Bay 114,54,NA,1,SILVER SPRING+BAY 114,SILVER SPRING STATION,WMATA
20552020,M70,M70,11,0,16:41:00,18912,Silver Spring+Bay 102,46,NA,1,SILVER SPRING+BAY 102,SILVER SPRING STATION,WMATA
20552020,M70,M70,11,0,15:50:00,19082,Montgomery Mall+Bay F,2,NA,1,MONTGOMERY MALL+BAY F,MONTGOMERY MALL TRANSIT CENTER,WMATA
20552020,M70,M70,11,0,16:19:00,15362,Bethesda+Bay C,27,NA,1,BETHESDA+BAY C,BETHESDA STATION,WMATA
20554020,P30,P30,11,1,14:22:00,18911,Silver Spring+Bay 223,67,NA,1,SILVER SPRING+BAY 223,SILVER SPRING STATION,WMATA
20573020,EXP,EXP,11,1,06:49:00,29091,North Bethesda Station+Bay C,2,NA,1,NORTH BETHESDA STATION+BAY C,NORTH BETHESDA STATION,WMATA
20586020,M20,M20,11,1,20:46:00,18954,Silver Spring+Bay 219,21,NA,1,SILVER SPRING+BAY 219,SILVER SPRING STATION,WMATA
20586020,M20,M20,11,1,20:30:00,15406,Wheaton+Bay A,2,NA,1,WHEATON+BAY A,WHEATON STATION,WMATA
20588020,M20,M20,11,1,24:50:00,15406,Wheaton+Bay A,2,NA,1,WHEATON+BAY A,WHEATON STATION,WMATA
20588020,M20,M20,11,1,25:02:00,18954,Silver Spring+Bay 219,21,NA,1,SILVER SPRING+BAY 219,SILVER SPRING STATION,WMATA
20593020,D60,D60,11,1,12:24:00,18918,Silver Spring+Bay 103,2,NA,1,SILVER SPRING+BAY 103,SILVER SPRING STATION,WMATA
20594020,M82,M82,11,0,16:50:00,17396,Rockville+Bay A,73,NA,1,ROCKVILLE+BAY A,ROCKVILLE STATION,WMATA
20595020,M70,M70,11,0,15:20:00,18912,Silver Spring+Bay 102,46,NA,1,SILVER SPRING+BAY 102,SILVER SPRING STATION,WMATA
20595020,M70,M70,11,0,14:30:00,19082,Montgomery Mall+Bay F,2,NA,1,MONTGOMERY MALL+BAY F,MONTGOMERY MALL TRANSIT CENTER,WMATA
20595020,M70,M70,11,0,14:59:00,15362,Bethesda+Bay C,27,NA,1,BETHESDA+BAY C,BETHESDA STATION,WMATA
20596020,D4X,D4X,11,1,20:00:00,18909,Silver Spring+Bay 221,2,NA,1,SILVER SPRING+BAY 221,SILVER SPRING STATION,WMATA
20627020,M70,M70,11,0,08:14:00,18912,Silver Spring+Bay 102,46,NA,1,SILVER SPRING+BAY 102,SILVER SPRING STATION,WMATA
20627020,M70,M70,11,0,07:56:00,15362,Bethesda+Bay C,27,NA,1,BETHESDA+BAY C,BETHESDA STATION,WMATA
20627020,M70,M70,11,0,07:30:00,19082,Montgomery Mall+Bay F,2,NA,1,MONTGOMERY MALL+BAY F,MONTGOMERY MALL TRANSIT CENTER,WMATA
20637020,M52,M52,11,0,05:30:00,19053,Silver Spring+Bay 113,2,NA,1,SILVER SPRING+BAY 113,SILVER SPRING STATION,WMATA
20638020,M70,M70,11,0,13:12:00,15362,Bethesda+Bay C,27,NA,1,BETHESDA+BAY C,BETHESDA STATION,WMATA
20638020,M70,M70,11,0,12:48:00,19082,Montgomery Mall+Bay F,2,NA,1,MONTGOMERY MALL+BAY F,MONTGOMERY MALL TRANSIT CENTER,WMATA
20638020,M70,M70,11,0,13:31:00,18912,Silver Spring+Bay 102,46,NA,1,SILVER SPRING+BAY 102,SILVER SPRING STATION,WMATA
20695020,LCL,LCL,11,1,17:37:00,29087,Grosvenor Station+Bay F,4,NA,1,GROSVENOR STATION+BAY F,GROSVENOR STATION,WMATA
20695020,LCL,LCL,11,1,17:29:00,29091,North Bethesda Station+Bay C,2,NA,1,NORTH BETHESDA STATION+BAY C,NORTH BETHESDA STATION,WMATA
20702020,LCL,LCL,11,0,23:28:00,29090,Grosvenor Station,8,NA,1,GROSVENOR STATION,GROSVENOR STATION,WMATA
20713020,M20,M20,11,1,06:28:00,15406,Wheaton+Bay A,2,NA,1,WHEATON+BAY A,WHEATON STATION,WMATA
20713020,M20,M20,11,1,06:45:00,18954,Silver Spring+Bay 219,21,NA,1,SILVER SPRING+BAY 219,SILVER SPRING STATION,WMATA
20714020,M12,M12,11,1,17:52:00,16955,Wheaton+Bay B,31,NA,1,WHEATON+BAY B,WHEATON STATION,WMATA
20717020,P30,P30,11,1,08:02:00,18911,Silver Spring+Bay 223,67,NA,1,SILVER SPRING+BAY 223,SILVER SPRING STATION,WMATA
20730020,EXP,EXP,11,1,12:23:00,29091,North Bethesda Station+Bay C,2,NA,1,NORTH BETHESDA STATION+BAY C,NORTH BETHESDA STATION,WMATA
20731020,EXP,EXP,11,1,08:21:00,29091,North Bethesda Station+Bay C,2,NA,1,NORTH BETHESDA STATION+BAY C,NORTH BETHESDA STATION,WMATA
20732020,LCL,LCL,11,1,05:44:00,29087,Grosvenor Station+Bay F,4,NA,1,GROSVENOR STATION+BAY F,GROSVENOR STATION,WMATA
20732020,LCL,LCL,11,1,05:36:00,29091,North Bethesda Station+Bay C,2,NA,1,NORTH BETHESDA STATION+BAY C,NORTH BETHESDA STATION,WMATA
20750020,M20,M20,11,0,19:15:00,16136,Wheaton+Bay E,19,NA,1,WHEATON+BAY E,WHEATON STATION,WMATA
20750020,M20,M20,11,0,18:52:00,18954,Silver Spring+Bay 219,2,NA,1,SILVER SPRING+BAY 219,SILVER SPRING STATION,WMATA
20750020,M20,M20,11,0,19:29:00,12893,Glenmont+Bay H,30,NA,1,GLENMONT+BAY H,GLENMONT STATION,WMATA
20775020,LCL,LCL,11,0,10:47:00,29090,Grosvenor Station,8,NA,1,GROSVENOR STATION,GROSVENOR STATION,WMATA
20780020,P30,P30,11,0,19:24:00,18911,Silver Spring+Bay 223,2,NA,1,SILVER SPRING+BAY 223,SILVER SPRING STATION,WMATA
20788020,D40,D40,11,1,09:12:00,18907,Silver Spring+Bay 220,2,NA,1,SILVER SPRING+BAY 220,SILVER SPRING STATION,WMATA
20789020,M54,M54,11,0,16:45:00,19054,Silver Spring+Bay 114,2,NA,1,SILVER SPRING+BAY 114,SILVER SPRING STATION,WMATA
20812020,LCL,LCL,11,0,06:51:00,29090,Grosvenor Station,8,NA,1,GROSVENOR STATION,GROSVENOR STATION,WMATA
20827020,M12,M12,11,1,08:20:00,21558,Twinbrook+Bay A,74,NA,1,TWINBROOK+BAY A,TWINBROOK STATION,WMATA
20827020,M12,M12,11,1,08:00:00,16955,Wheaton+Bay B,49,NA,1,WHEATON+BAY B,WHEATON STATION,WMATA
20828020,D6X,D6X,11,1,15:30:00,18914,Silver Spring+Bay 104,2,NA,1,SILVER SPRING+BAY 104,SILVER SPRING STATION,WMATA
20829020,M52,M52,11,1,13:17:00,19053,Silver Spring+Bay 113,68,NA,1,SILVER SPRING+BAY 113,SILVER SPRING STATION,WMATA
20830020,C87,C87,11,0,17:57:00,19055,Silver Spring+Bay 115,42,NA,1,SILVER SPRING+BAY 115,SILVER SPRING STATION,WMATA
20864020,LCL,LCL,11,0,10:59:00,29090,Grosvenor Station,8,NA,1,GROSVENOR STATION,GROSVENOR STATION,WMATA
20873020,D4X,D4X,11,0,18:40:00,18909,Silver Spring+Bay 221,24,NA,1,SILVER SPRING+BAY 221,SILVER SPRING STATION,WMATA
20882020,D4X,D4X,11,1,08:00:00,18909,Silver Spring+Bay 221,2,NA,1,SILVER SPRING+BAY 221,SILVER SPRING STATION,WMATA
20915020,D60,D60,11,1,17:45:00,18918,Silver Spring+Bay 103,2,NA,1,SILVER SPRING+BAY 103,SILVER SPRING STATION,WMATA
20917020,D6X,D6X,11,1,08:18:00,18914,Silver Spring+Bay 104,2,NA,1,SILVER SPRING+BAY 104,SILVER SPRING STATION,WMATA
20930020,EXP,EXP,11,1,13:16:00,29091,North Bethesda Station+Bay C,2,NA,1,NORTH BETHESDA STATION+BAY C,NORTH BETHESDA STATION,WMATA
20939020,M12,M12,11,1,14:34:00,16955,Wheaton+Bay B,31,NA,1,WHEATON+BAY B,WHEATON STATION,WMATA
20940020,M70,M70,11,1,26:16:00,19082,Montgomery Mall+Bay F,46,NA,1,MONTGOMERY MALL+BAY F,MONTGOMERY MALL TRANSIT CENTER,WMATA
20940020,M70,M70,11,1,25:45:00,18912,Silver Spring+Bay 102,2,NA,1,SILVER SPRING+BAY 102,SILVER SPRING STATION,WMATA
20940020,M70,M70,11,1,25:59:00,15362,Bethesda+Bay C,21,NA,1,BETHESDA+BAY C,BETHESDA STATION,WMATA
20945020,M42,M42,11,0,10:25:00,13000,Glenmont+Bay E,29,NA,1,GLENMONT+BAY E,GLENMONT STATION,WMATA
20948020,M44,M44,11,0,06:40:00,13000,Glenmont+Bay E,29,NA,1,GLENMONT+BAY E,GLENMONT STATION,WMATA
20976020,LCL,LCL,11,0,06:03:00,29090,Grosvenor Station,8,NA,1,GROSVENOR STATION,GROSVENOR STATION,WMATA
20990020,M20,M20,11,0,15:32:00,18954,Silver Spring+Bay 219,2,NA,1,SILVER SPRING+BAY 219,SILVER SPRING STATION,WMATA
20990020,M20,M20,11,0,16:16:00,12893,Glenmont+Bay H,30,NA,1,GLENMONT+BAY H,GLENMONT STATION,WMATA
20990020,M20,M20,11,0,16:00:00,16136,Wheaton+Bay E,19,NA,1,WHEATON+BAY E,WHEATON STATION,WMATA
20992020,M12,M12,11,0,16:13:00,21558,Twinbrook+Bay A,2,NA,1,TWINBROOK+BAY A,TWINBROOK STATION,WMATA
20992020,M12,M12,11,0,16:36:00,10628,Wheaton+Bay D,28,NA,1,WHEATON+BAY D,WHEATON STATION,WMATA
21033020,D60,D60,11,0,09:51:00,18918,Silver Spring+Bay 103,49,NA,1,SILVER SPRING+BAY 103,SILVER SPRING STATION,WMATA
21034020,D4X,D4X,11,0,21:04:00,18909,Silver Spring+Bay 221,24,NA,1,SILVER SPRING+BAY 221,SILVER SPRING STATION,WMATA
21035020,M70,M70,11,1,19:15:00,19082,Montgomery Mall+Bay F,46,NA,1,MONTGOMERY MALL+BAY F,MONTGOMERY MALL TRANSIT CENTER,WMATA
21035020,M70,M70,11,1,18:30:00,18912,Silver Spring+Bay 102,2,NA,1,SILVER SPRING+BAY 102,SILVER SPRING STATION,WMATA
21035020,M70,M70,11,1,18:50:00,15362,Bethesda+Bay C,21,NA,1,BETHESDA+BAY C,BETHESDA STATION,WMATA
21059020,P30,P30,11,0,18:00:00,18911,Silver Spring+Bay 223,2,NA,1,SILVER SPRING+BAY 223,SILVER SPRING STATION,WMATA
21063020,M82,M82,11,1,11:00:00,17396,Rockville+Bay A,2,NA,1,ROCKVILLE+BAY A,ROCKVILLE STATION,WMATA
21064020,M44,M44,11,1,12:11:00,15313,Glenmont+Bay F,91,NA,1,GLENMONT+BAY F,GLENMONT STATION,WMATA
21065020,D40,D40,11,1,12:00:00,18907,Silver Spring+Bay 220,2,NA,1,SILVER SPRING+BAY 220,SILVER SPRING STATION,WMATA
21093020,D60,D60,11,1,13:24:00,18918,Silver Spring+Bay 103,2,NA,1,SILVER SPRING+BAY 103,SILVER SPRING STATION,WMATA
21095020,M12,M12,11,1,23:36:00,16955,Wheaton+Bay B,49,NA,1,WHEATON+BAY B,WHEATON STATION,WMATA
21095020,M12,M12,11,1,23:50:00,21558,Twinbrook+Bay A,74,NA,1,TWINBROOK+BAY A,TWINBROOK STATION,WMATA
21097020,M44,M44,11,1,18:41:00,15313,Glenmont+Bay F,91,NA,1,GLENMONT+BAY F,GLENMONT STATION,WMATA
21103020,M22,M22,11,1,12:37:00,15389,Bethesda+Bay B,89,NA,1,BETHESDA+BAY B,BETHESDA STATION,WMATA
21103020,M22,M22,11,1,12:12:00,15406,Wheaton+Bay A,53,NA,1,WHEATON+BAY A,WHEATON STATION,WMATA
21103020,M22,M22,11,1,11:59:00,12892,Glenmont+Bay D,41,NA,1,GLENMONT+BAY D,GLENMONT STATION,WMATA
21191020,M42,M42,11,0,10:55:00,13000,Glenmont+Bay E,29,NA,1,GLENMONT+BAY E,GLENMONT STATION,WMATA
21192020,D4X,D4X,11,0,11:56:00,18909,Silver Spring+Bay 221,24,NA,1,SILVER SPRING+BAY 221,SILVER SPRING STATION,WMATA
21194020,M54,M54,11,1,24:02:00,19054,Silver Spring+Bay 114,54,NA,1,SILVER SPRING+BAY 114,SILVER SPRING STATION,WMATA
21217020,D40,D40,11,1,10:24:00,18907,Silver Spring+Bay 220,2,NA,1,SILVER SPRING+BAY 220,SILVER SPRING STATION,WMATA
21219020,D60,D60,11,1,22:15:00,18918,Silver Spring+Bay 103,2,NA,1,SILVER SPRING+BAY 103,SILVER SPRING STATION,WMATA
21241020,EXP,EXP,11,1,12:41:00,29091,North Bethesda Station+Bay C,2,NA,1,NORTH BETHESDA STATION+BAY C,NORTH BETHESDA STATION,WMATA
21258020,D6X,D6X,11,0,15:58:00,18914,Silver Spring+Bay 104,33,NA,1,SILVER SPRING+BAY 104,SILVER SPRING STATION,WMATA
21286020,EXP,EXP,11,1,14:38:00,29091,North Bethesda Station+Bay C,2,NA,1,NORTH BETHESDA STATION+BAY C,NORTH BETHESDA STATION,WMATA
21298020,M20,M20,11,0,06:27:00,18954,Silver Spring+Bay 219,2,NA,1,SILVER SPRING+BAY 219,SILVER SPRING STATION,WMATA
21298020,M20,M20,11,0,06:45:00,16136,Wheaton+Bay E,19,NA,1,WHEATON+BAY E,WHEATON STATION,WMATA
21298020,M20,M20,11,0,06:56:00,12893,Glenmont+Bay H,30,NA,1,GLENMONT+BAY H,GLENMONT STATION,WMATA
21299020,D60,D60,11,1,08:30:00,18918,Silver Spring+Bay 103,2,NA,1,SILVER SPRING+BAY 103,SILVER SPRING STATION,WMATA
21344020,P30,P30,11,1,07:35:00,18911,Silver Spring+Bay 223,67,NA,1,SILVER SPRING+BAY 223,SILVER SPRING STATION,WMATA
21350020,C87,C87,11,1,08:03:00,19055,Silver Spring+Bay 115,2,NA,1,SILVER SPRING+BAY 115,SILVER SPRING STATION,WMATA
21364020,EXP,EXP,11,1,05:03:00,29091,North Bethesda Station+Bay C,2,NA,1,NORTH BETHESDA STATION+BAY C,NORTH BETHESDA STATION,WMATA
21382020,M70,M70,11,0,21:30:00,19082,Montgomery Mall+Bay F,2,NA,1,MONTGOMERY MALL+BAY F,MONTGOMERY MALL TRANSIT CENTER,WMATA
21382020,M70,M70,11,0,21:53:00,15362,Bethesda+Bay C,27,NA,1,BETHESDA+BAY C,BETHESDA STATION,WMATA
21382020,M70,M70,11,0,22:10:00,18912,Silver Spring+Bay 102,46,NA,1,SILVER SPRING+BAY 102,SILVER SPRING STATION,WMATA
21388020,M12,M12,11,1,07:54:00,16955,Wheaton+Bay B,31,NA,1,WHEATON+BAY B,WHEATON STATION,WMATA
21448020,LCL,LCL,11,0,06:23:00,29090,Grosvenor Station,8,NA,1,GROSVENOR STATION,GROSVENOR STATION,WMATA
21459020,M20,M20,11,0,12:15:00,16136,Wheaton+Bay E,19,NA,1,WHEATON+BAY E,WHEATON STATION,WMATA
21459020,M20,M20,11,0,11:55:00,18954,Silver Spring+Bay 219,2,NA,1,SILVER SPRING+BAY 219,SILVER SPRING STATION,WMATA
21459020,M20,M20,11,0,12:28:00,12893,Glenmont+Bay H,30,NA,1,GLENMONT+BAY H,GLENMONT STATION,WMATA
21460020,M70,M70,11,1,08:43:00,15362,Bethesda+Bay C,21,NA,1,BETHESDA+BAY C,BETHESDA STATION,WMATA
21460020,M70,M70,11,1,08:20:00,18912,Silver Spring+Bay 102,2,NA,1,SILVER SPRING+BAY 102,SILVER SPRING STATION,WMATA
21460020,M70,M70,11,1,09:09:00,19082,Montgomery Mall+Bay F,46,NA,1,MONTGOMERY MALL+BAY F,MONTGOMERY MALL TRANSIT CENTER,WMATA
21461020,D6X,D6X,11,0,18:38:00,18914,Silver Spring+Bay 104,33,NA,1,SILVER SPRING+BAY 104,SILVER SPRING STATION,WMATA
21495020,M70,M70,11,0,05:00:00,19082,Montgomery Mall+Bay F,2,NA,1,MONTGOMERY MALL+BAY F,MONTGOMERY MALL TRANSIT CENTER,WMATA
21495020,M70,M70,11,0,05:35:00,18912,Silver Spring+Bay 102,46,NA,1,SILVER SPRING+BAY 102,SILVER SPRING STATION,WMATA
21495020,M70,M70,11,0,05:20:00,15362,Bethesda+Bay C,27,NA,1,BETHESDA+BAY C,BETHESDA STATION,WMATA
21513020,LCL,LCL,11,1,21:13:00,29087,Grosvenor Station+Bay F,4,NA,1,GROSVENOR STATION+BAY F,GROSVENOR STATION,WMATA
21513020,LCL,LCL,11,1,21:05:00,29091,North Bethesda Station+Bay C,2,NA,1,NORTH BETHESDA STATION+BAY C,NORTH BETHESDA STATION,WMATA
21514020,EXP,EXP,11,1,09:21:00,29091,North Bethesda Station+Bay C,2,NA,1,NORTH BETHESDA STATION+BAY C,NORTH BETHESDA STATION,WMATA
21526020,D40,D40,11,1,18:12:00,18907,Silver Spring+Bay 220,2,NA,1,SILVER SPRING+BAY 220,SILVER SPRING STATION,WMATA
21550020,EXP,EXP,11,1,14:52:00,29091,North Bethesda Station+Bay C,2,NA,1,NORTH BETHESDA STATION+BAY C,NORTH BETHESDA STATION,WMATA
21561020,D4X,D4X,11,1,06:30:00,18909,Silver Spring+Bay 221,2,NA,1,SILVER SPRING+BAY 221,SILVER SPRING STATION,WMATA
21585020,EXP,EXP,11,1,08:47:00,29091,North Bethesda Station+Bay C,2,NA,1,NORTH BETHESDA STATION+BAY C,NORTH BETHESDA STATION,WMATA
21594020,D60,D60,11,1,23:20:00,18918,Silver Spring+Bay 103,2,NA,1,SILVER SPRING+BAY 103,SILVER SPRING STATION,WMATA
21602020,D60,D60,11,0,03:08:00,18918,Silver Spring+Bay 103,55,NA,1,SILVER SPRING+BAY 103,SILVER SPRING STATION,WMATA
21621020,EXP,EXP,11,1,07:10:00,29091,North Bethesda Station+Bay C,2,NA,1,NORTH BETHESDA STATION+BAY C,NORTH BETHESDA STATION,WMATA
21656020,EXP,EXP,11,1,18:49:00,29091,North Bethesda Station+Bay C,2,NA,1,NORTH BETHESDA STATION+BAY C,NORTH BETHESDA STATION,WMATA
21676020,D40,D40,11,0,05:24:00,18907,Silver Spring+Bay 220,59,NA,1,SILVER SPRING+BAY 220,SILVER SPRING STATION,WMATA
21695020,EXP,EXP,11,1,22:07:00,29091,North Bethesda Station+Bay C,2,NA,1,NORTH BETHESDA STATION+BAY C,NORTH BETHESDA STATION,WMATA
21701020,P30,P30,11,1,20:15:00,18911,Silver Spring+Bay 223,67,NA,1,SILVER SPRING+BAY 223,SILVER SPRING STATION,WMATA
21703020,P30,P30,11,1,17:25:00,18911,Silver Spring+Bay 223,67,NA,1,SILVER SPRING+BAY 223,SILVER SPRING STATION,WMATA
21706020,M20,M20,11,0,13:20:00,16136,Wheaton+Bay E,19,NA,1,WHEATON+BAY E,WHEATON STATION,WMATA
21706020,M20,M20,11,0,12:58:00,18954,Silver Spring+Bay 219,2,NA,1,SILVER SPRING+BAY 219,SILVER SPRING STATION,WMATA
21780020,LCL,LCL,11,1,08:08:00,29091,North Bethesda Station+Bay C,2,NA,1,NORTH BETHESDA STATION+BAY C,NORTH BETHESDA STATION,WMATA
21780020,LCL,LCL,11,1,08:16:00,29087,Grosvenor Station+Bay F,4,NA,1,GROSVENOR STATION+BAY F,GROSVENOR STATION,WMATA
21803020,D60,D60,11,1,06:40:00,18918,Silver Spring+Bay 103,2,NA,1,SILVER SPRING+BAY 103,SILVER SPRING STATION,WMATA
21805020,M54,M54,11,1,17:34:00,19054,Silver Spring+Bay 114,54,NA,1,SILVER SPRING+BAY 114,SILVER SPRING STATION,WMATA
21807020,D4X,D4X,11,0,22:14:00,18909,Silver Spring+Bay 221,24,NA,1,SILVER SPRING+BAY 221,SILVER SPRING STATION,WMATA
21828020,LCL,LCL,11,1,10:20:00,29087,Grosvenor Station+Bay F,4,NA,1,GROSVENOR STATION+BAY F,GROSVENOR STATION,WMATA
21828020,LCL,LCL,11,1,10:12:00,29091,North Bethesda Station+Bay C,2,NA,1,NORTH BETHESDA STATION+BAY C,NORTH BETHESDA STATION,WMATA
21848020,M20,M20,11,1,08:19:00,12892,Glenmont+Bay D,23,NA,1,GLENMONT+BAY D,GLENMONT STATION,WMATA
21848020,M20,M20,11,1,08:51:00,18954,Silver Spring+Bay 219,54,NA,1,SILVER SPRING+BAY 219,SILVER SPRING STATION,WMATA
21848020,M20,M20,11,1,08:31:00,15406,Wheaton+Bay A,35,NA,1,WHEATON+BAY A,WHEATON STATION,WMATA
21881020,M12,M12,11,1,17:12:00,16955,Wheaton+Bay B,31,NA,1,WHEATON+BAY B,WHEATON STATION,WMATA
21921020,P30,P30,11,0,19:36:00,18911,Silver Spring+Bay 223,2,NA,1,SILVER SPRING+BAY 223,SILVER SPRING STATION,WMATA
21927020,D4X,D4X,11,1,18:10:00,18909,Silver Spring+Bay 221,2,NA,1,SILVER SPRING+BAY 221,SILVER SPRING STATION,WMATA
21969020,D6X,D6X,11,0,17:09:00,18914,Silver Spring+Bay 104,33,NA,1,SILVER SPRING+BAY 104,SILVER SPRING STATION,WMATA
22002020,M20,M20,11,1,20:48:00,15406,Wheaton+Bay A,35,NA,1,WHEATON+BAY A,WHEATON STATION,WMATA
22002020,M20,M20,11,1,21:02:00,18954,Silver Spring+Bay 219,54,NA,1,SILVER SPRING+BAY 219,SILVER SPRING STATION,WMATA
22002020,M20,M20,11,1,20:38:00,12892,Glenmont+Bay D,23,NA,1,GLENMONT+BAY D,GLENMONT STATION,WMATA
22005020,M22,M22,11,1,23:36:00,12892,Glenmont+Bay D,37,NA,1,GLENMONT+BAY D,GLENMONT STATION,WMATA
22005020,M22,M22,11,1,23:44:00,15406,Wheaton+Bay A,49,NA,1,WHEATON+BAY A,WHEATON STATION,WMATA
22010020,M70,M70,11,1,08:50:00,18912,Silver Spring+Bay 102,2,NA,1,SILVER SPRING+BAY 102,SILVER SPRING STATION,WMATA
22010020,M70,M70,11,1,09:39:00,19082,Montgomery Mall+Bay F,46,NA,1,MONTGOMERY MALL+BAY F,MONTGOMERY MALL TRANSIT CENTER,WMATA
22010020,M70,M70,11,1,09:13:00,15362,Bethesda+Bay C,21,NA,1,BETHESDA+BAY C,BETHESDA STATION,WMATA
22012020,C87,C87,11,0,17:19:00,19055,Silver Spring+Bay 115,42,NA,1,SILVER SPRING+BAY 115,SILVER SPRING STATION,WMATA
22041020,D60,D60,11,1,11:00:00,18918,Silver Spring+Bay 103,2,NA,1,SILVER SPRING+BAY 103,SILVER SPRING STATION,WMATA
22042020,D4X,D4X,11,1,21:00:00,18909,Silver Spring+Bay 221,2,NA,1,SILVER SPRING+BAY 221,SILVER SPRING STATION,WMATA
22043020,M44,M44,11,1,22:10:00,15313,Glenmont+Bay F,91,NA,1,GLENMONT+BAY F,GLENMONT STATION,WMATA
22044020,D60,D60,11,1,21:45:00,18918,Silver Spring+Bay 103,2,NA,1,SILVER SPRING+BAY 103,SILVER SPRING STATION,WMATA
22051020,M54,M54,11,0,08:45:00,19054,Silver Spring+Bay 114,2,NA,1,SILVER SPRING+BAY 114,SILVER SPRING STATION,WMATA
22089020,D40,D40,11,0,17:55:00,18907,Silver Spring+Bay 220,55,NA,1,SILVER SPRING+BAY 220,SILVER SPRING STATION,WMATA
22094020,D96,D96,11,0,20:56:00,28523,Bethesda+Bay A,79,NA,1,BETHESDA+BAY A,BETHESDA STATION,WMATA
22107020,EXP,EXP,11,1,07:38:00,29091,North Bethesda Station+Bay C,2,NA,1,NORTH BETHESDA STATION+BAY C,NORTH BETHESDA STATION,WMATA
22118020,D6X,D6X,11,1,07:30:00,18914,Silver Spring+Bay 104,2,NA,1,SILVER SPRING+BAY 104,SILVER SPRING STATION,WMATA
22120020,D4X,D4X,11,0,22:44:00,18909,Silver Spring+Bay 221,24,NA,1,SILVER SPRING+BAY 221,SILVER SPRING STATION,WMATA
22152020,M70,M70,11,1,09:57:00,19082,Montgomery Mall+Bay F,46,NA,1,MONTGOMERY MALL+BAY F,MONTGOMERY MALL TRANSIT CENTER,WMATA
22152020,M70,M70,11,1,09:12:00,18912,Silver Spring+Bay 102,2,NA,1,SILVER SPRING+BAY 102,SILVER SPRING STATION,WMATA
22152020,M70,M70,11,1,09:32:00,15362,Bethesda+Bay C,21,NA,1,BETHESDA+BAY C,BETHESDA STATION,WMATA
22154020,M52,M52,11,0,22:00:00,19053,Silver Spring+Bay 113,2,NA,1,SILVER SPRING+BAY 113,SILVER SPRING STATION,WMATA
22174020,LCL,LCL,11,1,14:49:00,29087,Grosvenor Station+Bay F,4,NA,1,GROSVENOR STATION+BAY F,GROSVENOR STATION,WMATA
22174020,LCL,LCL,11,1,14:41:00,29091,North Bethesda Station+Bay C,2,NA,1,NORTH BETHESDA STATION+BAY C,NORTH BETHESDA STATION,WMATA
22182020,LCL,LCL,11,1,13:16:00,29091,North Bethesda Station+Bay C,2,NA,1,NORTH BETHESDA STATION+BAY C,NORTH BETHESDA STATION,WMATA
22182020,LCL,LCL,11,1,13:24:00,29087,Grosvenor Station+Bay F,4,NA,1,GROSVENOR STATION+BAY F,GROSVENOR STATION,WMATA
22193020,M82,M82,11,1,18:00:00,17396,Rockville+Bay A,2,NA,1,ROCKVILLE+BAY A,ROCKVILLE STATION,WMATA
22198020,P30,P30,11,0,14:57:00,18911,Silver Spring+Bay 223,2,NA,1,SILVER SPRING+BAY 223,SILVER SPRING STATION,WMATA
22199020,D40,D40,11,1,03:00:00,18907,Silver Spring+Bay 220,2,NA,1,SILVER SPRING+BAY 220,SILVER SPRING STATION,WMATA
22202020,D40,D40,11,1,10:48:00,18907,Silver Spring+Bay 220,2,NA,1,SILVER SPRING+BAY 220,SILVER SPRING STATION,WMATA
22204020,D40,D40,11,1,12:24:00,18907,Silver Spring+Bay 220,2,NA,1,SILVER SPRING+BAY 220,SILVER SPRING STATION,WMATA
22219020,LCL,LCL,11,1,19:14:00,29087,Grosvenor Station+Bay F,4,NA,1,GROSVENOR STATION+BAY F,GROSVENOR STATION,WMATA
22219020,LCL,LCL,11,1,19:06:00,29091,North Bethesda Station+Bay C,2,NA,1,NORTH BETHESDA STATION+BAY C,NORTH BETHESDA STATION,WMATA
22226020,LCL,LCL,11,0,19:29:00,29090,Grosvenor Station,8,NA,1,GROSVENOR STATION,GROSVENOR STATION,WMATA
22228020,LCL,LCL,11,0,11:59:00,29090,Grosvenor Station,8,NA,1,GROSVENOR STATION,GROSVENOR STATION,WMATA
22266020,LCL,LCL,11,1,14:48:00,29091,North Bethesda Station+Bay C,2,NA,1,NORTH BETHESDA STATION+BAY C,NORTH BETHESDA STATION,WMATA
22266020,LCL,LCL,11,1,14:56:00,29087,Grosvenor Station+Bay F,4,NA,1,GROSVENOR STATION+BAY F,GROSVENOR STATION,WMATA
22317020,M44,M44,11,1,19:41:00,15313,Glenmont+Bay F,91,NA,1,GLENMONT+BAY F,GLENMONT STATION,WMATA
22318020,M12,M12,11,0,23:30:00,21558,Twinbrook+Bay A,2,NA,1,TWINBROOK+BAY A,TWINBROOK STATION,WMATA
22318020,M12,M12,11,0,23:47:00,10628,Wheaton+Bay D,28,NA,1,WHEATON+BAY D,WHEATON STATION,WMATA
22354020,M12,M12,11,0,14:04:00,10628,Wheaton+Bay D,2,NA,1,WHEATON+BAY D,WHEATON STATION,WMATA
22388020,D40,D40,11,1,01:20:00,18907,Silver Spring+Bay 220,2,NA,1,SILVER SPRING+BAY 220,SILVER SPRING STATION,WMATA
22430020,D6X,D6X,11,1,21:00:00,18914,Silver Spring+Bay 104,2,NA,1,SILVER SPRING+BAY 104,SILVER SPRING STATION,WMATA
22431020,D40,D40,11,0,08:30:00,18907,Silver Spring+Bay 220,55,NA,1,SILVER SPRING+BAY 220,SILVER SPRING STATION,WMATA
22437020,M12,M12,11,0,04:45:00,10628,Wheaton+Bay D,28,NA,1,WHEATON+BAY D,WHEATON STATION,WMATA
22437020,M12,M12,11,0,04:29:00,21558,Twinbrook+Bay A,2,NA,1,TWINBROOK+BAY A,TWINBROOK STATION,WMATA
22438020,M44,M44,11,1,15:12:00,15313,Glenmont+Bay F,91,NA,1,GLENMONT+BAY F,GLENMONT STATION,WMATA
22454020,EXP,EXP,11,1,07:49:00,29091,North Bethesda Station+Bay C,2,NA,1,NORTH BETHESDA STATION+BAY C,NORTH BETHESDA STATION,WMATA
22463020,EXP,EXP,11,1,13:55:00,29091,North Bethesda Station+Bay C,2,NA,1,NORTH BETHESDA STATION+BAY C,NORTH BETHESDA STATION,WMATA
22476020,M20,M20,11,0,10:35:00,16136,Wheaton+Bay E,19,NA,1,WHEATON+BAY E,WHEATON STATION,WMATA
22476020,M20,M20,11,0,10:15:00,18954,Silver Spring+Bay 219,2,NA,1,SILVER SPRING+BAY 219,SILVER SPRING STATION,WMATA
22506020,LCL,LCL,11,0,11:35:00,29090,Grosvenor Station,8,NA,1,GROSVENOR STATION,GROSVENOR STATION,WMATA
22508020,LCL,LCL,11,0,20:40:00,29090,Grosvenor Station,8,NA,1,GROSVENOR STATION,GROSVENOR STATION,WMATA
22517020,D60,D60,11,0,14:05:00,18918,Silver Spring+Bay 103,49,NA,1,SILVER SPRING+BAY 103,SILVER SPRING STATION,WMATA
22518020,D6X,D6X,11,0,16:57:00,18914,Silver Spring+Bay 104,33,NA,1,SILVER SPRING+BAY 104,SILVER SPRING STATION,WMATA
22548020,LCL,LCL,11,1,09:24:00,29087,Grosvenor Station+Bay F,4,NA,1,GROSVENOR STATION+BAY F,GROSVENOR STATION,WMATA
22548020,LCL,LCL,11,1,09:16:00,29091,North Bethesda Station+Bay C,2,NA,1,NORTH BETHESDA STATION+BAY C,NORTH BETHESDA STATION,WMATA
22572020,D6X,D6X,11,1,21:30:00,18914,Silver Spring+Bay 104,2,NA,1,SILVER SPRING+BAY 104,SILVER SPRING STATION,WMATA
22592020,EXP,EXP,11,1,17:27:00,29091,North Bethesda Station+Bay C,2,NA,1,NORTH BETHESDA STATION+BAY C,NORTH BETHESDA STATION,WMATA
22600020,EXP,EXP,11,1,17:21:00,29091,North Bethesda Station+Bay C,2,NA,1,NORTH BETHESDA STATION+BAY C,NORTH BETHESDA STATION,WMATA
22641020,M22,M22,11,0,19:00:00,15389,Bethesda+Bay B,2,NA,1,BETHESDA+BAY B,BETHESDA STATION,WMATA
22641020,M22,M22,11,0,19:44:00,12893,Glenmont+Bay H,47,NA,1,GLENMONT+BAY H,GLENMONT STATION,WMATA
22641020,M22,M22,11,0,19:30:00,16136,Wheaton+Bay E,36,NA,1,WHEATON+BAY E,WHEATON STATION,WMATA
22642020,M12,M12,11,0,22:47:00,10628,Wheaton+Bay D,28,NA,1,WHEATON+BAY D,WHEATON STATION,WMATA
22642020,M12,M12,11,0,22:30:00,21558,Twinbrook+Bay A,2,NA,1,TWINBROOK+BAY A,TWINBROOK STATION,WMATA
22648020,D4X,D4X,11,1,11:30:00,18909,Silver Spring+Bay 221,2,NA,1,SILVER SPRING+BAY 221,SILVER SPRING STATION,WMATA
22649020,D40,D40,11,1,05:24:00,18907,Silver Spring+Bay 220,2,NA,1,SILVER SPRING+BAY 220,SILVER SPRING STATION,WMATA
22667020,EXP,EXP,11,1,08:58:00,29091,North Bethesda Station+Bay C,2,NA,1,NORTH BETHESDA STATION+BAY C,NORTH BETHESDA STATION,WMATA
22683020,M82,M82,11,1,05:30:00,17396,Rockville+Bay A,2,NA,1,ROCKVILLE+BAY A,ROCKVILLE STATION,WMATA
22686020,D6X,D6X,11,0,21:54:00,18914,Silver Spring+Bay 104,33,NA,1,SILVER SPRING+BAY 104,SILVER SPRING STATION,WMATA
22687020,M20,M20,11,1,26:02:00,18954,Silver Spring+Bay 219,21,NA,1,SILVER SPRING+BAY 219,SILVER SPRING STATION,WMATA
22687020,M20,M20,11,1,25:50:00,15406,Wheaton+Bay A,2,NA,1,WHEATON+BAY A,WHEATON STATION,WMATA
22700020,LCL,LCL,11,0,07:27:00,29090,Grosvenor Station,8,NA,1,GROSVENOR STATION,GROSVENOR STATION,WMATA
22719020,C87,C87,11,1,07:13:00,19055,Silver Spring+Bay 115,2,NA,1,SILVER SPRING+BAY 115,SILVER SPRING STATION,WMATA
22738020,LCL,LCL,11,1,05:12:00,29087,Grosvenor Station+Bay F,4,NA,1,GROSVENOR STATION+BAY F,GROSVENOR STATION,WMATA
22738020,LCL,LCL,11,1,05:04:00,29091,North Bethesda Station+Bay C,2,NA,1,NORTH BETHESDA STATION+BAY C,NORTH BETHESDA STATION,WMATA
22739020,EXP,EXP,11,1,10:39:00,29091,North Bethesda Station+Bay C,2,NA,1,NORTH BETHESDA STATION+BAY C,NORTH BETHESDA STATION,WMATA
22744020,D96,D96,11,1,13:01:00,28523,Bethesda+Bay A,2,NA,1,BETHESDA+BAY A,BETHESDA STATION,WMATA
22745020,M20,M20,11,1,04:53:00,18954,Silver Spring+Bay 219,21,NA,1,SILVER SPRING+BAY 219,SILVER SPRING STATION,WMATA
22745020,M20,M20,11,1,04:38:00,15406,Wheaton+Bay A,2,NA,1,WHEATON+BAY A,WHEATON STATION,WMATA
22747020,M70,M70,11,0,08:24:00,19082,Montgomery Mall+Bay F,2,NA,1,MONTGOMERY MALL+BAY F,MONTGOMERY MALL TRANSIT CENTER,WMATA
22747020,M70,M70,11,0,08:55:00,15362,Bethesda+Bay C,27,NA,1,BETHESDA+BAY C,BETHESDA STATION,WMATA
22747020,M70,M70,11,0,09:14:00,18912,Silver Spring+Bay 102,46,NA,1,SILVER SPRING+BAY 102,SILVER SPRING STATION,WMATA
22776020,EXP,EXP,11,1,08:14:00,29091,North Bethesda Station+Bay C,2,NA,1,NORTH BETHESDA STATION+BAY C,NORTH BETHESDA STATION,WMATA
22784020,M42,M42,11,1,11:25:00,15313,Glenmont+Bay F,78,NA,1,GLENMONT+BAY F,GLENMONT STATION,WMATA
22785020,P30,P30,11,1,13:31:00,18911,Silver Spring+Bay 223,67,NA,1,SILVER SPRING+BAY 223,SILVER SPRING STATION,WMATA
22794020,M20,M20,11,1,09:49:00,15406,Wheaton+Bay A,2,NA,1,WHEATON+BAY A,WHEATON STATION,WMATA
22794020,M20,M20,11,1,10:08:00,18954,Silver Spring+Bay 219,21,NA,1,SILVER SPRING+BAY 219,SILVER SPRING STATION,WMATA
22819020,P30,P30,11,1,11:29:00,18911,Silver Spring+Bay 223,67,NA,1,SILVER SPRING+BAY 223,SILVER SPRING STATION,WMATA
22826020,M12,M12,11,0,18:40:00,10628,Wheaton+Bay D,2,NA,1,WHEATON+BAY D,WHEATON STATION,WMATA
22849020,D4X,D4X,11,1,12:40:00,18909,Silver Spring+Bay 221,2,NA,1,SILVER SPRING+BAY 221,SILVER SPRING STATION,WMATA
22850020,M20,M20,11,0,15:15:00,18954,Silver Spring+Bay 219,2,NA,1,SILVER SPRING+BAY 219,SILVER SPRING STATION,WMATA
22850020,M20,M20,11,0,15:56:00,12893,Glenmont+Bay H,30,NA,1,GLENMONT+BAY H,GLENMONT STATION,WMATA
22850020,M20,M20,11,0,15:40:00,16136,Wheaton+Bay E,19,NA,1,WHEATON+BAY E,WHEATON STATION,WMATA
22858020,M54,M54,11,0,06:45:00,19054,Silver Spring+Bay 114,2,NA,1,SILVER SPRING+BAY 114,SILVER SPRING STATION,WMATA
22879020,LCL,LCL,11,1,20:08:00,29087,Grosvenor Station+Bay F,4,NA,1,GROSVENOR STATION+BAY F,GROSVENOR STATION,WMATA
22879020,LCL,LCL,11,1,20:00:00,29091,North Bethesda Station+Bay C,2,NA,1,NORTH BETHESDA STATION+BAY C,NORTH BETHESDA STATION,WMATA
22887020,LCL,LCL,11,0,17:05:00,29090,Grosvenor Station,8,NA,1,GROSVENOR STATION,GROSVENOR STATION,WMATA
22888020,EXP,EXP,11,1,22:41:00,29091,North Bethesda Station+Bay C,2,NA,1,NORTH BETHESDA STATION+BAY C,NORTH BETHESDA STATION,WMATA
22902020,D40,D40,11,1,19:12:00,18907,Silver Spring+Bay 220,2,NA,1,SILVER SPRING+BAY 220,SILVER SPRING STATION,WMATA
22938020,M22,M22,11,0,16:50:00,16136,Wheaton+Bay E,36,NA,1,WHEATON+BAY E,WHEATON STATION,WMATA
22938020,M22,M22,11,0,17:07:00,12893,Glenmont+Bay H,47,NA,1,GLENMONT+BAY H,GLENMONT STATION,WMATA
22938020,M22,M22,11,0,16:13:00,15389,Bethesda+Bay B,2,NA,1,BETHESDA+BAY B,BETHESDA STATION,WMATA
22978020,M54,M54,11,0,22:45:00,19054,Silver Spring+Bay 114,2,NA,1,SILVER SPRING+BAY 114,SILVER SPRING STATION,WMATA
23025020,LCL,LCL,11,1,17:32:00,29087,Grosvenor Station+Bay F,4,NA,1,GROSVENOR STATION+BAY F,GROSVENOR STATION,WMATA
23025020,LCL,LCL,11,1,17:24:00,29091,North Bethesda Station+Bay C,2,NA,1,NORTH BETHESDA STATION+BAY C,NORTH BETHESDA STATION,WMATA
23026020,LCL,LCL,11,0,07:03:00,29090,Grosvenor Station,8,NA,1,GROSVENOR STATION,GROSVENOR STATION,WMATA
23030020,LCL,LCL,11,0,14:15:00,29090,Grosvenor Station,8,NA,1,GROSVENOR STATION,GROSVENOR STATION,WMATA
23040020,P30,P30,11,0,16:24:00,18911,Silver Spring+Bay 223,2,NA,1,SILVER SPRING+BAY 223,SILVER SPRING STATION,WMATA
23045020,M52,M52,11,1,14:17:00,19053,Silver Spring+Bay 113,68,NA,1,SILVER SPRING+BAY 113,SILVER SPRING STATION,WMATA
23046020,M12,M12,11,1,06:08:00,21558,Twinbrook+Bay A,74,NA,1,TWINBROOK+BAY A,TWINBROOK STATION,WMATA
23046020,M12,M12,11,1,05:51:00,16955,Wheaton+Bay B,49,NA,1,WHEATON+BAY B,WHEATON STATION,WMATA
23069020,LCL,LCL,11,0,14:07:00,29090,Grosvenor Station,8,NA,1,GROSVENOR STATION,GROSVENOR STATION,WMATA
23071020,EXP,EXP,11,1,09:42:00,29091,North Bethesda Station+Bay C,2,NA,1,NORTH BETHESDA STATION+BAY C,NORTH BETHESDA STATION,WMATA
23081020,M54,M54,11,1,13:02:00,19054,Silver Spring+Bay 114,54,NA,1,SILVER SPRING+BAY 114,SILVER SPRING STATION,WMATA
23084020,M20,M20,11,1,25:32:00,18954,Silver Spring+Bay 219,21,NA,1,SILVER SPRING+BAY 219,SILVER SPRING STATION,WMATA
23084020,M20,M20,11,1,25:20:00,15406,Wheaton+Bay A,2,NA,1,WHEATON+BAY A,WHEATON STATION,WMATA
23127020,D6X,D6X,11,1,06:10:00,18914,Silver Spring+Bay 104,2,NA,1,SILVER SPRING+BAY 104,SILVER SPRING STATION,WMATA
23159020,M12,M12,11,1,05:26:00,16955,Wheaton+Bay B,31,NA,1,WHEATON+BAY B,WHEATON STATION,WMATA
23160020,M12,M12,11,0,14:28:00,10628,Wheaton+Bay D,28,NA,1,WHEATON+BAY D,WHEATON STATION,WMATA
23160020,M12,M12,11,0,14:07:00,21558,Twinbrook+Bay A,2,NA,1,TWINBROOK+BAY A,TWINBROOK STATION,WMATA
23162020,M20,M20,11,0,15:14:00,16136,Wheaton+Bay E,19,NA,1,WHEATON+BAY E,WHEATON STATION,WMATA
23162020,M20,M20,11,0,14:49:00,18954,Silver Spring+Bay 219,2,NA,1,SILVER SPRING+BAY 219,SILVER SPRING STATION,WMATA
23188020,LCL,LCL,11,1,05:28:00,29091,North Bethesda Station+Bay C,2,NA,1,NORTH BETHESDA STATION+BAY C,NORTH BETHESDA STATION,WMATA
23188020,LCL,LCL,11,1,05:36:00,29087,Grosvenor Station+Bay F,4,NA,1,GROSVENOR STATION+BAY F,GROSVENOR STATION,WMATA
23199020,M52,M52,11,1,19:47:00,19053,Silver Spring+Bay 113,102,NA,1,SILVER SPRING+BAY 113,SILVER SPRING STATION,WMATA
23209020,M20,M20,11,0,17:44:00,18954,Silver Spring+Bay 219,2,NA,1,SILVER SPRING+BAY 219,SILVER SPRING STATION,WMATA
23209020,M20,M20,11,0,18:14:00,16136,Wheaton+Bay E,19,NA,1,WHEATON+BAY E,WHEATON STATION,WMATA
23216020,M70,M70,11,0,11:48:00,15362,Bethesda+Bay C,27,NA,1,BETHESDA+BAY C,BETHESDA STATION,WMATA
23216020,M70,M70,11,0,11:24:00,19082,Montgomery Mall+Bay F,2,NA,1,MONTGOMERY MALL+BAY F,MONTGOMERY MALL TRANSIT CENTER,WMATA
23216020,M70,M70,11,0,12:05:00,18912,Silver Spring+Bay 102,46,NA,1,SILVER SPRING+BAY 102,SILVER SPRING STATION,WMATA
23231020,EXP,EXP,11,1,05:10:00,29091,North Bethesda Station+Bay C,2,NA,1,NORTH BETHESDA STATION+BAY C,NORTH BETHESDA STATION,WMATA
23241020,M20,M20,11,1,16:32:00,18954,Silver Spring+Bay 219,21,NA,1,SILVER SPRING+BAY 219,SILVER SPRING STATION,WMATA
23241020,M20,M20,11,1,16:09:00,15406,Wheaton+Bay A,2,NA,1,WHEATON+BAY A,WHEATON STATION,WMATA
23242020,M20,M20,11,1,23:09:00,18954,Silver Spring+Bay 219,21,NA,1,SILVER SPRING+BAY 219,SILVER SPRING STATION,WMATA
23242020,M20,M20,11,1,22:55:00,15406,Wheaton+Bay A,2,NA,1,WHEATON+BAY A,WHEATON STATION,WMATA
23247020,M12,M12,11,0,07:48:00,10628,Wheaton+Bay D,2,NA,1,WHEATON+BAY D,WHEATON STATION,WMATA
23278020,D60,D60,11,1,17:30:00,18918,Silver Spring+Bay 103,2,NA,1,SILVER SPRING+BAY 103,SILVER SPRING STATION,WMATA
23279020,D4X,D4X,11,1,16:30:00,18909,Silver Spring+Bay 221,2,NA,1,SILVER SPRING+BAY 221,SILVER SPRING STATION,WMATA
23281020,D60,D60,11,1,09:12:00,18918,Silver Spring+Bay 103,2,NA,1,SILVER SPRING+BAY 103,SILVER SPRING STATION,WMATA
23344020,LCL,LCL,11,0,23:04:00,29090,Grosvenor Station,8,NA,1,GROSVENOR STATION,GROSVENOR STATION,WMATA
23355020,M82,M82,11,0,10:12:00,17396,Rockville+Bay A,73,NA,1,ROCKVILLE+BAY A,ROCKVILLE STATION,WMATA
23379020,EXP,EXP,11,1,16:04:00,29091,North Bethesda Station+Bay C,2,NA,1,NORTH BETHESDA STATION+BAY C,NORTH BETHESDA STATION,WMATA
23381020,LCL,LCL,11,0,20:29:00,29090,Grosvenor Station,8,NA,1,GROSVENOR STATION,GROSVENOR STATION,WMATA
23398020,M70,M70,11,0,07:32:00,18912,Silver Spring+Bay 102,46,NA,1,SILVER SPRING+BAY 102,SILVER SPRING STATION,WMATA
23398020,M70,M70,11,0,07:14:00,15362,Bethesda+Bay C,27,NA,1,BETHESDA+BAY C,BETHESDA STATION,WMATA
23398020,M70,M70,11,0,06:48:00,19082,Montgomery Mall+Bay F,2,NA,1,MONTGOMERY MALL+BAY F,MONTGOMERY MALL TRANSIT CENTER,WMATA
23401020,M22,M22,11,1,15:11:00,12892,Glenmont+Bay D,41,NA,1,GLENMONT+BAY D,GLENMONT STATION,WMATA
23401020,M22,M22,11,1,15:25:00,15406,Wheaton+Bay A,53,NA,1,WHEATON+BAY A,WHEATON STATION,WMATA
23401020,M22,M22,11,1,15:51:00,15389,Bethesda+Bay B,89,NA,1,BETHESDA+BAY B,BETHESDA STATION,WMATA
23443020,D6X,D6X,11,0,08:40:00,18914,Silver Spring+Bay 104,33,NA,1,SILVER SPRING+BAY 104,SILVER SPRING STATION,WMATA
23447020,P30,P30,11,0,14:21:00,18911,Silver Spring+Bay 223,2,NA,1,SILVER SPRING+BAY 223,SILVER SPRING STATION,WMATA
23485020,D40,D40,11,1,22:30:00,18907,Silver Spring+Bay 220,2,NA,1,SILVER SPRING+BAY 220,SILVER SPRING STATION,WMATA
23486020,C87,C87,11,0,18:10:00,19055,Silver Spring+Bay 115,42,NA,1,SILVER SPRING+BAY 115,SILVER SPRING STATION,WMATA
23489020,P30,P30,11,1,10:30:00,18911,Silver Spring+Bay 223,67,NA,1,SILVER SPRING+BAY 223,SILVER SPRING STATION,WMATA
23491020,C87,C87,11,1,08:45:00,19055,Silver Spring+Bay 115,2,NA,1,SILVER SPRING+BAY 115,SILVER SPRING STATION,WMATA
23518020,EXP,EXP,11,1,12:25:00,29091,North Bethesda Station+Bay C,2,NA,1,NORTH BETHESDA STATION+BAY C,NORTH BETHESDA STATION,WMATA
23528020,D60,D60,11,1,16:00:00,18918,Silver Spring+Bay 103,2,NA,1,SILVER SPRING+BAY 103,SILVER SPRING STATION,WMATA
23538020,M70,M70,11,1,14:30:00,18912,Silver Spring+Bay 102,2,NA,1,SILVER SPRING+BAY 102,SILVER SPRING STATION,WMATA
23538020,M70,M70,11,1,15:21:00,19082,Montgomery Mall+Bay F,46,NA,1,MONTGOMERY MALL+BAY F,MONTGOMERY MALL TRANSIT CENTER,WMATA
23538020,M70,M70,11,1,14:51:00,15362,Bethesda+Bay C,21,NA,1,BETHESDA+BAY C,BETHESDA STATION,WMATA
23563020,EXP,EXP,11,1,16:27:00,29091,North Bethesda Station+Bay C,2,NA,1,NORTH BETHESDA STATION+BAY C,NORTH BETHESDA STATION,WMATA
23569020,M12,M12,11,0,17:56:00,10628,Wheaton+Bay D,28,NA,1,WHEATON+BAY D,WHEATON STATION,WMATA
23569020,M12,M12,11,0,17:31:00,21558,Twinbrook+Bay A,2,NA,1,TWINBROOK+BAY A,TWINBROOK STATION,WMATA
23577020,D60,D60,11,1,11:36:00,18918,Silver Spring+Bay 103,2,NA,1,SILVER SPRING+BAY 103,SILVER SPRING STATION,WMATA
23578020,D6X,D6X,11,1,15:20:00,18914,Silver Spring+Bay 104,2,NA,1,SILVER SPRING+BAY 104,SILVER SPRING STATION,WMATA
23579020,M70,M70,11,0,22:40:00,18912,Silver Spring+Bay 102,46,NA,1,SILVER SPRING+BAY 102,SILVER SPRING STATION,WMATA
23579020,M70,M70,11,0,22:00:00,19082,Montgomery Mall+Bay F,2,NA,1,MONTGOMERY MALL+BAY F,MONTGOMERY MALL TRANSIT CENTER,WMATA
23579020,M70,M70,11,0,22:23:00,15362,Bethesda+Bay C,27,NA,1,BETHESDA+BAY C,BETHESDA STATION,WMATA
23617020,M70,M70,11,1,07:28:00,19082,Montgomery Mall+Bay F,46,NA,1,MONTGOMERY MALL+BAY F,MONTGOMERY MALL TRANSIT CENTER,WMATA
23617020,M70,M70,11,1,07:01:00,15362,Bethesda+Bay C,21,NA,1,BETHESDA+BAY C,BETHESDA STATION,WMATA
23617020,M70,M70,11,1,06:40:00,18912,Silver Spring+Bay 102,2,NA,1,SILVER SPRING+BAY 102,SILVER SPRING STATION,WMATA
23620020,M42,M42,11,0,19:55:00,13000,Glenmont+Bay E,29,NA,1,GLENMONT+BAY E,GLENMONT STATION,WMATA
23625020,D40,D40,11,1,02:40:00,18907,Silver Spring+Bay 220,2,NA,1,SILVER SPRING+BAY 220,SILVER SPRING STATION,WMATA
23626020,M12,M12,11,1,06:31:00,16955,Wheaton+Bay B,49,NA,1,WHEATON+BAY B,WHEATON STATION,WMATA
23626020,M12,M12,11,1,06:50:00,21558,Twinbrook+Bay A,74,NA,1,TWINBROOK+BAY A,TWINBROOK STATION,WMATA
23647020,M52,M52,11,0,15:00:00,19053,Silver Spring+Bay 113,2,NA,1,SILVER SPRING+BAY 113,SILVER SPRING STATION,WMATA
23658020,M20,M20,11,1,07:04:00,18954,Silver Spring+Bay 219,54,NA,1,SILVER SPRING+BAY 219,SILVER SPRING STATION,WMATA
23658020,M20,M20,11,1,06:33:00,12892,Glenmont+Bay D,23,NA,1,GLENMONT+BAY D,GLENMONT STATION,WMATA
23658020,M20,M20,11,1,06:45:00,15406,Wheaton+Bay A,35,NA,1,WHEATON+BAY A,WHEATON STATION,WMATA
23676020,LCL,LCL,11,0,15:03:00,29090,Grosvenor Station,8,NA,1,GROSVENOR STATION,GROSVENOR STATION,WMATA
23687020,M20,M20,11,0,09:25:00,16136,Wheaton+Bay E,19,NA,1,WHEATON+BAY E,WHEATON STATION,WMATA
23687020,M20,M20,11,0,09:05:00,18954,Silver Spring+Bay 219,2,NA,1,SILVER SPRING+BAY 219,SILVER SPRING STATION,WMATA
23688020,M20,M20,11,0,17:57:00,12893,Glenmont+Bay H,30,NA,1,GLENMONT+BAY H,GLENMONT STATION,WMATA
23688020,M20,M20,11,0,17:40:00,16136,Wheaton+Bay E,19,NA,1,WHEATON+BAY E,WHEATON STATION,WMATA
23688020,M20,M20,11,0,17:10:00,18954,Silver Spring+Bay 219,2,NA,1,SILVER SPRING+BAY 219,SILVER SPRING STATION,WMATA
23695020,M20,M20,11,1,07:19:00,12892,Glenmont+Bay D,23,NA,1,GLENMONT+BAY D,GLENMONT STATION,WMATA
23695020,M20,M20,11,1,07:31:00,15406,Wheaton+Bay A,35,NA,1,WHEATON+BAY A,WHEATON STATION,WMATA
23695020,M20,M20,11,1,07:51:00,18954,Silver Spring+Bay 219,54,NA,1,SILVER SPRING+BAY 219,SILVER SPRING STATION,WMATA
23696020,D6X,D6X,11,1,13:30:00,18914,Silver Spring+Bay 104,2,NA,1,SILVER SPRING+BAY 104,SILVER SPRING STATION,WMATA
23697020,D60,D60,11,0,12:29:00,18918,Silver Spring+Bay 103,49,NA,1,SILVER SPRING+BAY 103,SILVER SPRING STATION,WMATA
23727020,EXP,EXP,11,1,14:41:00,29091,North Bethesda Station+Bay C,2,NA,1,NORTH BETHESDA STATION+BAY C,NORTH BETHESDA STATION,WMATA
23729020,M54,M54,11,0,20:45:00,19054,Silver Spring+Bay 114,2,NA,1,SILVER SPRING+BAY 114,SILVER SPRING STATION,WMATA
23730020,D40,D40,11,1,22:15:00,18907,Silver Spring+Bay 220,2,NA,1,SILVER SPRING+BAY 220,SILVER SPRING STATION,WMATA
23737020,M42,M42,11,1,12:25:00,15313,Glenmont+Bay F,78,NA,1,GLENMONT+BAY F,GLENMONT STATION,WMATA
23766020,LCL,LCL,11,1,19:26:00,29087,Grosvenor Station+Bay F,4,NA,1,GROSVENOR STATION+BAY F,GROSVENOR STATION,WMATA
23766020,LCL,LCL,11,1,19:18:00,29091,North Bethesda Station+Bay C,2,NA,1,NORTH BETHESDA STATION+BAY C,NORTH BETHESDA STATION,WMATA
23768020,EXP,EXP,11,1,10:02:00,29091,North Bethesda Station+Bay C,2,NA,1,NORTH BETHESDA STATION+BAY C,NORTH BETHESDA STATION,WMATA
23770020,LCL,LCL,11,0,13:35:00,29090,Grosvenor Station,8,NA,1,GROSVENOR STATION,GROSVENOR STATION,WMATA
23773020,EXP,EXP,11,1,14:20:00,29091,North Bethesda Station+Bay C,2,NA,1,NORTH BETHESDA STATION+BAY C,NORTH BETHESDA STATION,WMATA
23775020,LCL,LCL,11,1,10:56:00,29087,Grosvenor Station+Bay F,4,NA,1,GROSVENOR STATION+BAY F,GROSVENOR STATION,WMATA
23775020,LCL,LCL,11,1,10:48:00,29091,North Bethesda Station+Bay C,2,NA,1,NORTH BETHESDA STATION+BAY C,NORTH BETHESDA STATION,WMATA
23782020,M54,M54,11,1,04:55:00,19054,Silver Spring+Bay 114,54,NA,1,SILVER SPRING+BAY 114,SILVER SPRING STATION,WMATA
23808020,EXP,EXP,11,1,09:17:00,29091,North Bethesda Station+Bay C,2,NA,1,NORTH BETHESDA STATION+BAY C,NORTH BETHESDA STATION,WMATA
23810020,LCL,LCL,11,0,06:19:00,29090,Grosvenor Station,8,NA,1,GROSVENOR STATION,GROSVENOR STATION,WMATA
23825020,D96,D96,11,1,17:40:00,28523,Bethesda+Bay A,2,NA,1,BETHESDA+BAY A,BETHESDA STATION,WMATA
23826020,D40,D40,11,0,15:50:00,18907,Silver Spring+Bay 220,55,NA,1,SILVER SPRING+BAY 220,SILVER SPRING STATION,WMATA
23848020,LCL,LCL,11,1,06:28:00,29091,North Bethesda Station+Bay C,2,NA,1,NORTH BETHESDA STATION+BAY C,NORTH BETHESDA STATION,WMATA
23848020,LCL,LCL,11,1,06:36:00,29087,Grosvenor Station+Bay F,4,NA,1,GROSVENOR STATION+BAY F,GROSVENOR STATION,WMATA
23863020,M20,M20,11,1,05:56:00,15406,Wheaton+Bay A,2,NA,1,WHEATON+BAY A,WHEATON STATION,WMATA
23863020,M20,M20,11,1,06:11:00,18954,Silver Spring+Bay 219,21,NA,1,SILVER SPRING+BAY 219,SILVER SPRING STATION,WMATA
23878020,LCL,LCL,11,0,11:41:00,29090,Grosvenor Station,8,NA,1,GROSVENOR STATION,GROSVENOR STATION,WMATA
23880020,EXP,EXP,11,1,17:03:00,29091,North Bethesda Station+Bay C,2,NA,1,NORTH BETHESDA STATION+BAY C,NORTH BETHESDA STATION,WMATA
23881020,EXP,EXP,11,1,08:28:00,29091,North Bethesda Station+Bay C,2,NA,1,NORTH BETHESDA STATION+BAY C,NORTH BETHESDA STATION,WMATA
23885020,M22,M22,11,1,20:24:00,12892,Glenmont+Bay D,41,NA,1,GLENMONT+BAY D,GLENMONT STATION,WMATA
23885020,M22,M22,11,1,20:35:00,15406,Wheaton+Bay A,53,NA,1,WHEATON+BAY A,WHEATON STATION,WMATA
23885020,M22,M22,11,1,20:54:00,15389,Bethesda+Bay B,89,NA,1,BETHESDA+BAY B,BETHESDA STATION,WMATA
23886020,D4X,D4X,11,0,15:34:00,18909,Silver Spring+Bay 221,24,NA,1,SILVER SPRING+BAY 221,SILVER SPRING STATION,WMATA
23910020,LCL,LCL,11,0,14:03:00,29090,Grosvenor Station,8,NA,1,GROSVENOR STATION,GROSVENOR STATION,WMATA
23911020,EXP,EXP,11,1,17:35:00,29091,North Bethesda Station+Bay C,2,NA,1,NORTH BETHESDA STATION+BAY C,NORTH BETHESDA STATION,WMATA
23925020,D6X,D6X,11,1,09:00:00,18914,Silver Spring+Bay 104,2,NA,1,SILVER SPRING+BAY 104,SILVER SPRING STATION,WMATA
23927020,M20,M20,11,0,15:46:00,18954,Silver Spring+Bay 219,2,NA,1,SILVER SPRING+BAY 219,SILVER SPRING STATION,WMATA
23927020,M20,M20,11,0,16:14:00,16136,Wheaton+Bay E,19,NA,1,WHEATON+BAY E,WHEATON STATION,WMATA
23959020,M20,M20,11,1,17:16:00,18954,Silver Spring+Bay 219,21,NA,1,SILVER SPRING+BAY 219,SILVER SPRING STATION,WMATA
23959020,M20,M20,11,1,16:55:00,15406,Wheaton+Bay A,2,NA,1,WHEATON+BAY A,WHEATON STATION,WMATA
23960020,M70,M70,11,0,22:56:00,18912,Silver Spring+Bay 102,46,NA,1,SILVER SPRING+BAY 102,SILVER SPRING STATION,WMATA
23960020,M70,M70,11,0,22:40:00,15362,Bethesda+Bay C,27,NA,1,BETHESDA+BAY C,BETHESDA STATION,WMATA
23960020,M70,M70,11,0,22:20:00,19082,Montgomery Mall+Bay F,2,NA,1,MONTGOMERY MALL+BAY F,MONTGOMERY MALL TRANSIT CENTER,WMATA
23969020,M70,M70,11,0,12:53:00,18912,Silver Spring+Bay 102,46,NA,1,SILVER SPRING+BAY 102,SILVER SPRING STATION,WMATA
23969020,M70,M70,11,0,12:36:00,15362,Bethesda+Bay C,27,NA,1,BETHESDA+BAY C,BETHESDA STATION,WMATA
23969020,M70,M70,11,0,12:12:00,19082,Montgomery Mall+Bay F,2,NA,1,MONTGOMERY MALL+BAY F,MONTGOMERY MALL TRANSIT CENTER,WMATA
23991020,EXP,EXP,11,1,14:55:00,29091,North Bethesda Station+Bay C,2,NA,1,NORTH BETHESDA STATION+BAY C,NORTH BETHESDA STATION,WMATA
24002020,D60,D60,11,0,20:40:00,18918,Silver Spring+Bay 103,49,NA,1,SILVER SPRING+BAY 103,SILVER SPRING STATION,WMATA
24010020,D60,D60,11,0,07:37:00,18918,Silver Spring+Bay 103,49,NA,1,SILVER SPRING+BAY 103,SILVER SPRING STATION,WMATA
24011020,D40,D40,11,1,05:12:00,18907,Silver Spring+Bay 220,2,NA,1,SILVER SPRING+BAY 220,SILVER SPRING STATION,WMATA
24046020,D4X,D4X,11,1,17:10:00,18909,Silver Spring+Bay 221,2,NA,1,SILVER SPRING+BAY 221,SILVER SPRING STATION,WMATA
24069020,EXP,EXP,11,1,12:08:00,29091,North Bethesda Station+Bay C,2,NA,1,NORTH BETHESDA STATION+BAY C,NORTH BETHESDA STATION,WMATA
24086020,D60,D60,11,0,04:08:00,18918,Silver Spring+Bay 103,55,NA,1,SILVER SPRING+BAY 103,SILVER SPRING STATION,WMATA
24108020,LCL,LCL,11,1,18:50:00,29087,Grosvenor Station+Bay F,4,NA,1,GROSVENOR STATION+BAY F,GROSVENOR STATION,WMATA
24108020,LCL,LCL,11,1,18:42:00,29091,North Bethesda Station+Bay C,2,NA,1,NORTH BETHESDA STATION+BAY C,NORTH BETHESDA STATION,WMATA
24116020,P30,P30,11,0,16:12:00,18911,Silver Spring+Bay 223,2,NA,1,SILVER SPRING+BAY 223,SILVER SPRING STATION,WMATA
24129020,D96,D96,11,0,09:53:00,28523,Bethesda+Bay A,79,NA,1,BETHESDA+BAY A,BETHESDA STATION,WMATA
24144020,LCL,LCL,11,1,08:28:00,29087,Grosvenor Station+Bay F,4,NA,1,GROSVENOR STATION+BAY F,GROSVENOR STATION,WMATA
24144020,LCL,LCL,11,1,08:20:00,29091,North Bethesda Station+Bay C,2,NA,1,NORTH BETHESDA STATION+BAY C,NORTH BETHESDA STATION,WMATA
24153020,EXP,EXP,11,1,22:33:00,29091,North Bethesda Station+Bay C,2,NA,1,NORTH BETHESDA STATION+BAY C,NORTH BETHESDA STATION,WMATA
24157020,P30,P30,11,0,24:10:00,18911,Silver Spring+Bay 223,2,NA,1,SILVER SPRING+BAY 223,SILVER SPRING STATION,WMATA
24192020,LCL,LCL,11,1,16:20:00,29087,Grosvenor Station+Bay F,4,NA,1,GROSVENOR STATION+BAY F,GROSVENOR STATION,WMATA
24192020,LCL,LCL,11,1,16:12:00,29091,North Bethesda Station+Bay C,2,NA,1,NORTH BETHESDA STATION+BAY C,NORTH BETHESDA STATION,WMATA
24207020,M70,M70,11,0,20:48:00,19082,Montgomery Mall+Bay F,2,NA,1,MONTGOMERY MALL+BAY F,MONTGOMERY MALL TRANSIT CENTER,WMATA
24207020,M70,M70,11,0,21:28:00,18912,Silver Spring+Bay 102,46,NA,1,SILVER SPRING+BAY 102,SILVER SPRING STATION,WMATA
24207020,M70,M70,11,0,21:11:00,15362,Bethesda+Bay C,27,NA,1,BETHESDA+BAY C,BETHESDA STATION,WMATA
24242020,M20,M20,11,0,23:27:00,16136,Wheaton+Bay E,19,NA,1,WHEATON+BAY E,WHEATON STATION,WMATA
24242020,M20,M20,11,0,23:10:00,18954,Silver Spring+Bay 219,2,NA,1,SILVER SPRING+BAY 219,SILVER SPRING STATION,WMATA
24252020,M82,M82,11,1,08:00:00,17396,Rockville+Bay A,2,NA,1,ROCKVILLE+BAY A,ROCKVILLE STATION,WMATA
24278020,EXP,EXP,11,1,09:01:00,29091,North Bethesda Station+Bay C,2,NA,1,NORTH BETHESDA STATION+BAY C,NORTH BETHESDA STATION,WMATA
24291020,P30,P30,11,0,17:00:00,18911,Silver Spring+Bay 223,2,NA,1,SILVER SPRING+BAY 223,SILVER SPRING STATION,WMATA
24295020,M70,M70,11,0,14:45:00,18912,Silver Spring+Bay 102,46,NA,1,SILVER SPRING+BAY 102,SILVER SPRING STATION,WMATA
24295020,M70,M70,11,0,14:00:00,19082,Montgomery Mall+Bay F,2,NA,1,MONTGOMERY MALL+BAY F,MONTGOMERY MALL TRANSIT CENTER,WMATA
24295020,M70,M70,11,0,14:26:00,15362,Bethesda+Bay C,27,NA,1,BETHESDA+BAY C,BETHESDA STATION,WMATA
24336020,M82,M82,11,1,12:30:00,17396,Rockville+Bay A,2,NA,1,ROCKVILLE+BAY A,ROCKVILLE STATION,WMATA
24378020,D40,D40,11,0,24:31:00,18907,Silver Spring+Bay 220,55,NA,1,SILVER SPRING+BAY 220,SILVER SPRING STATION,WMATA
24386020,D96,D96,11,1,19:20:00,28523,Bethesda+Bay A,2,NA,1,BETHESDA+BAY A,BETHESDA STATION,WMATA
24421020,C87,C87,11,1,15:21:00,19055,Silver Spring+Bay 115,2,NA,1,SILVER SPRING+BAY 115,SILVER SPRING STATION,WMATA
24422020,D4X,D4X,11,0,20:05:00,18909,Silver Spring+Bay 221,24,NA,1,SILVER SPRING+BAY 221,SILVER SPRING STATION,WMATA
24448020,EXP,EXP,11,1,09:12:00,29091,North Bethesda Station+Bay C,2,NA,1,NORTH BETHESDA STATION+BAY C,NORTH BETHESDA STATION,WMATA
24466020,D40,D40,11,1,23:00:00,18907,Silver Spring+Bay 220,2,NA,1,SILVER SPRING+BAY 220,SILVER SPRING STATION,WMATA
24467020,M12,M12,11,1,25:15:00,21558,Twinbrook+Bay A,74,NA,1,TWINBROOK+BAY A,TWINBROOK STATION,WMATA
24467020,M12,M12,11,1,25:01:00,16955,Wheaton+Bay B,49,NA,1,WHEATON+BAY B,WHEATON STATION,WMATA
24486020,EXP,EXP,11,1,07:17:00,29091,North Bethesda Station+Bay C,2,NA,1,NORTH BETHESDA STATION+BAY C,NORTH BETHESDA STATION,WMATA
24495020,LCL,LCL,11,0,08:59:00,29090,Grosvenor Station,8,NA,1,GROSVENOR STATION,GROSVENOR STATION,WMATA
24507020,D6X,D6X,11,1,16:40:00,18914,Silver Spring+Bay 104,2,NA,1,SILVER SPRING+BAY 104,SILVER SPRING STATION,WMATA
24508020,M82,M82,11,1,19:30:00,17396,Rockville+Bay A,2,NA,1,ROCKVILLE+BAY A,ROCKVILLE STATION,WMATA
24509020,M70,M70,11,1,22:22:00,19082,Montgomery Mall+Bay F,46,NA,1,MONTGOMERY MALL+BAY F,MONTGOMERY MALL TRANSIT CENTER,WMATA
24509020,M70,M70,11,1,21:45:00,18912,Silver Spring+Bay 102,2,NA,1,SILVER SPRING+BAY 102,SILVER SPRING STATION,WMATA
24509020,M70,M70,11,1,22:01:00,15362,Bethesda+Bay C,21,NA,1,BETHESDA+BAY C,BETHESDA STATION,WMATA
24515020,D4X,D4X,11,1,09:00:00,18909,Silver Spring+Bay 221,2,NA,1,SILVER SPRING+BAY 221,SILVER SPRING STATION,WMATA
24516020,M20,M20,11,1,15:44:00,18954,Silver Spring+Bay 219,21,NA,1,SILVER SPRING+BAY 219,SILVER SPRING STATION,WMATA
24516020,M20,M20,11,1,15:21:00,15406,Wheaton+Bay A,2,NA,1,WHEATON+BAY A,WHEATON STATION,WMATA
24517020,D40,D40,11,1,11:24:00,18907,Silver Spring+Bay 220,2,NA,1,SILVER SPRING+BAY 220,SILVER SPRING STATION,WMATA
24555020,D60,D60,11,0,08:54:00,18918,Silver Spring+Bay 103,49,NA,1,SILVER SPRING+BAY 103,SILVER SPRING STATION,WMATA
24584020,EXP,EXP,11,1,19:07:00,29091,North Bethesda Station+Bay C,2,NA,1,NORTH BETHESDA STATION+BAY C,NORTH BETHESDA STATION,WMATA
24592020,LCL,LCL,11,0,17:17:00,29090,Grosvenor Station,8,NA,1,GROSVENOR STATION,GROSVENOR STATION,WMATA
24605020,D4X,D4X,11,1,10:10:00,18909,Silver Spring+Bay 221,2,NA,1,SILVER SPRING+BAY 221,SILVER SPRING STATION,WMATA
24606020,M70,M70,11,0,11:12:00,19082,Montgomery Mall+Bay F,2,NA,1,MONTGOMERY MALL+BAY F,MONTGOMERY MALL TRANSIT CENTER,WMATA
24606020,M70,M70,11,0,11:36:00,15362,Bethesda+Bay C,27,NA,1,BETHESDA+BAY C,BETHESDA STATION,WMATA
24606020,M70,M70,11,0,11:53:00,18912,Silver Spring+Bay 102,46,NA,1,SILVER SPRING+BAY 102,SILVER SPRING STATION,WMATA
24607020,M42,M42,11,0,12:25:00,13000,Glenmont+Bay E,29,NA,1,GLENMONT+BAY E,GLENMONT STATION,WMATA
24608020,M22,M22,11,1,15:59:00,12892,Glenmont+Bay D,41,NA,1,GLENMONT+BAY D,GLENMONT STATION,WMATA
24608020,M22,M22,11,1,16:39:00,15389,Bethesda+Bay B,89,NA,1,BETHESDA+BAY B,BETHESDA STATION,WMATA
24608020,M22,M22,11,1,16:13:00,15406,Wheaton+Bay A,53,NA,1,WHEATON+BAY A,WHEATON STATION,WMATA
24610020,M20,M20,11,0,19:37:00,16136,Wheaton+Bay E,19,NA,1,WHEATON+BAY E,WHEATON STATION,WMATA
24610020,M20,M20,11,0,19:14:00,18954,Silver Spring+Bay 219,2,NA,1,SILVER SPRING+BAY 219,SILVER SPRING STATION,WMATA
24616020,M22,M22,11,1,10:42:00,15406,Wheaton+Bay A,53,NA,1,WHEATON+BAY A,WHEATON STATION,WMATA
24616020,M22,M22,11,1,11:08:00,15389,Bethesda+Bay B,89,NA,1,BETHESDA+BAY B,BETHESDA STATION,WMATA
24616020,M22,M22,11,1,10:29:00,12892,Glenmont+Bay D,41,NA,1,GLENMONT+BAY D,GLENMONT STATION,WMATA
24629020,LCL,LCL,11,0,07:43:00,29090,Grosvenor Station,8,NA,1,GROSVENOR STATION,GROSVENOR STATION,WMATA
24646020,M42,M42,11,1,17:57:00,15313,Glenmont+Bay F,78,NA,1,GLENMONT+BAY F,GLENMONT STATION,WMATA
24649020,D60,D60,11,0,16:40:00,18918,Silver Spring+Bay 103,49,NA,1,SILVER SPRING+BAY 103,SILVER SPRING STATION,WMATA
24663020,EXP,EXP,11,1,13:04:00,29091,North Bethesda Station+Bay C,2,NA,1,NORTH BETHESDA STATION+BAY C,NORTH BETHESDA STATION,WMATA
24664020,EXP,EXP,11,1,18:24:00,29091,North Bethesda Station+Bay C,2,NA,1,NORTH BETHESDA STATION+BAY C,NORTH BETHESDA STATION,WMATA
24665020,LCL,LCL,11,1,15:12:00,29091,North Bethesda Station+Bay C,2,NA,1,NORTH BETHESDA STATION+BAY C,NORTH BETHESDA STATION,WMATA
24665020,LCL,LCL,11,1,15:20:00,29087,Grosvenor Station+Bay F,4,NA,1,GROSVENOR STATION+BAY F,GROSVENOR STATION,WMATA
24685020,D40,D40,11,1,05:48:00,18907,Silver Spring+Bay 220,2,NA,1,SILVER SPRING+BAY 220,SILVER SPRING STATION,WMATA
24689020,D6X,D6X,11,1,15:00:00,18914,Silver Spring+Bay 104,2,NA,1,SILVER SPRING+BAY 104,SILVER SPRING STATION,WMATA
24713020,EXP,EXP,11,1,05:56:00,29091,North Bethesda Station+Bay C,2,NA,1,NORTH BETHESDA STATION+BAY C,NORTH BETHESDA STATION,WMATA
24751020,EXP,EXP,11,1,09:08:00,29091,North Bethesda Station+Bay C,2,NA,1,NORTH BETHESDA STATION+BAY C,NORTH BETHESDA STATION,WMATA
24761020,M54,M54,11,1,25:02:00,19054,Silver Spring+Bay 114,54,NA,1,SILVER SPRING+BAY 114,SILVER SPRING STATION,WMATA
24783020,EXP,EXP,11,1,15:58:00,29091,North Bethesda Station+Bay C,2,NA,1,NORTH BETHESDA STATION+BAY C,NORTH BETHESDA STATION,WMATA
24800020,M54,M54,11,0,12:45:00,19054,Silver Spring+Bay 114,2,NA,1,SILVER SPRING+BAY 114,SILVER SPRING STATION,WMATA
24801020,M12,M12,11,1,08:18:00,16955,Wheaton+Bay B,31,NA,1,WHEATON+BAY B,WHEATON STATION,WMATA
24820020,EXP,EXP,11,1,17:41:00,29091,North Bethesda Station+Bay C,2,NA,1,NORTH BETHESDA STATION+BAY C,NORTH BETHESDA STATION,WMATA
24837020,D60,D60,11,0,12:53:00,18918,Silver Spring+Bay 103,49,NA,1,SILVER SPRING+BAY 103,SILVER SPRING STATION,WMATA
24838020,M82,M82,11,1,14:00:00,17396,Rockville+Bay A,2,NA,1,ROCKVILLE+BAY A,ROCKVILLE STATION,WMATA
24845020,D96,D96,11,1,15:00:00,28523,Bethesda+Bay A,2,NA,1,BETHESDA+BAY A,BETHESDA STATION,WMATA
24868020,LCL,LCL,11,0,22:40:00,29090,Grosvenor Station,8,NA,1,GROSVENOR STATION,GROSVENOR STATION,WMATA
24879020,D40,D40,11,0,14:09:00,18907,Silver Spring+Bay 220,55,NA,1,SILVER SPRING+BAY 220,SILVER SPRING STATION,WMATA
24880020,D6X,D6X,11,1,15:40:00,18914,Silver Spring+Bay 104,2,NA,1,SILVER SPRING+BAY 104,SILVER SPRING STATION,WMATA
24908020,LCL,LCL,11,1,14:12:00,29087,Grosvenor Station+Bay F,4,NA,1,GROSVENOR STATION+BAY F,GROSVENOR STATION,WMATA
24908020,LCL,LCL,11,1,14:04:00,29091,North Bethesda Station+Bay C,2,NA,1,NORTH BETHESDA STATION+BAY C,NORTH BETHESDA STATION,WMATA
24909020,LCL,LCL,11,0,18:41:00,29090,Grosvenor Station,8,NA,1,GROSVENOR STATION,GROSVENOR STATION,WMATA
24924020,M20,M20,11,0,18:45:00,16136,Wheaton+Bay E,19,NA,1,WHEATON+BAY E,WHEATON STATION,WMATA
24924020,M20,M20,11,0,18:20:00,18954,Silver Spring+Bay 219,2,NA,1,SILVER SPRING+BAY 219,SILVER SPRING STATION,WMATA
24924020,M20,M20,11,0,19:00:00,12893,Glenmont+Bay H,30,NA,1,GLENMONT+BAY H,GLENMONT STATION,WMATA
24951020,EXP,EXP,11,1,18:01:00,29091,North Bethesda Station+Bay C,2,NA,1,NORTH BETHESDA STATION+BAY C,NORTH BETHESDA STATION,WMATA
24968020,D40,D40,11,1,17:36:00,18907,Silver Spring+Bay 220,2,NA,1,SILVER SPRING+BAY 220,SILVER SPRING STATION,WMATA
25008020,D4X,D4X,11,1,06:40:00,18909,Silver Spring+Bay 221,2,NA,1,SILVER SPRING+BAY 221,SILVER SPRING STATION,WMATA
25009020,M70,M70,11,1,09:36:00,18912,Silver Spring+Bay 102,2,NA,1,SILVER SPRING+BAY 102,SILVER SPRING STATION,WMATA
25009020,M70,M70,11,1,10:21:00,19082,Montgomery Mall+Bay F,46,NA,1,MONTGOMERY MALL+BAY F,MONTGOMERY MALL TRANSIT CENTER,WMATA
25009020,M70,M70,11,1,09:56:00,15362,Bethesda+Bay C,21,NA,1,BETHESDA+BAY C,BETHESDA STATION,WMATA
25050020,M20,M20,11,1,08:39:00,12892,Glenmont+Bay D,23,NA,1,GLENMONT+BAY D,GLENMONT STATION,WMATA
25050020,M20,M20,11,1,09:11:00,18954,Silver Spring+Bay 219,54,NA,1,SILVER SPRING+BAY 219,SILVER SPRING STATION,WMATA
25050020,M20,M20,11,1,08:51:00,15406,Wheaton+Bay A,35,NA,1,WHEATON+BAY A,WHEATON STATION,WMATA
25051020,D40,D40,11,0,14:33:00,18907,Silver Spring+Bay 220,55,NA,1,SILVER SPRING+BAY 220,SILVER SPRING STATION,WMATA
25053020,M52,M52,11,0,20:00:00,19053,Silver Spring+Bay 113,2,NA,1,SILVER SPRING+BAY 113,SILVER SPRING STATION,WMATA
25060020,D40,D40,11,1,03:40:00,18907,Silver Spring+Bay 220,2,NA,1,SILVER SPRING+BAY 220,SILVER SPRING STATION,WMATA
25100020,M82,M82,11,0,16:20:00,17396,Rockville+Bay A,73,NA,1,ROCKVILLE+BAY A,ROCKVILLE STATION,WMATA
25114020,EXP,EXP,11,1,11:17:00,29091,North Bethesda Station+Bay C,2,NA,1,NORTH BETHESDA STATION+BAY C,NORTH BETHESDA STATION,WMATA
25115020,EXP,EXP,11,1,12:11:00,29091,North Bethesda Station+Bay C,2,NA,1,NORTH BETHESDA STATION+BAY C,NORTH BETHESDA STATION,WMATA
25130020,D40,D40,11,0,13:57:00,18907,Silver Spring+Bay 220,55,NA,1,SILVER SPRING+BAY 220,SILVER SPRING STATION,WMATA
25132020,D60,D60,11,1,22:45:00,18918,Silver Spring+Bay 103,2,NA,1,SILVER SPRING+BAY 103,SILVER SPRING STATION,WMATA
25155020,LCL,LCL,11,1,04:56:00,29087,Grosvenor Station+Bay F,4,NA,1,GROSVENOR STATION+BAY F,GROSVENOR STATION,WMATA
25155020,LCL,LCL,11,1,04:48:00,29091,North Bethesda Station+Bay C,2,NA,1,NORTH BETHESDA STATION+BAY C,NORTH BETHESDA STATION,WMATA
25162020,M12,M12,11,0,14:44:00,10628,Wheaton+Bay D,28,NA,1,WHEATON+BAY D,WHEATON STATION,WMATA
25162020,M12,M12,11,0,14:21:00,21558,Twinbrook+Bay A,2,NA,1,TWINBROOK+BAY A,TWINBROOK STATION,WMATA
25169020,D60,D60,11,1,04:15:00,18918,Silver Spring+Bay 103,2,NA,1,SILVER SPRING+BAY 103,SILVER SPRING STATION,WMATA
25170020,M42,M42,11,0,06:55:00,13000,Glenmont+Bay E,29,NA,1,GLENMONT+BAY E,GLENMONT STATION,WMATA
25171020,D4X,D4X,11,1,09:10:00,18909,Silver Spring+Bay 221,2,NA,1,SILVER SPRING+BAY 221,SILVER SPRING STATION,WMATA
25194020,LCL,LCL,11,0,14:43:00,29090,Grosvenor Station,8,NA,1,GROSVENOR STATION,GROSVENOR STATION,WMATA
25197020,EXP,EXP,11,1,11:31:00,29091,North Bethesda Station+Bay C,2,NA,1,NORTH BETHESDA STATION+BAY C,NORTH BETHESDA STATION,WMATA
25208020,M42,M42,11,0,20:25:00,13000,Glenmont+Bay E,29,NA,1,GLENMONT+BAY E,GLENMONT STATION,WMATA
25212020,D40,D40,11,0,06:11:00,18907,Silver Spring+Bay 220,55,NA,1,SILVER SPRING+BAY 220,SILVER SPRING STATION,WMATA
25214020,D6X,D6X,11,1,06:30:00,18914,Silver Spring+Bay 104,2,NA,1,SILVER SPRING+BAY 104,SILVER SPRING STATION,WMATA
25237020,LCL,LCL,11,0,15:11:00,29090,Grosvenor Station,8,NA,1,GROSVENOR STATION,GROSVENOR STATION,WMATA
25249020,D40,D40,11,1,19:00:00,18907,Silver Spring+Bay 220,2,NA,1,SILVER SPRING+BAY 220,SILVER SPRING STATION,WMATA
25251020,M70,M70,11,0,24:34:00,18912,Silver Spring+Bay 102,46,NA,1,SILVER SPRING+BAY 102,SILVER SPRING STATION,WMATA
25251020,M70,M70,11,0,24:20:00,15362,Bethesda+Bay C,27,NA,1,BETHESDA+BAY C,BETHESDA STATION,WMATA
25251020,M70,M70,11,0,24:00:00,19082,Montgomery Mall+Bay F,2,NA,1,MONTGOMERY MALL+BAY F,MONTGOMERY MALL TRANSIT CENTER,WMATA
25255020,D6X,D6X,11,0,15:30:00,18914,Silver Spring+Bay 104,33,NA,1,SILVER SPRING+BAY 104,SILVER SPRING STATION,WMATA
25278020,EXP,EXP,11,1,20:17:00,29091,North Bethesda Station+Bay C,2,NA,1,NORTH BETHESDA STATION+BAY C,NORTH BETHESDA STATION,WMATA
25295020,P30,P30,11,1,14:58:00,18911,Silver Spring+Bay 223,67,NA,1,SILVER SPRING+BAY 223,SILVER SPRING STATION,WMATA
25318020,LCL,LCL,11,1,07:24:00,29091,North Bethesda Station+Bay C,2,NA,1,NORTH BETHESDA STATION+BAY C,NORTH BETHESDA STATION,WMATA
25318020,LCL,LCL,11,1,07:32:00,29087,Grosvenor Station+Bay F,4,NA,1,GROSVENOR STATION+BAY F,GROSVENOR STATION,WMATA
25323020,P30,P30,11,1,18:48:00,18911,Silver Spring+Bay 223,67,NA,1,SILVER SPRING+BAY 223,SILVER SPRING STATION,WMATA
25330020,M20,M20,11,1,06:19:00,18954,Silver Spring+Bay 219,21,NA,1,SILVER SPRING+BAY 219,SILVER SPRING STATION,WMATA
25330020,M20,M20,11,1,06:04:00,15406,Wheaton+Bay A,2,NA,1,WHEATON+BAY A,WHEATON STATION,WMATA
25331020,D40,D40,11,1,13:00:00,18907,Silver Spring+Bay 220,2,NA,1,SILVER SPRING+BAY 220,SILVER SPRING STATION,WMATA
25355020,LCL,LCL,11,1,12:40:00,29091,North Bethesda Station+Bay C,2,NA,1,NORTH BETHESDA STATION+BAY C,NORTH BETHESDA STATION,WMATA
25355020,LCL,LCL,11,1,12:48:00,29087,Grosvenor Station+Bay F,4,NA,1,GROSVENOR STATION+BAY F,GROSVENOR STATION,WMATA
25356020,EXP,EXP,11,1,13:02:00,29091,North Bethesda Station+Bay C,2,NA,1,NORTH BETHESDA STATION+BAY C,NORTH BETHESDA STATION,WMATA
25368020,M12,M12,11,0,14:37:00,21558,Twinbrook+Bay A,2,NA,1,TWINBROOK+BAY A,TWINBROOK STATION,WMATA
25368020,M12,M12,11,0,15:00:00,10628,Wheaton+Bay D,28,NA,1,WHEATON+BAY D,WHEATON STATION,WMATA
25378020,M82,M82,11,0,11:42:00,17396,Rockville+Bay A,73,NA,1,ROCKVILLE+BAY A,ROCKVILLE STATION,WMATA
25406020,EXP,EXP,11,1,21:33:00,29091,North Bethesda Station+Bay C,2,NA,1,NORTH BETHESDA STATION+BAY C,NORTH BETHESDA STATION,WMATA
25416020,D4X,D4X,11,0,14:09:00,18909,Silver Spring+Bay 221,24,NA,1,SILVER SPRING+BAY 221,SILVER SPRING STATION,WMATA
25427020,M12,M12,11,1,06:37:00,16955,Wheaton+Bay B,31,NA,1,WHEATON+BAY B,WHEATON STATION,WMATA
25454020,D40,D40,11,0,23:15:00,18907,Silver Spring+Bay 220,55,NA,1,SILVER SPRING+BAY 220,SILVER SPRING STATION,WMATA
25464020,D4X,D4X,11,1,16:00:00,18909,Silver Spring+Bay 221,2,NA,1,SILVER SPRING+BAY 221,SILVER SPRING STATION,WMATA
25474020,EXP,EXP,11,1,08:31:00,29091,North Bethesda Station+Bay C,2,NA,1,NORTH BETHESDA STATION+BAY C,NORTH BETHESDA STATION,WMATA
25490020,M12,M12,11,1,14:50:00,16955,Wheaton+Bay B,31,NA,1,WHEATON+BAY B,WHEATON STATION,WMATA
25523020,M44,M44,11,1,06:10:00,15313,Glenmont+Bay F,40,NA,1,GLENMONT+BAY F,GLENMONT STATION,WMATA
25524020,D60,D60,11,1,15:30:00,18918,Silver Spring+Bay 103,2,NA,1,SILVER SPRING+BAY 103,SILVER SPRING STATION,WMATA
25530020,D96,D96,11,1,09:01:00,28523,Bethesda+Bay A,2,NA,1,BETHESDA+BAY A,BETHESDA STATION,WMATA
25533020,M42,M42,11,1,08:28:00,15313,Glenmont+Bay F,78,NA,1,GLENMONT+BAY F,GLENMONT STATION,WMATA
25542020,LCL,LCL,11,1,22:05:00,29091,North Bethesda Station+Bay C,2,NA,1,NORTH BETHESDA STATION+BAY C,NORTH BETHESDA STATION,WMATA
25542020,LCL,LCL,11,1,22:13:00,29087,Grosvenor Station+Bay F,4,NA,1,GROSVENOR STATION+BAY F,GROSVENOR STATION,WMATA
25554020,D4X,D4X,11,1,18:30:00,18909,Silver Spring+Bay 221,2,NA,1,SILVER SPRING+BAY 221,SILVER SPRING STATION,WMATA
25559020,D6X,D6X,11,0,19:39:00,18914,Silver Spring+Bay 104,33,NA,1,SILVER SPRING+BAY 104,SILVER SPRING STATION,WMATA
25585020,D6X,D6X,11,0,20:39:00,18914,Silver Spring+Bay 104,33,NA,1,SILVER SPRING+BAY 104,SILVER SPRING STATION,WMATA
25630020,M12,M12,11,1,19:14:00,16955,Wheaton+Bay B,31,NA,1,WHEATON+BAY B,WHEATON STATION,WMATA
25637020,M54,M54,11,0,18:15:00,19054,Silver Spring+Bay 114,2,NA,1,SILVER SPRING+BAY 114,SILVER SPRING STATION,WMATA
25642020,M22,M22,11,1,25:42:00,15406,Wheaton+Bay A,49,NA,1,WHEATON+BAY A,WHEATON STATION,WMATA
25642020,M22,M22,11,1,25:34:00,12892,Glenmont+Bay D,37,NA,1,GLENMONT+BAY D,GLENMONT STATION,WMATA
25648020,LCL,LCL,11,0,21:28:00,29090,Grosvenor Station,8,NA,1,GROSVENOR STATION,GROSVENOR STATION,WMATA
25654020,M82,M82,11,1,14:30:00,17396,Rockville+Bay A,2,NA,1,ROCKVILLE+BAY A,ROCKVILLE STATION,WMATA
25687020,LCL,LCL,11,0,15:41:00,29090,Grosvenor Station,8,NA,1,GROSVENOR STATION,GROSVENOR STATION,WMATA
25704020,M12,M12,11,1,12:06:00,16955,Wheaton+Bay B,31,NA,1,WHEATON+BAY B,WHEATON STATION,WMATA
25707020,LCL,LCL,11,1,16:08:00,29087,Grosvenor Station+Bay F,4,NA,1,GROSVENOR STATION+BAY F,GROSVENOR STATION,WMATA
25707020,LCL,LCL,11,1,16:00:00,29091,North Bethesda Station+Bay C,2,NA,1,NORTH BETHESDA STATION+BAY C,NORTH BETHESDA STATION,WMATA
25708020,M22,M22,11,1,13:37:00,15389,Bethesda+Bay B,89,NA,1,BETHESDA+BAY B,BETHESDA STATION,WMATA
25708020,M22,M22,11,1,12:59:00,12892,Glenmont+Bay D,41,NA,1,GLENMONT+BAY D,GLENMONT STATION,WMATA
25708020,M22,M22,11,1,13:12:00,15406,Wheaton+Bay A,53,NA,1,WHEATON+BAY A,WHEATON STATION,WMATA
25752020,LCL,LCL,11,0,16:23:00,29090,Grosvenor Station,8,NA,1,GROSVENOR STATION,GROSVENOR STATION,WMATA
25775020,LCL,LCL,11,0,17:23:00,29090,Grosvenor Station,8,NA,1,GROSVENOR STATION,GROSVENOR STATION,WMATA
25777020,M12,M12,11,1,06:25:00,16955,Wheaton+Bay B,31,NA,1,WHEATON+BAY B,WHEATON STATION,WMATA
25780020,D60,D60,11,0,10:27:00,18918,Silver Spring+Bay 103,49,NA,1,SILVER SPRING+BAY 103,SILVER SPRING STATION,WMATA
25809020,EXP,EXP,11,1,06:33:00,29091,North Bethesda Station+Bay C,2,NA,1,NORTH BETHESDA STATION+BAY C,NORTH BETHESDA STATION,WMATA
25822020,M70,M70,11,0,06:44:00,15362,Bethesda+Bay C,27,NA,1,BETHESDA+BAY C,BETHESDA STATION,WMATA
25822020,M70,M70,11,0,06:24:00,19082,Montgomery Mall+Bay F,2,NA,1,MONTGOMERY MALL+BAY F,MONTGOMERY MALL TRANSIT CENTER,WMATA
25822020,M70,M70,11,0,06:59:00,18912,Silver Spring+Bay 102,46,NA,1,SILVER SPRING+BAY 102,SILVER SPRING STATION,WMATA
25855020,M70,M70,11,0,15:00:00,19082,Montgomery Mall+Bay F,2,NA,1,MONTGOMERY MALL+BAY F,MONTGOMERY MALL TRANSIT CENTER,WMATA
25855020,M70,M70,11,0,15:29:00,15362,Bethesda+Bay C,27,NA,1,BETHESDA+BAY C,BETHESDA STATION,WMATA
25855020,M70,M70,11,0,15:50:00,18912,Silver Spring+Bay 102,46,NA,1,SILVER SPRING+BAY 102,SILVER SPRING STATION,WMATA
25900020,LCL,LCL,11,0,16:52:00,29090,Grosvenor Station,8,NA,1,GROSVENOR STATION,GROSVENOR STATION,WMATA
25903020,EXP,EXP,11,1,13:25:00,29091,North Bethesda Station+Bay C,2,NA,1,NORTH BETHESDA STATION+BAY C,NORTH BETHESDA STATION,WMATA
25922020,EXP,EXP,11,1,09:40:00,29091,North Bethesda Station+Bay C,2,NA,1,NORTH BETHESDA STATION+BAY C,NORTH BETHESDA STATION,WMATA
25925020,M12,M12,11,1,09:06:00,16955,Wheaton+Bay B,31,NA,1,WHEATON+BAY B,WHEATON STATION,WMATA
25929020,D6X,D6X,11,1,17:30:00,18914,Silver Spring+Bay 104,2,NA,1,SILVER SPRING+BAY 104,SILVER SPRING STATION,WMATA
25935020,M70,M70,11,0,12:24:00,19082,Montgomery Mall+Bay F,2,NA,1,MONTGOMERY MALL+BAY F,MONTGOMERY MALL TRANSIT CENTER,WMATA
25935020,M70,M70,11,0,12:48:00,15362,Bethesda+Bay C,27,NA,1,BETHESDA+BAY C,BETHESDA STATION,WMATA
25935020,M70,M70,11,0,13:05:00,18912,Silver Spring+Bay 102,46,NA,1,SILVER SPRING+BAY 102,SILVER SPRING STATION,WMATA
25946020,D60,D60,11,0,09:39:00,18918,Silver Spring+Bay 103,49,NA,1,SILVER SPRING+BAY 103,SILVER SPRING STATION,WMATA
25975020,D60,D60,11,1,24:20:00,18918,Silver Spring+Bay 103,2,NA,1,SILVER SPRING+BAY 103,SILVER SPRING STATION,WMATA
25977020,LCL,LCL,11,1,15:42:00,29091,North Bethesda Station+Bay C,2,NA,1,NORTH BETHESDA STATION+BAY C,NORTH BETHESDA STATION,WMATA
25977020,LCL,LCL,11,1,15:50:00,29087,Grosvenor Station+Bay F,4,NA,1,GROSVENOR STATION+BAY F,GROSVENOR STATION,WMATA
26005020,M42,M42,11,1,21:24:00,15313,Glenmont+Bay F,78,NA,1,GLENMONT+BAY F,GLENMONT STATION,WMATA
26010020,LCL,LCL,11,0,18:04:00,29090,Grosvenor Station,8,NA,1,GROSVENOR STATION,GROSVENOR STATION,WMATA
26025020,D4X,D4X,11,0,12:59:00,18909,Silver Spring+Bay 221,24,NA,1,SILVER SPRING+BAY 221,SILVER SPRING STATION,WMATA
26033020,EXP,EXP,11,1,09:31:00,29091,North Bethesda Station+Bay C,2,NA,1,NORTH BETHESDA STATION+BAY C,NORTH BETHESDA STATION,WMATA
26086020,D6X,D6X,11,1,14:00:00,18914,Silver Spring+Bay 104,2,NA,1,SILVER SPRING+BAY 104,SILVER SPRING STATION,WMATA
26095020,D60,D60,11,1,18:00:00,18918,Silver Spring+Bay 103,2,NA,1,SILVER SPRING+BAY 103,SILVER SPRING STATION,WMATA
26102020,D6X,D6X,11,1,07:06:00,18914,Silver Spring+Bay 104,2,NA,1,SILVER SPRING+BAY 104,SILVER SPRING STATION,WMATA
26117020,M70,M70,11,0,17:29:00,15362,Bethesda+Bay C,27,NA,1,BETHESDA+BAY C,BETHESDA STATION,WMATA
26117020,M70,M70,11,0,17:00:00,19082,Montgomery Mall+Bay F,2,NA,1,MONTGOMERY MALL+BAY F,MONTGOMERY MALL TRANSIT CENTER,WMATA
26117020,M70,M70,11,0,17:52:00,18912,Silver Spring+Bay 102,46,NA,1,SILVER SPRING+BAY 102,SILVER SPRING STATION,WMATA
26122020,M12,M12,11,1,05:36:00,16955,Wheaton+Bay B,49,NA,1,WHEATON+BAY B,WHEATON STATION,WMATA
26122020,M12,M12,11,1,05:53:00,21558,Twinbrook+Bay A,74,NA,1,TWINBROOK+BAY A,TWINBROOK STATION,WMATA
26128020,M70,M70,11,0,14:20:00,19082,Montgomery Mall+Bay F,2,NA,1,MONTGOMERY MALL+BAY F,MONTGOMERY MALL TRANSIT CENTER,WMATA
26128020,M70,M70,11,0,14:46:00,15362,Bethesda+Bay C,27,NA,1,BETHESDA+BAY C,BETHESDA STATION,WMATA
26128020,M70,M70,11,0,15:05:00,18912,Silver Spring+Bay 102,46,NA,1,SILVER SPRING+BAY 102,SILVER SPRING STATION,WMATA
26139020,LCL,LCL,11,1,17:20:00,29087,Grosvenor Station+Bay F,4,NA,1,GROSVENOR STATION+BAY F,GROSVENOR STATION,WMATA
26139020,LCL,LCL,11,1,17:12:00,29091,North Bethesda Station+Bay C,2,NA,1,NORTH BETHESDA STATION+BAY C,NORTH BETHESDA STATION,WMATA
26142020,M52,M52,11,0,21:30:00,19053,Silver Spring+Bay 113,2,NA,1,SILVER SPRING+BAY 113,SILVER SPRING STATION,WMATA
26150020,M54,M54,11,0,09:45:00,19054,Silver Spring+Bay 114,2,NA,1,SILVER SPRING+BAY 114,SILVER SPRING STATION,WMATA
26164020,LCL,LCL,11,1,08:32:00,29087,Grosvenor Station+Bay F,4,NA,1,GROSVENOR STATION+BAY F,GROSVENOR STATION,WMATA
26164020,LCL,LCL,11,1,08:24:00,29091,North Bethesda Station+Bay C,2,NA,1,NORTH BETHESDA STATION+BAY C,NORTH BETHESDA STATION,WMATA
26176020,M12,M12,11,0,12:28:00,21558,Twinbrook+Bay A,2,NA,1,TWINBROOK+BAY A,TWINBROOK STATION,WMATA
26176020,M12,M12,11,0,12:48:00,10628,Wheaton+Bay D,28,NA,1,WHEATON+BAY D,WHEATON STATION,WMATA
26179020,P30,P30,11,0,08:51:00,18911,Silver Spring+Bay 223,2,NA,1,SILVER SPRING+BAY 223,SILVER SPRING STATION,WMATA
26189020,D6X,D6X,11,1,21:15:00,18914,Silver Spring+Bay 104,2,NA,1,SILVER SPRING+BAY 104,SILVER SPRING STATION,WMATA
26195020,M70,M70,11,0,19:24:00,19082,Montgomery Mall+Bay F,2,NA,1,MONTGOMERY MALL+BAY F,MONTGOMERY MALL TRANSIT CENTER,WMATA
26195020,M70,M70,11,0,19:47:00,15362,Bethesda+Bay C,27,NA,1,BETHESDA+BAY C,BETHESDA STATION,WMATA
26195020,M70,M70,11,0,20:04:00,18912,Silver Spring+Bay 102,46,NA,1,SILVER SPRING+BAY 102,SILVER SPRING STATION,WMATA
26199020,M20,M20,11,0,13:30:00,18954,Silver Spring+Bay 219,2,NA,1,SILVER SPRING+BAY 219,SILVER SPRING STATION,WMATA
26199020,M20,M20,11,0,13:52:00,16136,Wheaton+Bay E,19,NA,1,WHEATON+BAY E,WHEATON STATION,WMATA
26208020,M12,M12,11,0,11:12:00,10628,Wheaton+Bay D,28,NA,1,WHEATON+BAY D,WHEATON STATION,WMATA
26208020,M12,M12,11,0,10:52:00,21558,Twinbrook+Bay A,2,NA,1,TWINBROOK+BAY A,TWINBROOK STATION,WMATA
26216020,D60,D60,11,0,11:51:00,18918,Silver Spring+Bay 103,49,NA,1,SILVER SPRING+BAY 103,SILVER SPRING STATION,WMATA
26234020,LCL,LCL,11,1,13:36:00,29087,Grosvenor Station+Bay F,4,NA,1,GROSVENOR STATION+BAY F,GROSVENOR STATION,WMATA
26234020,LCL,LCL,11,1,13:28:00,29091,North Bethesda Station+Bay C,2,NA,1,NORTH BETHESDA STATION+BAY C,NORTH BETHESDA STATION,WMATA
26242020,D60,D60,11,1,19:45:00,18918,Silver Spring+Bay 103,2,NA,1,SILVER SPRING+BAY 103,SILVER SPRING STATION,WMATA
26272020,EXP,EXP,11,1,16:58:00,29091,North Bethesda Station+Bay C,2,NA,1,NORTH BETHESDA STATION+BAY C,NORTH BETHESDA STATION,WMATA
26284020,M70,M70,11,1,21:14:00,19082,Montgomery Mall+Bay F,46,NA,1,MONTGOMERY MALL+BAY F,MONTGOMERY MALL TRANSIT CENTER,WMATA
26284020,M70,M70,11,1,20:36:00,18912,Silver Spring+Bay 102,2,NA,1,SILVER SPRING+BAY 102,SILVER SPRING STATION,WMATA
26284020,M70,M70,11,1,20:52:00,15362,Bethesda+Bay C,21,NA,1,BETHESDA+BAY C,BETHESDA STATION,WMATA
26304020,LCL,LCL,11,0,10:19:00,29090,Grosvenor Station,8,NA,1,GROSVENOR STATION,GROSVENOR STATION,WMATA
26305020,M70,M70,11,1,22:15:00,18912,Silver Spring+Bay 102,2,NA,1,SILVER SPRING+BAY 102,SILVER SPRING STATION,WMATA
26305020,M70,M70,11,1,22:29:00,15362,Bethesda+Bay C,21,NA,1,BETHESDA+BAY C,BETHESDA STATION,WMATA
26305020,M70,M70,11,1,22:48:00,19082,Montgomery Mall+Bay F,46,NA,1,MONTGOMERY MALL+BAY F,MONTGOMERY MALL TRANSIT CENTER,WMATA
26321020,M20,M20,11,0,14:56:00,12893,Glenmont+Bay H,30,NA,1,GLENMONT+BAY H,GLENMONT STATION,WMATA
26321020,M20,M20,11,0,14:40:00,16136,Wheaton+Bay E,19,NA,1,WHEATON+BAY E,WHEATON STATION,WMATA
26321020,M20,M20,11,0,14:15:00,18954,Silver Spring+Bay 219,2,NA,1,SILVER SPRING+BAY 219,SILVER SPRING STATION,WMATA
26325020,M70,M70,11,1,15:30:00,18912,Silver Spring+Bay 102,2,NA,1,SILVER SPRING+BAY 102,SILVER SPRING STATION,WMATA
26325020,M70,M70,11,1,15:50:00,15362,Bethesda+Bay C,21,NA,1,BETHESDA+BAY C,BETHESDA STATION,WMATA
26325020,M70,M70,11,1,16:22:00,19082,Montgomery Mall+Bay F,46,NA,1,MONTGOMERY MALL+BAY F,MONTGOMERY MALL TRANSIT CENTER,WMATA
26339020,C87,C87,11,1,16:06:00,19055,Silver Spring+Bay 115,2,NA,1,SILVER SPRING+BAY 115,SILVER SPRING STATION,WMATA
26356020,LCL,LCL,11,1,05:52:00,29091,North Bethesda Station+Bay C,2,NA,1,NORTH BETHESDA STATION+BAY C,NORTH BETHESDA STATION,WMATA
26356020,LCL,LCL,11,1,06:00:00,29087,Grosvenor Station+Bay F,4,NA,1,GROSVENOR STATION+BAY F,GROSVENOR STATION,WMATA
26430020,M12,M12,11,1,20:05:00,21558,Twinbrook+Bay A,74,NA,1,TWINBROOK+BAY A,TWINBROOK STATION,WMATA
26430020,M12,M12,11,1,19:48:00,16955,Wheaton+Bay B,49,NA,1,WHEATON+BAY B,WHEATON STATION,WMATA
26432020,LCL,LCL,11,0,17:41:00,29090,Grosvenor Station,8,NA,1,GROSVENOR STATION,GROSVENOR STATION,WMATA
26436020,LCL,LCL,11,0,16:41:00,29090,Grosvenor Station,8,NA,1,GROSVENOR STATION,GROSVENOR STATION,WMATA
26443020,P30,P30,11,0,18:24:00,18911,Silver Spring+Bay 223,2,NA,1,SILVER SPRING+BAY 223,SILVER SPRING STATION,WMATA
26445020,M42,M42,11,1,18:57:00,15313,Glenmont+Bay F,78,NA,1,GLENMONT+BAY F,GLENMONT STATION,WMATA
26477020,M54,M54,11,0,08:15:00,19054,Silver Spring+Bay 114,2,NA,1,SILVER SPRING+BAY 114,SILVER SPRING STATION,WMATA
26499020,LCL,LCL,11,1,08:56:00,29091,North Bethesda Station+Bay C,2,NA,1,NORTH BETHESDA STATION+BAY C,NORTH BETHESDA STATION,WMATA
26499020,LCL,LCL,11,1,09:04:00,29087,Grosvenor Station+Bay F,4,NA,1,GROSVENOR STATION+BAY F,GROSVENOR STATION,WMATA
26507020,EXP,EXP,11,1,14:18:00,29091,North Bethesda Station+Bay C,2,NA,1,NORTH BETHESDA STATION+BAY C,NORTH BETHESDA STATION,WMATA
26514020,D40,D40,11,0,22:51:00,18907,Silver Spring+Bay 220,55,NA,1,SILVER SPRING+BAY 220,SILVER SPRING STATION,WMATA
26518020,D40,D40,11,1,12:48:00,18907,Silver Spring+Bay 220,2,NA,1,SILVER SPRING+BAY 220,SILVER SPRING STATION,WMATA
26558020,D4X,D4X,11,1,13:20:00,18909,Silver Spring+Bay 221,2,NA,1,SILVER SPRING+BAY 221,SILVER SPRING STATION,WMATA
26602020,D6X,D6X,11,0,21:03:00,18914,Silver Spring+Bay 104,33,NA,1,SILVER SPRING+BAY 104,SILVER SPRING STATION,WMATA
26603020,M20,M20,11,0,17:01:00,18954,Silver Spring+Bay 219,2,NA,1,SILVER SPRING+BAY 219,SILVER SPRING STATION,WMATA
26603020,M20,M20,11,0,17:28:00,16136,Wheaton+Bay E,19,NA,1,WHEATON+BAY E,WHEATON STATION,WMATA
26625020,D6X,D6X,11,0,16:22:00,18914,Silver Spring+Bay 104,33,NA,1,SILVER SPRING+BAY 104,SILVER SPRING STATION,WMATA
26653020,D40,D40,11,1,08:00:00,18907,Silver Spring+Bay 220,2,NA,1,SILVER SPRING+BAY 220,SILVER SPRING STATION,WMATA
26656020,M42,M42,11,0,17:30:00,13000,Glenmont+Bay E,29,NA,1,GLENMONT+BAY E,GLENMONT STATION,WMATA
26660020,M52,M52,11,1,10:48:00,19053,Silver Spring+Bay 113,68,NA,1,SILVER SPRING+BAY 113,SILVER SPRING STATION,WMATA
26662020,M70,M70,11,1,24:46:00,19082,Montgomery Mall+Bay F,46,NA,1,MONTGOMERY MALL+BAY F,MONTGOMERY MALL TRANSIT CENTER,WMATA
26662020,M70,M70,11,1,24:29:00,15362,Bethesda+Bay C,21,NA,1,BETHESDA+BAY C,BETHESDA STATION,WMATA
26662020,M70,M70,11,1,24:15:00,18912,Silver Spring+Bay 102,2,NA,1,SILVER SPRING+BAY 102,SILVER SPRING STATION,WMATA
26669020,D4X,D4X,11,1,20:30:00,18909,Silver Spring+Bay 221,2,NA,1,SILVER SPRING+BAY 221,SILVER SPRING STATION,WMATA
26702020,D6X,D6X,11,1,08:54:00,18914,Silver Spring+Bay 104,2,NA,1,SILVER SPRING+BAY 104,SILVER SPRING STATION,WMATA
26705020,D4X,D4X,11,0,07:08:00,18909,Silver Spring+Bay 221,24,NA,1,SILVER SPRING+BAY 221,SILVER SPRING STATION,WMATA
26706020,EXP,EXP,11,1,18:35:00,29091,North Bethesda Station+Bay C,2,NA,1,NORTH BETHESDA STATION+BAY C,NORTH BETHESDA STATION,WMATA
26732020,LCL,LCL,11,0,05:43:00,29090,Grosvenor Station,8,NA,1,GROSVENOR STATION,GROSVENOR STATION,WMATA
26733020,LCL,LCL,11,1,10:42:00,29091,North Bethesda Station+Bay C,2,NA,1,NORTH BETHESDA STATION+BAY C,NORTH BETHESDA STATION,WMATA
26733020,LCL,LCL,11,1,10:50:00,29087,Grosvenor Station+Bay F,4,NA,1,GROSVENOR STATION+BAY F,GROSVENOR STATION,WMATA
26771020,M70,M70,11,1,10:12:00,18912,Silver Spring+Bay 102,2,NA,1,SILVER SPRING+BAY 102,SILVER SPRING STATION,WMATA
26771020,M70,M70,11,1,10:30:00,15362,Bethesda+Bay C,21,NA,1,BETHESDA+BAY C,BETHESDA STATION,WMATA
26771020,M70,M70,11,1,10:54:00,19082,Montgomery Mall+Bay F,46,NA,1,MONTGOMERY MALL+BAY F,MONTGOMERY MALL TRANSIT CENTER,WMATA
26781020,D60,D60,11,1,05:15:00,18918,Silver Spring+Bay 103,2,NA,1,SILVER SPRING+BAY 103,SILVER SPRING STATION,WMATA
26789020,LCL,LCL,11,1,05:00:00,29091,North Bethesda Station+Bay C,2,NA,1,NORTH BETHESDA STATION+BAY C,NORTH BETHESDA STATION,WMATA
26789020,LCL,LCL,11,1,05:08:00,29087,Grosvenor Station+Bay F,4,NA,1,GROSVENOR STATION+BAY F,GROSVENOR STATION,WMATA
26802020,M20,M20,11,0,15:49:00,16136,Wheaton+Bay E,19,NA,1,WHEATON+BAY E,WHEATON STATION,WMATA
26802020,M20,M20,11,0,15:24:00,18954,Silver Spring+Bay 219,2,NA,1,SILVER SPRING+BAY 219,SILVER SPRING STATION,WMATA
26811020,M52,M52,11,1,07:19:00,19053,Silver Spring+Bay 113,101,NA,1,SILVER SPRING+BAY 113,SILVER SPRING STATION,WMATA
26817020,M20,M20,11,1,23:20:00,15406,Wheaton+Bay A,2,NA,1,WHEATON+BAY A,WHEATON STATION,WMATA
26817020,M20,M20,11,1,23:32:00,18954,Silver Spring+Bay 219,21,NA,1,SILVER SPRING+BAY 219,SILVER SPRING STATION,WMATA
26820020,M12,M12,11,0,10:48:00,10628,Wheaton+Bay D,28,NA,1,WHEATON+BAY D,WHEATON STATION,WMATA
26820020,M12,M12,11,0,10:28:00,21558,Twinbrook+Bay A,2,NA,1,TWINBROOK+BAY A,TWINBROOK STATION,WMATA
26827020,M42,M42,11,1,10:25:00,15313,Glenmont+Bay F,78,NA,1,GLENMONT+BAY F,GLENMONT STATION,WMATA
26836020,M82,M82,11,1,06:00:00,17396,Rockville+Bay A,2,NA,1,ROCKVILLE+BAY A,ROCKVILLE STATION,WMATA
26838020,D6X,D6X,11,1,05:15:00,18914,Silver Spring+Bay 104,2,NA,1,SILVER SPRING+BAY 104,SILVER SPRING STATION,WMATA
26844020,M44,M44,11,1,16:12:00,15313,Glenmont+Bay F,91,NA,1,GLENMONT+BAY F,GLENMONT STATION,WMATA
26854020,M70,M70,11,1,17:45:00,19082,Montgomery Mall+Bay F,46,NA,1,MONTGOMERY MALL+BAY F,MONTGOMERY MALL TRANSIT CENTER,WMATA
26854020,M70,M70,11,1,16:50:00,18912,Silver Spring+Bay 102,2,NA,1,SILVER SPRING+BAY 102,SILVER SPRING STATION,WMATA
26854020,M70,M70,11,1,17:11:00,15362,Bethesda+Bay C,21,NA,1,BETHESDA+BAY C,BETHESDA STATION,WMATA
26856020,M20,M20,11,1,11:27:00,15406,Wheaton+Bay A,35,NA,1,WHEATON+BAY A,WHEATON STATION,WMATA
26856020,M20,M20,11,1,11:47:00,18954,Silver Spring+Bay 219,54,NA,1,SILVER SPRING+BAY 219,SILVER SPRING STATION,WMATA
26856020,M20,M20,11,1,11:14:00,12892,Glenmont+Bay D,23,NA,1,GLENMONT+BAY D,GLENMONT STATION,WMATA
26870020,D4X,D4X,11,0,12:36:00,18909,Silver Spring+Bay 221,24,NA,1,SILVER SPRING+BAY 221,SILVER SPRING STATION,WMATA
26915020,M12,M12,11,0,23:00:00,21558,Twinbrook+Bay A,2,NA,1,TWINBROOK+BAY A,TWINBROOK STATION,WMATA
26915020,M12,M12,11,0,23:17:00,10628,Wheaton+Bay D,28,NA,1,WHEATON+BAY D,WHEATON STATION,WMATA
26927020,M54,M54,11,1,19:32:00,19054,Silver Spring+Bay 114,54,NA,1,SILVER SPRING+BAY 114,SILVER SPRING STATION,WMATA
26932020,LCL,LCL,11,1,07:40:00,29087,Grosvenor Station+Bay F,4,NA,1,GROSVENOR STATION+BAY F,GROSVENOR STATION,WMATA
26932020,LCL,LCL,11,1,07:32:00,29091,North Bethesda Station+Bay C,2,NA,1,NORTH BETHESDA STATION+BAY C,NORTH BETHESDA STATION,WMATA
26952020,EXP,EXP,11,1,15:47:00,29091,North Bethesda Station+Bay C,2,NA,1,NORTH BETHESDA STATION+BAY C,NORTH BETHESDA STATION,WMATA
26974020,M20,M20,11,1,13:47:00,18954,Silver Spring+Bay 219,54,NA,1,SILVER SPRING+BAY 219,SILVER SPRING STATION,WMATA
26974020,M20,M20,11,1,13:14:00,12892,Glenmont+Bay D,23,NA,1,GLENMONT+BAY D,GLENMONT STATION,WMATA
26974020,M20,M20,11,1,13:27:00,15406,Wheaton+Bay A,35,NA,1,WHEATON+BAY A,WHEATON STATION,WMATA
27027020,M70,M70,11,0,10:00:00,19082,Montgomery Mall+Bay F,2,NA,1,MONTGOMERY MALL+BAY F,MONTGOMERY MALL TRANSIT CENTER,WMATA
27027020,M70,M70,11,0,10:26:00,15362,Bethesda+Bay C,27,NA,1,BETHESDA+BAY C,BETHESDA STATION,WMATA
27027020,M70,M70,11,0,10:43:00,18912,Silver Spring+Bay 102,46,NA,1,SILVER SPRING+BAY 102,SILVER SPRING STATION,WMATA
27030020,M54,M54,11,1,06:01:00,19054,Silver Spring+Bay 114,54,NA,1,SILVER SPRING+BAY 114,SILVER SPRING STATION,WMATA
27050020,D4X,D4X,11,0,16:27:00,18909,Silver Spring+Bay 221,24,NA,1,SILVER SPRING+BAY 221,SILVER SPRING STATION,WMATA
27055020,M70,M70,11,1,20:14:00,19082,Montgomery Mall+Bay F,46,NA,1,MONTGOMERY MALL+BAY F,MONTGOMERY MALL TRANSIT CENTER,WMATA
27055020,M70,M70,11,1,19:52:00,15362,Bethesda+Bay C,21,NA,1,BETHESDA+BAY C,BETHESDA STATION,WMATA
27055020,M70,M70,11,1,19:36:00,18912,Silver Spring+Bay 102,2,NA,1,SILVER SPRING+BAY 102,SILVER SPRING STATION,WMATA
27072020,EXP,EXP,11,1,09:05:00,29091,North Bethesda Station+Bay C,2,NA,1,NORTH BETHESDA STATION+BAY C,NORTH BETHESDA STATION,WMATA
27082020,D96,D96,11,0,08:44:00,28523,Bethesda+Bay A,79,NA,1,BETHESDA+BAY A,BETHESDA STATION,WMATA
27083020,D96,D96,11,1,18:00:00,28523,Bethesda+Bay A,2,NA,1,BETHESDA+BAY A,BETHESDA STATION,WMATA
27084020,P30,P30,11,1,05:24:00,18911,Silver Spring+Bay 223,67,NA,1,SILVER SPRING+BAY 223,SILVER SPRING STATION,WMATA
27096020,LCL,LCL,11,0,13:07:00,29090,Grosvenor Station,8,NA,1,GROSVENOR STATION,GROSVENOR STATION,WMATA
27116020,LCL,LCL,11,1,12:04:00,29091,North Bethesda Station+Bay C,2,NA,1,NORTH BETHESDA STATION+BAY C,NORTH BETHESDA STATION,WMATA
27116020,LCL,LCL,11,1,12:12:00,29087,Grosvenor Station+Bay F,4,NA,1,GROSVENOR STATION+BAY F,GROSVENOR STATION,WMATA
27128020,D4X,D4X,11,1,07:40:00,18909,Silver Spring+Bay 221,2,NA,1,SILVER SPRING+BAY 221,SILVER SPRING STATION,WMATA
27141020,D60,D60,11,1,18:45:00,18918,Silver Spring+Bay 103,2,NA,1,SILVER SPRING+BAY 103,SILVER SPRING STATION,WMATA
27170020,D96,D96,11,1,11:31:00,28523,Bethesda+Bay A,2,NA,1,BETHESDA+BAY A,BETHESDA STATION,WMATA
27185020,M20,M20,11,1,24:32:00,18954,Silver Spring+Bay 219,21,NA,1,SILVER SPRING+BAY 219,SILVER SPRING STATION,WMATA
27185020,M20,M20,11,1,24:20:00,15406,Wheaton+Bay A,2,NA,1,WHEATON+BAY A,WHEATON STATION,WMATA
27192020,M12,M12,11,0,26:00:00,21558,Twinbrook+Bay A,2,NA,1,TWINBROOK+BAY A,TWINBROOK STATION,WMATA
27192020,M12,M12,11,0,26:14:00,10628,Wheaton+Bay D,28,NA,1,WHEATON+BAY D,WHEATON STATION,WMATA
27194020,EXP,EXP,11,1,19:47:00,29091,North Bethesda Station+Bay C,2,NA,1,NORTH BETHESDA STATION+BAY C,NORTH BETHESDA STATION,WMATA
27214020,P30,P30,11,1,18:01:00,18911,Silver Spring+Bay 223,67,NA,1,SILVER SPRING+BAY 223,SILVER SPRING STATION,WMATA
27251020,EXP,EXP,11,1,12:48:00,29091,North Bethesda Station+Bay C,2,NA,1,NORTH BETHESDA STATION+BAY C,NORTH BETHESDA STATION,WMATA
27274020,D4X,D4X,11,1,18:00:00,18909,Silver Spring+Bay 221,2,NA,1,SILVER SPRING+BAY 221,SILVER SPRING STATION,WMATA
27278020,M70,M70,11,1,14:40:00,18912,Silver Spring+Bay 102,2,NA,1,SILVER SPRING+BAY 102,SILVER SPRING STATION,WMATA
27278020,M70,M70,11,1,15:31:00,19082,Montgomery Mall+Bay F,46,NA,1,MONTGOMERY MALL+BAY F,MONTGOMERY MALL TRANSIT CENTER,WMATA
27278020,M70,M70,11,1,15:00:00,15362,Bethesda+Bay C,21,NA,1,BETHESDA+BAY C,BETHESDA STATION,WMATA
27292020,EXP,EXP,11,1,12:00:00,29091,North Bethesda Station+Bay C,2,NA,1,NORTH BETHESDA STATION+BAY C,NORTH BETHESDA STATION,WMATA
27295020,P30,P30,11,1,25:45:00,18911,Silver Spring+Bay 223,67,NA,1,SILVER SPRING+BAY 223,SILVER SPRING STATION,WMATA
27301020,D6X,D6X,11,0,17:03:00,18914,Silver Spring+Bay 104,33,NA,1,SILVER SPRING+BAY 104,SILVER SPRING STATION,WMATA
27302020,D40,D40,11,0,17:02:00,18907,Silver Spring+Bay 220,55,NA,1,SILVER SPRING+BAY 220,SILVER SPRING STATION,WMATA
27318020,M70,M70,11,1,05:40:00,18912,Silver Spring+Bay 102,2,NA,1,SILVER SPRING+BAY 102,SILVER SPRING STATION,WMATA
27318020,M70,M70,11,1,06:23:00,19082,Montgomery Mall+Bay F,46,NA,1,MONTGOMERY MALL+BAY F,MONTGOMERY MALL TRANSIT CENTER,WMATA
27318020,M70,M70,11,1,05:58:00,15362,Bethesda+Bay C,21,NA,1,BETHESDA+BAY C,BETHESDA STATION,WMATA
27327020,M12,M12,11,0,09:48:00,10628,Wheaton+Bay D,2,NA,1,WHEATON+BAY D,WHEATON STATION,WMATA
27340020,EXP,EXP,11,1,16:09:00,29091,North Bethesda Station+Bay C,2,NA,1,NORTH BETHESDA STATION+BAY C,NORTH BETHESDA STATION,WMATA
27347020,EXP,EXP,11,1,13:41:00,29091,North Bethesda Station+Bay C,2,NA,1,NORTH BETHESDA STATION+BAY C,NORTH BETHESDA STATION,WMATA
27348020,D40,D40,11,0,04:43:00,18907,Silver Spring+Bay 220,59,NA,1,SILVER SPRING+BAY 220,SILVER SPRING STATION,WMATA
27353020,M70,M70,11,0,13:24:00,15362,Bethesda+Bay C,27,NA,1,BETHESDA+BAY C,BETHESDA STATION,WMATA
27353020,M70,M70,11,0,13:43:00,18912,Silver Spring+Bay 102,46,NA,1,SILVER SPRING+BAY 102,SILVER SPRING STATION,WMATA
27353020,M70,M70,11,0,13:00:00,19082,Montgomery Mall+Bay F,2,NA,1,MONTGOMERY MALL+BAY F,MONTGOMERY MALL TRANSIT CENTER,WMATA
27376020,M12,M12,11,1,15:51:00,16955,Wheaton+Bay B,31,NA,1,WHEATON+BAY B,WHEATON STATION,WMATA
27401020,M54,M54,11,0,07:15:00,19054,Silver Spring+Bay 114,2,NA,1,SILVER SPRING+BAY 114,SILVER SPRING STATION,WMATA
27415020,M12,M12,11,0,20:00:00,10628,Wheaton+Bay D,28,NA,1,WHEATON+BAY D,WHEATON STATION,WMATA
27415020,M12,M12,11,0,19:43:00,21558,Twinbrook+Bay A,2,NA,1,TWINBROOK+BAY A,TWINBROOK STATION,WMATA
27417020,D4X,D4X,11,0,10:25:00,18909,Silver Spring+Bay 221,24,NA,1,SILVER SPRING+BAY 221,SILVER SPRING STATION,WMATA
27426020,M20,M20,11,1,08:05:00,18954,Silver Spring+Bay 219,21,NA,1,SILVER SPRING+BAY 219,SILVER SPRING STATION,WMATA
27426020,M20,M20,11,1,07:45:00,15406,Wheaton+Bay A,2,NA,1,WHEATON+BAY A,WHEATON STATION,WMATA
27427020,M44,M44,11,0,20:10:00,13000,Glenmont+Bay E,29,NA,1,GLENMONT+BAY E,GLENMONT STATION,WMATA
27448020,LCL,LCL,11,0,20:52:00,29090,Grosvenor Station,8,NA,1,GROSVENOR STATION,GROSVENOR STATION,WMATA
27457020,M44,M44,11,0,08:41:00,13000,Glenmont+Bay E,29,NA,1,GLENMONT+BAY E,GLENMONT STATION,WMATA
27464020,M12,M12,11,1,10:18:00,16955,Wheaton+Bay B,49,NA,1,WHEATON+BAY B,WHEATON STATION,WMATA
27464020,M12,M12,11,1,10:37:00,21558,Twinbrook+Bay A,74,NA,1,TWINBROOK+BAY A,TWINBROOK STATION,WMATA
27475020,D4X,D4X,11,1,15:00:00,18909,Silver Spring+Bay 221,2,NA,1,SILVER SPRING+BAY 221,SILVER SPRING STATION,WMATA
27476020,P30,P30,11,0,09:27:00,18911,Silver Spring+Bay 223,2,NA,1,SILVER SPRING+BAY 223,SILVER SPRING STATION,WMATA
27480020,EXP,EXP,11,1,06:58:00,29091,North Bethesda Station+Bay C,2,NA,1,NORTH BETHESDA STATION+BAY C,NORTH BETHESDA STATION,WMATA
27505020,D4X,D4X,11,0,22:34:00,18909,Silver Spring+Bay 221,24,NA,1,SILVER SPRING+BAY 221,SILVER SPRING STATION,WMATA
27516020,LCL,LCL,11,1,07:28:00,29091,North Bethesda Station+Bay C,2,NA,1,NORTH BETHESDA STATION+BAY C,NORTH BETHESDA STATION,WMATA
27516020,LCL,LCL,11,1,07:36:00,29087,Grosvenor Station+Bay F,4,NA,1,GROSVENOR STATION+BAY F,GROSVENOR STATION,WMATA
27527020,EXP,EXP,11,1,18:21:00,29091,North Bethesda Station+Bay C,2,NA,1,NORTH BETHESDA STATION+BAY C,NORTH BETHESDA STATION,WMATA
27532020,M12,M12,11,0,21:17:00,10628,Wheaton+Bay D,28,NA,1,WHEATON+BAY D,WHEATON STATION,WMATA
27532020,M12,M12,11,0,21:00:00,21558,Twinbrook+Bay A,2,NA,1,TWINBROOK+BAY A,TWINBROOK STATION,WMATA
27575020,D4X,D4X,11,0,16:17:00,18909,Silver Spring+Bay 221,24,NA,1,SILVER SPRING+BAY 221,SILVER SPRING STATION,WMATA
27584020,LCL,LCL,11,0,06:31:00,29090,Grosvenor Station,8,NA,1,GROSVENOR STATION,GROSVENOR STATION,WMATA
27606020,M20,M20,11,1,21:08:00,12892,Glenmont+Bay D,23,NA,1,GLENMONT+BAY D,GLENMONT STATION,WMATA
27606020,M20,M20,11,1,21:32:00,18954,Silver Spring+Bay 219,54,NA,1,SILVER SPRING+BAY 219,SILVER SPRING STATION,WMATA
27606020,M20,M20,11,1,21:18:00,15406,Wheaton+Bay A,35,NA,1,WHEATON+BAY A,WHEATON STATION,WMATA
27610020,D60,D60,11,1,08:20:00,18918,Silver Spring+Bay 103,2,NA,1,SILVER SPRING+BAY 103,SILVER SPRING STATION,WMATA
27611020,M44,M44,11,1,10:12:00,15313,Glenmont+Bay F,91,NA,1,GLENMONT+BAY F,GLENMONT STATION,WMATA
27625020,D6X,D6X,11,1,08:12:00,18914,Silver Spring+Bay 104,2,NA,1,SILVER SPRING+BAY 104,SILVER SPRING STATION,WMATA
27632020,D6X,D6X,11,0,16:46:00,18914,Silver Spring+Bay 104,33,NA,1,SILVER SPRING+BAY 104,SILVER SPRING STATION,WMATA
27635020,M70,M70,11,1,11:30:00,15362,Bethesda+Bay C,21,NA,1,BETHESDA+BAY C,BETHESDA STATION,WMATA
27635020,M70,M70,11,1,11:54:00,19082,Montgomery Mall+Bay F,46,NA,1,MONTGOMERY MALL+BAY F,MONTGOMERY MALL TRANSIT CENTER,WMATA
27635020,M70,M70,11,1,11:12:00,18912,Silver Spring+Bay 102,2,NA,1,SILVER SPRING+BAY 102,SILVER SPRING STATION,WMATA
27667020,LCL,LCL,11,0,17:29:00,29090,Grosvenor Station,8,NA,1,GROSVENOR STATION,GROSVENOR STATION,WMATA
27668020,D40,D40,11,1,06:24:00,18907,Silver Spring+Bay 220,2,NA,1,SILVER SPRING+BAY 220,SILVER SPRING STATION,WMATA
27679020,D60,D60,11,1,18:30:00,18918,Silver Spring+Bay 103,2,NA,1,SILVER SPRING+BAY 103,SILVER SPRING STATION,WMATA
27725020,D60,D60,11,1,02:40:00,18918,Silver Spring+Bay 103,2,NA,1,SILVER SPRING+BAY 103,SILVER SPRING STATION,WMATA
27755020,D60,D60,11,0,25:48:00,18918,Silver Spring+Bay 103,55,NA,1,SILVER SPRING+BAY 103,SILVER SPRING STATION,WMATA
27760020,LCL,LCL,11,1,14:16:00,29087,Grosvenor Station+Bay F,4,NA,1,GROSVENOR STATION+BAY F,GROSVENOR STATION,WMATA
27760020,LCL,LCL,11,1,14:08:00,29091,North Bethesda Station+Bay C,2,NA,1,NORTH BETHESDA STATION+BAY C,NORTH BETHESDA STATION,WMATA
27780020,M12,M12,11,0,18:29:00,21558,Twinbrook+Bay A,2,NA,1,TWINBROOK+BAY A,TWINBROOK STATION,WMATA
27780020,M12,M12,11,0,18:50:00,10628,Wheaton+Bay D,28,NA,1,WHEATON+BAY D,WHEATON STATION,WMATA
27783020,LCL,LCL,11,1,06:12:00,29091,North Bethesda Station+Bay C,2,NA,1,NORTH BETHESDA STATION+BAY C,NORTH BETHESDA STATION,WMATA
27783020,LCL,LCL,11,1,06:20:00,29087,Grosvenor Station+Bay F,4,NA,1,GROSVENOR STATION+BAY F,GROSVENOR STATION,WMATA
27787020,D40,D40,11,0,09:42:00,18907,Silver Spring+Bay 220,55,NA,1,SILVER SPRING+BAY 220,SILVER SPRING STATION,WMATA
27794020,EXP,EXP,11,1,12:17:00,29091,North Bethesda Station+Bay C,2,NA,1,NORTH BETHESDA STATION+BAY C,NORTH BETHESDA STATION,WMATA
27798020,EXP,EXP,11,1,11:48:00,29091,North Bethesda Station+Bay C,2,NA,1,NORTH BETHESDA STATION+BAY C,NORTH BETHESDA STATION,WMATA
27807020,EXP,EXP,11,1,05:47:00,29091,North Bethesda Station+Bay C,2,NA,1,NORTH BETHESDA STATION+BAY C,NORTH BETHESDA STATION,WMATA
27810020,D6X,D6X,11,1,07:48:00,18914,Silver Spring+Bay 104,2,NA,1,SILVER SPRING+BAY 104,SILVER SPRING STATION,WMATA
27817020,M22,M22,11,0,22:30:00,16136,Wheaton+Bay E,36,NA,1,WHEATON+BAY E,WHEATON STATION,WMATA
27817020,M22,M22,11,0,22:40:00,12893,Glenmont+Bay H,47,NA,1,GLENMONT+BAY H,GLENMONT STATION,WMATA
27817020,M22,M22,11,0,22:08:00,15389,Bethesda+Bay B,2,NA,1,BETHESDA+BAY B,BETHESDA STATION,WMATA
27820020,EXP,EXP,11,1,15:27:00,29091,North Bethesda Station+Bay C,2,NA,1,NORTH BETHESDA STATION+BAY C,NORTH BETHESDA STATION,WMATA
27834020,D40,D40,11,1,08:24:00,18907,Silver Spring+Bay 220,2,NA,1,SILVER SPRING+BAY 220,SILVER SPRING STATION,WMATA
27835020,M22,M22,11,0,25:07:00,12893,Glenmont+Bay H,13,NA,1,GLENMONT+BAY H,GLENMONT STATION,WMATA
27835020,M22,M22,11,0,25:00:00,16136,Wheaton+Bay E,2,NA,1,WHEATON+BAY E,WHEATON STATION,WMATA
27841020,M70,M70,11,1,19:31:00,19082,Montgomery Mall+Bay F,46,NA,1,MONTGOMERY MALL+BAY F,MONTGOMERY MALL TRANSIT CENTER,WMATA
27841020,M70,M70,11,1,18:50:00,18912,Silver Spring+Bay 102,2,NA,1,SILVER SPRING+BAY 102,SILVER SPRING STATION,WMATA
27841020,M70,M70,11,1,19:07:00,15362,Bethesda+Bay C,21,NA,1,BETHESDA+BAY C,BETHESDA STATION,WMATA
27866020,D40,D40,11,0,09:30:00,18907,Silver Spring+Bay 220,55,NA,1,SILVER SPRING+BAY 220,SILVER SPRING STATION,WMATA
27867020,EXP,EXP,11,1,11:51:00,29091,North Bethesda Station+Bay C,2,NA,1,NORTH BETHESDA STATION+BAY C,NORTH BETHESDA STATION,WMATA
27878020,P30,P30,11,0,18:48:00,18911,Silver Spring+Bay 223,2,NA,1,SILVER SPRING+BAY 223,SILVER SPRING STATION,WMATA
27914020,LCL,LCL,11,1,07:04:00,29087,Grosvenor Station+Bay F,4,NA,1,GROSVENOR STATION+BAY F,GROSVENOR STATION,WMATA
27914020,LCL,LCL,11,1,06:56:00,29091,North Bethesda Station+Bay C,2,NA,1,NORTH BETHESDA STATION+BAY C,NORTH BETHESDA STATION,WMATA
27946020,P30,P30,11,0,25:30:00,18911,Silver Spring+Bay 223,2,NA,1,SILVER SPRING+BAY 223,SILVER SPRING STATION,WMATA
27962020,D6X,D6X,11,0,18:54:00,18914,Silver Spring+Bay 104,33,NA,1,SILVER SPRING+BAY 104,SILVER SPRING STATION,WMATA
27975020,EXP,EXP,11,1,11:14:00,29091,North Bethesda Station+Bay C,2,NA,1,NORTH BETHESDA STATION+BAY C,NORTH BETHESDA STATION,WMATA
27986020,EXP,EXP,11,1,08:51:00,29091,North Bethesda Station+Bay C,2,NA,1,NORTH BETHESDA STATION+BAY C,NORTH BETHESDA STATION,WMATA
28005020,D40,D40,11,0,15:09:00,18907,Silver Spring+Bay 220,55,NA,1,SILVER SPRING+BAY 220,SILVER SPRING STATION,WMATA
28022020,D6X,D6X,11,0,20:03:00,18914,Silver Spring+Bay 104,33,NA,1,SILVER SPRING+BAY 104,SILVER SPRING STATION,WMATA
28023020,M20,M20,11,1,12:07:00,15406,Wheaton+Bay A,2,NA,1,WHEATON+BAY A,WHEATON STATION,WMATA
28023020,M20,M20,11,1,12:27:00,18954,Silver Spring+Bay 219,21,NA,1,SILVER SPRING+BAY 219,SILVER SPRING STATION,WMATA
28031020,D4X,D4X,11,1,08:10:00,18909,Silver Spring+Bay 221,2,NA,1,SILVER SPRING+BAY 221,SILVER SPRING STATION,WMATA
28045020,M22,M22,11,0,09:30:00,16136,Wheaton+Bay E,36,NA,1,WHEATON+BAY E,WHEATON STATION,WMATA
28045020,M22,M22,11,0,09:07:00,15389,Bethesda+Bay B,2,NA,1,BETHESDA+BAY B,BETHESDA STATION,WMATA
28045020,M22,M22,11,0,09:42:00,12893,Glenmont+Bay H,47,NA,1,GLENMONT+BAY H,GLENMONT STATION,WMATA
28047020,D4X,D4X,11,1,10:00:00,18909,Silver Spring+Bay 221,2,NA,1,SILVER SPRING+BAY 221,SILVER SPRING STATION,WMATA
28066020,EXP,EXP,11,1,17:07:00,29091,North Bethesda Station+Bay C,2,NA,1,NORTH BETHESDA STATION+BAY C,NORTH BETHESDA STATION,WMATA
28075020,M12,M12,11,0,12:04:00,21558,Twinbrook+Bay A,2,NA,1,TWINBROOK+BAY A,TWINBROOK STATION,WMATA
28075020,M12,M12,11,0,12:24:00,10628,Wheaton+Bay D,28,NA,1,WHEATON+BAY D,WHEATON STATION,WMATA
28085020,M12,M12,11,1,14:18:00,16955,Wheaton+Bay B,49,NA,1,WHEATON+BAY B,WHEATON STATION,WMATA
28085020,M12,M12,11,1,14:37:00,21558,Twinbrook+Bay A,74,NA,1,TWINBROOK+BAY A,TWINBROOK STATION,WMATA
28094020,M20,M20,11,0,16:47:00,18954,Silver Spring+Bay 219,2,NA,1,SILVER SPRING+BAY 219,SILVER SPRING STATION,WMATA
28094020,M20,M20,11,0,17:14:00,16136,Wheaton+Bay E,19,NA,1,WHEATON+BAY E,WHEATON STATION,WMATA
28095020,P30,P30,11,1,24:17:00,18911,Silver Spring+Bay 223,67,NA,1,SILVER SPRING+BAY 223,SILVER SPRING STATION,WMATA
28100020,M12,M12,11,1,22:50:00,21558,Twinbrook+Bay A,74,NA,1,TWINBROOK+BAY A,TWINBROOK STATION,WMATA
28100020,M12,M12,11,1,22:36:00,16955,Wheaton+Bay B,49,NA,1,WHEATON+BAY B,WHEATON STATION,WMATA
28107020,D6X,D6X,11,0,17:18:00,18914,Silver Spring+Bay 104,33,NA,1,SILVER SPRING+BAY 104,SILVER SPRING STATION,WMATA
28140020,LCL,LCL,11,0,06:35:00,29090,Grosvenor Station,8,NA,1,GROSVENOR STATION,GROSVENOR STATION,WMATA
28145020,LCL,LCL,11,0,20:11:00,29090,Grosvenor Station,8,NA,1,GROSVENOR STATION,GROSVENOR STATION,WMATA
28174020,LCL,LCL,11,1,12:20:00,29091,North Bethesda Station+Bay C,2,NA,1,NORTH BETHESDA STATION+BAY C,NORTH BETHESDA STATION,WMATA
28174020,LCL,LCL,11,1,12:28:00,29087,Grosvenor Station+Bay F,4,NA,1,GROSVENOR STATION+BAY F,GROSVENOR STATION,WMATA
28180020,D4X,D4X,11,0,20:34:00,18909,Silver Spring+Bay 221,24,NA,1,SILVER SPRING+BAY 221,SILVER SPRING STATION,WMATA
28206020,M20,M20,11,0,08:45:00,16136,Wheaton+Bay E,19,NA,1,WHEATON+BAY E,WHEATON STATION,WMATA
28206020,M20,M20,11,0,08:57:00,12893,Glenmont+Bay H,30,NA,1,GLENMONT+BAY H,GLENMONT STATION,WMATA
28206020,M20,M20,11,0,08:25:00,18954,Silver Spring+Bay 219,2,NA,1,SILVER SPRING+BAY 219,SILVER SPRING STATION,WMATA
28245020,EXP,EXP,11,1,18:18:00,29091,North Bethesda Station+Bay C,2,NA,1,NORTH BETHESDA STATION+BAY C,NORTH BETHESDA STATION,WMATA
28246020,M52,M52,11,0,16:00:00,19053,Silver Spring+Bay 113,2,NA,1,SILVER SPRING+BAY 113,SILVER SPRING STATION,WMATA
28258020,LCL,LCL,11,0,13:47:00,29090,Grosvenor Station,8,NA,1,GROSVENOR STATION,GROSVENOR STATION,WMATA
28264020,M12,M12,11,0,15:56:00,10628,Wheaton+Bay D,2,NA,1,WHEATON+BAY D,WHEATON STATION,WMATA
28278020,EXP,EXP,11,1,17:30:00,29091,North Bethesda Station+Bay C,2,NA,1,NORTH BETHESDA STATION+BAY C,NORTH BETHESDA STATION,WMATA
28296020,M20,M20,11,0,07:16:00,18954,Silver Spring+Bay 219,2,NA,1,SILVER SPRING+BAY 219,SILVER SPRING STATION,WMATA
28296020,M20,M20,11,0,07:35:00,16136,Wheaton+Bay E,19,NA,1,WHEATON+BAY E,WHEATON STATION,WMATA
28299020,LCL,LCL,11,1,10:18:00,29091,North Bethesda Station+Bay C,2,NA,1,NORTH BETHESDA STATION+BAY C,NORTH BETHESDA STATION,WMATA
28299020,LCL,LCL,11,1,10:26:00,29087,Grosvenor Station+Bay F,4,NA,1,GROSVENOR STATION+BAY F,GROSVENOR STATION,WMATA
28323020,M82,M82,11,0,07:46:00,17396,Rockville+Bay A,73,NA,1,ROCKVILLE+BAY A,ROCKVILLE STATION,WMATA
28333020,D4X,D4X,11,0,08:05:00,18909,Silver Spring+Bay 221,24,NA,1,SILVER SPRING+BAY 221,SILVER SPRING STATION,WMATA
28343020,D60,D60,11,1,09:48:00,18918,Silver Spring+Bay 103,2,NA,1,SILVER SPRING+BAY 103,SILVER SPRING STATION,WMATA
28345020,M22,M22,11,0,12:00:00,16136,Wheaton+Bay E,36,NA,1,WHEATON+BAY E,WHEATON STATION,WMATA
28345020,M22,M22,11,0,11:33:00,15389,Bethesda+Bay B,2,NA,1,BETHESDA+BAY B,BETHESDA STATION,WMATA
28345020,M22,M22,11,0,12:13:00,12893,Glenmont+Bay H,47,NA,1,GLENMONT+BAY H,GLENMONT STATION,WMATA
28374020,EXP,EXP,11,1,10:19:00,29091,North Bethesda Station+Bay C,2,NA,1,NORTH BETHESDA STATION+BAY C,NORTH BETHESDA STATION,WMATA
28376020,LCL,LCL,11,1,09:08:00,29087,Grosvenor Station+Bay F,4,NA,1,GROSVENOR STATION+BAY F,GROSVENOR STATION,WMATA
28376020,LCL,LCL,11,1,09:00:00,29091,North Bethesda Station+Bay C,2,NA,1,NORTH BETHESDA STATION+BAY C,NORTH BETHESDA STATION,WMATA
28388020,LCL,LCL,11,1,09:48:00,29087,Grosvenor Station+Bay F,4,NA,1,GROSVENOR STATION+BAY F,GROSVENOR STATION,WMATA
28388020,LCL,LCL,11,1,09:40:00,29091,North Bethesda Station+Bay C,2,NA,1,NORTH BETHESDA STATION+BAY C,NORTH BETHESDA STATION,WMATA
28398020,EXP,EXP,11,1,06:31:00,29091,North Bethesda Station+Bay C,2,NA,1,NORTH BETHESDA STATION+BAY C,NORTH BETHESDA STATION,WMATA
28401020,M12,M12,11,1,07:29:00,16955,Wheaton+Bay B,31,NA,1,WHEATON+BAY B,WHEATON STATION,WMATA
28404020,M20,M20,11,1,19:46:00,18954,Silver Spring+Bay 219,21,NA,1,SILVER SPRING+BAY 219,SILVER SPRING STATION,WMATA
28404020,M20,M20,11,1,19:30:00,15406,Wheaton+Bay A,2,NA,1,WHEATON+BAY A,WHEATON STATION,WMATA
28426020,M12,M12,11,0,20:12:00,10628,Wheaton+Bay D,2,NA,1,WHEATON+BAY D,WHEATON STATION,WMATA
28430020,M70,M70,11,0,21:38:00,15362,Bethesda+Bay C,27,NA,1,BETHESDA+BAY C,BETHESDA STATION,WMATA
28430020,M70,M70,11,0,21:55:00,18912,Silver Spring+Bay 102,46,NA,1,SILVER SPRING+BAY 102,SILVER SPRING STATION,WMATA
28430020,M70,M70,11,0,21:15:00,19082,Montgomery Mall+Bay F,2,NA,1,MONTGOMERY MALL+BAY F,MONTGOMERY MALL TRANSIT CENTER,WMATA
28468020,EXP,EXP,11,1,18:04:00,29091,North Bethesda Station+Bay C,2,NA,1,NORTH BETHESDA STATION+BAY C,NORTH BETHESDA STATION,WMATA
28476020,LCL,LCL,11,1,08:04:00,29087,Grosvenor Station+Bay F,4,NA,1,GROSVENOR STATION+BAY F,GROSVENOR STATION,WMATA
28476020,LCL,LCL,11,1,07:56:00,29091,North Bethesda Station+Bay C,2,NA,1,NORTH BETHESDA STATION+BAY C,NORTH BETHESDA STATION,WMATA
28502020,M22,M22,11,0,15:57:00,15389,Bethesda+Bay B,2,NA,1,BETHESDA+BAY B,BETHESDA STATION,WMATA
28502020,M22,M22,11,0,16:30:00,16136,Wheaton+Bay E,36,NA,1,WHEATON+BAY E,WHEATON STATION,WMATA
28502020,M22,M22,11,0,16:46:00,12893,Glenmont+Bay H,47,NA,1,GLENMONT+BAY H,GLENMONT STATION,WMATA
28507020,D40,D40,11,0,23:51:00,18907,Silver Spring+Bay 220,55,NA,1,SILVER SPRING+BAY 220,SILVER SPRING STATION,WMATA
28510020,P30,P30,11,0,09:03:00,18911,Silver Spring+Bay 223,2,NA,1,SILVER SPRING+BAY 223,SILVER SPRING STATION,WMATA
28530020,D60,D60,11,0,16:10:00,18918,Silver Spring+Bay 103,49,NA,1,SILVER SPRING+BAY 103,SILVER SPRING STATION,WMATA
28541020,LCL,LCL,11,1,07:16:00,29091,North Bethesda Station+Bay C,2,NA,1,NORTH BETHESDA STATION+BAY C,NORTH BETHESDA STATION,WMATA
28541020,LCL,LCL,11,1,07:24:00,29087,Grosvenor Station+Bay F,4,NA,1,GROSVENOR STATION+BAY F,GROSVENOR STATION,WMATA
28546020,D4X,D4X,11,1,06:50:00,18909,Silver Spring+Bay 221,2,NA,1,SILVER SPRING+BAY 221,SILVER SPRING STATION,WMATA
28548020,P30,P30,11,1,11:17:00,18911,Silver Spring+Bay 223,67,NA,1,SILVER SPRING+BAY 223,SILVER SPRING STATION,WMATA
28552020,M52,M52,11,1,08:19:00,19053,Silver Spring+Bay 113,101,NA,1,SILVER SPRING+BAY 113,SILVER SPRING STATION,WMATA
28592020,M12,M12,11,1,13:49:00,21558,Twinbrook+Bay A,74,NA,1,TWINBROOK+BAY A,TWINBROOK STATION,WMATA
28592020,M12,M12,11,1,13:30:00,16955,Wheaton+Bay B,49,NA,1,WHEATON+BAY B,WHEATON STATION,WMATA
28604020,D40,D40,11,0,18:11:00,18907,Silver Spring+Bay 220,55,NA,1,SILVER SPRING+BAY 220,SILVER SPRING STATION,WMATA
28608020,P30,P30,11,0,09:39:00,18911,Silver Spring+Bay 223,2,NA,1,SILVER SPRING+BAY 223,SILVER SPRING STATION,WMATA
28621020,LCL,LCL,11,1,15:25:00,29087,Grosvenor Station+Bay F,4,NA,1,GROSVENOR STATION+BAY F,GROSVENOR STATION,WMATA
28621020,LCL,LCL,11,1,15:17:00,29091,North Bethesda Station+Bay C,2,NA,1,NORTH BETHESDA STATION+BAY C,NORTH BETHESDA STATION,WMATA
28639020,EXP,EXP,11,1,06:03:00,29091,North Bethesda Station+Bay C,2,NA,1,NORTH BETHESDA STATION+BAY C,NORTH BETHESDA STATION,WMATA
28659020,P30,P30,11,0,07:03:00,18911,Silver Spring+Bay 223,2,NA,1,SILVER SPRING+BAY 223,SILVER SPRING STATION,WMATA
28677020,P30,P30,11,0,19:12:00,18911,Silver Spring+Bay 223,2,NA,1,SILVER SPRING+BAY 223,SILVER SPRING STATION,WMATA
28689020,M20,M20,11,0,14:55:00,18954,Silver Spring+Bay 219,2,NA,1,SILVER SPRING+BAY 219,SILVER SPRING STATION,WMATA
28689020,M20,M20,11,0,15:36:00,12893,Glenmont+Bay H,30,NA,1,GLENMONT+BAY H,GLENMONT STATION,WMATA
28689020,M20,M20,11,0,15:20:00,16136,Wheaton+Bay E,19,NA,1,WHEATON+BAY E,WHEATON STATION,WMATA
28698020,EXP,EXP,11,1,05:45:00,29091,North Bethesda Station+Bay C,2,NA,1,NORTH BETHESDA STATION+BAY C,NORTH BETHESDA STATION,WMATA
28705020,LCL,LCL,11,0,06:47:00,29090,Grosvenor Station,8,NA,1,GROSVENOR STATION,GROSVENOR STATION,WMATA
28713020,EXP,EXP,11,1,07:31:00,29091,North Bethesda Station+Bay C,2,NA,1,NORTH BETHESDA STATION+BAY C,NORTH BETHESDA STATION,WMATA
28738020,D4X,D4X,11,0,13:19:00,18909,Silver Spring+Bay 221,24,NA,1,SILVER SPRING+BAY 221,SILVER SPRING STATION,WMATA
28758020,LCL,LCL,11,1,04:28:00,29087,Grosvenor Station+Bay F,4,NA,1,GROSVENOR STATION+BAY F,GROSVENOR STATION,WMATA
28758020,LCL,LCL,11,1,04:20:00,29091,North Bethesda Station+Bay C,2,NA,1,NORTH BETHESDA STATION+BAY C,NORTH BETHESDA STATION,WMATA
28774020,M54,M54,11,1,09:06:00,19054,Silver Spring+Bay 114,53,NA,1,SILVER SPRING+BAY 114,SILVER SPRING STATION,WMATA
28802020,M12,M12,11,1,16:11:00,16955,Wheaton+Bay B,31,NA,1,WHEATON+BAY B,WHEATON STATION,WMATA
28816020,D4X,D4X,11,0,16:07:00,18909,Silver Spring+Bay 221,24,NA,1,SILVER SPRING+BAY 221,SILVER SPRING STATION,WMATA
28833020,D40,D40,11,0,07:54:00,18907,Silver Spring+Bay 220,55,NA,1,SILVER SPRING+BAY 220,SILVER SPRING STATION,WMATA
28862020,EXP,EXP,11,1,12:57:00,29091,North Bethesda Station+Bay C,2,NA,1,NORTH BETHESDA STATION+BAY C,NORTH BETHESDA STATION,WMATA
28881020,EXP,EXP,11,1,14:06:00,29091,North Bethesda Station+Bay C,2,NA,1,NORTH BETHESDA STATION+BAY C,NORTH BETHESDA STATION,WMATA
28889020,D4X,D4X,11,0,12:49:00,18909,Silver Spring+Bay 221,24,NA,1,SILVER SPRING+BAY 221,SILVER SPRING STATION,WMATA
28896020,M44,M44,11,0,18:14:00,13000,Glenmont+Bay E,29,NA,1,GLENMONT+BAY E,GLENMONT STATION,WMATA
28903020,D60,D60,11,1,16:30:00,18918,Silver Spring+Bay 103,2,NA,1,SILVER SPRING+BAY 103,SILVER SPRING STATION,WMATA
28920020,M42,M42,11,0,18:55:00,13000,Glenmont+Bay E,29,NA,1,GLENMONT+BAY E,GLENMONT STATION,WMATA
28922020,M70,M70,11,0,22:40:00,19082,Montgomery Mall+Bay F,2,NA,1,MONTGOMERY MALL+BAY F,MONTGOMERY MALL TRANSIT CENTER,WMATA
28922020,M70,M70,11,0,23:16:00,18912,Silver Spring+Bay 102,46,NA,1,SILVER SPRING+BAY 102,SILVER SPRING STATION,WMATA
28922020,M70,M70,11,0,23:00:00,15362,Bethesda+Bay C,27,NA,1,BETHESDA+BAY C,BETHESDA STATION,WMATA
28944020,D40,D40,11,0,12:09:00,18907,Silver Spring+Bay 220,55,NA,1,SILVER SPRING+BAY 220,SILVER SPRING STATION,WMATA
28946020,EXP,EXP,11,1,10:05:00,29091,North Bethesda Station+Bay C,2,NA,1,NORTH BETHESDA STATION+BAY C,NORTH BETHESDA STATION,WMATA
28969020,EXP,EXP,11,1,15:49:00,29091,North Bethesda Station+Bay C,2,NA,1,NORTH BETHESDA STATION+BAY C,NORTH BETHESDA STATION,WMATA
28979020,D40,D40,11,0,13:45:00,18907,Silver Spring+Bay 220,55,NA,1,SILVER SPRING+BAY 220,SILVER SPRING STATION,WMATA
29015020,EXP,EXP,11,1,14:09:00,29091,North Bethesda Station+Bay C,2,NA,1,NORTH BETHESDA STATION+BAY C,NORTH BETHESDA STATION,WMATA
29040020,EXP,EXP,11,1,05:26:00,29091,North Bethesda Station+Bay C,2,NA,1,NORTH BETHESDA STATION+BAY C,NORTH BETHESDA STATION,WMATA
29043020,EXP,EXP,11,1,10:42:00,29091,North Bethesda Station+Bay C,2,NA,1,NORTH BETHESDA STATION+BAY C,NORTH BETHESDA STATION,WMATA
29077020,LCL,LCL,11,1,06:48:00,29091,North Bethesda Station+Bay C,2,NA,1,NORTH BETHESDA STATION+BAY C,NORTH BETHESDA STATION,WMATA
29077020,LCL,LCL,11,1,06:56:00,29087,Grosvenor Station+Bay F,4,NA,1,GROSVENOR STATION+BAY F,GROSVENOR STATION,WMATA
29082020,D4X,D4X,11,0,13:59:00,18909,Silver Spring+Bay 221,24,NA,1,SILVER SPRING+BAY 221,SILVER SPRING STATION,WMATA
29103020,M70,M70,11,1,07:10:00,18912,Silver Spring+Bay 102,2,NA,1,SILVER SPRING+BAY 102,SILVER SPRING STATION,WMATA
29103020,M70,M70,11,1,08:01:00,19082,Montgomery Mall+Bay F,46,NA,1,MONTGOMERY MALL+BAY F,MONTGOMERY MALL TRANSIT CENTER,WMATA
29103020,M70,M70,11,1,07:31:00,15362,Bethesda+Bay C,21,NA,1,BETHESDA+BAY C,BETHESDA STATION,WMATA
29128020,M44,M44,11,0,22:38:00,13000,Glenmont+Bay E,29,NA,1,GLENMONT+BAY E,GLENMONT STATION,WMATA
29140020,M20,M20,11,1,20:36:00,18954,Silver Spring+Bay 219,54,NA,1,SILVER SPRING+BAY 219,SILVER SPRING STATION,WMATA
29140020,M20,M20,11,1,20:20:00,15406,Wheaton+Bay A,35,NA,1,WHEATON+BAY A,WHEATON STATION,WMATA
29140020,M20,M20,11,1,20:09:00,12892,Glenmont+Bay D,23,NA,1,GLENMONT+BAY D,GLENMONT STATION,WMATA
29143020,D6X,D6X,11,0,16:10:00,18914,Silver Spring+Bay 104,33,NA,1,SILVER SPRING+BAY 104,SILVER SPRING STATION,WMATA
29162020,D60,D60,11,0,25:33:00,18918,Silver Spring+Bay 103,55,NA,1,SILVER SPRING+BAY 103,SILVER SPRING STATION,WMATA
29169020,M70,M70,11,1,12:06:00,15362,Bethesda+Bay C,21,NA,1,BETHESDA+BAY C,BETHESDA STATION,WMATA
29169020,M70,M70,11,1,11:48:00,18912,Silver Spring+Bay 102,2,NA,1,SILVER SPRING+BAY 102,SILVER SPRING STATION,WMATA
29169020,M70,M70,11,1,12:31:00,19082,Montgomery Mall+Bay F,46,NA,1,MONTGOMERY MALL+BAY F,MONTGOMERY MALL TRANSIT CENTER,WMATA
29175020,EXP,EXP,11,1,08:38:00,29091,North Bethesda Station+Bay C,2,NA,1,NORTH BETHESDA STATION+BAY C,NORTH BETHESDA STATION,WMATA
29185020,EXP,EXP,11,1,11:08:00,29091,North Bethesda Station+Bay C,2,NA,1,NORTH BETHESDA STATION+BAY C,NORTH BETHESDA STATION,WMATA
29186020,EXP,EXP,11,1,16:12:00,29091,North Bethesda Station+Bay C,2,NA,1,NORTH BETHESDA STATION+BAY C,NORTH BETHESDA STATION,WMATA
29187020,LCL,LCL,11,0,05:55:00,29090,Grosvenor Station,8,NA,1,GROSVENOR STATION,GROSVENOR STATION,WMATA
29194020,LCL,LCL,11,1,21:53:00,29091,North Bethesda Station+Bay C,2,NA,1,NORTH BETHESDA STATION+BAY C,NORTH BETHESDA STATION,WMATA
29194020,LCL,LCL,11,1,22:01:00,29087,Grosvenor Station+Bay F,4,NA,1,GROSVENOR STATION+BAY F,GROSVENOR STATION,WMATA
29202020,M22,M22,11,0,06:30:00,16136,Wheaton+Bay E,36,NA,1,WHEATON+BAY E,WHEATON STATION,WMATA
29202020,M22,M22,11,0,06:09:00,15389,Bethesda+Bay B,2,NA,1,BETHESDA+BAY B,BETHESDA STATION,WMATA
29202020,M22,M22,11,0,06:41:00,12893,Glenmont+Bay H,47,NA,1,GLENMONT+BAY H,GLENMONT STATION,WMATA
29218020,D40,D40,11,1,07:24:00,18907,Silver Spring+Bay 220,2,NA,1,SILVER SPRING+BAY 220,SILVER SPRING STATION,WMATA
29232020,D96,D96,11,1,20:30:00,28523,Bethesda+Bay A,2,NA,1,BETHESDA+BAY A,BETHESDA STATION,WMATA
29281020,LCL,LCL,11,0,15:17:00,29090,Grosvenor Station,8,NA,1,GROSVENOR STATION,GROSVENOR STATION,WMATA
29288020,D4X,D4X,11,0,19:25:00,18909,Silver Spring+Bay 221,24,NA,1,SILVER SPRING+BAY 221,SILVER SPRING STATION,WMATA
29311020,M20,M20,11,0,18:00:00,18954,Silver Spring+Bay 219,2,NA,1,SILVER SPRING+BAY 219,SILVER SPRING STATION,WMATA
29311020,M20,M20,11,0,18:30:00,16136,Wheaton+Bay E,19,NA,1,WHEATON+BAY E,WHEATON STATION,WMATA
29337020,M20,M20,11,0,14:07:00,18954,Silver Spring+Bay 219,2,NA,1,SILVER SPRING+BAY 219,SILVER SPRING STATION,WMATA
29337020,M20,M20,11,0,14:29:00,16136,Wheaton+Bay E,19,NA,1,WHEATON+BAY E,WHEATON STATION,WMATA
29359020,EXP,EXP,11,1,11:25:00,29091,North Bethesda Station+Bay C,2,NA,1,NORTH BETHESDA STATION+BAY C,NORTH BETHESDA STATION,WMATA
29365020,M12,M12,11,1,07:23:00,16955,Wheaton+Bay B,49,NA,1,WHEATON+BAY B,WHEATON STATION,WMATA
29365020,M12,M12,11,1,07:44:00,21558,Twinbrook+Bay A,74,NA,1,TWINBROOK+BAY A,TWINBROOK STATION,WMATA
29388020,LCL,LCL,11,1,06:04:00,29087,Grosvenor Station+Bay F,4,NA,1,GROSVENOR STATION+BAY F,GROSVENOR STATION,WMATA
29388020,LCL,LCL,11,1,05:56:00,29091,North Bethesda Station+Bay C,2,NA,1,NORTH BETHESDA STATION+BAY C,NORTH BETHESDA STATION,WMATA
29430020,EXP,EXP,11,1,18:07:00,29091,North Bethesda Station+Bay C,2,NA,1,NORTH BETHESDA STATION+BAY C,NORTH BETHESDA STATION,WMATA
29431020,EXP,EXP,11,1,06:01:00,29091,North Bethesda Station+Bay C,2,NA,1,NORTH BETHESDA STATION+BAY C,NORTH BETHESDA STATION,WMATA
29438020,LCL,LCL,11,0,16:17:00,29090,Grosvenor Station,8,NA,1,GROSVENOR STATION,GROSVENOR STATION,WMATA
29440020,LCL,LCL,11,0,07:11:00,29090,Grosvenor Station,8,NA,1,GROSVENOR STATION,GROSVENOR STATION,WMATA
29443020,LCL,LCL,11,0,19:11:00,29090,Grosvenor Station,8,NA,1,GROSVENOR STATION,GROSVENOR STATION,WMATA
29455020,M44,M44,11,1,11:12:00,15313,Glenmont+Bay F,91,NA,1,GLENMONT+BAY F,GLENMONT STATION,WMATA
29469020,P30,P30,11,0,15:48:00,18911,Silver Spring+Bay 223,2,NA,1,SILVER SPRING+BAY 223,SILVER SPRING STATION,WMATA
29488020,M42,M42,11,1,13:24:00,15313,Glenmont+Bay F,78,NA,1,GLENMONT+BAY F,GLENMONT STATION,WMATA
29498020,M42,M42,11,0,15:29:00,13000,Glenmont+Bay E,29,NA,1,GLENMONT+BAY E,GLENMONT STATION,WMATA
29523020,D6X,D6X,11,1,06:00:00,18914,Silver Spring+Bay 104,2,NA,1,SILVER SPRING+BAY 104,SILVER SPRING STATION,WMATA
29524020,EXP,EXP,11,1,17:28:00,29091,North Bethesda Station+Bay C,2,NA,1,NORTH BETHESDA STATION+BAY C,NORTH BETHESDA STATION,WMATA
29610020,M54,M54,11,1,16:04:00,19054,Silver Spring+Bay 114,54,NA,1,SILVER SPRING+BAY 114,SILVER SPRING STATION,WMATA
29613020,D40,D40,11,1,07:00:00,18907,Silver Spring+Bay 220,2,NA,1,SILVER SPRING+BAY 220,SILVER SPRING STATION,WMATA
29619020,M70,M70,11,0,24:04:00,18912,Silver Spring+Bay 102,46,NA,1,SILVER SPRING+BAY 102,SILVER SPRING STATION,WMATA
29619020,M70,M70,11,0,23:30:00,19082,Montgomery Mall+Bay F,2,NA,1,MONTGOMERY MALL+BAY F,MONTGOMERY MALL TRANSIT CENTER,WMATA
29619020,M70,M70,11,0,23:50:00,15362,Bethesda+Bay C,27,NA,1,BETHESDA+BAY C,BETHESDA STATION,WMATA
29642020,M20,M20,11,0,13:44:00,16136,Wheaton+Bay E,19,NA,1,WHEATON+BAY E,WHEATON STATION,WMATA
29642020,M20,M20,11,0,13:22:00,18954,Silver Spring+Bay 219,2,NA,1,SILVER SPRING+BAY 219,SILVER SPRING STATION,WMATA
29655020,EXP,EXP,11,1,11:05:00,29091,North Bethesda Station+Bay C,2,NA,1,NORTH BETHESDA STATION+BAY C,NORTH BETHESDA STATION,WMATA
29656020,D6X,D6X,11,0,18:23:00,18914,Silver Spring+Bay 104,33,NA,1,SILVER SPRING+BAY 104,SILVER SPRING STATION,WMATA
29658020,M44,M44,11,1,17:10:00,15313,Glenmont+Bay F,91,NA,1,GLENMONT+BAY F,GLENMONT STATION,WMATA
29667020,EXP,EXP,11,1,05:42:00,29091,North Bethesda Station+Bay C,2,NA,1,NORTH BETHESDA STATION+BAY C,NORTH BETHESDA STATION,WMATA
29677020,D4X,D4X,11,1,06:00:00,18909,Silver Spring+Bay 221,2,NA,1,SILVER SPRING+BAY 221,SILVER SPRING STATION,WMATA
29682020,D40,D40,11,1,10:12:00,18907,Silver Spring+Bay 220,2,NA,1,SILVER SPRING+BAY 220,SILVER SPRING STATION,WMATA
29692020,D4X,D4X,11,1,17:40:00,18909,Silver Spring+Bay 221,2,NA,1,SILVER SPRING+BAY 221,SILVER SPRING STATION,WMATA
29714020,M20,M20,11,1,07:39:00,12892,Glenmont+Bay D,23,NA,1,GLENMONT+BAY D,GLENMONT STATION,WMATA
29714020,M20,M20,11,1,08:11:00,18954,Silver Spring+Bay 219,54,NA,1,SILVER SPRING+BAY 219,SILVER SPRING STATION,WMATA
29714020,M20,M20,11,1,07:51:00,15406,Wheaton+Bay A,35,NA,1,WHEATON+BAY A,WHEATON STATION,WMATA
29734020,LCL,LCL,11,1,04:24:00,29091,North Bethesda Station+Bay C,2,NA,1,NORTH BETHESDA STATION+BAY C,NORTH BETHESDA STATION,WMATA
29734020,LCL,LCL,11,1,04:32:00,29087,Grosvenor Station+Bay F,4,NA,1,GROSVENOR STATION+BAY F,GROSVENOR STATION,WMATA
29741020,EXP,EXP,11,1,15:35:00,29091,North Bethesda Station+Bay C,2,NA,1,NORTH BETHESDA STATION+BAY C,NORTH BETHESDA STATION,WMATA
29746020,D40,D40,11,0,23:39:00,18907,Silver Spring+Bay 220,55,NA,1,SILVER SPRING+BAY 220,SILVER SPRING STATION,WMATA
29754020,M22,M22,11,0,16:06:00,12893,Glenmont+Bay H,47,NA,1,GLENMONT+BAY H,GLENMONT STATION,WMATA
29754020,M22,M22,11,0,15:50:00,16136,Wheaton+Bay E,36,NA,1,WHEATON+BAY E,WHEATON STATION,WMATA
29754020,M22,M22,11,0,15:17:00,15389,Bethesda+Bay B,2,NA,1,BETHESDA+BAY B,BETHESDA STATION,WMATA
29768020,EXP,EXP,11,1,04:45:00,29091,North Bethesda Station+Bay C,2,NA,1,NORTH BETHESDA STATION+BAY C,NORTH BETHESDA STATION,WMATA
29774020,M22,M22,11,0,19:00:00,16136,Wheaton+Bay E,36,NA,1,WHEATON+BAY E,WHEATON STATION,WMATA
29774020,M22,M22,11,0,19:15:00,12893,Glenmont+Bay H,47,NA,1,GLENMONT+BAY H,GLENMONT STATION,WMATA
29774020,M22,M22,11,0,18:26:00,15389,Bethesda+Bay B,2,NA,1,BETHESDA+BAY B,BETHESDA STATION,WMATA
29779020,D60,D60,11,1,01:40:00,18918,Silver Spring+Bay 103,2,NA,1,SILVER SPRING+BAY 103,SILVER SPRING STATION,WMATA
29787020,LCL,LCL,11,1,15:06:00,29091,North Bethesda Station+Bay C,2,NA,1,NORTH BETHESDA STATION+BAY C,NORTH BETHESDA STATION,WMATA
29787020,LCL,LCL,11,1,15:14:00,29087,Grosvenor Station+Bay F,4,NA,1,GROSVENOR STATION+BAY F,GROSVENOR STATION,WMATA
29806020,LCL,LCL,11,0,15:40:00,29090,Grosvenor Station,8,NA,1,GROSVENOR STATION,GROSVENOR STATION,WMATA
29810020,EXP,EXP,11,1,22:50:00,29091,North Bethesda Station+Bay C,2,NA,1,NORTH BETHESDA STATION+BAY C,NORTH BETHESDA STATION,WMATA
29822020,M54,M54,11,0,10:15:00,19054,Silver Spring+Bay 114,2,NA,1,SILVER SPRING+BAY 114,SILVER SPRING STATION,WMATA
29837020,D60,D60,11,1,20:45:00,18918,Silver Spring+Bay 103,2,NA,1,SILVER SPRING+BAY 103,SILVER SPRING STATION,WMATA
29846020,M12,M12,11,1,17:43:00,21558,Twinbrook+Bay A,74,NA,1,TWINBROOK+BAY A,TWINBROOK STATION,WMATA
29846020,M12,M12,11,1,17:22:00,16955,Wheaton+Bay B,49,NA,1,WHEATON+BAY B,WHEATON STATION,WMATA
29857020,P30,P30,11,1,18:58:00,18911,Silver Spring+Bay 223,67,NA,1,SILVER SPRING+BAY 223,SILVER SPRING STATION,WMATA
29870020,D60,D60,11,1,07:00:00,18918,Silver Spring+Bay 103,2,NA,1,SILVER SPRING+BAY 103,SILVER SPRING STATION,WMATA
29879020,D6X,D6X,11,1,18:10:00,18914,Silver Spring+Bay 104,2,NA,1,SILVER SPRING+BAY 104,SILVER SPRING STATION,WMATA
29904020,D40,D40,11,1,13:12:00,18907,Silver Spring+Bay 220,2,NA,1,SILVER SPRING+BAY 220,SILVER SPRING STATION,WMATA
29928020,M70,M70,11,0,17:40:00,19082,Montgomery Mall+Bay F,2,NA,1,MONTGOMERY MALL+BAY F,MONTGOMERY MALL TRANSIT CENTER,WMATA
29928020,M70,M70,11,0,18:07:00,15362,Bethesda+Bay C,27,NA,1,BETHESDA+BAY C,BETHESDA STATION,WMATA
29928020,M70,M70,11,0,18:26:00,18912,Silver Spring+Bay 102,46,NA,1,SILVER SPRING+BAY 102,SILVER SPRING STATION,WMATA
29944020,LCL,LCL,11,1,13:16:00,29087,Grosvenor Station+Bay F,4,NA,1,GROSVENOR STATION+BAY F,GROSVENOR STATION,WMATA
29944020,LCL,LCL,11,1,13:08:00,29091,North Bethesda Station+Bay C,2,NA,1,NORTH BETHESDA STATION+BAY C,NORTH BETHESDA STATION,WMATA
29946020,D4X,D4X,11,1,17:30:00,18909,Silver Spring+Bay 221,2,NA,1,SILVER SPRING+BAY 221,SILVER SPRING STATION,WMATA
29962020,M42,M42,11,1,19:26:00,15313,Glenmont+Bay F,78,NA,1,GLENMONT+BAY F,GLENMONT STATION,WMATA
29974020,M22,M22,11,0,17:13:00,15389,Bethesda+Bay B,2,NA,1,BETHESDA+BAY B,BETHESDA STATION,WMATA
29974020,M22,M22,11,0,17:50:00,16136,Wheaton+Bay E,36,NA,1,WHEATON+BAY E,WHEATON STATION,WMATA
29974020,M22,M22,11,0,18:07:00,12893,Glenmont+Bay H,47,NA,1,GLENMONT+BAY H,GLENMONT STATION,WMATA
29980020,LCL,LCL,11,1,05:56:00,29087,Grosvenor Station+Bay F,4,NA,1,GROSVENOR STATION+BAY F,GROSVENOR STATION,WMATA
29980020,LCL,LCL,11,1,05:48:00,29091,North Bethesda Station+Bay C,2,NA,1,NORTH BETHESDA STATION+BAY C,NORTH BETHESDA STATION,WMATA
29985020,M54,M54,11,1,14:32:00,19054,Silver Spring+Bay 114,54,NA,1,SILVER SPRING+BAY 114,SILVER SPRING STATION,WMATA
30002020,D60,D60,11,1,20:15:00,18918,Silver Spring+Bay 103,2,NA,1,SILVER SPRING+BAY 103,SILVER SPRING STATION,WMATA
30019020,M42,M42,11,0,16:30:00,13000,Glenmont+Bay E,29,NA,1,GLENMONT+BAY E,GLENMONT STATION,WMATA
30028020,M54,M54,11,0,13:15:00,19054,Silver Spring+Bay 114,2,NA,1,SILVER SPRING+BAY 114,SILVER SPRING STATION,WMATA
30040020,M20,M20,11,1,13:37:00,15406,Wheaton+Bay A,2,NA,1,WHEATON+BAY A,WHEATON STATION,WMATA
30040020,M20,M20,11,1,13:57:00,18954,Silver Spring+Bay 219,21,NA,1,SILVER SPRING+BAY 219,SILVER SPRING STATION,WMATA
30051020,M44,M44,11,0,21:08:00,13000,Glenmont+Bay E,29,NA,1,GLENMONT+BAY E,GLENMONT STATION,WMATA
30079020,D6X,D6X,11,1,22:30:00,18914,Silver Spring+Bay 104,2,NA,1,SILVER SPRING+BAY 104,SILVER SPRING STATION,WMATA
30089020,M44,M44,11,0,12:10:00,13000,Glenmont+Bay E,29,NA,1,GLENMONT+BAY E,GLENMONT STATION,WMATA
30090020,P30,P30,11,0,15:09:00,18911,Silver Spring+Bay 223,2,NA,1,SILVER SPRING+BAY 223,SILVER SPRING STATION,WMATA
30095020,M44,M44,11,0,20:40:00,13000,Glenmont+Bay E,29,NA,1,GLENMONT+BAY E,GLENMONT STATION,WMATA
30117020,LCL,LCL,11,1,19:36:00,29091,North Bethesda Station+Bay C,2,NA,1,NORTH BETHESDA STATION+BAY C,NORTH BETHESDA STATION,WMATA
30117020,LCL,LCL,11,1,19:44:00,29087,Grosvenor Station+Bay F,4,NA,1,GROSVENOR STATION+BAY F,GROSVENOR STATION,WMATA
30125020,M22,M22,11,1,12:29:00,12892,Glenmont+Bay D,41,NA,1,GLENMONT+BAY D,GLENMONT STATION,WMATA
30125020,M22,M22,11,1,13:07:00,15389,Bethesda+Bay B,89,NA,1,BETHESDA+BAY B,BETHESDA STATION,WMATA
30125020,M22,M22,11,1,12:42:00,15406,Wheaton+Bay A,53,NA,1,WHEATON+BAY A,WHEATON STATION,WMATA
30140020,D60,D60,11,1,08:40:00,18918,Silver Spring+Bay 103,2,NA,1,SILVER SPRING+BAY 103,SILVER SPRING STATION,WMATA
30153020,D6X,D6X,11,0,20:15:00,18914,Silver Spring+Bay 104,33,NA,1,SILVER SPRING+BAY 104,SILVER SPRING STATION,WMATA
30159020,D60,D60,11,1,14:00:00,18918,Silver Spring+Bay 103,2,NA,1,SILVER SPRING+BAY 103,SILVER SPRING STATION,WMATA
30162020,LCL,LCL,11,1,23:08:00,29087,Grosvenor Station+Bay F,4,NA,1,GROSVENOR STATION+BAY F,GROSVENOR STATION,WMATA
30162020,LCL,LCL,11,1,23:00:00,29091,North Bethesda Station+Bay C,2,NA,1,NORTH BETHESDA STATION+BAY C,NORTH BETHESDA STATION,WMATA
30193020,M12,M12,11,0,11:24:00,10628,Wheaton+Bay D,2,NA,1,WHEATON+BAY D,WHEATON STATION,WMATA
30241020,M44,M44,11,0,15:45:00,13000,Glenmont+Bay E,29,NA,1,GLENMONT+BAY E,GLENMONT STATION,WMATA
30273020,P30,P30,11,1,23:50:00,18911,Silver Spring+Bay 223,67,NA,1,SILVER SPRING+BAY 223,SILVER SPRING STATION,WMATA
30280020,M82,M82,11,0,17:50:00,17396,Rockville+Bay A,73,NA,1,ROCKVILLE+BAY A,ROCKVILLE STATION,WMATA
30290020,D60,D60,11,0,07:07:00,18918,Silver Spring+Bay 103,49,NA,1,SILVER SPRING+BAY 103,SILVER SPRING STATION,WMATA
30293020,EXP,EXP,11,1,07:08:00,29091,North Bethesda Station+Bay C,2,NA,1,NORTH BETHESDA STATION+BAY C,NORTH BETHESDA STATION,WMATA
30295020,M12,M12,11,1,09:42:00,16955,Wheaton+Bay B,31,NA,1,WHEATON+BAY B,WHEATON STATION,WMATA
30331020,M70,M70,11,0,08:43:00,15362,Bethesda+Bay C,27,NA,1,BETHESDA+BAY C,BETHESDA STATION,WMATA
30331020,M70,M70,11,0,08:12:00,19082,Montgomery Mall+Bay F,2,NA,1,MONTGOMERY MALL+BAY F,MONTGOMERY MALL TRANSIT CENTER,WMATA
30331020,M70,M70,11,0,09:02:00,18912,Silver Spring+Bay 102,46,NA,1,SILVER SPRING+BAY 102,SILVER SPRING STATION,WMATA
30333020,M22,M22,11,1,23:18:00,15406,Wheaton+Bay A,49,NA,1,WHEATON+BAY A,WHEATON STATION,WMATA
30333020,M22,M22,11,1,23:08:00,12892,Glenmont+Bay D,37,NA,1,GLENMONT+BAY D,GLENMONT STATION,WMATA
30338020,EXP,EXP,11,1,12:50:00,29091,North Bethesda Station+Bay C,2,NA,1,NORTH BETHESDA STATION+BAY C,NORTH BETHESDA STATION,WMATA
30345020,M20,M20,11,0,06:54:00,16136,Wheaton+Bay E,19,NA,1,WHEATON+BAY E,WHEATON STATION,WMATA
30345020,M20,M20,11,0,06:36:00,18954,Silver Spring+Bay 219,2,NA,1,SILVER SPRING+BAY 219,SILVER SPRING STATION,WMATA
30358020,P30,P30,11,1,15:36:00,18911,Silver Spring+Bay 223,67,NA,1,SILVER SPRING+BAY 223,SILVER SPRING STATION,WMATA
30384020,D4X,D4X,11,0,13:09:00,18909,Silver Spring+Bay 221,24,NA,1,SILVER SPRING+BAY 221,SILVER SPRING STATION,WMATA
30396020,EXP,EXP,11,1,07:28:00,29091,North Bethesda Station+Bay C,2,NA,1,NORTH BETHESDA STATION+BAY C,NORTH BETHESDA STATION,WMATA
30405020,M12,M12,11,0,12:12:00,10628,Wheaton+Bay D,2,NA,1,WHEATON+BAY D,WHEATON STATION,WMATA
30408020,M70,M70,11,1,21:21:00,15362,Bethesda+Bay C,21,NA,1,BETHESDA+BAY C,BETHESDA STATION,WMATA
30408020,M70,M70,11,1,21:43:00,19082,Montgomery Mall+Bay F,46,NA,1,MONTGOMERY MALL+BAY F,MONTGOMERY MALL TRANSIT CENTER,WMATA
30408020,M70,M70,11,1,21:05:00,18912,Silver Spring+Bay 102,2,NA,1,SILVER SPRING+BAY 102,SILVER SPRING STATION,WMATA
30409020,M22,M22,11,1,09:31:00,15389,Bethesda+Bay B,89,NA,1,BETHESDA+BAY B,BETHESDA STATION,WMATA
30409020,M22,M22,11,1,09:01:00,15406,Wheaton+Bay A,53,NA,1,WHEATON+BAY A,WHEATON STATION,WMATA
30409020,M22,M22,11,1,08:49:00,12892,Glenmont+Bay D,41,NA,1,GLENMONT+BAY D,GLENMONT STATION,WMATA
30414020,D6X,D6X,11,0,16:28:00,18914,Silver Spring+Bay 104,33,NA,1,SILVER SPRING+BAY 104,SILVER SPRING STATION,WMATA
30426020,M12,M12,11,0,06:39:00,21558,Twinbrook+Bay A,2,NA,1,TWINBROOK+BAY A,TWINBROOK STATION,WMATA
30426020,M12,M12,11,0,07:00:00,10628,Wheaton+Bay D,28,NA,1,WHEATON+BAY D,WHEATON STATION,WMATA
30436020,D4X,D4X,11,0,08:45:00,18909,Silver Spring+Bay 221,24,NA,1,SILVER SPRING+BAY 221,SILVER SPRING STATION,WMATA
30441020,M70,M70,11,0,08:04:00,18912,Silver Spring+Bay 102,46,NA,1,SILVER SPRING+BAY 102,SILVER SPRING STATION,WMATA
30441020,M70,M70,11,0,07:46:00,15362,Bethesda+Bay C,27,NA,1,BETHESDA+BAY C,BETHESDA STATION,WMATA
30441020,M70,M70,11,0,07:20:00,19082,Montgomery Mall+Bay F,2,NA,1,MONTGOMERY MALL+BAY F,MONTGOMERY MALL TRANSIT CENTER,WMATA
30478020,D40,D40,11,0,23:27:00,18907,Silver Spring+Bay 220,55,NA,1,SILVER SPRING+BAY 220,SILVER SPRING STATION,WMATA
30510020,M20,M20,11,0,17:17:00,18954,Silver Spring+Bay 219,2,NA,1,SILVER SPRING+BAY 219,SILVER SPRING STATION,WMATA
30510020,M20,M20,11,0,17:44:00,16136,Wheaton+Bay E,19,NA,1,WHEATON+BAY E,WHEATON STATION,WMATA
30519020,LCL,LCL,11,0,08:23:00,29090,Grosvenor Station,8,NA,1,GROSVENOR STATION,GROSVENOR STATION,WMATA
30521020,M22,M22,11,1,05:53:00,15389,Bethesda+Bay B,85,NA,1,BETHESDA+BAY B,BETHESDA STATION,WMATA
30521020,M22,M22,11,1,05:23:00,12892,Glenmont+Bay D,37,NA,1,GLENMONT+BAY D,GLENMONT STATION,WMATA
30521020,M22,M22,11,1,05:33:00,15406,Wheaton+Bay A,49,NA,1,WHEATON+BAY A,WHEATON STATION,WMATA
30534020,D60,D60,11,0,15:30:00,18918,Silver Spring+Bay 103,49,NA,1,SILVER SPRING+BAY 103,SILVER SPRING STATION,WMATA
30537020,D60,D60,11,1,10:24:00,18918,Silver Spring+Bay 103,2,NA,1,SILVER SPRING+BAY 103,SILVER SPRING STATION,WMATA
30542020,EXP,EXP,11,1,16:12:00,29091,North Bethesda Station+Bay C,2,NA,1,NORTH BETHESDA STATION+BAY C,NORTH BETHESDA STATION,WMATA
30543020,M20,M20,11,0,12:32:00,18954,Silver Spring+Bay 219,2,NA,1,SILVER SPRING+BAY 219,SILVER SPRING STATION,WMATA
30543020,M20,M20,11,0,12:52:00,16136,Wheaton+Bay E,19,NA,1,WHEATON+BAY E,WHEATON STATION,WMATA
30573020,M42,M42,11,1,07:58:00,15313,Glenmont+Bay F,78,NA,1,GLENMONT+BAY F,GLENMONT STATION,WMATA
30581020,M20,M20,11,1,16:01:00,15406,Wheaton+Bay A,35,NA,1,WHEATON+BAY A,WHEATON STATION,WMATA
30581020,M20,M20,11,1,15:47:00,12892,Glenmont+Bay D,23,NA,1,GLENMONT+BAY D,GLENMONT STATION,WMATA
30581020,M20,M20,11,1,16:24:00,18954,Silver Spring+Bay 219,54,NA,1,SILVER SPRING+BAY 219,SILVER SPRING STATION,WMATA
30582020,D60,D60,11,0,26:08:00,18918,Silver Spring+Bay 103,55,NA,1,SILVER SPRING+BAY 103,SILVER SPRING STATION,WMATA
30591020,M70,M70,11,1,14:00:00,18912,Silver Spring+Bay 102,2,NA,1,SILVER SPRING+BAY 102,SILVER SPRING STATION,WMATA
30591020,M70,M70,11,1,14:18:00,15362,Bethesda+Bay C,21,NA,1,BETHESDA+BAY C,BETHESDA STATION,WMATA
30591020,M70,M70,11,1,14:46:00,19082,Montgomery Mall+Bay F,46,NA,1,MONTGOMERY MALL+BAY F,MONTGOMERY MALL TRANSIT CENTER,WMATA
30607020,D60,D60,11,0,19:13:00,18918,Silver Spring+Bay 103,49,NA,1,SILVER SPRING+BAY 103,SILVER SPRING STATION,WMATA
30610020,P30,P30,11,0,10:15:00,18911,Silver Spring+Bay 223,2,NA,1,SILVER SPRING+BAY 223,SILVER SPRING STATION,WMATA
30630020,M82,M82,11,0,06:36:00,17396,Rockville+Bay A,73,NA,1,ROCKVILLE+BAY A,ROCKVILLE STATION,WMATA
30644020,D4X,D4X,11,1,19:20:00,18909,Silver Spring+Bay 221,2,NA,1,SILVER SPRING+BAY 221,SILVER SPRING STATION,WMATA
30662020,LCL,LCL,11,1,09:56:00,29091,North Bethesda Station+Bay C,2,NA,1,NORTH BETHESDA STATION+BAY C,NORTH BETHESDA STATION,WMATA
30662020,LCL,LCL,11,1,10:04:00,29087,Grosvenor Station+Bay F,4,NA,1,GROSVENOR STATION+BAY F,GROSVENOR STATION,WMATA
30670020,M52,M52,11,0,08:30:00,19053,Silver Spring+Bay 113,2,NA,1,SILVER SPRING+BAY 113,SILVER SPRING STATION,WMATA
30693020,D60,D60,11,1,12:00:00,18918,Silver Spring+Bay 103,2,NA,1,SILVER SPRING+BAY 103,SILVER SPRING STATION,WMATA
30739020,LCL,LCL,11,0,14:55:00,29090,Grosvenor Station,8,NA,1,GROSVENOR STATION,GROSVENOR STATION,WMATA
30758020,D60,D60,11,1,22:30:00,18918,Silver Spring+Bay 103,2,NA,1,SILVER SPRING+BAY 103,SILVER SPRING STATION,WMATA
30767020,LCL,LCL,11,0,13:15:00,29090,Grosvenor Station,8,NA,1,GROSVENOR STATION,GROSVENOR STATION,WMATA
30779020,D40,D40,11,0,22:15:00,18907,Silver Spring+Bay 220,55,NA,1,SILVER SPRING+BAY 220,SILVER SPRING STATION,WMATA
30806020,LCL,LCL,11,1,10:08:00,29087,Grosvenor Station+Bay F,4,NA,1,GROSVENOR STATION+BAY F,GROSVENOR STATION,WMATA
30806020,LCL,LCL,11,1,10:00:00,29091,North Bethesda Station+Bay C,2,NA,1,NORTH BETHESDA STATION+BAY C,NORTH BETHESDA STATION,WMATA
30821020,EXP,EXP,11,1,17:38:00,29091,North Bethesda Station+Bay C,2,NA,1,NORTH BETHESDA STATION+BAY C,NORTH BETHESDA STATION,WMATA
30825020,M22,M22,11,0,15:06:00,12893,Glenmont+Bay H,47,NA,1,GLENMONT+BAY H,GLENMONT STATION,WMATA
30825020,M22,M22,11,0,14:50:00,16136,Wheaton+Bay E,36,NA,1,WHEATON+BAY E,WHEATON STATION,WMATA
30825020,M22,M22,11,0,14:20:00,15389,Bethesda+Bay B,2,NA,1,BETHESDA+BAY B,BETHESDA STATION,WMATA
30840020,D4X,D4X,11,1,20:10:00,18909,Silver Spring+Bay 221,2,NA,1,SILVER SPRING+BAY 221,SILVER SPRING STATION,WMATA
30860020,LCL,LCL,11,0,11:53:00,29090,Grosvenor Station,8,NA,1,GROSVENOR STATION,GROSVENOR STATION,WMATA
30874020,M22,M22,11,0,09:12:00,12893,Glenmont+Bay H,47,NA,1,GLENMONT+BAY H,GLENMONT STATION,WMATA
30874020,M22,M22,11,0,08:37:00,15389,Bethesda+Bay B,2,NA,1,BETHESDA+BAY B,BETHESDA STATION,WMATA
30874020,M22,M22,11,0,09:00:00,16136,Wheaton+Bay E,36,NA,1,WHEATON+BAY E,WHEATON STATION,WMATA
30875020,LCL,LCL,11,0,17:16:00,29090,Grosvenor Station,8,NA,1,GROSVENOR STATION,GROSVENOR STATION,WMATA
30888020,M22,M22,11,1,14:59:00,15389,Bethesda+Bay B,89,NA,1,BETHESDA+BAY B,BETHESDA STATION,WMATA
30888020,M22,M22,11,1,14:34:00,15406,Wheaton+Bay A,53,NA,1,WHEATON+BAY A,WHEATON STATION,WMATA
30888020,M22,M22,11,1,14:21:00,12892,Glenmont+Bay D,41,NA,1,GLENMONT+BAY D,GLENMONT STATION,WMATA
30896020,M70,M70,11,1,17:40:00,18912,Silver Spring+Bay 102,2,NA,1,SILVER SPRING+BAY 102,SILVER SPRING STATION,WMATA
30896020,M70,M70,11,1,18:01:00,15362,Bethesda+Bay C,21,NA,1,BETHESDA+BAY C,BETHESDA STATION,WMATA
30896020,M70,M70,11,1,18:30:00,19082,Montgomery Mall+Bay F,46,NA,1,MONTGOMERY MALL+BAY F,MONTGOMERY MALL TRANSIT CENTER,WMATA
30899020,M42,M42,11,1,20:25:00,15313,Glenmont+Bay F,78,NA,1,GLENMONT+BAY F,GLENMONT STATION,WMATA
30904020,D40,D40,11,0,26:03:00,18907,Silver Spring+Bay 220,59,NA,1,SILVER SPRING+BAY 220,SILVER SPRING STATION,WMATA
30913020,LCL,LCL,11,0,17:40:00,29090,Grosvenor Station,8,NA,1,GROSVENOR STATION,GROSVENOR STATION,WMATA
30916020,M20,M20,11,1,05:38:00,12892,Glenmont+Bay D,23,NA,1,GLENMONT+BAY D,GLENMONT STATION,WMATA
30916020,M20,M20,11,1,06:03:00,18954,Silver Spring+Bay 219,54,NA,1,SILVER SPRING+BAY 219,SILVER SPRING STATION,WMATA
30916020,M20,M20,11,1,05:48:00,15406,Wheaton+Bay A,35,NA,1,WHEATON+BAY A,WHEATON STATION,WMATA
30926020,M20,M20,11,1,12:17:00,15406,Wheaton+Bay A,2,NA,1,WHEATON+BAY A,WHEATON STATION,WMATA
30926020,M20,M20,11,1,12:37:00,18954,Silver Spring+Bay 219,21,NA,1,SILVER SPRING+BAY 219,SILVER SPRING STATION,WMATA
30936020,D4X,D4X,11,0,17:54:00,18909,Silver Spring+Bay 221,24,NA,1,SILVER SPRING+BAY 221,SILVER SPRING STATION,WMATA
30940020,LCL,LCL,11,1,11:32:00,29087,Grosvenor Station+Bay F,4,NA,1,GROSVENOR STATION+BAY F,GROSVENOR STATION,WMATA
30940020,LCL,LCL,11,1,11:24:00,29091,North Bethesda Station+Bay C,2,NA,1,NORTH BETHESDA STATION+BAY C,NORTH BETHESDA STATION,WMATA
30951020,M82,M82,11,0,06:06:00,17396,Rockville+Bay A,73,NA,1,ROCKVILLE+BAY A,ROCKVILLE STATION,WMATA
30983020,D6X,D6X,11,0,17:24:00,18914,Silver Spring+Bay 104,33,NA,1,SILVER SPRING+BAY 104,SILVER SPRING STATION,WMATA
30984020,D40,D40,11,1,00:40:00,18907,Silver Spring+Bay 220,2,NA,1,SILVER SPRING+BAY 220,SILVER SPRING STATION,WMATA
30990020,M12,M12,11,0,09:40:00,21558,Twinbrook+Bay A,2,NA,1,TWINBROOK+BAY A,TWINBROOK STATION,WMATA
30990020,M12,M12,11,0,10:00:00,10628,Wheaton+Bay D,28,NA,1,WHEATON+BAY D,WHEATON STATION,WMATA
30993020,EXP,EXP,11,1,12:16:00,29091,North Bethesda Station+Bay C,2,NA,1,NORTH BETHESDA STATION+BAY C,NORTH BETHESDA STATION,WMATA
31006020,D60,D60,11,1,11:48:00,18918,Silver Spring+Bay 103,2,NA,1,SILVER SPRING+BAY 103,SILVER SPRING STATION,WMATA
31009020,M20,M20,11,1,21:59:00,18954,Silver Spring+Bay 219,21,NA,1,SILVER SPRING+BAY 219,SILVER SPRING STATION,WMATA
31009020,M20,M20,11,1,21:45:00,15406,Wheaton+Bay A,2,NA,1,WHEATON+BAY A,WHEATON STATION,WMATA
31016020,D96,D96,11,0,17:06:00,28523,Bethesda+Bay A,79,NA,1,BETHESDA+BAY A,BETHESDA STATION,WMATA
31023020,M12,M12,11,0,09:16:00,21558,Twinbrook+Bay A,2,NA,1,TWINBROOK+BAY A,TWINBROOK STATION,WMATA
31023020,M12,M12,11,0,09:36:00,10628,Wheaton+Bay D,28,NA,1,WHEATON+BAY D,WHEATON STATION,WMATA
31035020,D4X,D4X,11,0,18:04:00,18909,Silver Spring+Bay 221,24,NA,1,SILVER SPRING+BAY 221,SILVER SPRING STATION,WMATA
31036020,D60,D60,11,0,23:59:00,18918,Silver Spring+Bay 103,49,NA,1,SILVER SPRING+BAY 103,SILVER SPRING STATION,WMATA
31037020,EXP,EXP,11,1,18:38:00,29091,North Bethesda Station+Bay C,2,NA,1,NORTH BETHESDA STATION+BAY C,NORTH BETHESDA STATION,WMATA
31065020,D4X,D4X,11,0,22:24:00,18909,Silver Spring+Bay 221,24,NA,1,SILVER SPRING+BAY 221,SILVER SPRING STATION,WMATA
31075020,M22,M22,11,0,07:42:00,12893,Glenmont+Bay H,47,NA,1,GLENMONT+BAY H,GLENMONT STATION,WMATA
31075020,M22,M22,11,0,07:30:00,16136,Wheaton+Bay E,36,NA,1,WHEATON+BAY E,WHEATON STATION,WMATA
31075020,M22,M22,11,0,07:08:00,15389,Bethesda+Bay B,2,NA,1,BETHESDA+BAY B,BETHESDA STATION,WMATA
31077020,P30,P30,11,0,12:01:00,18911,Silver Spring+Bay 223,2,NA,1,SILVER SPRING+BAY 223,SILVER SPRING STATION,WMATA
31080020,LCL,LCL,11,1,11:26:00,29087,Grosvenor Station+Bay F,4,NA,1,GROSVENOR STATION+BAY F,GROSVENOR STATION,WMATA
31080020,LCL,LCL,11,1,11:18:00,29091,North Bethesda Station+Bay C,2,NA,1,NORTH BETHESDA STATION+BAY C,NORTH BETHESDA STATION,WMATA
31085020,M82,M82,11,1,13:00:00,17396,Rockville+Bay A,2,NA,1,ROCKVILLE+BAY A,ROCKVILLE STATION,WMATA
31137020,M12,M12,11,0,16:12:00,10628,Wheaton+Bay D,2,NA,1,WHEATON+BAY D,WHEATON STATION,WMATA
31191020,M20,M20,11,1,16:00:00,18954,Silver Spring+Bay 219,54,NA,1,SILVER SPRING+BAY 219,SILVER SPRING STATION,WMATA
31191020,M20,M20,11,1,15:23:00,12892,Glenmont+Bay D,23,NA,1,GLENMONT+BAY D,GLENMONT STATION,WMATA
31191020,M20,M20,11,1,15:37:00,15406,Wheaton+Bay A,35,NA,1,WHEATON+BAY A,WHEATON STATION,WMATA
31212020,EXP,EXP,11,1,14:16:00,29091,North Bethesda Station+Bay C,2,NA,1,NORTH BETHESDA STATION+BAY C,NORTH BETHESDA STATION,WMATA
31249020,EXP,EXP,11,1,19:32:00,29091,North Bethesda Station+Bay C,2,NA,1,NORTH BETHESDA STATION+BAY C,NORTH BETHESDA STATION,WMATA
31255020,EXP,EXP,11,1,14:11:00,29091,North Bethesda Station+Bay C,2,NA,1,NORTH BETHESDA STATION+BAY C,NORTH BETHESDA STATION,WMATA
31263020,EXP,EXP,11,1,13:09:00,29091,North Bethesda Station+Bay C,2,NA,1,NORTH BETHESDA STATION+BAY C,NORTH BETHESDA STATION,WMATA
31272020,LCL,LCL,11,1,13:52:00,29087,Grosvenor Station+Bay F,4,NA,1,GROSVENOR STATION+BAY F,GROSVENOR STATION,WMATA
31272020,LCL,LCL,11,1,13:44:00,29091,North Bethesda Station+Bay C,2,NA,1,NORTH BETHESDA STATION+BAY C,NORTH BETHESDA STATION,WMATA
31277020,D4X,D4X,11,1,13:50:00,18909,Silver Spring+Bay 221,2,NA,1,SILVER SPRING+BAY 221,SILVER SPRING STATION,WMATA
31287020,M70,M70,11,1,13:42:00,15362,Bethesda+Bay C,21,NA,1,BETHESDA+BAY C,BETHESDA STATION,WMATA
31287020,M70,M70,11,1,13:24:00,18912,Silver Spring+Bay 102,2,NA,1,SILVER SPRING+BAY 102,SILVER SPRING STATION,WMATA
31287020,M70,M70,11,1,14:07:00,19082,Montgomery Mall+Bay F,46,NA,1,MONTGOMERY MALL+BAY F,MONTGOMERY MALL TRANSIT CENTER,WMATA
31292020,LCL,LCL,11,1,19:32:00,29087,Grosvenor Station+Bay F,4,NA,1,GROSVENOR STATION+BAY F,GROSVENOR STATION,WMATA
31292020,LCL,LCL,11,1,19:24:00,29091,North Bethesda Station+Bay C,2,NA,1,NORTH BETHESDA STATION+BAY C,NORTH BETHESDA STATION,WMATA
31302020,M42,M42,11,0,09:55:00,13000,Glenmont+Bay E,29,NA,1,GLENMONT+BAY E,GLENMONT STATION,WMATA
31317020,D40,D40,11,0,09:54:00,18907,Silver Spring+Bay 220,55,NA,1,SILVER SPRING+BAY 220,SILVER SPRING STATION,WMATA
31334020,EXP,EXP,11,1,19:18:00,29091,North Bethesda Station+Bay C,2,NA,1,NORTH BETHESDA STATION+BAY C,NORTH BETHESDA STATION,WMATA
31342020,M70,M70,11,0,14:07:00,18912,Silver Spring+Bay 102,46,NA,1,SILVER SPRING+BAY 102,SILVER SPRING STATION,WMATA
31342020,M70,M70,11,0,13:48:00,15362,Bethesda+Bay C,27,NA,1,BETHESDA+BAY C,BETHESDA STATION,WMATA
31342020,M70,M70,11,0,13:24:00,19082,Montgomery Mall+Bay F,2,NA,1,MONTGOMERY MALL+BAY F,MONTGOMERY MALL TRANSIT CENTER,WMATA
31354020,M12,M12,11,0,07:24:00,10628,Wheaton+Bay D,28,NA,1,WHEATON+BAY D,WHEATON STATION,WMATA
31354020,M12,M12,11,0,07:03:00,21558,Twinbrook+Bay A,2,NA,1,TWINBROOK+BAY A,TWINBROOK STATION,WMATA
31357020,D6X,D6X,11,1,12:45:00,18914,Silver Spring+Bay 104,2,NA,1,SILVER SPRING+BAY 104,SILVER SPRING STATION,WMATA
31361020,M12,M12,11,1,05:13:00,16955,Wheaton+Bay B,49,NA,1,WHEATON+BAY B,WHEATON STATION,WMATA
31361020,M12,M12,11,1,05:28:00,21558,Twinbrook+Bay A,74,NA,1,TWINBROOK+BAY A,TWINBROOK STATION,WMATA
31379020,M82,M82,11,0,08:46:00,17396,Rockville+Bay A,73,NA,1,ROCKVILLE+BAY A,ROCKVILLE STATION,WMATA
31390020,D40,D40,11,0,18:23:00,18907,Silver Spring+Bay 220,55,NA,1,SILVER SPRING+BAY 220,SILVER SPRING STATION,WMATA
31422020,LCL,LCL,11,0,13:43:00,29090,Grosvenor Station,8,NA,1,GROSVENOR STATION,GROSVENOR STATION,WMATA
31460020,D40,D40,11,1,08:36:00,18907,Silver Spring+Bay 220,2,NA,1,SILVER SPRING+BAY 220,SILVER SPRING STATION,WMATA
31471020,D96,D96,11,1,20:00:00,28523,Bethesda+Bay A,2,NA,1,BETHESDA+BAY A,BETHESDA STATION,WMATA
31477020,M22,M22,11,1,26:34:00,12892,Glenmont+Bay D,37,NA,1,GLENMONT+BAY D,GLENMONT STATION,WMATA
31477020,M22,M22,11,1,26:42:00,15406,Wheaton+Bay A,49,NA,1,WHEATON+BAY A,WHEATON STATION,WMATA
31515020,EXP,EXP,11,1,15:21:00,29091,North Bethesda Station+Bay C,2,NA,1,NORTH BETHESDA STATION+BAY C,NORTH BETHESDA STATION,WMATA
31521020,M82,M82,11,0,17:20:00,17396,Rockville+Bay A,73,NA,1,ROCKVILLE+BAY A,ROCKVILLE STATION,WMATA
31550020,LCL,LCL,11,1,09:12:00,29091,North Bethesda Station+Bay C,2,NA,1,NORTH BETHESDA STATION+BAY C,NORTH BETHESDA STATION,WMATA
31550020,LCL,LCL,11,1,09:20:00,29087,Grosvenor Station+Bay F,4,NA,1,GROSVENOR STATION+BAY F,GROSVENOR STATION,WMATA
31556020,M20,M20,11,0,10:27:00,12893,Glenmont+Bay H,30,NA,1,GLENMONT+BAY H,GLENMONT STATION,WMATA
31556020,M20,M20,11,0,09:55:00,18954,Silver Spring+Bay 219,2,NA,1,SILVER SPRING+BAY 219,SILVER SPRING STATION,WMATA
31556020,M20,M20,11,0,10:15:00,16136,Wheaton+Bay E,19,NA,1,WHEATON+BAY E,WHEATON STATION,WMATA
31566020,D4X,D4X,11,0,20:24:00,18909,Silver Spring+Bay 221,24,NA,1,SILVER SPRING+BAY 221,SILVER SPRING STATION,WMATA
31567020,D4X,D4X,11,0,21:34:00,18909,Silver Spring+Bay 221,24,NA,1,SILVER SPRING+BAY 221,SILVER SPRING STATION,WMATA
31568020,EXP,EXP,11,1,11:34:00,29091,North Bethesda Station+Bay C,2,NA,1,NORTH BETHESDA STATION+BAY C,NORTH BETHESDA STATION,WMATA
31585020,LCL,LCL,11,0,06:55:00,29090,Grosvenor Station,8,NA,1,GROSVENOR STATION,GROSVENOR STATION,WMATA
31601020,LCL,LCL,11,0,08:51:00,29090,Grosvenor Station,8,NA,1,GROSVENOR STATION,GROSVENOR STATION,WMATA
31613020,M20,M20,11,0,15:27:00,16136,Wheaton+Bay E,19,NA,1,WHEATON+BAY E,WHEATON STATION,WMATA
31613020,M20,M20,11,0,15:02:00,18954,Silver Spring+Bay 219,2,NA,1,SILVER SPRING+BAY 219,SILVER SPRING STATION,WMATA
31624020,M22,M22,11,1,07:16:00,15389,Bethesda+Bay B,89,NA,1,BETHESDA+BAY B,BETHESDA STATION,WMATA
31624020,M22,M22,11,1,06:53:00,15406,Wheaton+Bay A,53,NA,1,WHEATON+BAY A,WHEATON STATION,WMATA
31624020,M22,M22,11,1,06:43:00,12892,Glenmont+Bay D,41,NA,1,GLENMONT+BAY D,GLENMONT STATION,WMATA
31641020,D4X,D4X,11,0,19:35:00,18909,Silver Spring+Bay 221,24,NA,1,SILVER SPRING+BAY 221,SILVER SPRING STATION,WMATA
31654020,P30,P30,11,0,06:27:00,18911,Silver Spring+Bay 223,2,NA,1,SILVER SPRING+BAY 223,SILVER SPRING STATION,WMATA
31663020,LCL,LCL,11,0,05:59:00,29090,Grosvenor Station,8,NA,1,GROSVENOR STATION,GROSVENOR STATION,WMATA
31685020,C87,C87,11,1,08:23:00,19055,Silver Spring+Bay 115,2,NA,1,SILVER SPRING+BAY 115,SILVER SPRING STATION,WMATA
31716020,P30,P30,11,0,23:10:00,18911,Silver Spring+Bay 223,2,NA,1,SILVER SPRING+BAY 223,SILVER SPRING STATION,WMATA
31725020,M12,M12,11,0,06:48:00,10628,Wheaton+Bay D,28,NA,1,WHEATON+BAY D,WHEATON STATION,WMATA
31725020,M12,M12,11,0,06:27:00,21558,Twinbrook+Bay A,2,NA,1,TWINBROOK+BAY A,TWINBROOK STATION,WMATA
31743020,LCL,LCL,11,1,05:04:00,29087,Grosvenor Station+Bay F,4,NA,1,GROSVENOR STATION+BAY F,GROSVENOR STATION,WMATA
31743020,LCL,LCL,11,1,04:56:00,29091,North Bethesda Station+Bay C,2,NA,1,NORTH BETHESDA STATION+BAY C,NORTH BETHESDA STATION,WMATA
31744020,D4X,D4X,11,1,11:50:00,18909,Silver Spring+Bay 221,2,NA,1,SILVER SPRING+BAY 221,SILVER SPRING STATION,WMATA
31776020,M20,M20,11,0,16:54:00,16136,Wheaton+Bay E,19,NA,1,WHEATON+BAY E,WHEATON STATION,WMATA
31776020,M20,M20,11,0,16:27:00,18954,Silver Spring+Bay 219,2,NA,1,SILVER SPRING+BAY 219,SILVER SPRING STATION,WMATA
31789020,EXP,EXP,11,1,05:54:00,29091,North Bethesda Station+Bay C,2,NA,1,NORTH BETHESDA STATION+BAY C,NORTH BETHESDA STATION,WMATA
31795020,EXP,EXP,11,1,06:51:00,29091,North Bethesda Station+Bay C,2,NA,1,NORTH BETHESDA STATION+BAY C,NORTH BETHESDA STATION,WMATA
31796020,D4X,D4X,11,0,06:48:00,18909,Silver Spring+Bay 221,24,NA,1,SILVER SPRING+BAY 221,SILVER SPRING STATION,WMATA
31798020,M12,M12,11,1,07:05:00,16955,Wheaton+Bay B,31,NA,1,WHEATON+BAY B,WHEATON STATION,WMATA
31817020,D40,D40,11,0,07:29:00,18907,Silver Spring+Bay 220,55,NA,1,SILVER SPRING+BAY 220,SILVER SPRING STATION,WMATA
31819020,EXP,EXP,11,1,22:24:00,29091,North Bethesda Station+Bay C,2,NA,1,NORTH BETHESDA STATION+BAY C,NORTH BETHESDA STATION,WMATA
31845020,M22,M22,11,0,08:30:00,16136,Wheaton+Bay E,36,NA,1,WHEATON+BAY E,WHEATON STATION,WMATA
31845020,M22,M22,11,0,08:42:00,12893,Glenmont+Bay H,47,NA,1,GLENMONT+BAY H,GLENMONT STATION,WMATA
31845020,M22,M22,11,0,08:07:00,15389,Bethesda+Bay B,2,NA,1,BETHESDA+BAY B,BETHESDA STATION,WMATA
31962020,LCL,LCL,11,0,15:52:00,29090,Grosvenor Station,8,NA,1,GROSVENOR STATION,GROSVENOR STATION,WMATA
31975020,M42,M42,11,0,11:55:00,13000,Glenmont+Bay E,29,NA,1,GLENMONT+BAY E,GLENMONT STATION,WMATA
31991020,M70,M70,11,1,21:25:00,18912,Silver Spring+Bay 102,2,NA,1,SILVER SPRING+BAY 102,SILVER SPRING STATION,WMATA
31991020,M70,M70,11,1,21:41:00,15362,Bethesda+Bay C,21,NA,1,BETHESDA+BAY C,BETHESDA STATION,WMATA
31991020,M70,M70,11,1,22:02:00,19082,Montgomery Mall+Bay F,46,NA,1,MONTGOMERY MALL+BAY F,MONTGOMERY MALL TRANSIT CENTER,WMATA
31995020,D6X,D6X,11,0,12:40:00,18914,Silver Spring+Bay 104,33,NA,1,SILVER SPRING+BAY 104,SILVER SPRING STATION,WMATA
32008020,M20,M20,11,1,20:00:00,15406,Wheaton+Bay A,2,NA,1,WHEATON+BAY A,WHEATON STATION,WMATA
32008020,M20,M20,11,1,20:16:00,18954,Silver Spring+Bay 219,21,NA,1,SILVER SPRING+BAY 219,SILVER SPRING STATION,WMATA
32018020,C87,C87,11,0,09:00:00,19055,Silver Spring+Bay 115,42,NA,1,SILVER SPRING+BAY 115,SILVER SPRING STATION,WMATA
32020020,D60,D60,11,0,05:12:00,18918,Silver Spring+Bay 103,55,NA,1,SILVER SPRING+BAY 103,SILVER SPRING STATION,WMATA
32045020,M20,M20,11,1,18:09:00,12892,Glenmont+Bay D,23,NA,1,GLENMONT+BAY D,GLENMONT STATION,WMATA
32045020,M20,M20,11,1,18:21:00,15406,Wheaton+Bay A,35,NA,1,WHEATON+BAY A,WHEATON STATION,WMATA
32045020,M20,M20,11,1,18:39:00,18954,Silver Spring+Bay 219,54,NA,1,SILVER SPRING+BAY 219,SILVER SPRING STATION,WMATA
32058020,D40,D40,11,0,16:50:00,18907,Silver Spring+Bay 220,55,NA,1,SILVER SPRING+BAY 220,SILVER SPRING STATION,WMATA
32061020,D96,D96,11,1,06:20:00,28523,Bethesda+Bay A,2,NA,1,BETHESDA+BAY A,BETHESDA STATION,WMATA
32068020,D96,D96,11,0,22:21:00,28523,Bethesda+Bay A,79,NA,1,BETHESDA+BAY A,BETHESDA STATION,WMATA
32102020,EXP,EXP,11,1,07:14:00,29091,North Bethesda Station+Bay C,2,NA,1,NORTH BETHESDA STATION+BAY C,NORTH BETHESDA STATION,WMATA
32113020,M42,M42,11,0,08:26:00,13000,Glenmont+Bay E,29,NA,1,GLENMONT+BAY E,GLENMONT STATION,WMATA
32120020,EXP,EXP,11,1,16:21:00,29091,North Bethesda Station+Bay C,2,NA,1,NORTH BETHESDA STATION+BAY C,NORTH BETHESDA STATION,WMATA
32122020,P30,P30,11,1,18:37:00,18911,Silver Spring+Bay 223,67,NA,1,SILVER SPRING+BAY 223,SILVER SPRING STATION,WMATA
32134020,D4X,D4X,11,1,20:50:00,18909,Silver Spring+Bay 221,2,NA,1,SILVER SPRING+BAY 221,SILVER SPRING STATION,WMATA
32143020,EXP,EXP,11,1,11:22:00,29091,North Bethesda Station+Bay C,2,NA,1,NORTH BETHESDA STATION+BAY C,NORTH BETHESDA STATION,WMATA
32165020,D6X,D6X,11,1,08:36:00,18914,Silver Spring+Bay 104,2,NA,1,SILVER SPRING+BAY 104,SILVER SPRING STATION,WMATA
32170020,M12,M12,11,1,09:22:00,16955,Wheaton+Bay B,31,NA,1,WHEATON+BAY B,WHEATON STATION,WMATA
32171020,D40,D40,11,0,22:39:00,18907,Silver Spring+Bay 220,55,NA,1,SILVER SPRING+BAY 220,SILVER SPRING STATION,WMATA
32181020,LCL,LCL,11,1,18:14:00,29087,Grosvenor Station+Bay F,4,NA,1,GROSVENOR STATION+BAY F,GROSVENOR STATION,WMATA
32181020,LCL,LCL,11,1,18:06:00,29091,North Bethesda Station+Bay C,2,NA,1,NORTH BETHESDA STATION+BAY C,NORTH BETHESDA STATION,WMATA
32229020,M12,M12,11,1,12:37:00,21558,Twinbrook+Bay A,74,NA,1,TWINBROOK+BAY A,TWINBROOK STATION,WMATA
32229020,M12,M12,11,1,12:18:00,16955,Wheaton+Bay B,49,NA,1,WHEATON+BAY B,WHEATON STATION,WMATA
32231020,D60,D60,11,1,21:15:00,18918,Silver Spring+Bay 103,2,NA,1,SILVER SPRING+BAY 103,SILVER SPRING STATION,WMATA
32234020,D4X,D4X,11,0,20:44:00,18909,Silver Spring+Bay 221,24,NA,1,SILVER SPRING+BAY 221,SILVER SPRING STATION,WMATA
32257020,M42,M42,11,0,07:26:00,13000,Glenmont+Bay E,29,NA,1,GLENMONT+BAY E,GLENMONT STATION,WMATA
32272020,M20,M20,11,0,10:55:00,16136,Wheaton+Bay E,19,NA,1,WHEATON+BAY E,WHEATON STATION,WMATA
32272020,M20,M20,11,0,10:35:00,18954,Silver Spring+Bay 219,2,NA,1,SILVER SPRING+BAY 219,SILVER SPRING STATION,WMATA
32284020,LCL,LCL,11,1,09:56:00,29087,Grosvenor Station+Bay F,4,NA,1,GROSVENOR STATION+BAY F,GROSVENOR STATION,WMATA
32284020,LCL,LCL,11,1,09:48:00,29091,North Bethesda Station+Bay C,2,NA,1,NORTH BETHESDA STATION+BAY C,NORTH BETHESDA STATION,WMATA
32287020,M20,M20,11,1,10:44:00,12892,Glenmont+Bay D,23,NA,1,GLENMONT+BAY D,GLENMONT STATION,WMATA
32287020,M20,M20,11,1,11:16:00,18954,Silver Spring+Bay 219,54,NA,1,SILVER SPRING+BAY 219,SILVER SPRING STATION,WMATA
32287020,M20,M20,11,1,10:57:00,15406,Wheaton+Bay A,35,NA,1,WHEATON+BAY A,WHEATON STATION,WMATA
32289020,LCL,LCL,11,0,12:11:00,29090,Grosvenor Station,8,NA,1,GROSVENOR STATION,GROSVENOR STATION,WMATA
32309020,M70,M70,11,1,25:16:00,19082,Montgomery Mall+Bay F,46,NA,1,MONTGOMERY MALL+BAY F,MONTGOMERY MALL TRANSIT CENTER,WMATA
32309020,M70,M70,11,1,24:59:00,15362,Bethesda+Bay C,21,NA,1,BETHESDA+BAY C,BETHESDA STATION,WMATA
32309020,M70,M70,11,1,24:45:00,18912,Silver Spring+Bay 102,2,NA,1,SILVER SPRING+BAY 102,SILVER SPRING STATION,WMATA
32327020,LCL,LCL,11,1,16:48:00,29091,North Bethesda Station+Bay C,2,NA,1,NORTH BETHESDA STATION+BAY C,NORTH BETHESDA STATION,WMATA
32327020,LCL,LCL,11,1,16:56:00,29087,Grosvenor Station+Bay F,4,NA,1,GROSVENOR STATION+BAY F,GROSVENOR STATION,WMATA
32341020,EXP,EXP,11,1,11:37:00,29091,North Bethesda Station+Bay C,2,NA,1,NORTH BETHESDA STATION+BAY C,NORTH BETHESDA STATION,WMATA
32385020,P30,P30,11,0,17:12:00,18911,Silver Spring+Bay 223,2,NA,1,SILVER SPRING+BAY 223,SILVER SPRING STATION,WMATA
32387020,M20,M20,11,1,14:25:00,15406,Wheaton+Bay A,35,NA,1,WHEATON+BAY A,WHEATON STATION,WMATA
32387020,M20,M20,11,1,14:48:00,18954,Silver Spring+Bay 219,54,NA,1,SILVER SPRING+BAY 219,SILVER SPRING STATION,WMATA
32387020,M20,M20,11,1,14:11:00,12892,Glenmont+Bay D,23,NA,1,GLENMONT+BAY D,GLENMONT STATION,WMATA
32426020,M12,M12,11,1,08:12:00,16955,Wheaton+Bay B,49,NA,1,WHEATON+BAY B,WHEATON STATION,WMATA
32426020,M12,M12,11,1,08:31:00,21558,Twinbrook+Bay A,74,NA,1,TWINBROOK+BAY A,TWINBROOK STATION,WMATA
32429020,EXP,EXP,11,1,13:34:00,29091,North Bethesda Station+Bay C,2,NA,1,NORTH BETHESDA STATION+BAY C,NORTH BETHESDA STATION,WMATA
32436020,EXP,EXP,11,1,10:28:00,29091,North Bethesda Station+Bay C,2,NA,1,NORTH BETHESDA STATION+BAY C,NORTH BETHESDA STATION,WMATA
32438020,M82,M82,11,0,10:42:00,17396,Rockville+Bay A,73,NA,1,ROCKVILLE+BAY A,ROCKVILLE STATION,WMATA
32444020,M52,M52,11,1,12:17:00,19053,Silver Spring+Bay 113,68,NA,1,SILVER SPRING+BAY 113,SILVER SPRING STATION,WMATA
32471020,LCL,LCL,11,1,11:54:00,29091,North Bethesda Station+Bay C,2,NA,1,NORTH BETHESDA STATION+BAY C,NORTH BETHESDA STATION,WMATA
32471020,LCL,LCL,11,1,12:02:00,29087,Grosvenor Station+Bay F,4,NA,1,GROSVENOR STATION+BAY F,GROSVENOR STATION,WMATA
32494020,M12,M12,11,0,08:27:00,21558,Twinbrook+Bay A,2,NA,1,TWINBROOK+BAY A,TWINBROOK STATION,WMATA
32494020,M12,M12,11,0,08:48:00,10628,Wheaton+Bay D,28,NA,1,WHEATON+BAY D,WHEATON STATION,WMATA
32499020,EXP,EXP,11,1,13:27:00,29091,North Bethesda Station+Bay C,2,NA,1,NORTH BETHESDA STATION+BAY C,NORTH BETHESDA STATION,WMATA
32512020,M12,M12,11,1,17:42:00,16955,Wheaton+Bay B,49,NA,1,WHEATON+BAY B,WHEATON STATION,WMATA
32512020,M12,M12,11,1,18:03:00,21558,Twinbrook+Bay A,74,NA,1,TWINBROOK+BAY A,TWINBROOK STATION,WMATA
32533020,D60,D60,11,1,10:36:00,18918,Silver Spring+Bay 103,2,NA,1,SILVER SPRING+BAY 103,SILVER SPRING STATION,WMATA
32538020,EXP,EXP,11,1,07:56:00,29091,North Bethesda Station+Bay C,2,NA,1,NORTH BETHESDA STATION+BAY C,NORTH BETHESDA STATION,WMATA
32561020,M70,M70,11,0,06:35:00,18912,Silver Spring+Bay 102,46,NA,1,SILVER SPRING+BAY 102,SILVER SPRING STATION,WMATA
32561020,M70,M70,11,0,06:00:00,19082,Montgomery Mall+Bay F,2,NA,1,MONTGOMERY MALL+BAY F,MONTGOMERY MALL TRANSIT CENTER,WMATA
32561020,M70,M70,11,0,06:20:00,15362,Bethesda+Bay C,27,NA,1,BETHESDA+BAY C,BETHESDA STATION,WMATA
32567020,C87,C87,11,1,06:53:00,19055,Silver Spring+Bay 115,2,NA,1,SILVER SPRING+BAY 115,SILVER SPRING STATION,WMATA
32598020,M20,M20,11,1,16:17:00,15406,Wheaton+Bay A,2,NA,1,WHEATON+BAY A,WHEATON STATION,WMATA
32598020,M20,M20,11,1,16:40:00,18954,Silver Spring+Bay 219,21,NA,1,SILVER SPRING+BAY 219,SILVER SPRING STATION,WMATA
32599020,M54,M54,11,1,12:02:00,19054,Silver Spring+Bay 114,54,NA,1,SILVER SPRING+BAY 114,SILVER SPRING STATION,WMATA
32617020,D6X,D6X,11,0,14:41:00,18914,Silver Spring+Bay 104,33,NA,1,SILVER SPRING+BAY 104,SILVER SPRING STATION,WMATA
32618020,LCL,LCL,11,1,07:08:00,29087,Grosvenor Station+Bay F,4,NA,1,GROSVENOR STATION+BAY F,GROSVENOR STATION,WMATA
32618020,LCL,LCL,11,1,07:00:00,29091,North Bethesda Station+Bay C,2,NA,1,NORTH BETHESDA STATION+BAY C,NORTH BETHESDA STATION,WMATA
32644020,D6X,D6X,11,1,16:20:00,18914,Silver Spring+Bay 104,2,NA,1,SILVER SPRING+BAY 104,SILVER SPRING STATION,WMATA
32654020,M20,M20,11,0,23:54:00,16136,Wheaton+Bay E,19,NA,1,WHEATON+BAY E,WHEATON STATION,WMATA
32654020,M20,M20,11,0,23:40:00,18954,Silver Spring+Bay 219,2,NA,1,SILVER SPRING+BAY 219,SILVER SPRING STATION,WMATA
32666020,LCL,LCL,11,0,08:03:00,29090,Grosvenor Station,8,NA,1,GROSVENOR STATION,GROSVENOR STATION,WMATA
32686020,EXP,EXP,11,1,12:13:00,29091,North Bethesda Station+Bay C,2,NA,1,NORTH BETHESDA STATION+BAY C,NORTH BETHESDA STATION,WMATA
32687020,D4X,D4X,11,0,14:49:00,18909,Silver Spring+Bay 221,24,NA,1,SILVER SPRING+BAY 221,SILVER SPRING STATION,WMATA
32697020,M12,M12,11,0,15:32:00,10628,Wheaton+Bay D,28,NA,1,WHEATON+BAY D,WHEATON STATION,WMATA
32697020,M12,M12,11,0,15:10:00,21558,Twinbrook+Bay A,2,NA,1,TWINBROOK+BAY A,TWINBROOK STATION,WMATA
32698020,M52,M52,11,1,22:43:00,19053,Silver Spring+Bay 113,68,NA,1,SILVER SPRING+BAY 113,SILVER SPRING STATION,WMATA
32710020,D60,D60,11,0,08:07:00,18918,Silver Spring+Bay 103,49,NA,1,SILVER SPRING+BAY 103,SILVER SPRING STATION,WMATA
32711020,EXP,EXP,11,1,13:48:00,29091,North Bethesda Station+Bay C,2,NA,1,NORTH BETHESDA STATION+BAY C,NORTH BETHESDA STATION,WMATA
32717020,P30,P30,11,0,19:48:00,18911,Silver Spring+Bay 223,2,NA,1,SILVER SPRING+BAY 223,SILVER SPRING STATION,WMATA
32720020,LCL,LCL,11,1,19:12:00,29091,North Bethesda Station+Bay C,2,NA,1,NORTH BETHESDA STATION+BAY C,NORTH BETHESDA STATION,WMATA
32720020,LCL,LCL,11,1,19:20:00,29087,Grosvenor Station+Bay F,4,NA,1,GROSVENOR STATION+BAY F,GROSVENOR STATION,WMATA
32725020,D4X,D4X,11,0,17:17:00,18909,Silver Spring+Bay 221,24,NA,1,SILVER SPRING+BAY 221,SILVER SPRING STATION,WMATA
32727020,EXP,EXP,11,1,17:52:00,29091,North Bethesda Station+Bay C,2,NA,1,NORTH BETHESDA STATION+BAY C,NORTH BETHESDA STATION,WMATA
32755020,M12,M12,11,1,16:01:00,16955,Wheaton+Bay B,49,NA,1,WHEATON+BAY B,WHEATON STATION,WMATA
32755020,M12,M12,11,1,16:23:00,21558,Twinbrook+Bay A,74,NA,1,TWINBROOK+BAY A,TWINBROOK STATION,WMATA
32761020,EXP,EXP,11,1,13:39:00,29091,North Bethesda Station+Bay C,2,NA,1,NORTH BETHESDA STATION+BAY C,NORTH BETHESDA STATION,WMATA
32778020,EXP,EXP,11,1,23:15:00,29091,North Bethesda Station+Bay C,2,NA,1,NORTH BETHESDA STATION+BAY C,NORTH BETHESDA STATION,WMATA
32783020,M54,M54,11,1,11:32:00,19054,Silver Spring+Bay 114,54,NA,1,SILVER SPRING+BAY 114,SILVER SPRING STATION,WMATA
32804020,LCL,LCL,11,0,19:05:00,29090,Grosvenor Station,8,NA,1,GROSVENOR STATION,GROSVENOR STATION,WMATA
32818020,M22,M22,11,0,24:00:00,16136,Wheaton+Bay E,2,NA,1,WHEATON+BAY E,WHEATON STATION,WMATA
32818020,M22,M22,11,0,24:09:00,12893,Glenmont+Bay H,13,NA,1,GLENMONT+BAY H,GLENMONT STATION,WMATA
32836020,LCL,LCL,11,1,07:44:00,29091,North Bethesda Station+Bay C,2,NA,1,NORTH BETHESDA STATION+BAY C,NORTH BETHESDA STATION,WMATA
32836020,LCL,LCL,11,1,07:52:00,29087,Grosvenor Station+Bay F,4,NA,1,GROSVENOR STATION+BAY F,GROSVENOR STATION,WMATA
32840020,EXP,EXP,11,1,14:58:00,29091,North Bethesda Station+Bay C,2,NA,1,NORTH BETHESDA STATION+BAY C,NORTH BETHESDA STATION,WMATA
32863020,M20,M20,11,1,07:38:00,15406,Wheaton+Bay A,2,NA,1,WHEATON+BAY A,WHEATON STATION,WMATA
32863020,M20,M20,11,1,07:58:00,18954,Silver Spring+Bay 219,21,NA,1,SILVER SPRING+BAY 219,SILVER SPRING STATION,WMATA
32882020,D40,D40,11,0,08:54:00,18907,Silver Spring+Bay 220,55,NA,1,SILVER SPRING+BAY 220,SILVER SPRING STATION,WMATA
32886020,M22,M22,11,1,19:06:00,15406,Wheaton+Bay A,53,NA,1,WHEATON+BAY A,WHEATON STATION,WMATA
32886020,M22,M22,11,1,18:54:00,12892,Glenmont+Bay D,41,NA,1,GLENMONT+BAY D,GLENMONT STATION,WMATA
32886020,M22,M22,11,1,19:27:00,15389,Bethesda+Bay B,89,NA,1,BETHESDA+BAY B,BETHESDA STATION,WMATA
32890020,M12,M12,11,1,22:01:00,16955,Wheaton+Bay B,49,NA,1,WHEATON+BAY B,WHEATON STATION,WMATA
32890020,M12,M12,11,1,22:18:00,21558,Twinbrook+Bay A,74,NA,1,TWINBROOK+BAY A,TWINBROOK STATION,WMATA
32920020,EXP,EXP,11,1,18:44:00,29091,North Bethesda Station+Bay C,2,NA,1,NORTH BETHESDA STATION+BAY C,NORTH BETHESDA STATION,WMATA
32957020,EXP,EXP,11,1,10:57:00,29091,North Bethesda Station+Bay C,2,NA,1,NORTH BETHESDA STATION+BAY C,NORTH BETHESDA STATION,WMATA
32960020,M12,M12,11,0,15:08:00,10628,Wheaton+Bay D,2,NA,1,WHEATON+BAY D,WHEATON STATION,WMATA
32964020,D4X,D4X,11,0,10:46:00,18909,Silver Spring+Bay 221,24,NA,1,SILVER SPRING+BAY 221,SILVER SPRING STATION,WMATA
32978020,LCL,LCL,11,1,17:13:00,29087,Grosvenor Station+Bay F,4,NA,1,GROSVENOR STATION+BAY F,GROSVENOR STATION,WMATA
32978020,LCL,LCL,11,1,17:05:00,29091,North Bethesda Station+Bay C,2,NA,1,NORTH BETHESDA STATION+BAY C,NORTH BETHESDA STATION,WMATA
33005020,EXP,EXP,11,1,10:45:00,29091,North Bethesda Station+Bay C,2,NA,1,NORTH BETHESDA STATION+BAY C,NORTH BETHESDA STATION,WMATA
33009020,EXP,EXP,11,1,06:26:00,29091,North Bethesda Station+Bay C,2,NA,1,NORTH BETHESDA STATION+BAY C,NORTH BETHESDA STATION,WMATA
33030020,D6X,D6X,11,0,17:36:00,18914,Silver Spring+Bay 104,33,NA,1,SILVER SPRING+BAY 104,SILVER SPRING STATION,WMATA
33049020,D4X,D4X,11,1,07:30:00,18909,Silver Spring+Bay 221,2,NA,1,SILVER SPRING+BAY 221,SILVER SPRING STATION,WMATA
33069020,EXP,EXP,11,1,16:29:00,29091,North Bethesda Station+Bay C,2,NA,1,NORTH BETHESDA STATION+BAY C,NORTH BETHESDA STATION,WMATA
33070020,M44,M44,11,1,18:12:00,15313,Glenmont+Bay F,91,NA,1,GLENMONT+BAY F,GLENMONT STATION,WMATA
33073020,M20,M20,11,1,05:28:00,15406,Wheaton+Bay A,2,NA,1,WHEATON+BAY A,WHEATON STATION,WMATA
33073020,M20,M20,11,1,05:43:00,18954,Silver Spring+Bay 219,21,NA,1,SILVER SPRING+BAY 219,SILVER SPRING STATION,WMATA
33089020,M20,M20,11,0,11:55:00,16136,Wheaton+Bay E,19,NA,1,WHEATON+BAY E,WHEATON STATION,WMATA
33089020,M20,M20,11,0,11:35:00,18954,Silver Spring+Bay 219,2,NA,1,SILVER SPRING+BAY 219,SILVER SPRING STATION,WMATA
33096020,D6X,D6X,11,0,21:27:00,18914,Silver Spring+Bay 104,33,NA,1,SILVER SPRING+BAY 104,SILVER SPRING STATION,WMATA
33106020,LCL,LCL,11,1,21:17:00,29091,North Bethesda Station+Bay C,2,NA,1,NORTH BETHESDA STATION+BAY C,NORTH BETHESDA STATION,WMATA
33106020,LCL,LCL,11,1,21:25:00,29087,Grosvenor Station+Bay F,4,NA,1,GROSVENOR STATION+BAY F,GROSVENOR STATION,WMATA
33127020,EXP,EXP,11,1,14:47:00,29091,North Bethesda Station+Bay C,2,NA,1,NORTH BETHESDA STATION+BAY C,NORTH BETHESDA STATION,WMATA
33131020,M20,M20,11,1,06:37:00,15406,Wheaton+Bay A,2,NA,1,WHEATON+BAY A,WHEATON STATION,WMATA
33131020,M20,M20,11,1,06:56:00,18954,Silver Spring+Bay 219,21,NA,1,SILVER SPRING+BAY 219,SILVER SPRING STATION,WMATA
33137020,M70,M70,11,1,17:30:00,18912,Silver Spring+Bay 102,2,NA,1,SILVER SPRING+BAY 102,SILVER SPRING STATION,WMATA
33137020,M70,M70,11,1,18:20:00,19082,Montgomery Mall+Bay F,46,NA,1,MONTGOMERY MALL+BAY F,MONTGOMERY MALL TRANSIT CENTER,WMATA
33137020,M70,M70,11,1,17:51:00,15362,Bethesda+Bay C,21,NA,1,BETHESDA+BAY C,BETHESDA STATION,WMATA
33138020,D6X,D6X,11,0,07:07:00,18914,Silver Spring+Bay 104,33,NA,1,SILVER SPRING+BAY 104,SILVER SPRING STATION,WMATA
33169020,LCL,LCL,11,0,07:07:00,29090,Grosvenor Station,8,NA,1,GROSVENOR STATION,GROSVENOR STATION,WMATA
33174020,P30,P30,11,0,23:40:00,18911,Silver Spring+Bay 223,2,NA,1,SILVER SPRING+BAY 223,SILVER SPRING STATION,WMATA
33224020,D60,D60,11,0,08:39:00,18918,Silver Spring+Bay 103,49,NA,1,SILVER SPRING+BAY 103,SILVER SPRING STATION,WMATA
33239020,EXP,EXP,11,1,13:29:00,29091,North Bethesda Station+Bay C,2,NA,1,NORTH BETHESDA STATION+BAY C,NORTH BETHESDA STATION,WMATA
33253020,LCL,LCL,11,1,07:44:00,29087,Grosvenor Station+Bay F,4,NA,1,GROSVENOR STATION+BAY F,GROSVENOR STATION,WMATA
33253020,LCL,LCL,11,1,07:36:00,29091,North Bethesda Station+Bay C,2,NA,1,NORTH BETHESDA STATION+BAY C,NORTH BETHESDA STATION,WMATA
33258020,M44,M44,11,1,12:41:00,15313,Glenmont+Bay F,91,NA,1,GLENMONT+BAY F,GLENMONT STATION,WMATA
33268020,LCL,LCL,11,1,16:54:00,29091,North Bethesda Station+Bay C,2,NA,1,NORTH BETHESDA STATION+BAY C,NORTH BETHESDA STATION,WMATA
33268020,LCL,LCL,11,1,17:02:00,29087,Grosvenor Station+Bay F,4,NA,1,GROSVENOR STATION+BAY F,GROSVENOR STATION,WMATA
33279020,M20,M20,11,1,18:41:00,15406,Wheaton+Bay A,2,NA,1,WHEATON+BAY A,WHEATON STATION,WMATA
33279020,M20,M20,11,1,18:59:00,18954,Silver Spring+Bay 219,21,NA,1,SILVER SPRING+BAY 219,SILVER SPRING STATION,WMATA
33292020,M44,M44,11,0,19:10:00,13000,Glenmont+Bay E,29,NA,1,GLENMONT+BAY E,GLENMONT STATION,WMATA
33302020,M82,M82,11,1,19:00:00,17396,Rockville+Bay A,2,NA,1,ROCKVILLE+BAY A,ROCKVILLE STATION,WMATA
33307020,P30,P30,11,1,08:52:00,18911,Silver Spring+Bay 223,67,NA,1,SILVER SPRING+BAY 223,SILVER SPRING STATION,WMATA
33318020,LCL,LCL,11,1,15:24:00,29091,North Bethesda Station+Bay C,2,NA,1,NORTH BETHESDA STATION+BAY C,NORTH BETHESDA STATION,WMATA
33318020,LCL,LCL,11,1,15:32:00,29087,Grosvenor Station+Bay F,4,NA,1,GROSVENOR STATION+BAY F,GROSVENOR STATION,WMATA
33332020,D4X,D4X,11,1,16:50:00,18909,Silver Spring+Bay 221,2,NA,1,SILVER SPRING+BAY 221,SILVER SPRING STATION,WMATA
33356020,LCL,LCL,11,1,06:48:00,29087,Grosvenor Station+Bay F,4,NA,1,GROSVENOR STATION+BAY F,GROSVENOR STATION,WMATA
33356020,LCL,LCL,11,1,06:40:00,29091,North Bethesda Station+Bay C,2,NA,1,NORTH BETHESDA STATION+BAY C,NORTH BETHESDA STATION,WMATA
33358020,D4X,D4X,11,0,07:18:00,18909,Silver Spring+Bay 221,24,NA,1,SILVER SPRING+BAY 221,SILVER SPRING STATION,WMATA
33375020,M54,M54,11,0,15:45:00,19054,Silver Spring+Bay 114,2,NA,1,SILVER SPRING+BAY 114,SILVER SPRING STATION,WMATA
33402020,C87,C87,11,1,16:26:00,19055,Silver Spring+Bay 115,2,NA,1,SILVER SPRING+BAY 115,SILVER SPRING STATION,WMATA
33406020,LCL,LCL,11,0,14:27:00,29090,Grosvenor Station,8,NA,1,GROSVENOR STATION,GROSVENOR STATION,WMATA
33408020,M12,M12,11,1,26:15:00,21558,Twinbrook+Bay A,74,NA,1,TWINBROOK+BAY A,TWINBROOK STATION,WMATA
33408020,M12,M12,11,1,26:01:00,16955,Wheaton+Bay B,49,NA,1,WHEATON+BAY B,WHEATON STATION,WMATA
33416020,D4X,D4X,11,1,06:10:00,18909,Silver Spring+Bay 221,2,NA,1,SILVER SPRING+BAY 221,SILVER SPRING STATION,WMATA
33426020,P30,P30,11,0,08:27:00,18911,Silver Spring+Bay 223,2,NA,1,SILVER SPRING+BAY 223,SILVER SPRING STATION,WMATA
33439020,D96,D96,11,0,17:46:00,28523,Bethesda+Bay A,79,NA,1,BETHESDA+BAY A,BETHESDA STATION,WMATA
33440020,M20,M20,11,1,10:37:00,15406,Wheaton+Bay A,2,NA,1,WHEATON+BAY A,WHEATON STATION,WMATA
33440020,M20,M20,11,1,10:56:00,18954,Silver Spring+Bay 219,21,NA,1,SILVER SPRING+BAY 219,SILVER SPRING STATION,WMATA
33447020,M12,M12,11,1,21:41:00,16955,Wheaton+Bay B,49,NA,1,WHEATON+BAY B,WHEATON STATION,WMATA
33447020,M12,M12,11,1,21:58:00,21558,Twinbrook+Bay A,74,NA,1,TWINBROOK+BAY A,TWINBROOK STATION,WMATA
33454020,LCL,LCL,11,0,22:52:00,29090,Grosvenor Station,8,NA,1,GROSVENOR STATION,GROSVENOR STATION,WMATA
33463020,M70,M70,11,1,15:01:00,19082,Montgomery Mall+Bay F,46,NA,1,MONTGOMERY MALL+BAY F,MONTGOMERY MALL TRANSIT CENTER,WMATA
33463020,M70,M70,11,1,14:10:00,18912,Silver Spring+Bay 102,2,NA,1,SILVER SPRING+BAY 102,SILVER SPRING STATION,WMATA
33463020,M70,M70,11,1,14:31:00,15362,Bethesda+Bay C,21,NA,1,BETHESDA+BAY C,BETHESDA STATION,WMATA
33487020,LCL,LCL,11,1,22:37:00,29087,Grosvenor Station+Bay F,4,NA,1,GROSVENOR STATION+BAY F,GROSVENOR STATION,WMATA
33487020,LCL,LCL,11,1,22:29:00,29091,North Bethesda Station+Bay C,2,NA,1,NORTH BETHESDA STATION+BAY C,NORTH BETHESDA STATION,WMATA
33489020,M44,M44,11,0,07:41:00,13000,Glenmont+Bay E,29,NA,1,GLENMONT+BAY E,GLENMONT STATION,WMATA
33508020,M54,M54,11,0,22:15:00,19054,Silver Spring+Bay 114,2,NA,1,SILVER SPRING+BAY 114,SILVER SPRING STATION,WMATA
33537020,EXP,EXP,11,1,19:12:00,29091,North Bethesda Station+Bay C,2,NA,1,NORTH BETHESDA STATION+BAY C,NORTH BETHESDA STATION,WMATA
33540020,M22,M22,11,0,25:45:00,16136,Wheaton+Bay E,2,NA,1,WHEATON+BAY E,WHEATON STATION,WMATA
33540020,M22,M22,11,0,25:52:00,12893,Glenmont+Bay H,13,NA,1,GLENMONT+BAY H,GLENMONT STATION,WMATA
33547020,D96,D96,11,0,23:45:00,28523,Bethesda+Bay A,79,NA,1,BETHESDA+BAY A,BETHESDA STATION,WMATA
33578020,D4X,D4X,11,0,17:34:00,18909,Silver Spring+Bay 221,24,NA,1,SILVER SPRING+BAY 221,SILVER SPRING STATION,WMATA
33581020,D40,D40,11,1,07:12:00,18907,Silver Spring+Bay 220,2,NA,1,SILVER SPRING+BAY 220,SILVER SPRING STATION,WMATA
33612020,M82,M82,11,1,09:00:00,17396,Rockville+Bay A,2,NA,1,ROCKVILLE+BAY A,ROCKVILLE STATION,WMATA
33616020,P30,P30,11,1,10:53:00,18911,Silver Spring+Bay 223,67,NA,1,SILVER SPRING+BAY 223,SILVER SPRING STATION,WMATA
33617020,M52,M52,11,0,12:00:00,19053,Silver Spring+Bay 113,2,NA,1,SILVER SPRING+BAY 113,SILVER SPRING STATION,WMATA
33636020,D4X,D4X,11,1,11:00:00,18909,Silver Spring+Bay 221,2,NA,1,SILVER SPRING+BAY 221,SILVER SPRING STATION,WMATA
33652020,D6X,D6X,11,1,06:50:00,18914,Silver Spring+Bay 104,2,NA,1,SILVER SPRING+BAY 104,SILVER SPRING STATION,WMATA
33672020,D6X,D6X,11,1,23:15:00,18914,Silver Spring+Bay 104,2,NA,1,SILVER SPRING+BAY 104,SILVER SPRING STATION,WMATA
33690020,P30,P30,11,1,19:07:00,18911,Silver Spring+Bay 223,67,NA,1,SILVER SPRING+BAY 223,SILVER SPRING STATION,WMATA
33707020,M20,M20,11,1,21:12:00,18954,Silver Spring+Bay 219,21,NA,1,SILVER SPRING+BAY 219,SILVER SPRING STATION,WMATA
33707020,M20,M20,11,1,20:58:00,15406,Wheaton+Bay A,2,NA,1,WHEATON+BAY A,WHEATON STATION,WMATA
33734020,D96,D96,11,1,14:20:00,28523,Bethesda+Bay A,2,NA,1,BETHESDA+BAY A,BETHESDA STATION,WMATA
33740020,P30,P30,11,0,06:39:00,18911,Silver Spring+Bay 223,2,NA,1,SILVER SPRING+BAY 223,SILVER SPRING STATION,WMATA
33747020,M52,M52,11,1,21:14:00,19053,Silver Spring+Bay 113,68,NA,1,SILVER SPRING+BAY 113,SILVER SPRING STATION,WMATA
33766020,D6X,D6X,11,0,15:52:00,18914,Silver Spring+Bay 104,33,NA,1,SILVER SPRING+BAY 104,SILVER SPRING STATION,WMATA
33767020,D4X,D4X,11,0,21:24:00,18909,Silver Spring+Bay 221,24,NA,1,SILVER SPRING+BAY 221,SILVER SPRING STATION,WMATA
33790020,D6X,D6X,11,0,06:52:00,18914,Silver Spring+Bay 104,33,NA,1,SILVER SPRING+BAY 104,SILVER SPRING STATION,WMATA
33815020,M20,M20,11,0,14:22:00,18954,Silver Spring+Bay 219,2,NA,1,SILVER SPRING+BAY 219,SILVER SPRING STATION,WMATA
33815020,M20,M20,11,0,14:47:00,16136,Wheaton+Bay E,19,NA,1,WHEATON+BAY E,WHEATON STATION,WMATA
33828020,D60,D60,11,0,14:41:00,18918,Silver Spring+Bay 103,49,NA,1,SILVER SPRING+BAY 103,SILVER SPRING STATION,WMATA
33842020,EXP,EXP,11,1,07:40:00,29091,North Bethesda Station+Bay C,2,NA,1,NORTH BETHESDA STATION+BAY C,NORTH BETHESDA STATION,WMATA
33854020,M12,M12,11,0,20:31:00,21558,Twinbrook+Bay A,2,NA,1,TWINBROOK+BAY A,TWINBROOK STATION,WMATA
33854020,M12,M12,11,0,20:48:00,10628,Wheaton+Bay D,28,NA,1,WHEATON+BAY D,WHEATON STATION,WMATA
33860020,D96,D96,11,1,05:50:00,28523,Bethesda+Bay A,2,NA,1,BETHESDA+BAY A,BETHESDA STATION,WMATA
33870020,M20,M20,11,0,05:29:00,18954,Silver Spring+Bay 219,2,NA,1,SILVER SPRING+BAY 219,SILVER SPRING STATION,WMATA
33870020,M20,M20,11,0,05:56:00,12893,Glenmont+Bay H,30,NA,1,GLENMONT+BAY H,GLENMONT STATION,WMATA
33870020,M20,M20,11,0,05:45:00,16136,Wheaton+Bay E,19,NA,1,WHEATON+BAY E,WHEATON STATION,WMATA
33875020,EXP,EXP,11,1,13:53:00,29091,North Bethesda Station+Bay C,2,NA,1,NORTH BETHESDA STATION+BAY C,NORTH BETHESDA STATION,WMATA
33912020,LCL,LCL,11,0,13:27:00,29090,Grosvenor Station,8,NA,1,GROSVENOR STATION,GROSVENOR STATION,WMATA
33913020,M22,M22,11,0,10:42:00,12893,Glenmont+Bay H,47,NA,1,GLENMONT+BAY H,GLENMONT STATION,WMATA
33913020,M22,M22,11,0,10:07:00,15389,Bethesda+Bay B,2,NA,1,BETHESDA+BAY B,BETHESDA STATION,WMATA
33913020,M22,M22,11,0,10:30:00,16136,Wheaton+Bay E,36,NA,1,WHEATON+BAY E,WHEATON STATION,WMATA
33914020,D60,D60,11,1,16:45:00,18918,Silver Spring+Bay 103,2,NA,1,SILVER SPRING+BAY 103,SILVER SPRING STATION,WMATA
33926020,M12,M12,11,1,16:43:00,21558,Twinbrook+Bay A,74,NA,1,TWINBROOK+BAY A,TWINBROOK STATION,WMATA
33926020,M12,M12,11,1,16:21:00,16955,Wheaton+Bay B,49,NA,1,WHEATON+BAY B,WHEATON STATION,WMATA
33951020,D60,D60,11,0,18:10:00,18918,Silver Spring+Bay 103,49,NA,1,SILVER SPRING+BAY 103,SILVER SPRING STATION,WMATA
33963020,M20,M20,11,0,21:25:00,16136,Wheaton+Bay E,19,NA,1,WHEATON+BAY E,WHEATON STATION,WMATA
33963020,M20,M20,11,0,21:08:00,18954,Silver Spring+Bay 219,2,NA,1,SILVER SPRING+BAY 219,SILVER SPRING STATION,WMATA
33969020,EXP,EXP,11,1,19:49:00,29091,North Bethesda Station+Bay C,2,NA,1,NORTH BETHESDA STATION+BAY C,NORTH BETHESDA STATION,WMATA
33977020,M70,M70,11,1,25:29:00,15362,Bethesda+Bay C,21,NA,1,BETHESDA+BAY C,BETHESDA STATION,WMATA
33977020,M70,M70,11,1,25:15:00,18912,Silver Spring+Bay 102,2,NA,1,SILVER SPRING+BAY 102,SILVER SPRING STATION,WMATA
33977020,M70,M70,11,1,25:46:00,19082,Montgomery Mall+Bay F,46,NA,1,MONTGOMERY MALL+BAY F,MONTGOMERY MALL TRANSIT CENTER,WMATA
34007020,P30,P30,11,0,12:47:00,18911,Silver Spring+Bay 223,2,NA,1,SILVER SPRING+BAY 223,SILVER SPRING STATION,WMATA
34060020,M20,M20,11,0,16:47:00,16136,Wheaton+Bay E,19,NA,1,WHEATON+BAY E,WHEATON STATION,WMATA
34060020,M20,M20,11,0,16:20:00,18954,Silver Spring+Bay 219,2,NA,1,SILVER SPRING+BAY 219,SILVER SPRING STATION,WMATA
34073020,M54,M54,11,1,24:32:00,19054,Silver Spring+Bay 114,54,NA,1,SILVER SPRING+BAY 114,SILVER SPRING STATION,WMATA
34076020,M70,M70,11,0,09:36:00,19082,Montgomery Mall+Bay F,2,NA,1,MONTGOMERY MALL+BAY F,MONTGOMERY MALL TRANSIT CENTER,WMATA
34076020,M70,M70,11,0,10:02:00,15362,Bethesda+Bay C,27,NA,1,BETHESDA+BAY C,BETHESDA STATION,WMATA
34076020,M70,M70,11,0,10:19:00,18912,Silver Spring+Bay 102,46,NA,1,SILVER SPRING+BAY 102,SILVER SPRING STATION,WMATA
34088020,M42,M42,11,1,17:27:00,15313,Glenmont+Bay F,78,NA,1,GLENMONT+BAY F,GLENMONT STATION,WMATA
34102020,D60,D60,11,0,13:53:00,18918,Silver Spring+Bay 103,49,NA,1,SILVER SPRING+BAY 103,SILVER SPRING STATION,WMATA
34117020,D6X,D6X,11,0,12:56:00,18914,Silver Spring+Bay 104,33,NA,1,SILVER SPRING+BAY 104,SILVER SPRING STATION,WMATA
34120020,LCL,LCL,11,0,12:05:00,29090,Grosvenor Station,8,NA,1,GROSVENOR STATION,GROSVENOR STATION,WMATA
34155020,M44,M44,11,0,08:11:00,13000,Glenmont+Bay E,29,NA,1,GLENMONT+BAY E,GLENMONT STATION,WMATA
34187020,D4X,D4X,11,0,15:09:00,18909,Silver Spring+Bay 221,24,NA,1,SILVER SPRING+BAY 221,SILVER SPRING STATION,WMATA
34189020,M70,M70,11,1,16:02:00,19082,Montgomery Mall+Bay F,46,NA,1,MONTGOMERY MALL+BAY F,MONTGOMERY MALL TRANSIT CENTER,WMATA
34189020,M70,M70,11,1,15:10:00,18912,Silver Spring+Bay 102,2,NA,1,SILVER SPRING+BAY 102,SILVER SPRING STATION,WMATA
34189020,M70,M70,11,1,15:30:00,15362,Bethesda+Bay C,21,NA,1,BETHESDA+BAY C,BETHESDA STATION,WMATA
34205020,D40,D40,11,0,19:39:00,18907,Silver Spring+Bay 220,55,NA,1,SILVER SPRING+BAY 220,SILVER SPRING STATION,WMATA
34206020,D4X,D4X,11,1,13:10:00,18909,Silver Spring+Bay 221,2,NA,1,SILVER SPRING+BAY 221,SILVER SPRING STATION,WMATA
34210020,M54,M54,11,1,12:32:00,19054,Silver Spring+Bay 114,54,NA,1,SILVER SPRING+BAY 114,SILVER SPRING STATION,WMATA
34220020,D4X,D4X,11,1,10:50:00,18909,Silver Spring+Bay 221,2,NA,1,SILVER SPRING+BAY 221,SILVER SPRING STATION,WMATA
34227020,LCL,LCL,11,0,24:40:00,29090,Grosvenor Station,8,NA,1,GROSVENOR STATION,GROSVENOR STATION,WMATA
34239020,M20,M20,11,0,05:09:00,18954,Silver Spring+Bay 219,2,NA,1,SILVER SPRING+BAY 219,SILVER SPRING STATION,WMATA
34239020,M20,M20,11,0,05:25:00,16136,Wheaton+Bay E,19,NA,1,WHEATON+BAY E,WHEATON STATION,WMATA
34253020,LCL,LCL,11,1,12:52:00,29091,North Bethesda Station+Bay C,2,NA,1,NORTH BETHESDA STATION+BAY C,NORTH BETHESDA STATION,WMATA
34253020,LCL,LCL,11,1,13:00:00,29087,Grosvenor Station+Bay F,4,NA,1,GROSVENOR STATION+BAY F,GROSVENOR STATION,WMATA
34254020,M12,M12,11,0,13:48:00,10628,Wheaton+Bay D,2,NA,1,WHEATON+BAY D,WHEATON STATION,WMATA
34267020,M12,M12,11,0,14:52:00,10628,Wheaton+Bay D,2,NA,1,WHEATON+BAY D,WHEATON STATION,WMATA
34292020,EXP,EXP,11,1,14:13:00,29091,North Bethesda Station+Bay C,2,NA,1,NORTH BETHESDA STATION+BAY C,NORTH BETHESDA STATION,WMATA
34296020,D6X,D6X,11,0,14:26:00,18914,Silver Spring+Bay 104,33,NA,1,SILVER SPRING+BAY 104,SILVER SPRING STATION,WMATA
34305020,M70,M70,11,0,12:17:00,18912,Silver Spring+Bay 102,46,NA,1,SILVER SPRING+BAY 102,SILVER SPRING STATION,WMATA
34305020,M70,M70,11,0,11:36:00,19082,Montgomery Mall+Bay F,2,NA,1,MONTGOMERY MALL+BAY F,MONTGOMERY MALL TRANSIT CENTER,WMATA
34305020,M70,M70,11,0,12:00:00,15362,Bethesda+Bay C,27,NA,1,BETHESDA+BAY C,BETHESDA STATION,WMATA
34309020,LCL,LCL,11,1,16:05:00,29091,North Bethesda Station+Bay C,2,NA,1,NORTH BETHESDA STATION+BAY C,NORTH BETHESDA STATION,WMATA
34309020,LCL,LCL,11,1,16:13:00,29087,Grosvenor Station+Bay F,4,NA,1,GROSVENOR STATION+BAY F,GROSVENOR STATION,WMATA
34318020,LCL,LCL,11,0,09:23:00,29090,Grosvenor Station,8,NA,1,GROSVENOR STATION,GROSVENOR STATION,WMATA
34335020,M12,M12,11,1,15:41:00,16955,Wheaton+Bay B,49,NA,1,WHEATON+BAY B,WHEATON STATION,WMATA
34335020,M12,M12,11,1,16:03:00,21558,Twinbrook+Bay A,74,NA,1,TWINBROOK+BAY A,TWINBROOK STATION,WMATA
34336020,M20,M20,11,1,10:07:00,15406,Wheaton+Bay A,2,NA,1,WHEATON+BAY A,WHEATON STATION,WMATA
34336020,M20,M20,11,1,10:26:00,18954,Silver Spring+Bay 219,21,NA,1,SILVER SPRING+BAY 219,SILVER SPRING STATION,WMATA
34352020,D6X,D6X,11,0,16:51:00,18914,Silver Spring+Bay 104,33,NA,1,SILVER SPRING+BAY 104,SILVER SPRING STATION,WMATA
34366020,LCL,LCL,11,0,18:59:00,29090,Grosvenor Station,8,NA,1,GROSVENOR STATION,GROSVENOR STATION,WMATA
34372020,M70,M70,11,0,11:00:00,15362,Bethesda+Bay C,27,NA,1,BETHESDA+BAY C,BETHESDA STATION,WMATA
34372020,M70,M70,11,0,11:17:00,18912,Silver Spring+Bay 102,46,NA,1,SILVER SPRING+BAY 102,SILVER SPRING STATION,WMATA
34372020,M70,M70,11,0,10:36:00,19082,Montgomery Mall+Bay F,2,NA,1,MONTGOMERY MALL+BAY F,MONTGOMERY MALL TRANSIT CENTER,WMATA
34419020,D40,D40,11,1,16:36:00,18907,Silver Spring+Bay 220,2,NA,1,SILVER SPRING+BAY 220,SILVER SPRING STATION,WMATA
34425020,M70,M70,11,0,16:39:00,15362,Bethesda+Bay C,27,NA,1,BETHESDA+BAY C,BETHESDA STATION,WMATA
34425020,M70,M70,11,0,17:01:00,18912,Silver Spring+Bay 102,46,NA,1,SILVER SPRING+BAY 102,SILVER SPRING STATION,WMATA
34425020,M70,M70,11,0,16:10:00,19082,Montgomery Mall+Bay F,2,NA,1,MONTGOMERY MALL+BAY F,MONTGOMERY MALL TRANSIT CENTER,WMATA
34446020,EXP,EXP,11,1,15:32:00,29091,North Bethesda Station+Bay C,2,NA,1,NORTH BETHESDA STATION+BAY C,NORTH BETHESDA STATION,WMATA
34451020,M82,M82,11,1,12:00:00,17396,Rockville+Bay A,2,NA,1,ROCKVILLE+BAY A,ROCKVILLE STATION,WMATA
34455020,M70,M70,11,0,19:52:00,18912,Silver Spring+Bay 102,46,NA,1,SILVER SPRING+BAY 102,SILVER SPRING STATION,WMATA
34455020,M70,M70,11,0,19:12:00,19082,Montgomery Mall+Bay F,2,NA,1,MONTGOMERY MALL+BAY F,MONTGOMERY MALL TRANSIT CENTER,WMATA
34455020,M70,M70,11,0,19:35:00,15362,Bethesda+Bay C,27,NA,1,BETHESDA+BAY C,BETHESDA STATION,WMATA
34461020,EXP,EXP,11,1,05:38:00,29091,North Bethesda Station+Bay C,2,NA,1,NORTH BETHESDA STATION+BAY C,NORTH BETHESDA STATION,WMATA
34463020,M20,M20,11,0,07:55:00,16136,Wheaton+Bay E,19,NA,1,WHEATON+BAY E,WHEATON STATION,WMATA
34463020,M20,M20,11,0,07:36:00,18954,Silver Spring+Bay 219,2,NA,1,SILVER SPRING+BAY 219,SILVER SPRING STATION,WMATA
34497020,D96,D96,11,1,12:31:00,28523,Bethesda+Bay A,2,NA,1,BETHESDA+BAY A,BETHESDA STATION,WMATA
34507020,D60,D60,11,0,19:23:00,18918,Silver Spring+Bay 103,49,NA,1,SILVER SPRING+BAY 103,SILVER SPRING STATION,WMATA
34521020,M42,M42,11,1,06:58:00,15313,Glenmont+Bay F,78,NA,1,GLENMONT+BAY F,GLENMONT STATION,WMATA
34542020,M22,M22,11,1,16:23:00,12892,Glenmont+Bay D,41,NA,1,GLENMONT+BAY D,GLENMONT STATION,WMATA
34542020,M22,M22,11,1,16:37:00,15406,Wheaton+Bay A,53,NA,1,WHEATON+BAY A,WHEATON STATION,WMATA
34542020,M22,M22,11,1,17:03:00,15389,Bethesda+Bay B,89,NA,1,BETHESDA+BAY B,BETHESDA STATION,WMATA
34555020,M70,M70,11,1,16:55:00,19082,Montgomery Mall+Bay F,46,NA,1,MONTGOMERY MALL+BAY F,MONTGOMERY MALL TRANSIT CENTER,WMATA
34555020,M70,M70,11,1,16:21:00,15362,Bethesda+Bay C,21,NA,1,BETHESDA+BAY C,BETHESDA STATION,WMATA
34555020,M70,M70,11,1,16:00:00,18912,Silver Spring+Bay 102,2,NA,1,SILVER SPRING+BAY 102,SILVER SPRING STATION,WMATA
34559020,D4X,D4X,11,1,15:10:00,18909,Silver Spring+Bay 221,2,NA,1,SILVER SPRING+BAY 221,SILVER SPRING STATION,WMATA
34570020,LCL,LCL,11,0,07:47:00,29090,Grosvenor Station,8,NA,1,GROSVENOR STATION,GROSVENOR STATION,WMATA
34582020,M12,M12,11,0,25:30:00,21558,Twinbrook+Bay A,2,NA,1,TWINBROOK+BAY A,TWINBROOK STATION,WMATA
34582020,M12,M12,11,0,25:44:00,10628,Wheaton+Bay D,28,NA,1,WHEATON+BAY D,WHEATON STATION,WMATA
34588020,LCL,LCL,11,0,15:29:00,29090,Grosvenor Station,8,NA,1,GROSVENOR STATION,GROSVENOR STATION,WMATA
34638020,D60,D60,11,0,22:55:00,18918,Silver Spring+Bay 103,49,NA,1,SILVER SPRING+BAY 103,SILVER SPRING STATION,WMATA
34640020,P30,P30,11,0,05:45:00,18911,Silver Spring+Bay 223,2,NA,1,SILVER SPRING+BAY 223,SILVER SPRING STATION,WMATA
34644020,LCL,LCL,11,1,12:48:00,29091,North Bethesda Station+Bay C,2,NA,1,NORTH BETHESDA STATION+BAY C,NORTH BETHESDA STATION,WMATA
34644020,LCL,LCL,11,1,12:56:00,29087,Grosvenor Station+Bay F,4,NA,1,GROSVENOR STATION+BAY F,GROSVENOR STATION,WMATA
34648020,LCL,LCL,11,1,12:08:00,29087,Grosvenor Station+Bay F,4,NA,1,GROSVENOR STATION+BAY F,GROSVENOR STATION,WMATA
34648020,LCL,LCL,11,1,12:00:00,29091,North Bethesda Station+Bay C,2,NA,1,NORTH BETHESDA STATION+BAY C,NORTH BETHESDA STATION,WMATA
34654020,D4X,D4X,11,1,14:40:00,18909,Silver Spring+Bay 221,2,NA,1,SILVER SPRING+BAY 221,SILVER SPRING STATION,WMATA
34663020,LCL,LCL,11,0,15:16:00,29090,Grosvenor Station,8,NA,1,GROSVENOR STATION,GROSVENOR STATION,WMATA
34719020,M52,M52,11,0,17:00:00,19053,Silver Spring+Bay 113,2,NA,1,SILVER SPRING+BAY 113,SILVER SPRING STATION,WMATA
34721020,D40,D40,11,0,19:27:00,18907,Silver Spring+Bay 220,55,NA,1,SILVER SPRING+BAY 220,SILVER SPRING STATION,WMATA
34751020,M12,M12,11,0,06:12:00,10628,Wheaton+Bay D,28,NA,1,WHEATON+BAY D,WHEATON STATION,WMATA
34751020,M12,M12,11,0,05:53:00,21558,Twinbrook+Bay A,2,NA,1,TWINBROOK+BAY A,TWINBROOK STATION,WMATA
34764020,D6X,D6X,11,0,19:15:00,18914,Silver Spring+Bay 104,33,NA,1,SILVER SPRING+BAY 104,SILVER SPRING STATION,WMATA
34788020,D4X,D4X,11,0,13:29:00,18909,Silver Spring+Bay 221,24,NA,1,SILVER SPRING+BAY 221,SILVER SPRING STATION,WMATA
34807020,EXP,EXP,11,1,13:00:00,29091,North Bethesda Station+Bay C,2,NA,1,NORTH BETHESDA STATION+BAY C,NORTH BETHESDA STATION,WMATA
34815020,P30,P30,11,1,16:35:00,18911,Silver Spring+Bay 223,67,NA,1,SILVER SPRING+BAY 223,SILVER SPRING STATION,WMATA
34816020,D4X,D4X,11,1,10:40:00,18909,Silver Spring+Bay 221,2,NA,1,SILVER SPRING+BAY 221,SILVER SPRING STATION,WMATA
34831020,M22,M22,11,0,11:00:00,16136,Wheaton+Bay E,36,NA,1,WHEATON+BAY E,WHEATON STATION,WMATA
34831020,M22,M22,11,0,10:33:00,15389,Bethesda+Bay B,2,NA,1,BETHESDA+BAY B,BETHESDA STATION,WMATA
34831020,M22,M22,11,0,11:13:00,12893,Glenmont+Bay H,47,NA,1,GLENMONT+BAY H,GLENMONT STATION,WMATA
34832020,P30,P30,11,0,07:51:00,18911,Silver Spring+Bay 223,2,NA,1,SILVER SPRING+BAY 223,SILVER SPRING STATION,WMATA
34850020,P30,P30,11,1,12:54:00,18911,Silver Spring+Bay 223,67,NA,1,SILVER SPRING+BAY 223,SILVER SPRING STATION,WMATA
34861020,LCL,LCL,11,1,05:20:00,29087,Grosvenor Station+Bay F,4,NA,1,GROSVENOR STATION+BAY F,GROSVENOR STATION,WMATA
34861020,LCL,LCL,11,1,05:12:00,29091,North Bethesda Station+Bay C,2,NA,1,NORTH BETHESDA STATION+BAY C,NORTH BETHESDA STATION,WMATA
34866020,M20,M20,11,0,19:35:00,18954,Silver Spring+Bay 219,2,NA,1,SILVER SPRING+BAY 219,SILVER SPRING STATION,WMATA
34866020,M20,M20,11,0,19:55:00,16136,Wheaton+Bay E,19,NA,1,WHEATON+BAY E,WHEATON STATION,WMATA
34879020,M22,M22,11,1,21:05:00,15406,Wheaton+Bay A,49,NA,1,WHEATON+BAY A,WHEATON STATION,WMATA
34879020,M22,M22,11,1,21:24:00,15389,Bethesda+Bay B,85,NA,1,BETHESDA+BAY B,BETHESDA STATION,WMATA
34879020,M22,M22,11,1,20:54:00,12892,Glenmont+Bay D,37,NA,1,GLENMONT+BAY D,GLENMONT STATION,WMATA
34889020,LCL,LCL,11,0,13:23:00,29090,Grosvenor Station,8,NA,1,GROSVENOR STATION,GROSVENOR STATION,WMATA
34900020,M54,M54,11,1,20:29:00,19054,Silver Spring+Bay 114,54,NA,1,SILVER SPRING+BAY 114,SILVER SPRING STATION,WMATA
34918020,D6X,D6X,11,1,10:00:00,18914,Silver Spring+Bay 104,2,NA,1,SILVER SPRING+BAY 104,SILVER SPRING STATION,WMATA
34923020,LCL,LCL,11,0,15:28:00,29090,Grosvenor Station,8,NA,1,GROSVENOR STATION,GROSVENOR STATION,WMATA
34941020,EXP,EXP,11,1,13:50:00,29091,North Bethesda Station+Bay C,2,NA,1,NORTH BETHESDA STATION+BAY C,NORTH BETHESDA STATION,WMATA
34951020,M20,M20,11,1,17:56:00,18954,Silver Spring+Bay 219,54,NA,1,SILVER SPRING+BAY 219,SILVER SPRING STATION,WMATA
34951020,M20,M20,11,1,17:35:00,15406,Wheaton+Bay A,35,NA,1,WHEATON+BAY A,WHEATON STATION,WMATA
34951020,M20,M20,11,1,17:22:00,12892,Glenmont+Bay D,23,NA,1,GLENMONT+BAY D,GLENMONT STATION,WMATA
34953020,D6X,D6X,11,1,09:15:00,18914,Silver Spring+Bay 104,2,NA,1,SILVER SPRING+BAY 104,SILVER SPRING STATION,WMATA
34957020,M20,M20,11,0,14:42:00,18954,Silver Spring+Bay 219,2,NA,1,SILVER SPRING+BAY 219,SILVER SPRING STATION,WMATA
34957020,M20,M20,11,0,15:07:00,16136,Wheaton+Bay E,19,NA,1,WHEATON+BAY E,WHEATON STATION,WMATA
34963020,LCL,LCL,11,1,09:32:00,29087,Grosvenor Station+Bay F,4,NA,1,GROSVENOR STATION+BAY F,GROSVENOR STATION,WMATA
34963020,LCL,LCL,11,1,09:24:00,29091,North Bethesda Station+Bay C,2,NA,1,NORTH BETHESDA STATION+BAY C,NORTH BETHESDA STATION,WMATA
34964020,LCL,LCL,11,0,08:31:00,29090,Grosvenor Station,8,NA,1,GROSVENOR STATION,GROSVENOR STATION,WMATA
34995020,M82,M82,11,0,14:48:00,17396,Rockville+Bay A,73,NA,1,ROCKVILLE+BAY A,ROCKVILLE STATION,WMATA
35029020,LCL,LCL,11,0,08:43:00,29090,Grosvenor Station,8,NA,1,GROSVENOR STATION,GROSVENOR STATION,WMATA
35048020,M12,M12,11,0,15:48:00,10628,Wheaton+Bay D,28,NA,1,WHEATON+BAY D,WHEATON STATION,WMATA
35048020,M12,M12,11,0,15:26:00,21558,Twinbrook+Bay A,2,NA,1,TWINBROOK+BAY A,TWINBROOK STATION,WMATA
35098020,M12,M12,11,1,20:45:00,16955,Wheaton+Bay B,31,NA,1,WHEATON+BAY B,WHEATON STATION,WMATA
35149020,LCL,LCL,11,0,10:41:00,29090,Grosvenor Station,8,NA,1,GROSVENOR STATION,GROSVENOR STATION,WMATA
35157020,M42,M42,11,1,11:55:00,15313,Glenmont+Bay F,78,NA,1,GLENMONT+BAY F,GLENMONT STATION,WMATA
35159020,P30,P30,11,0,10:49:00,18911,Silver Spring+Bay 223,2,NA,1,SILVER SPRING+BAY 223,SILVER SPRING STATION,WMATA
35161020,M42,M42,11,0,09:25:00,13000,Glenmont+Bay E,29,NA,1,GLENMONT+BAY E,GLENMONT STATION,WMATA
35168020,EXP,EXP,11,1,12:29:00,29091,North Bethesda Station+Bay C,2,NA,1,NORTH BETHESDA STATION+BAY C,NORTH BETHESDA STATION,WMATA
35199020,EXP,EXP,11,1,08:17:00,29091,North Bethesda Station+Bay C,2,NA,1,NORTH BETHESDA STATION+BAY C,NORTH BETHESDA STATION,WMATA
35209020,M20,M20,11,1,05:18:00,15406,Wheaton+Bay A,35,NA,1,WHEATON+BAY A,WHEATON STATION,WMATA
35209020,M20,M20,11,1,05:08:00,12892,Glenmont+Bay D,23,NA,1,GLENMONT+BAY D,GLENMONT STATION,WMATA
35209020,M20,M20,11,1,05:33:00,18954,Silver Spring+Bay 219,54,NA,1,SILVER SPRING+BAY 219,SILVER SPRING STATION,WMATA
35232020,M82,M82,11,0,13:42:00,17396,Rockville+Bay A,73,NA,1,ROCKVILLE+BAY A,ROCKVILLE STATION,WMATA
35246020,M54,M54,11,0,07:45:00,19054,Silver Spring+Bay 114,2,NA,1,SILVER SPRING+BAY 114,SILVER SPRING STATION,WMATA
35277020,P30,P30,11,0,10:39:00,18911,Silver Spring+Bay 223,2,NA,1,SILVER SPRING+BAY 223,SILVER SPRING STATION,WMATA
35279020,P30,P30,11,1,09:26:00,18911,Silver Spring+Bay 223,67,NA,1,SILVER SPRING+BAY 223,SILVER SPRING STATION,WMATA
35280020,D96,D96,11,0,07:31:00,28523,Bethesda+Bay A,79,NA,1,BETHESDA+BAY A,BETHESDA STATION,WMATA
35286020,M70,M70,11,0,10:48:00,19082,Montgomery Mall+Bay F,2,NA,1,MONTGOMERY MALL+BAY F,MONTGOMERY MALL TRANSIT CENTER,WMATA
35286020,M70,M70,11,0,11:12:00,15362,Bethesda+Bay C,27,NA,1,BETHESDA+BAY C,BETHESDA STATION,WMATA
35286020,M70,M70,11,0,11:29:00,18912,Silver Spring+Bay 102,46,NA,1,SILVER SPRING+BAY 102,SILVER SPRING STATION,WMATA
35310020,M54,M54,11,1,08:36:00,19054,Silver Spring+Bay 114,53,NA,1,SILVER SPRING+BAY 114,SILVER SPRING STATION,WMATA
35318020,M22,M22,11,1,13:42:00,15406,Wheaton+Bay A,53,NA,1,WHEATON+BAY A,WHEATON STATION,WMATA
35318020,M22,M22,11,1,13:29:00,12892,Glenmont+Bay D,41,NA,1,GLENMONT+BAY D,GLENMONT STATION,WMATA
35318020,M22,M22,11,1,14:07:00,15389,Bethesda+Bay B,89,NA,1,BETHESDA+BAY B,BETHESDA STATION,WMATA
35319020,EXP,EXP,11,1,12:04:00,29091,North Bethesda Station+Bay C,2,NA,1,NORTH BETHESDA STATION+BAY C,NORTH BETHESDA STATION,WMATA
35336020,D60,D60,11,0,15:18:00,18918,Silver Spring+Bay 103,49,NA,1,SILVER SPRING+BAY 103,SILVER SPRING STATION,WMATA
35408020,D6X,D6X,11,1,20:36:00,18914,Silver Spring+Bay 104,2,NA,1,SILVER SPRING+BAY 104,SILVER SPRING STATION,WMATA
35409020,C87,C87,11,1,15:11:00,19055,Silver Spring+Bay 115,2,NA,1,SILVER SPRING+BAY 115,SILVER SPRING STATION,WMATA
35414020,EXP,EXP,11,1,22:58:00,29091,North Bethesda Station+Bay C,2,NA,1,NORTH BETHESDA STATION+BAY C,NORTH BETHESDA STATION,WMATA
35422020,D6X,D6X,11,0,17:48:00,18914,Silver Spring+Bay 104,33,NA,1,SILVER SPRING+BAY 104,SILVER SPRING STATION,WMATA
35457020,M12,M12,11,0,17:48:00,10628,Wheaton+Bay D,2,NA,1,WHEATON+BAY D,WHEATON STATION,WMATA
35462020,D4X,D4X,11,1,18:40:00,18909,Silver Spring+Bay 221,2,NA,1,SILVER SPRING+BAY 221,SILVER SPRING STATION,WMATA
35469020,D4X,D4X,11,0,06:38:00,18909,Silver Spring+Bay 221,24,NA,1,SILVER SPRING+BAY 221,SILVER SPRING STATION,WMATA
35480020,D40,D40,11,0,13:09:00,18907,Silver Spring+Bay 220,55,NA,1,SILVER SPRING+BAY 220,SILVER SPRING STATION,WMATA
35495020,M52,M52,11,0,09:00:00,19053,Silver Spring+Bay 113,2,NA,1,SILVER SPRING+BAY 113,SILVER SPRING STATION,WMATA
35504020,LCL,LCL,11,1,15:41:00,29091,North Bethesda Station+Bay C,2,NA,1,NORTH BETHESDA STATION+BAY C,NORTH BETHESDA STATION,WMATA
35504020,LCL,LCL,11,1,15:49:00,29087,Grosvenor Station+Bay F,4,NA,1,GROSVENOR STATION+BAY F,GROSVENOR STATION,WMATA
35507020,D6X,D6X,11,1,07:12:00,18914,Silver Spring+Bay 104,2,NA,1,SILVER SPRING+BAY 104,SILVER SPRING STATION,WMATA
35519020,D6X,D6X,11,0,10:07:00,18914,Silver Spring+Bay 104,33,NA,1,SILVER SPRING+BAY 104,SILVER SPRING STATION,WMATA
35546020,D40,D40,11,1,20:48:00,18907,Silver Spring+Bay 220,2,NA,1,SILVER SPRING+BAY 220,SILVER SPRING STATION,WMATA
35577020,P30,P30,11,0,13:57:00,18911,Silver Spring+Bay 223,2,NA,1,SILVER SPRING+BAY 223,SILVER SPRING STATION,WMATA
35601020,EXP,EXP,11,1,14:47:00,29091,North Bethesda Station+Bay C,2,NA,1,NORTH BETHESDA STATION+BAY C,NORTH BETHESDA STATION,WMATA
35618020,M82,M82,11,0,15:18:00,17396,Rockville+Bay A,73,NA,1,ROCKVILLE+BAY A,ROCKVILLE STATION,WMATA
35650020,D60,D60,11,0,10:03:00,18918,Silver Spring+Bay 103,49,NA,1,SILVER SPRING+BAY 103,SILVER SPRING STATION,WMATA
35664020,D4X,D4X,11,1,21:10:00,18909,Silver Spring+Bay 221,2,NA,1,SILVER SPRING+BAY 221,SILVER SPRING STATION,WMATA
35667020,D60,D60,11,0,17:50:00,18918,Silver Spring+Bay 103,49,NA,1,SILVER SPRING+BAY 103,SILVER SPRING STATION,WMATA
35685020,D96,D96,11,1,07:40:00,28523,Bethesda+Bay A,2,NA,1,BETHESDA+BAY A,BETHESDA STATION,WMATA
35700020,D96,D96,11,1,17:00:00,28523,Bethesda+Bay A,2,NA,1,BETHESDA+BAY A,BETHESDA STATION,WMATA
35706020,EXP,EXP,11,1,16:24:00,29091,North Bethesda Station+Bay C,2,NA,1,NORTH BETHESDA STATION+BAY C,NORTH BETHESDA STATION,WMATA
35773020,M52,M52,11,1,05:46:00,19053,Silver Spring+Bay 113,68,NA,1,SILVER SPRING+BAY 113,SILVER SPRING STATION,WMATA
35802020,D60,D60,11,0,17:20:00,18918,Silver Spring+Bay 103,49,NA,1,SILVER SPRING+BAY 103,SILVER SPRING STATION,WMATA
35803020,C87,C87,11,0,17:37:00,19055,Silver Spring+Bay 115,42,NA,1,SILVER SPRING+BAY 115,SILVER SPRING STATION,WMATA
35804020,LCL,LCL,11,0,16:28:00,29090,Grosvenor Station,8,NA,1,GROSVENOR STATION,GROSVENOR STATION,WMATA
35807020,D60,D60,11,0,18:53:00,18918,Silver Spring+Bay 103,49,NA,1,SILVER SPRING+BAY 103,SILVER SPRING STATION,WMATA
35825020,M70,M70,11,0,18:50:00,19082,Montgomery Mall+Bay F,2,NA,1,MONTGOMERY MALL+BAY F,MONTGOMERY MALL TRANSIT CENTER,WMATA
35825020,M70,M70,11,0,19:13:00,15362,Bethesda+Bay C,27,NA,1,BETHESDA+BAY C,BETHESDA STATION,WMATA
35825020,M70,M70,11,0,19:30:00,18912,Silver Spring+Bay 102,46,NA,1,SILVER SPRING+BAY 102,SILVER SPRING STATION,WMATA
35870020,M22,M22,11,1,18:11:00,15406,Wheaton+Bay A,53,NA,1,WHEATON+BAY A,WHEATON STATION,WMATA
35870020,M22,M22,11,1,18:35:00,15389,Bethesda+Bay B,89,NA,1,BETHESDA+BAY B,BETHESDA STATION,WMATA
35870020,M22,M22,11,1,17:58:00,12892,Glenmont+Bay D,41,NA,1,GLENMONT+BAY D,GLENMONT STATION,WMATA
35883020,LCL,LCL,11,0,09:31:00,29090,Grosvenor Station,8,NA,1,GROSVENOR STATION,GROSVENOR STATION,WMATA
35884020,LCL,LCL,11,1,06:40:00,29087,Grosvenor Station+Bay F,4,NA,1,GROSVENOR STATION+BAY F,GROSVENOR STATION,WMATA
35884020,LCL,LCL,11,1,06:32:00,29091,North Bethesda Station+Bay C,2,NA,1,NORTH BETHESDA STATION+BAY C,NORTH BETHESDA STATION,WMATA
35887020,LCL,LCL,11,0,15:05:00,29090,Grosvenor Station,8,NA,1,GROSVENOR STATION,GROSVENOR STATION,WMATA
35913020,M12,M12,11,0,19:48:00,10628,Wheaton+Bay D,2,NA,1,WHEATON+BAY D,WHEATON STATION,WMATA
35914020,M70,M70,11,1,13:55:00,19082,Montgomery Mall+Bay F,46,NA,1,MONTGOMERY MALL+BAY F,MONTGOMERY MALL TRANSIT CENTER,WMATA
35914020,M70,M70,11,1,13:12:00,18912,Silver Spring+Bay 102,2,NA,1,SILVER SPRING+BAY 102,SILVER SPRING STATION,WMATA
35914020,M70,M70,11,1,13:30:00,15362,Bethesda+Bay C,21,NA,1,BETHESDA+BAY C,BETHESDA STATION,WMATA
35927020,EXP,EXP,11,1,10:48:00,29091,North Bethesda Station+Bay C,2,NA,1,NORTH BETHESDA STATION+BAY C,NORTH BETHESDA STATION,WMATA
35935020,P30,P30,11,0,18:12:00,18911,Silver Spring+Bay 223,2,NA,1,SILVER SPRING+BAY 223,SILVER SPRING STATION,WMATA
35936020,P30,P30,11,0,20:00:00,18911,Silver Spring+Bay 223,2,NA,1,SILVER SPRING+BAY 223,SILVER SPRING STATION,WMATA
35961020,EXP,EXP,11,1,08:56:00,29091,North Bethesda Station+Bay C,2,NA,1,NORTH BETHESDA STATION+BAY C,NORTH BETHESDA STATION,WMATA
35975020,M52,M52,11,1,14:47:00,19053,Silver Spring+Bay 113,68,NA,1,SILVER SPRING+BAY 113,SILVER SPRING STATION,WMATA
36013020,M12,M12,11,0,06:05:00,21558,Twinbrook+Bay A,2,NA,1,TWINBROOK+BAY A,TWINBROOK STATION,WMATA
36013020,M12,M12,11,0,06:24:00,10628,Wheaton+Bay D,28,NA,1,WHEATON+BAY D,WHEATON STATION,WMATA
36020020,M70,M70,11,1,23:45:00,18912,Silver Spring+Bay 102,2,NA,1,SILVER SPRING+BAY 102,SILVER SPRING STATION,WMATA
36020020,M70,M70,11,1,23:59:00,15362,Bethesda+Bay C,21,NA,1,BETHESDA+BAY C,BETHESDA STATION,WMATA
36020020,M70,M70,11,1,24:18:00,19082,Montgomery Mall+Bay F,46,NA,1,MONTGOMERY MALL+BAY F,MONTGOMERY MALL TRANSIT CENTER,WMATA
36022020,D40,D40,11,0,24:49:00,18907,Silver Spring+Bay 220,59,NA,1,SILVER SPRING+BAY 220,SILVER SPRING STATION,WMATA
36047020,M12,M12,11,1,22:38:00,21558,Twinbrook+Bay A,74,NA,1,TWINBROOK+BAY A,TWINBROOK STATION,WMATA
36047020,M12,M12,11,1,22:21:00,16955,Wheaton+Bay B,49,NA,1,WHEATON+BAY B,WHEATON STATION,WMATA
36073020,M22,M22,11,1,08:03:00,15406,Wheaton+Bay A,53,NA,1,WHEATON+BAY A,WHEATON STATION,WMATA
36073020,M22,M22,11,1,07:50:00,12892,Glenmont+Bay D,41,NA,1,GLENMONT+BAY D,GLENMONT STATION,WMATA
36073020,M22,M22,11,1,08:34:00,15389,Bethesda+Bay B,89,NA,1,BETHESDA+BAY B,BETHESDA STATION,WMATA
36085020,M12,M12,11,1,06:55:00,16955,Wheaton+Bay B,49,NA,1,WHEATON+BAY B,WHEATON STATION,WMATA
36085020,M12,M12,11,1,07:15:00,21558,Twinbrook+Bay A,74,NA,1,TWINBROOK+BAY A,TWINBROOK STATION,WMATA
36086020,EXP,EXP,11,1,17:15:00,29091,North Bethesda Station+Bay C,2,NA,1,NORTH BETHESDA STATION+BAY C,NORTH BETHESDA STATION,WMATA
36092020,M20,M20,11,0,20:57:00,12893,Glenmont+Bay H,30,NA,1,GLENMONT+BAY H,GLENMONT STATION,WMATA
36092020,M20,M20,11,0,20:45:00,16136,Wheaton+Bay E,19,NA,1,WHEATON+BAY E,WHEATON STATION,WMATA
36092020,M20,M20,11,0,20:25:00,18954,Silver Spring+Bay 219,2,NA,1,SILVER SPRING+BAY 219,SILVER SPRING STATION,WMATA
36103020,M12,M12,11,0,15:40:00,10628,Wheaton+Bay D,2,NA,1,WHEATON+BAY D,WHEATON STATION,WMATA
36148020,P30,P30,11,1,11:05:00,18911,Silver Spring+Bay 223,67,NA,1,SILVER SPRING+BAY 223,SILVER SPRING STATION,WMATA
36152020,D40,D40,11,1,21:00:00,18907,Silver Spring+Bay 220,2,NA,1,SILVER SPRING+BAY 220,SILVER SPRING STATION,WMATA
36171020,M70,M70,11,0,20:47:00,15362,Bethesda+Bay C,27,NA,1,BETHESDA+BAY C,BETHESDA STATION,WMATA
36171020,M70,M70,11,0,20:24:00,19082,Montgomery Mall+Bay F,2,NA,1,MONTGOMERY MALL+BAY F,MONTGOMERY MALL TRANSIT CENTER,WMATA
36171020,M70,M70,11,0,21:04:00,18912,Silver Spring+Bay 102,46,NA,1,SILVER SPRING+BAY 102,SILVER SPRING STATION,WMATA
36178020,M20,M20,11,1,07:59:00,12892,Glenmont+Bay D,23,NA,1,GLENMONT+BAY D,GLENMONT STATION,WMATA
36178020,M20,M20,11,1,08:31:00,18954,Silver Spring+Bay 219,54,NA,1,SILVER SPRING+BAY 219,SILVER SPRING STATION,WMATA
36178020,M20,M20,11,1,08:11:00,15406,Wheaton+Bay A,35,NA,1,WHEATON+BAY A,WHEATON STATION,WMATA
36182020,LCL,LCL,11,1,15:26:00,29087,Grosvenor Station+Bay F,4,NA,1,GROSVENOR STATION+BAY F,GROSVENOR STATION,WMATA
36182020,LCL,LCL,11,1,15:18:00,29091,North Bethesda Station+Bay C,2,NA,1,NORTH BETHESDA STATION+BAY C,NORTH BETHESDA STATION,WMATA
36185020,M12,M12,11,1,06:49:00,16955,Wheaton+Bay B,31,NA,1,WHEATON+BAY B,WHEATON STATION,WMATA
36196020,D60,D60,11,1,06:00:00,18918,Silver Spring+Bay 103,2,NA,1,SILVER SPRING+BAY 103,SILVER SPRING STATION,WMATA
36200020,M54,M54,11,1,07:04:00,19054,Silver Spring+Bay 114,53,NA,1,SILVER SPRING+BAY 114,SILVER SPRING STATION,WMATA
36206020,D60,D60,11,0,18:33:00,18918,Silver Spring+Bay 103,49,NA,1,SILVER SPRING+BAY 103,SILVER SPRING STATION,WMATA
36236020,D6X,D6X,11,0,09:04:00,18914,Silver Spring+Bay 104,33,NA,1,SILVER SPRING+BAY 104,SILVER SPRING STATION,WMATA
36250020,D4X,D4X,11,0,12:16:00,18909,Silver Spring+Bay 221,24,NA,1,SILVER SPRING+BAY 221,SILVER SPRING STATION,WMATA
36252020,D40,D40,11,1,20:00:00,18907,Silver Spring+Bay 220,2,NA,1,SILVER SPRING+BAY 220,SILVER SPRING STATION,WMATA
36267020,M52,M52,11,0,12:30:00,19053,Silver Spring+Bay 113,2,NA,1,SILVER SPRING+BAY 113,SILVER SPRING STATION,WMATA
36273020,LCL,LCL,11,0,19:53:00,29090,Grosvenor Station,8,NA,1,GROSVENOR STATION,GROSVENOR STATION,WMATA
36279020,M54,M54,11,0,10:45:00,19054,Silver Spring+Bay 114,2,NA,1,SILVER SPRING+BAY 114,SILVER SPRING STATION,WMATA
36284020,M20,M20,11,0,04:30:00,18954,Silver Spring+Bay 219,2,NA,1,SILVER SPRING+BAY 219,SILVER SPRING STATION,WMATA
36284020,M20,M20,11,0,04:46:00,16136,Wheaton+Bay E,19,NA,1,WHEATON+BAY E,WHEATON STATION,WMATA
36286020,D40,D40,11,1,09:36:00,18907,Silver Spring+Bay 220,2,NA,1,SILVER SPRING+BAY 220,SILVER SPRING STATION,WMATA
36294020,D6X,D6X,11,0,08:16:00,18914,Silver Spring+Bay 104,33,NA,1,SILVER SPRING+BAY 104,SILVER SPRING STATION,WMATA
36309020,LCL,LCL,11,0,17:11:00,29090,Grosvenor Station,8,NA,1,GROSVENOR STATION,GROSVENOR STATION,WMATA
36313020,M12,M12,11,1,08:54:00,16955,Wheaton+Bay B,31,NA,1,WHEATON+BAY B,WHEATON STATION,WMATA
36318020,EXP,EXP,11,1,15:38:00,29091,North Bethesda Station+Bay C,2,NA,1,NORTH BETHESDA STATION+BAY C,NORTH BETHESDA STATION,WMATA
36374020,M54,M54,11,0,14:15:00,19054,Silver Spring+Bay 114,2,NA,1,SILVER SPRING+BAY 114,SILVER SPRING STATION,WMATA
36375020,LCL,LCL,11,0,13:59:00,29090,Grosvenor Station,8,NA,1,GROSVENOR STATION,GROSVENOR STATION,WMATA
36377020,D4X,D4X,11,1,09:40:00,18909,Silver Spring+Bay 221,2,NA,1,SILVER SPRING+BAY 221,SILVER SPRING STATION,WMATA
36407020,D40,D40,11,0,16:26:00,18907,Silver Spring+Bay 220,55,NA,1,SILVER SPRING+BAY 220,SILVER SPRING STATION,WMATA
36432020,M42,M42,11,0,14:59:00,13000,Glenmont+Bay E,29,NA,1,GLENMONT+BAY E,GLENMONT STATION,WMATA
36433020,LCL,LCL,11,1,17:54:00,29091,North Bethesda Station+Bay C,2,NA,1,NORTH BETHESDA STATION+BAY C,NORTH BETHESDA STATION,WMATA
36433020,LCL,LCL,11,1,18:02:00,29087,Grosvenor Station+Bay F,4,NA,1,GROSVENOR STATION+BAY F,GROSVENOR STATION,WMATA
36466020,D40,D40,11,1,06:36:00,18907,Silver Spring+Bay 220,2,NA,1,SILVER SPRING+BAY 220,SILVER SPRING STATION,WMATA
36520020,LCL,LCL,11,1,13:20:00,29091,North Bethesda Station+Bay C,2,NA,1,NORTH BETHESDA STATION+BAY C,NORTH BETHESDA STATION,WMATA
36520020,LCL,LCL,11,1,13:28:00,29087,Grosvenor Station+Bay F,4,NA,1,GROSVENOR STATION+BAY F,GROSVENOR STATION,WMATA
36531020,M54,M54,11,0,23:45:00,19054,Silver Spring+Bay 114,2,NA,1,SILVER SPRING+BAY 114,SILVER SPRING STATION,WMATA
36537020,M54,M54,11,0,23:15:00,19054,Silver Spring+Bay 114,2,NA,1,SILVER SPRING+BAY 114,SILVER SPRING STATION,WMATA
36560020,M20,M20,11,1,08:38:00,15406,Wheaton+Bay A,2,NA,1,WHEATON+BAY A,WHEATON STATION,WMATA
36560020,M20,M20,11,1,08:58:00,18954,Silver Spring+Bay 219,21,NA,1,SILVER SPRING+BAY 219,SILVER SPRING STATION,WMATA
36592020,M70,M70,11,1,07:21:00,15362,Bethesda+Bay C,21,NA,1,BETHESDA+BAY C,BETHESDA STATION,WMATA
36592020,M70,M70,11,1,07:51:00,19082,Montgomery Mall+Bay F,46,NA,1,MONTGOMERY MALL+BAY F,MONTGOMERY MALL TRANSIT CENTER,WMATA
36592020,M70,M70,11,1,07:00:00,18912,Silver Spring+Bay 102,2,NA,1,SILVER SPRING+BAY 102,SILVER SPRING STATION,WMATA
36621020,LCL,LCL,11,0,08:39:00,29090,Grosvenor Station,8,NA,1,GROSVENOR STATION,GROSVENOR STATION,WMATA
36628020,D4X,D4X,11,0,22:04:00,18909,Silver Spring+Bay 221,24,NA,1,SILVER SPRING+BAY 221,SILVER SPRING STATION,WMATA
36635020,M20,M20,11,1,05:23:00,18954,Silver Spring+Bay 219,21,NA,1,SILVER SPRING+BAY 219,SILVER SPRING STATION,WMATA
36635020,M20,M20,11,1,05:08:00,15406,Wheaton+Bay A,2,NA,1,WHEATON+BAY A,WHEATON STATION,WMATA
36656020,D4X,D4X,11,0,09:45:00,18909,Silver Spring+Bay 221,24,NA,1,SILVER SPRING+BAY 221,SILVER SPRING STATION,WMATA
36660020,M22,M22,11,1,24:14:00,15406,Wheaton+Bay A,49,NA,1,WHEATON+BAY A,WHEATON STATION,WMATA
36660020,M22,M22,11,1,24:06:00,12892,Glenmont+Bay D,37,NA,1,GLENMONT+BAY D,GLENMONT STATION,WMATA
36675020,M20,M20,11,0,16:40:00,18954,Silver Spring+Bay 219,2,NA,1,SILVER SPRING+BAY 219,SILVER SPRING STATION,WMATA
36675020,M20,M20,11,0,17:07:00,16136,Wheaton+Bay E,19,NA,1,WHEATON+BAY E,WHEATON STATION,WMATA
36679020,M70,M70,11,1,07:20:00,18912,Silver Spring+Bay 102,2,NA,1,SILVER SPRING+BAY 102,SILVER SPRING STATION,WMATA
36679020,M70,M70,11,1,08:13:00,19082,Montgomery Mall+Bay F,46,NA,1,MONTGOMERY MALL+BAY F,MONTGOMERY MALL TRANSIT CENTER,WMATA
36679020,M70,M70,11,1,07:44:00,15362,Bethesda+Bay C,21,NA,1,BETHESDA+BAY C,BETHESDA STATION,WMATA
36685020,D4X,D4X,11,1,16:20:00,18909,Silver Spring+Bay 221,2,NA,1,SILVER SPRING+BAY 221,SILVER SPRING STATION,WMATA
36687020,D40,D40,11,1,19:48:00,18907,Silver Spring+Bay 220,2,NA,1,SILVER SPRING+BAY 220,SILVER SPRING STATION,WMATA
36718020,EXP,EXP,11,1,09:03:00,29091,North Bethesda Station+Bay C,2,NA,1,NORTH BETHESDA STATION+BAY C,NORTH BETHESDA STATION,WMATA
36722020,M22,M22,11,0,15:30:00,16136,Wheaton+Bay E,36,NA,1,WHEATON+BAY E,WHEATON STATION,WMATA
36722020,M22,M22,11,0,15:46:00,12893,Glenmont+Bay H,47,NA,1,GLENMONT+BAY H,GLENMONT STATION,WMATA
36722020,M22,M22,11,0,15:00:00,15389,Bethesda+Bay B,2,NA,1,BETHESDA+BAY B,BETHESDA STATION,WMATA
36730020,M70,M70,11,0,06:00:00,15362,Bethesda+Bay C,27,NA,1,BETHESDA+BAY C,BETHESDA STATION,WMATA
36730020,M70,M70,11,0,06:15:00,18912,Silver Spring+Bay 102,46,NA,1,SILVER SPRING+BAY 102,SILVER SPRING STATION,WMATA
36730020,M70,M70,11,0,05:40:00,19082,Montgomery Mall+Bay F,2,NA,1,MONTGOMERY MALL+BAY F,MONTGOMERY MALL TRANSIT CENTER,WMATA
36737020,D60,D60,11,1,12:12:00,18918,Silver Spring+Bay 103,2,NA,1,SILVER SPRING+BAY 103,SILVER SPRING STATION,WMATA
36742020,D60,D60,11,0,04:32:00,18918,Silver Spring+Bay 103,55,NA,1,SILVER SPRING+BAY 103,SILVER SPRING STATION,WMATA
36753020,M20,M20,11,1,20:26:00,18954,Silver Spring+Bay 219,21,NA,1,SILVER SPRING+BAY 219,SILVER SPRING STATION,WMATA
36753020,M20,M20,11,1,20:10:00,15406,Wheaton+Bay A,2,NA,1,WHEATON+BAY A,WHEATON STATION,WMATA
36756020,D60,D60,11,0,21:25:00,18918,Silver Spring+Bay 103,49,NA,1,SILVER SPRING+BAY 103,SILVER SPRING STATION,WMATA
36762020,EXP,EXP,11,1,05:28:00,29091,North Bethesda Station+Bay C,2,NA,1,NORTH BETHESDA STATION+BAY C,NORTH BETHESDA STATION,WMATA
36769020,M70,M70,11,1,10:48:00,18912,Silver Spring+Bay 102,2,NA,1,SILVER SPRING+BAY 102,SILVER SPRING STATION,WMATA
36769020,M70,M70,11,1,11:06:00,15362,Bethesda+Bay C,21,NA,1,BETHESDA+BAY C,BETHESDA STATION,WMATA
36769020,M70,M70,11,1,11:30:00,19082,Montgomery Mall+Bay F,46,NA,1,MONTGOMERY MALL+BAY F,MONTGOMERY MALL TRANSIT CENTER,WMATA
36803020,M22,M22,11,1,19:36:00,15406,Wheaton+Bay A,53,NA,1,WHEATON+BAY A,WHEATON STATION,WMATA
36803020,M22,M22,11,1,19:24:00,12892,Glenmont+Bay D,41,NA,1,GLENMONT+BAY D,GLENMONT STATION,WMATA
36803020,M22,M22,11,1,19:57:00,15389,Bethesda+Bay B,89,NA,1,BETHESDA+BAY B,BETHESDA STATION,WMATA
36816020,M70,M70,11,0,16:01:00,18912,Silver Spring+Bay 102,46,NA,1,SILVER SPRING+BAY 102,SILVER SPRING STATION,WMATA
36816020,M70,M70,11,0,15:10:00,19082,Montgomery Mall+Bay F,2,NA,1,MONTGOMERY MALL+BAY F,MONTGOMERY MALL TRANSIT CENTER,WMATA
36816020,M70,M70,11,0,15:39:00,15362,Bethesda+Bay C,27,NA,1,BETHESDA+BAY C,BETHESDA STATION,WMATA
36820020,EXP,EXP,11,1,10:25:00,29091,North Bethesda Station+Bay C,2,NA,1,NORTH BETHESDA STATION+BAY C,NORTH BETHESDA STATION,WMATA
36847020,M20,M20,11,0,18:35:00,16136,Wheaton+Bay E,19,NA,1,WHEATON+BAY E,WHEATON STATION,WMATA
36847020,M20,M20,11,0,18:10:00,18954,Silver Spring+Bay 219,2,NA,1,SILVER SPRING+BAY 219,SILVER SPRING STATION,WMATA
36878020,EXP,EXP,11,1,13:46:00,29091,North Bethesda Station+Bay C,2,NA,1,NORTH BETHESDA STATION+BAY C,NORTH BETHESDA STATION,WMATA
36882020,M44,M44,11,1,10:42:00,15313,Glenmont+Bay F,91,NA,1,GLENMONT+BAY F,GLENMONT STATION,WMATA
36890020,M70,M70,11,1,13:48:00,18912,Silver Spring+Bay 102,2,NA,1,SILVER SPRING+BAY 102,SILVER SPRING STATION,WMATA
36890020,M70,M70,11,1,14:34:00,19082,Montgomery Mall+Bay F,46,NA,1,MONTGOMERY MALL+BAY F,MONTGOMERY MALL TRANSIT CENTER,WMATA
36890020,M70,M70,11,1,14:06:00,15362,Bethesda+Bay C,21,NA,1,BETHESDA+BAY C,BETHESDA STATION,WMATA
36895020,EXP,EXP,11,1,10:31:00,29091,North Bethesda Station+Bay C,2,NA,1,NORTH BETHESDA STATION+BAY C,NORTH BETHESDA STATION,WMATA
36896020,LCL,LCL,11,1,13:12:00,29087,Grosvenor Station+Bay F,4,NA,1,GROSVENOR STATION+BAY F,GROSVENOR STATION,WMATA
36896020,LCL,LCL,11,1,13:04:00,29091,North Bethesda Station+Bay C,2,NA,1,NORTH BETHESDA STATION+BAY C,NORTH BETHESDA STATION,WMATA
36907020,LCL,LCL,11,0,11:11:00,29090,Grosvenor Station,8,NA,1,GROSVENOR STATION,GROSVENOR STATION,WMATA
36909020,M70,M70,11,1,18:20:00,15362,Bethesda+Bay C,21,NA,1,BETHESDA+BAY C,BETHESDA STATION,WMATA
36909020,M70,M70,11,1,18:00:00,18912,Silver Spring+Bay 102,2,NA,1,SILVER SPRING+BAY 102,SILVER SPRING STATION,WMATA
36909020,M70,M70,11,1,18:45:00,19082,Montgomery Mall+Bay F,46,NA,1,MONTGOMERY MALL+BAY F,MONTGOMERY MALL TRANSIT CENTER,WMATA
36929020,D6X,D6X,11,1,07:00:00,18914,Silver Spring+Bay 104,2,NA,1,SILVER SPRING+BAY 104,SILVER SPRING STATION,WMATA
36941020,M70,M70,11,0,14:31:00,18912,Silver Spring+Bay 102,46,NA,1,SILVER SPRING+BAY 102,SILVER SPRING STATION,WMATA
36941020,M70,M70,11,0,14:12:00,15362,Bethesda+Bay C,27,NA,1,BETHESDA+BAY C,BETHESDA STATION,WMATA
36941020,M70,M70,11,0,13:48:00,19082,Montgomery Mall+Bay F,2,NA,1,MONTGOMERY MALL+BAY F,MONTGOMERY MALL TRANSIT CENTER,WMATA
36961020,M20,M20,11,0,21:28:00,18954,Silver Spring+Bay 219,2,NA,1,SILVER SPRING+BAY 219,SILVER SPRING STATION,WMATA
36961020,M20,M20,11,0,21:45:00,16136,Wheaton+Bay E,19,NA,1,WHEATON+BAY E,WHEATON STATION,WMATA
36961020,M20,M20,11,0,21:56:00,12893,Glenmont+Bay H,30,NA,1,GLENMONT+BAY H,GLENMONT STATION,WMATA
36963020,M70,M70,11,1,06:20:00,18912,Silver Spring+Bay 102,2,NA,1,SILVER SPRING+BAY 102,SILVER SPRING STATION,WMATA
36963020,M70,M70,11,1,06:41:00,15362,Bethesda+Bay C,21,NA,1,BETHESDA+BAY C,BETHESDA STATION,WMATA
36963020,M70,M70,11,1,07:08:00,19082,Montgomery Mall+Bay F,46,NA,1,MONTGOMERY MALL+BAY F,MONTGOMERY MALL TRANSIT CENTER,WMATA
36968020,D60,D60,11,0,14:17:00,18918,Silver Spring+Bay 103,49,NA,1,SILVER SPRING+BAY 103,SILVER SPRING STATION,WMATA
36969020,P30,P30,11,1,10:09:00,18911,Silver Spring+Bay 223,67,NA,1,SILVER SPRING+BAY 223,SILVER SPRING STATION,WMATA
36976020,M20,M20,11,1,09:57:00,15406,Wheaton+Bay A,35,NA,1,WHEATON+BAY A,WHEATON STATION,WMATA
36976020,M20,M20,11,1,09:44:00,12892,Glenmont+Bay D,23,NA,1,GLENMONT+BAY D,GLENMONT STATION,WMATA
36976020,M20,M20,11,1,10:16:00,18954,Silver Spring+Bay 219,54,NA,1,SILVER SPRING+BAY 219,SILVER SPRING STATION,WMATA
36983020,D4X,D4X,11,0,11:16:00,18909,Silver Spring+Bay 221,24,NA,1,SILVER SPRING+BAY 221,SILVER SPRING STATION,WMATA
37004020,M22,M22,11,0,05:41:00,15389,Bethesda+Bay B,2,NA,1,BETHESDA+BAY B,BETHESDA STATION,WMATA
37004020,M22,M22,11,0,06:11:00,12893,Glenmont+Bay H,47,NA,1,GLENMONT+BAY H,GLENMONT STATION,WMATA
37004020,M22,M22,11,0,06:00:00,16136,Wheaton+Bay E,36,NA,1,WHEATON+BAY E,WHEATON STATION,WMATA
37030020,LCL,LCL,11,0,08:15:00,29090,Grosvenor Station,8,NA,1,GROSVENOR STATION,GROSVENOR STATION,WMATA
37075020,M22,M22,11,0,21:38:00,15389,Bethesda+Bay B,2,NA,1,BETHESDA+BAY B,BETHESDA STATION,WMATA
37075020,M22,M22,11,0,22:10:00,12893,Glenmont+Bay H,47,NA,1,GLENMONT+BAY H,GLENMONT STATION,WMATA
37075020,M22,M22,11,0,22:00:00,16136,Wheaton+Bay E,36,NA,1,WHEATON+BAY E,WHEATON STATION,WMATA
37122020,D40,D40,11,0,17:43:00,18907,Silver Spring+Bay 220,55,NA,1,SILVER SPRING+BAY 220,SILVER SPRING STATION,WMATA
37124020,D6X,D6X,11,0,16:34:00,18914,Silver Spring+Bay 104,33,NA,1,SILVER SPRING+BAY 104,SILVER SPRING STATION,WMATA
37169020,D6X,D6X,11,1,17:40:00,18914,Silver Spring+Bay 104,2,NA,1,SILVER SPRING+BAY 104,SILVER SPRING STATION,WMATA
37173020,M42,M42,11,1,16:57:00,15313,Glenmont+Bay F,78,NA,1,GLENMONT+BAY F,GLENMONT STATION,WMATA
37178020,P30,P30,11,0,17:24:00,18911,Silver Spring+Bay 223,2,NA,1,SILVER SPRING+BAY 223,SILVER SPRING STATION,WMATA
37206020,LCL,LCL,11,0,08:47:00,29090,Grosvenor Station,8,NA,1,GROSVENOR STATION,GROSVENOR STATION,WMATA
37243020,C87,C87,11,0,16:39:00,19055,Silver Spring+Bay 115,32,NA,1,SILVER SPRING+BAY 115,SILVER SPRING STATION,WMATA
37257020,M12,M12,11,0,07:39:00,21558,Twinbrook+Bay A,2,NA,1,TWINBROOK+BAY A,TWINBROOK STATION,WMATA
37257020,M12,M12,11,0,08:00:00,10628,Wheaton+Bay D,28,NA,1,WHEATON+BAY D,WHEATON STATION,WMATA
37262020,D40,D40,11,1,04:20:00,18907,Silver Spring+Bay 220,2,NA,1,SILVER SPRING+BAY 220,SILVER SPRING STATION,WMATA
37267020,M12,M12,11,1,09:30:00,21558,Twinbrook+Bay A,74,NA,1,TWINBROOK+BAY A,TWINBROOK STATION,WMATA
37267020,M12,M12,11,1,09:12:00,16955,Wheaton+Bay B,49,NA,1,WHEATON+BAY B,WHEATON STATION,WMATA
37271020,D60,D60,11,1,07:40:00,18918,Silver Spring+Bay 103,2,NA,1,SILVER SPRING+BAY 103,SILVER SPRING STATION,WMATA
37295020,LCL,LCL,11,0,13:05:00,29090,Grosvenor Station,8,NA,1,GROSVENOR STATION,GROSVENOR STATION,WMATA
37303020,M22,M22,11,1,07:52:00,15389,Bethesda+Bay B,89,NA,1,BETHESDA+BAY B,BETHESDA STATION,WMATA
37303020,M22,M22,11,1,07:09:00,12892,Glenmont+Bay D,41,NA,1,GLENMONT+BAY D,GLENMONT STATION,WMATA
37303020,M22,M22,11,1,07:21:00,15406,Wheaton+Bay A,53,NA,1,WHEATON+BAY A,WHEATON STATION,WMATA
37312020,D6X,D6X,11,0,07:22:00,18914,Silver Spring+Bay 104,33,NA,1,SILVER SPRING+BAY 104,SILVER SPRING STATION,WMATA
37342020,D40,D40,11,0,07:17:00,18907,Silver Spring+Bay 220,55,NA,1,SILVER SPRING+BAY 220,SILVER SPRING STATION,WMATA
37353020,LCL,LCL,11,0,13:39:00,29090,Grosvenor Station,8,NA,1,GROSVENOR STATION,GROSVENOR STATION,WMATA
37364020,D40,D40,11,1,04:00:00,18907,Silver Spring+Bay 220,2,NA,1,SILVER SPRING+BAY 220,SILVER SPRING STATION,WMATA
37368020,D4X,D4X,11,1,12:50:00,18909,Silver Spring+Bay 221,2,NA,1,SILVER SPRING+BAY 221,SILVER SPRING STATION,WMATA
37418020,LCL,LCL,11,0,17:53:00,29090,Grosvenor Station,8,NA,1,GROSVENOR STATION,GROSVENOR STATION,WMATA
37432020,M82,M82,11,1,11:30:00,17396,Rockville+Bay A,2,NA,1,ROCKVILLE+BAY A,ROCKVILLE STATION,WMATA
37438020,D6X,D6X,11,1,11:30:00,18914,Silver Spring+Bay 104,2,NA,1,SILVER SPRING+BAY 104,SILVER SPRING STATION,WMATA
37444020,M12,M12,11,1,13:18:00,16955,Wheaton+Bay B,31,NA,1,WHEATON+BAY B,WHEATON STATION,WMATA
37473020,M20,M20,11,1,19:40:00,15406,Wheaton+Bay A,2,NA,1,WHEATON+BAY A,WHEATON STATION,WMATA
37473020,M20,M20,11,1,19:56:00,18954,Silver Spring+Bay 219,21,NA,1,SILVER SPRING+BAY 219,SILVER SPRING STATION,WMATA
37483020,P30,P30,11,1,13:44:00,18911,Silver Spring+Bay 223,67,NA,1,SILVER SPRING+BAY 223,SILVER SPRING STATION,WMATA
37500020,D60,D60,11,1,06:30:00,18918,Silver Spring+Bay 103,2,NA,1,SILVER SPRING+BAY 103,SILVER SPRING STATION,WMATA
37526020,D96,D96,11,1,21:00:00,28523,Bethesda+Bay A,2,NA,1,BETHESDA+BAY A,BETHESDA STATION,WMATA
37531020,EXP,EXP,11,1,14:38:00,29091,North Bethesda Station+Bay C,2,NA,1,NORTH BETHESDA STATION+BAY C,NORTH BETHESDA STATION,WMATA
37534020,LCL,LCL,11,0,15:04:00,29090,Grosvenor Station,8,NA,1,GROSVENOR STATION,GROSVENOR STATION,WMATA
37558020,D40,D40,11,1,07:36:00,18907,Silver Spring+Bay 220,2,NA,1,SILVER SPRING+BAY 220,SILVER SPRING STATION,WMATA
37585020,M52,M52,11,1,05:11:00,19053,Silver Spring+Bay 113,68,NA,1,SILVER SPRING+BAY 113,SILVER SPRING STATION,WMATA
37593020,D96,D96,11,0,10:21:00,28523,Bethesda+Bay A,79,NA,1,BETHESDA+BAY A,BETHESDA STATION,WMATA
37610020,D6X,D6X,11,1,13:15:00,18914,Silver Spring+Bay 104,2,NA,1,SILVER SPRING+BAY 104,SILVER SPRING STATION,WMATA
37624020,M12,M12,11,1,08:55:00,21558,Twinbrook+Bay A,74,NA,1,TWINBROOK+BAY A,TWINBROOK STATION,WMATA
37624020,M12,M12,11,1,08:36:00,16955,Wheaton+Bay B,49,NA,1,WHEATON+BAY B,WHEATON STATION,WMATA
37626020,EXP,EXP,11,1,16:46:00,29091,North Bethesda Station+Bay C,2,NA,1,NORTH BETHESDA STATION+BAY C,NORTH BETHESDA STATION,WMATA
37643020,EXP,EXP,11,1,12:09:00,29091,North Bethesda Station+Bay C,2,NA,1,NORTH BETHESDA STATION+BAY C,NORTH BETHESDA STATION,WMATA
37659020,M70,M70,11,1,17:55:00,19082,Montgomery Mall+Bay F,46,NA,1,MONTGOMERY MALL+BAY F,MONTGOMERY MALL TRANSIT CENTER,WMATA
37659020,M70,M70,11,1,17:21:00,15362,Bethesda+Bay C,21,NA,1,BETHESDA+BAY C,BETHESDA STATION,WMATA
37659020,M70,M70,11,1,17:00:00,18912,Silver Spring+Bay 102,2,NA,1,SILVER SPRING+BAY 102,SILVER SPRING STATION,WMATA
37666020,M22,M22,11,1,06:02:00,15406,Wheaton+Bay A,49,NA,1,WHEATON+BAY A,WHEATON STATION,WMATA
37666020,M22,M22,11,1,05:52:00,12892,Glenmont+Bay D,37,NA,1,GLENMONT+BAY D,GLENMONT STATION,WMATA
37666020,M22,M22,11,1,06:22:00,15389,Bethesda+Bay B,85,NA,1,BETHESDA+BAY B,BETHESDA STATION,WMATA
37688020,M12,M12,11,1,07:02:00,21558,Twinbrook+Bay A,74,NA,1,TWINBROOK+BAY A,TWINBROOK STATION,WMATA
37688020,M12,M12,11,1,06:43:00,16955,Wheaton+Bay B,49,NA,1,WHEATON+BAY B,WHEATON STATION,WMATA
37691020,M22,M22,11,1,19:54:00,12892,Glenmont+Bay D,41,NA,1,GLENMONT+BAY D,GLENMONT STATION,WMATA
37691020,M22,M22,11,1,20:06:00,15406,Wheaton+Bay A,53,NA,1,WHEATON+BAY A,WHEATON STATION,WMATA
37691020,M22,M22,11,1,20:27:00,15389,Bethesda+Bay B,89,NA,1,BETHESDA+BAY B,BETHESDA STATION,WMATA
37706020,LCL,LCL,11,0,06:11:00,29090,Grosvenor Station,8,NA,1,GROSVENOR STATION,GROSVENOR STATION,WMATA
37720020,LCL,LCL,11,1,04:40:00,29087,Grosvenor Station+Bay F,4,NA,1,GROSVENOR STATION+BAY F,GROSVENOR STATION,WMATA
37720020,LCL,LCL,11,1,04:32:00,29091,North Bethesda Station+Bay C,2,NA,1,NORTH BETHESDA STATION+BAY C,NORTH BETHESDA STATION,WMATA
37728020,EXP,EXP,11,1,18:58:00,29091,North Bethesda Station+Bay C,2,NA,1,NORTH BETHESDA STATION+BAY C,NORTH BETHESDA STATION,WMATA
37750020,EXP,EXP,11,1,11:28:00,29091,North Bethesda Station+Bay C,2,NA,1,NORTH BETHESDA STATION+BAY C,NORTH BETHESDA STATION,WMATA
37769020,M20,M20,11,1,10:47:00,15406,Wheaton+Bay A,2,NA,1,WHEATON+BAY A,WHEATON STATION,WMATA
37769020,M20,M20,11,1,11:06:00,18954,Silver Spring+Bay 219,21,NA,1,SILVER SPRING+BAY 219,SILVER SPRING STATION,WMATA
37772020,EXP,EXP,11,1,17:54:00,29091,North Bethesda Station+Bay C,2,NA,1,NORTH BETHESDA STATION+BAY C,NORTH BETHESDA STATION,WMATA
37779020,M22,M22,11,0,14:00:00,15389,Bethesda+Bay B,2,NA,1,BETHESDA+BAY B,BETHESDA STATION,WMATA
37779020,M22,M22,11,0,14:46:00,12893,Glenmont+Bay H,47,NA,1,GLENMONT+BAY H,GLENMONT STATION,WMATA
37779020,M22,M22,11,0,14:30:00,16136,Wheaton+Bay E,36,NA,1,WHEATON+BAY E,WHEATON STATION,WMATA
37780020,M22,M22,11,0,23:30:00,16136,Wheaton+Bay E,36,NA,1,WHEATON+BAY E,WHEATON STATION,WMATA
37780020,M22,M22,11,0,23:08:00,15389,Bethesda+Bay B,2,NA,1,BETHESDA+BAY B,BETHESDA STATION,WMATA
37780020,M22,M22,11,0,23:40:00,12893,Glenmont+Bay H,47,NA,1,GLENMONT+BAY H,GLENMONT STATION,WMATA
37788020,P30,P30,11,0,11:49:00,18911,Silver Spring+Bay 223,2,NA,1,SILVER SPRING+BAY 223,SILVER SPRING STATION,WMATA
37794020,M54,M54,11,1,23:02:00,19054,Silver Spring+Bay 114,54,NA,1,SILVER SPRING+BAY 114,SILVER SPRING STATION,WMATA
37795020,EXP,EXP,11,1,18:55:00,29091,North Bethesda Station+Bay C,2,NA,1,NORTH BETHESDA STATION+BAY C,NORTH BETHESDA STATION,WMATA
37805020,EXP,EXP,11,1,14:23:00,29091,North Bethesda Station+Bay C,2,NA,1,NORTH BETHESDA STATION+BAY C,NORTH BETHESDA STATION,WMATA
37806020,D60,D60,11,1,21:00:00,18918,Silver Spring+Bay 103,2,NA,1,SILVER SPRING+BAY 103,SILVER SPRING STATION,WMATA
37809020,M70,M70,11,0,18:17:00,15362,Bethesda+Bay C,27,NA,1,BETHESDA+BAY C,BETHESDA STATION,WMATA
37809020,M70,M70,11,0,18:36:00,18912,Silver Spring+Bay 102,46,NA,1,SILVER SPRING+BAY 102,SILVER SPRING STATION,WMATA
37809020,M70,M70,11,0,17:50:00,19082,Montgomery Mall+Bay F,2,NA,1,MONTGOMERY MALL+BAY F,MONTGOMERY MALL TRANSIT CENTER,WMATA
37819020,M20,M20,11,0,18:17:00,12893,Glenmont+Bay H,30,NA,1,GLENMONT+BAY H,GLENMONT STATION,WMATA
37819020,M20,M20,11,0,17:30:00,18954,Silver Spring+Bay 219,2,NA,1,SILVER SPRING+BAY 219,SILVER SPRING STATION,WMATA
37819020,M20,M20,11,0,18:00:00,16136,Wheaton+Bay E,19,NA,1,WHEATON+BAY E,WHEATON STATION,WMATA
37825020,P30,P30,11,0,07:15:00,18911,Silver Spring+Bay 223,2,NA,1,SILVER SPRING+BAY 223,SILVER SPRING STATION,WMATA
37840020,EXP,EXP,11,1,21:59:00,29091,North Bethesda Station+Bay C,2,NA,1,NORTH BETHESDA STATION+BAY C,NORTH BETHESDA STATION,WMATA
37866020,LCL,LCL,11,0,13:31:00,29090,Grosvenor Station,8,NA,1,GROSVENOR STATION,GROSVENOR STATION,WMATA
37906020,M20,M20,11,1,14:33:00,15406,Wheaton+Bay A,2,NA,1,WHEATON+BAY A,WHEATON STATION,WMATA
37906020,M20,M20,11,1,14:56:00,18954,Silver Spring+Bay 219,21,NA,1,SILVER SPRING+BAY 219,SILVER SPRING STATION,WMATA
37909020,D40,D40,11,1,17:00:00,18907,Silver Spring+Bay 220,2,NA,1,SILVER SPRING+BAY 220,SILVER SPRING STATION,WMATA
37934020,LCL,LCL,11,1,06:16:00,29091,North Bethesda Station+Bay C,2,NA,1,NORTH BETHESDA STATION+BAY C,NORTH BETHESDA STATION,WMATA
37934020,LCL,LCL,11,1,06:24:00,29087,Grosvenor Station+Bay F,4,NA,1,GROSVENOR STATION+BAY F,GROSVENOR STATION,WMATA
37952020,D4X,D4X,11,0,13:49:00,18909,Silver Spring+Bay 221,24,NA,1,SILVER SPRING+BAY 221,SILVER SPRING STATION,WMATA
37968020,M70,M70,11,0,15:30:00,19082,Montgomery Mall+Bay F,2,NA,1,MONTGOMERY MALL+BAY F,MONTGOMERY MALL TRANSIT CENTER,WMATA
37968020,M70,M70,11,0,15:59:00,15362,Bethesda+Bay C,27,NA,1,BETHESDA+BAY C,BETHESDA STATION,WMATA
37968020,M70,M70,11,0,16:21:00,18912,Silver Spring+Bay 102,46,NA,1,SILVER SPRING+BAY 102,SILVER SPRING STATION,WMATA
37969020,D96,D96,11,0,18:45:00,28523,Bethesda+Bay A,79,NA,1,BETHESDA+BAY A,BETHESDA STATION,WMATA
37985020,D60,D60,11,0,04:52:00,18918,Silver Spring+Bay 103,55,NA,1,SILVER SPRING+BAY 103,SILVER SPRING STATION,WMATA
38001020,D6X,D6X,11,0,19:21:00,18914,Silver Spring+Bay 104,33,NA,1,SILVER SPRING+BAY 104,SILVER SPRING STATION,WMATA
38003020,LCL,LCL,11,1,10:36:00,29091,North Bethesda Station+Bay C,2,NA,1,NORTH BETHESDA STATION+BAY C,NORTH BETHESDA STATION,WMATA
38003020,LCL,LCL,11,1,10:44:00,29087,Grosvenor Station+Bay F,4,NA,1,GROSVENOR STATION+BAY F,GROSVENOR STATION,WMATA
38031020,D60,D60,11,1,13:00:00,18918,Silver Spring+Bay 103,2,NA,1,SILVER SPRING+BAY 103,SILVER SPRING STATION,WMATA
38038020,P30,P30,11,1,06:50:00,18911,Silver Spring+Bay 223,67,NA,1,SILVER SPRING+BAY 223,SILVER SPRING STATION,WMATA
38041020,P30,P30,11,0,08:15:00,18911,Silver Spring+Bay 223,2,NA,1,SILVER SPRING+BAY 223,SILVER SPRING STATION,WMATA
38057020,LCL,LCL,11,0,12:39:00,29090,Grosvenor Station,8,NA,1,GROSVENOR STATION,GROSVENOR STATION,WMATA
38062020,LCL,LCL,11,0,11:47:00,29090,Grosvenor Station,8,NA,1,GROSVENOR STATION,GROSVENOR STATION,WMATA
38069020,D4X,D4X,11,1,20:20:00,18909,Silver Spring+Bay 221,2,NA,1,SILVER SPRING+BAY 221,SILVER SPRING STATION,WMATA
38080020,D6X,D6X,11,1,18:40:00,18914,Silver Spring+Bay 104,2,NA,1,SILVER SPRING+BAY 104,SILVER SPRING STATION,WMATA
38088020,M20,M20,11,0,12:25:00,16136,Wheaton+Bay E,19,NA,1,WHEATON+BAY E,WHEATON STATION,WMATA
38088020,M20,M20,11,0,12:05:00,18954,Silver Spring+Bay 219,2,NA,1,SILVER SPRING+BAY 219,SILVER SPRING STATION,WMATA
38098020,M70,M70,11,0,21:23:00,15362,Bethesda+Bay C,27,NA,1,BETHESDA+BAY C,BETHESDA STATION,WMATA
38098020,M70,M70,11,0,21:40:00,18912,Silver Spring+Bay 102,46,NA,1,SILVER SPRING+BAY 102,SILVER SPRING STATION,WMATA
38098020,M70,M70,11,0,21:00:00,19082,Montgomery Mall+Bay F,2,NA,1,MONTGOMERY MALL+BAY F,MONTGOMERY MALL TRANSIT CENTER,WMATA
38099020,LCL,LCL,11,1,06:12:00,29087,Grosvenor Station+Bay F,4,NA,1,GROSVENOR STATION+BAY F,GROSVENOR STATION,WMATA
38099020,LCL,LCL,11,1,06:04:00,29091,North Bethesda Station+Bay C,2,NA,1,NORTH BETHESDA STATION+BAY C,NORTH BETHESDA STATION,WMATA
38107020,M20,M20,11,1,09:05:00,15406,Wheaton+Bay A,2,NA,1,WHEATON+BAY A,WHEATON STATION,WMATA
38107020,M20,M20,11,1,09:25:00,18954,Silver Spring+Bay 219,21,NA,1,SILVER SPRING+BAY 219,SILVER SPRING STATION,WMATA
38123020,M22,M22,11,0,11:43:00,12893,Glenmont+Bay H,47,NA,1,GLENMONT+BAY H,GLENMONT STATION,WMATA
38123020,M22,M22,11,0,11:30:00,16136,Wheaton+Bay E,36,NA,1,WHEATON+BAY E,WHEATON STATION,WMATA
38123020,M22,M22,11,0,11:03:00,15389,Bethesda+Bay B,2,NA,1,BETHESDA+BAY B,BETHESDA STATION,WMATA
38125020,LCL,LCL,11,1,07:20:00,29091,North Bethesda Station+Bay C,2,NA,1,NORTH BETHESDA STATION+BAY C,NORTH BETHESDA STATION,WMATA
38125020,LCL,LCL,11,1,07:28:00,29087,Grosvenor Station+Bay F,4,NA,1,GROSVENOR STATION+BAY F,GROSVENOR STATION,WMATA
38130020,M20,M20,11,1,13:07:00,15406,Wheaton+Bay A,2,NA,1,WHEATON+BAY A,WHEATON STATION,WMATA
38130020,M20,M20,11,1,13:27:00,18954,Silver Spring+Bay 219,21,NA,1,SILVER SPRING+BAY 219,SILVER SPRING STATION,WMATA
38145020,EXP,EXP,11,1,20:34:00,29091,North Bethesda Station+Bay C,2,NA,1,NORTH BETHESDA STATION+BAY C,NORTH BETHESDA STATION,WMATA
38146020,EXP,EXP,11,1,15:24:00,29091,North Bethesda Station+Bay C,2,NA,1,NORTH BETHESDA STATION+BAY C,NORTH BETHESDA STATION,WMATA
38159020,LCL,LCL,11,1,09:28:00,29091,North Bethesda Station+Bay C,2,NA,1,NORTH BETHESDA STATION+BAY C,NORTH BETHESDA STATION,WMATA
38159020,LCL,LCL,11,1,09:36:00,29087,Grosvenor Station+Bay F,4,NA,1,GROSVENOR STATION+BAY F,GROSVENOR STATION,WMATA
38222020,D6X,D6X,11,0,09:52:00,18914,Silver Spring+Bay 104,33,NA,1,SILVER SPRING+BAY 104,SILVER SPRING STATION,WMATA
38226020,EXP,EXP,11,1,04:58:00,29091,North Bethesda Station+Bay C,2,NA,1,NORTH BETHESDA STATION+BAY C,NORTH BETHESDA STATION,WMATA
38228020,M70,M70,11,1,14:22:00,19082,Montgomery Mall+Bay F,46,NA,1,MONTGOMERY MALL+BAY F,MONTGOMERY MALL TRANSIT CENTER,WMATA
38228020,M70,M70,11,1,13:36:00,18912,Silver Spring+Bay 102,2,NA,1,SILVER SPRING+BAY 102,SILVER SPRING STATION,WMATA
38228020,M70,M70,11,1,13:54:00,15362,Bethesda+Bay C,21,NA,1,BETHESDA+BAY C,BETHESDA STATION,WMATA
38269020,M44,M44,11,1,07:42:00,15313,Glenmont+Bay F,91,NA,1,GLENMONT+BAY F,GLENMONT STATION,WMATA
38270020,LCL,LCL,11,1,08:04:00,29091,North Bethesda Station+Bay C,2,NA,1,NORTH BETHESDA STATION+BAY C,NORTH BETHESDA STATION,WMATA
38270020,LCL,LCL,11,1,08:12:00,29087,Grosvenor Station+Bay F,4,NA,1,GROSVENOR STATION+BAY F,GROSVENOR STATION,WMATA
38275020,P30,P30,11,0,10:03:00,18911,Silver Spring+Bay 223,2,NA,1,SILVER SPRING+BAY 223,SILVER SPRING STATION,WMATA
38307020,M70,M70,11,1,07:11:00,15362,Bethesda+Bay C,21,NA,1,BETHESDA+BAY C,BETHESDA STATION,WMATA
38307020,M70,M70,11,1,06:50:00,18912,Silver Spring+Bay 102,2,NA,1,SILVER SPRING+BAY 102,SILVER SPRING STATION,WMATA
38307020,M70,M70,11,1,07:41:00,19082,Montgomery Mall+Bay F,46,NA,1,MONTGOMERY MALL+BAY F,MONTGOMERY MALL TRANSIT CENTER,WMATA
38331020,M52,M52,11,1,16:19:00,19053,Silver Spring+Bay 113,68,NA,1,SILVER SPRING+BAY 113,SILVER SPRING STATION,WMATA
38333020,EXP,EXP,11,1,15:30:00,29091,North Bethesda Station+Bay C,2,NA,1,NORTH BETHESDA STATION+BAY C,NORTH BETHESDA STATION,WMATA
38336020,M52,M52,11,0,15:30:00,19053,Silver Spring+Bay 113,2,NA,1,SILVER SPRING+BAY 113,SILVER SPRING STATION,WMATA
38343020,EXP,EXP,11,1,17:20:00,29091,North Bethesda Station+Bay C,2,NA,1,NORTH BETHESDA STATION+BAY C,NORTH BETHESDA STATION,WMATA
38359020,D6X,D6X,11,0,20:51:00,18914,Silver Spring+Bay 104,33,NA,1,SILVER SPRING+BAY 104,SILVER SPRING STATION,WMATA
38364020,D60,D60,11,1,10:48:00,18918,Silver Spring+Bay 103,2,NA,1,SILVER SPRING+BAY 103,SILVER SPRING STATION,WMATA
38400020,P30,P30,11,1,08:14:00,18911,Silver Spring+Bay 223,67,NA,1,SILVER SPRING+BAY 223,SILVER SPRING STATION,WMATA
38403020,EXP,EXP,11,1,11:45:00,29091,North Bethesda Station+Bay C,2,NA,1,NORTH BETHESDA STATION+BAY C,NORTH BETHESDA STATION,WMATA
38417020,LCL,LCL,11,0,22:28:00,29090,Grosvenor Station,8,NA,1,GROSVENOR STATION,GROSVENOR STATION,WMATA
38439020,D96,D96,11,0,18:05:00,28523,Bethesda+Bay A,79,NA,1,BETHESDA+BAY A,BETHESDA STATION,WMATA
38464020,M12,M12,11,0,21:47:00,10628,Wheaton+Bay D,28,NA,1,WHEATON+BAY D,WHEATON STATION,WMATA
38464020,M12,M12,11,0,21:30:00,21558,Twinbrook+Bay A,2,NA,1,TWINBROOK+BAY A,TWINBROOK STATION,WMATA
38470020,M20,M20,11,0,13:03:00,16136,Wheaton+Bay E,19,NA,1,WHEATON+BAY E,WHEATON STATION,WMATA
38470020,M20,M20,11,0,12:41:00,18954,Silver Spring+Bay 219,2,NA,1,SILVER SPRING+BAY 219,SILVER SPRING STATION,WMATA
38510020,D6X,D6X,11,0,22:54:00,18914,Silver Spring+Bay 104,33,NA,1,SILVER SPRING+BAY 104,SILVER SPRING STATION,WMATA
38513020,EXP,EXP,11,1,04:56:00,29091,North Bethesda Station+Bay C,2,NA,1,NORTH BETHESDA STATION+BAY C,NORTH BETHESDA STATION,WMATA
38516020,M22,M22,11,1,21:33:00,15406,Wheaton+Bay A,49,NA,1,WHEATON+BAY A,WHEATON STATION,WMATA
38516020,M22,M22,11,1,21:23:00,12892,Glenmont+Bay D,37,NA,1,GLENMONT+BAY D,GLENMONT STATION,WMATA
38516020,M22,M22,11,1,21:51:00,15389,Bethesda+Bay B,85,NA,1,BETHESDA+BAY B,BETHESDA STATION,WMATA
38517020,M20,M20,11,0,10:05:00,18954,Silver Spring+Bay 219,2,NA,1,SILVER SPRING+BAY 219,SILVER SPRING STATION,WMATA
38517020,M20,M20,11,0,10:25:00,16136,Wheaton+Bay E,19,NA,1,WHEATON+BAY E,WHEATON STATION,WMATA
38523020,M44,M44,11,0,10:10:00,13000,Glenmont+Bay E,29,NA,1,GLENMONT+BAY E,GLENMONT STATION,WMATA
38527020,M70,M70,11,1,13:31:00,19082,Montgomery Mall+Bay F,46,NA,1,MONTGOMERY MALL+BAY F,MONTGOMERY MALL TRANSIT CENTER,WMATA
38527020,M70,M70,11,1,13:06:00,15362,Bethesda+Bay C,21,NA,1,BETHESDA+BAY C,BETHESDA STATION,WMATA
38527020,M70,M70,11,1,12:48:00,18912,Silver Spring+Bay 102,2,NA,1,SILVER SPRING+BAY 102,SILVER SPRING STATION,WMATA
38533020,EXP,EXP,11,1,19:52:00,29091,North Bethesda Station+Bay C,2,NA,1,NORTH BETHESDA STATION+BAY C,NORTH BETHESDA STATION,WMATA
38535020,EXP,EXP,11,1,10:37:00,29091,North Bethesda Station+Bay C,2,NA,1,NORTH BETHESDA STATION+BAY C,NORTH BETHESDA STATION,WMATA
38538020,LCL,LCL,11,0,14:51:00,29090,Grosvenor Station,8,NA,1,GROSVENOR STATION,GROSVENOR STATION,WMATA
38548020,EXP,EXP,11,1,17:37:00,29091,North Bethesda Station+Bay C,2,NA,1,NORTH BETHESDA STATION+BAY C,NORTH BETHESDA STATION,WMATA
38550020,D60,D60,11,1,15:45:00,18918,Silver Spring+Bay 103,2,NA,1,SILVER SPRING+BAY 103,SILVER SPRING STATION,WMATA
38565020,D60,D60,11,0,17:10:00,18918,Silver Spring+Bay 103,49,NA,1,SILVER SPRING+BAY 103,SILVER SPRING STATION,WMATA
38566020,EXP,EXP,11,1,06:42:00,29091,North Bethesda Station+Bay C,2,NA,1,NORTH BETHESDA STATION+BAY C,NORTH BETHESDA STATION,WMATA
38581020,D40,D40,11,1,19:36:00,18907,Silver Spring+Bay 220,2,NA,1,SILVER SPRING+BAY 220,SILVER SPRING STATION,WMATA
38582020,D40,D40,11,1,13:36:00,18907,Silver Spring+Bay 220,2,NA,1,SILVER SPRING+BAY 220,SILVER SPRING STATION,WMATA
38586020,P30,P30,11,1,22:23:00,18911,Silver Spring+Bay 223,67,NA,1,SILVER SPRING+BAY 223,SILVER SPRING STATION,WMATA
38587020,D40,D40,11,1,21:24:00,18907,Silver Spring+Bay 220,2,NA,1,SILVER SPRING+BAY 220,SILVER SPRING STATION,WMATA
38608020,M42,M42,11,0,11:25:00,13000,Glenmont+Bay E,29,NA,1,GLENMONT+BAY E,GLENMONT STATION,WMATA
38617020,D60,D60,11,1,13:36:00,18918,Silver Spring+Bay 103,2,NA,1,SILVER SPRING+BAY 103,SILVER SPRING STATION,WMATA
38631020,M20,M20,11,1,07:11:00,15406,Wheaton+Bay A,35,NA,1,WHEATON+BAY A,WHEATON STATION,WMATA
38631020,M20,M20,11,1,07:32:00,18954,Silver Spring+Bay 219,54,NA,1,SILVER SPRING+BAY 219,SILVER SPRING STATION,WMATA
38631020,M20,M20,11,1,06:58:00,12892,Glenmont+Bay D,23,NA,1,GLENMONT+BAY D,GLENMONT STATION,WMATA
38663020,LCL,LCL,11,1,09:16:00,29087,Grosvenor Station+Bay F,4,NA,1,GROSVENOR STATION+BAY F,GROSVENOR STATION,WMATA
38663020,LCL,LCL,11,1,09:08:00,29091,North Bethesda Station+Bay C,2,NA,1,NORTH BETHESDA STATION+BAY C,NORTH BETHESDA STATION,WMATA
38669020,D4X,D4X,11,0,07:28:00,18909,Silver Spring+Bay 221,24,NA,1,SILVER SPRING+BAY 221,SILVER SPRING STATION,WMATA
38680020,D6X,D6X,11,0,19:09:00,18914,Silver Spring+Bay 104,33,NA,1,SILVER SPRING+BAY 104,SILVER SPRING STATION,WMATA
38687020,EXP,EXP,11,1,12:22:00,29091,North Bethesda Station+Bay C,2,NA,1,NORTH BETHESDA STATION+BAY C,NORTH BETHESDA STATION,WMATA
38701020,M22,M22,11,1,10:12:00,15406,Wheaton+Bay A,53,NA,1,WHEATON+BAY A,WHEATON STATION,WMATA
38701020,M22,M22,11,1,09:59:00,12892,Glenmont+Bay D,41,NA,1,GLENMONT+BAY D,GLENMONT STATION,WMATA
38701020,M22,M22,11,1,10:38:00,15389,Bethesda+Bay B,89,NA,1,BETHESDA+BAY B,BETHESDA STATION,WMATA
38702020,LCL,LCL,11,1,12:18:00,29091,North Bethesda Station+Bay C,2,NA,1,NORTH BETHESDA STATION+BAY C,NORTH BETHESDA STATION,WMATA
38702020,LCL,LCL,11,1,12:26:00,29087,Grosvenor Station+Bay F,4,NA,1,GROSVENOR STATION+BAY F,GROSVENOR STATION,WMATA
38721020,P30,P30,11,1,09:04:00,18911,Silver Spring+Bay 223,67,NA,1,SILVER SPRING+BAY 223,SILVER SPRING STATION,WMATA
38740020,EXP,EXP,11,1,14:27:00,29091,North Bethesda Station+Bay C,2,NA,1,NORTH BETHESDA STATION+BAY C,NORTH BETHESDA STATION,WMATA
38746020,M20,M20,11,1,21:30:00,15406,Wheaton+Bay A,2,NA,1,WHEATON+BAY A,WHEATON STATION,WMATA
38746020,M20,M20,11,1,21:44:00,18954,Silver Spring+Bay 219,21,NA,1,SILVER SPRING+BAY 219,SILVER SPRING STATION,WMATA
38749020,M70,M70,11,1,15:50:00,18912,Silver Spring+Bay 102,2,NA,1,SILVER SPRING+BAY 102,SILVER SPRING STATION,WMATA
38749020,M70,M70,11,1,16:42:00,19082,Montgomery Mall+Bay F,46,NA,1,MONTGOMERY MALL+BAY F,MONTGOMERY MALL TRANSIT CENTER,WMATA
38749020,M70,M70,11,1,16:10:00,15362,Bethesda+Bay C,21,NA,1,BETHESDA+BAY C,BETHESDA STATION,WMATA
38760020,D6X,D6X,11,0,17:42:00,18914,Silver Spring+Bay 104,33,NA,1,SILVER SPRING+BAY 104,SILVER SPRING STATION,WMATA
38761020,D60,D60,11,0,17:00:00,18918,Silver Spring+Bay 103,49,NA,1,SILVER SPRING+BAY 103,SILVER SPRING STATION,WMATA
38786020,C87,C87,11,0,18:31:00,19055,Silver Spring+Bay 115,32,NA,1,SILVER SPRING+BAY 115,SILVER SPRING STATION,WMATA
38797020,D6X,D6X,11,0,13:26:00,18914,Silver Spring+Bay 104,33,NA,1,SILVER SPRING+BAY 104,SILVER SPRING STATION,WMATA
38810020,LCL,LCL,11,1,11:38:00,29087,Grosvenor Station+Bay F,4,NA,1,GROSVENOR STATION+BAY F,GROSVENOR STATION,WMATA
38810020,LCL,LCL,11,1,11:30:00,29091,North Bethesda Station+Bay C,2,NA,1,NORTH BETHESDA STATION+BAY C,NORTH BETHESDA STATION,WMATA
38821020,D40,D40,11,0,18:47:00,18907,Silver Spring+Bay 220,55,NA,1,SILVER SPRING+BAY 220,SILVER SPRING STATION,WMATA
38830020,D40,D40,11,1,21:36:00,18907,Silver Spring+Bay 220,2,NA,1,SILVER SPRING+BAY 220,SILVER SPRING STATION,WMATA
38831020,D4X,D4X,11,0,14:29:00,18909,Silver Spring+Bay 221,24,NA,1,SILVER SPRING+BAY 221,SILVER SPRING STATION,WMATA
38856020,P30,P30,11,0,06:15:00,18911,Silver Spring+Bay 223,2,NA,1,SILVER SPRING+BAY 223,SILVER SPRING STATION,WMATA
38895020,M54,M54,11,1,10:33:00,19054,Silver Spring+Bay 114,54,NA,1,SILVER SPRING+BAY 114,SILVER SPRING STATION,WMATA
38912020,D4X,D4X,11,1,18:50:00,18909,Silver Spring+Bay 221,2,NA,1,SILVER SPRING+BAY 221,SILVER SPRING STATION,WMATA
38937020,LCL,LCL,11,1,19:42:00,29091,North Bethesda Station+Bay C,2,NA,1,NORTH BETHESDA STATION+BAY C,NORTH BETHESDA STATION,WMATA
38937020,LCL,LCL,11,1,19:50:00,29087,Grosvenor Station+Bay F,4,NA,1,GROSVENOR STATION+BAY F,GROSVENOR STATION,WMATA
38938020,LCL,LCL,11,1,16:14:00,29087,Grosvenor Station+Bay F,4,NA,1,GROSVENOR STATION+BAY F,GROSVENOR STATION,WMATA
38938020,LCL,LCL,11,1,16:06:00,29091,North Bethesda Station+Bay C,2,NA,1,NORTH BETHESDA STATION+BAY C,NORTH BETHESDA STATION,WMATA
38948020,D4X,D4X,11,0,15:19:00,18909,Silver Spring+Bay 221,24,NA,1,SILVER SPRING+BAY 221,SILVER SPRING STATION,WMATA
38949020,EXP,EXP,11,1,17:32:00,29091,North Bethesda Station+Bay C,2,NA,1,NORTH BETHESDA STATION+BAY C,NORTH BETHESDA STATION,WMATA
38965020,LCL,LCL,11,1,09:32:00,29091,North Bethesda Station+Bay C,2,NA,1,NORTH BETHESDA STATION+BAY C,NORTH BETHESDA STATION,WMATA
38965020,LCL,LCL,11,1,09:40:00,29087,Grosvenor Station+Bay F,4,NA,1,GROSVENOR STATION+BAY F,GROSVENOR STATION,WMATA
38979020,D40,D40,11,0,18:35:00,18907,Silver Spring+Bay 220,55,NA,1,SILVER SPRING+BAY 220,SILVER SPRING STATION,WMATA
38981020,D40,D40,11,0,24:01:00,18907,Silver Spring+Bay 220,55,NA,1,SILVER SPRING+BAY 220,SILVER SPRING STATION,WMATA
38993020,M12,M12,11,0,15:57:00,21558,Twinbrook+Bay A,2,NA,1,TWINBROOK+BAY A,TWINBROOK STATION,WMATA
38993020,M12,M12,11,0,16:20:00,10628,Wheaton+Bay D,28,NA,1,WHEATON+BAY D,WHEATON STATION,WMATA
39004020,C87,C87,11,0,18:51:00,19055,Silver Spring+Bay 115,32,NA,1,SILVER SPRING+BAY 115,SILVER SPRING STATION,WMATA
39024020,P30,P30,11,1,09:14:00,18911,Silver Spring+Bay 223,67,NA,1,SILVER SPRING+BAY 223,SILVER SPRING STATION,WMATA
39043020,LCL,LCL,11,1,21:41:00,29091,North Bethesda Station+Bay C,2,NA,1,NORTH BETHESDA STATION+BAY C,NORTH BETHESDA STATION,WMATA
39043020,LCL,LCL,11,1,21:49:00,29087,Grosvenor Station+Bay F,4,NA,1,GROSVENOR STATION+BAY F,GROSVENOR STATION,WMATA
39047020,D6X,D6X,11,0,19:27:00,18914,Silver Spring+Bay 104,33,NA,1,SILVER SPRING+BAY 104,SILVER SPRING STATION,WMATA
39054020,D40,D40,11,0,05:04:00,18907,Silver Spring+Bay 220,59,NA,1,SILVER SPRING+BAY 220,SILVER SPRING STATION,WMATA
39077020,M12,M12,11,0,10:12:00,10628,Wheaton+Bay D,2,NA,1,WHEATON+BAY D,WHEATON STATION,WMATA
39088020,LCL,LCL,11,1,19:56:00,29087,Grosvenor Station+Bay F,4,NA,1,GROSVENOR STATION+BAY F,GROSVENOR STATION,WMATA
39088020,LCL,LCL,11,1,19:48:00,29091,North Bethesda Station+Bay C,2,NA,1,NORTH BETHESDA STATION+BAY C,NORTH BETHESDA STATION,WMATA
39116020,M70,M70,11,1,05:00:00,18912,Silver Spring+Bay 102,2,NA,1,SILVER SPRING+BAY 102,SILVER SPRING STATION,WMATA
39116020,M70,M70,11,1,05:15:00,15362,Bethesda+Bay C,21,NA,1,BETHESDA+BAY C,BETHESDA STATION,WMATA
39116020,M70,M70,11,1,05:35:00,19082,Montgomery Mall+Bay F,46,NA,1,MONTGOMERY MALL+BAY F,MONTGOMERY MALL TRANSIT CENTER,WMATA
39117020,D6X,D6X,11,1,18:20:00,18914,Silver Spring+Bay 104,2,NA,1,SILVER SPRING+BAY 104,SILVER SPRING STATION,WMATA
39118020,LCL,LCL,11,0,10:15:00,29090,Grosvenor Station,8,NA,1,GROSVENOR STATION,GROSVENOR STATION,WMATA
39132020,LCL,LCL,11,0,07:31:00,29090,Grosvenor Station,8,NA,1,GROSVENOR STATION,GROSVENOR STATION,WMATA
39145020,LCL,LCL,11,0,19:41:00,29090,Grosvenor Station,8,NA,1,GROSVENOR STATION,GROSVENOR STATION,WMATA
39164020,EXP,EXP,11,1,16:41:00,29091,North Bethesda Station+Bay C,2,NA,1,NORTH BETHESDA STATION+BAY C,NORTH BETHESDA STATION,WMATA
39171020,M42,M42,11,1,09:55:00,15313,Glenmont+Bay F,78,NA,1,GLENMONT+BAY F,GLENMONT STATION,WMATA
39185020,D96,D96,11,1,10:31:00,28523,Bethesda+Bay A,2,NA,1,BETHESDA+BAY A,BETHESDA STATION,WMATA
39202020,M54,M54,11,1,23:32:00,19054,Silver Spring+Bay 114,54,NA,1,SILVER SPRING+BAY 114,SILVER SPRING STATION,WMATA
39209020,D60,D60,11,0,16:30:00,18918,Silver Spring+Bay 103,49,NA,1,SILVER SPRING+BAY 103,SILVER SPRING STATION,WMATA
39215020,EXP,EXP,11,1,07:42:00,29091,North Bethesda Station+Bay C,2,NA,1,NORTH BETHESDA STATION+BAY C,NORTH BETHESDA STATION,WMATA
39225020,M44,M44,11,1,05:37:00,15313,Glenmont+Bay F,40,NA,1,GLENMONT+BAY F,GLENMONT STATION,WMATA
39269020,LCL,LCL,11,0,16:53:00,29090,Grosvenor Station,8,NA,1,GROSVENOR STATION,GROSVENOR STATION,WMATA
39296020,D40,D40,11,1,05:36:00,18907,Silver Spring+Bay 220,2,NA,1,SILVER SPRING+BAY 220,SILVER SPRING STATION,WMATA
39300020,M82,M82,11,1,13:30:00,17396,Rockville+Bay A,2,NA,1,ROCKVILLE+BAY A,ROCKVILLE STATION,WMATA
39308020,M54,M54,11,1,14:02:00,19054,Silver Spring+Bay 114,54,NA,1,SILVER SPRING+BAY 114,SILVER SPRING STATION,WMATA
39310020,M12,M12,11,0,07:15:00,21558,Twinbrook+Bay A,2,NA,1,TWINBROOK+BAY A,TWINBROOK STATION,WMATA
39310020,M12,M12,11,0,07:36:00,10628,Wheaton+Bay D,28,NA,1,WHEATON+BAY D,WHEATON STATION,WMATA
39322020,D4X,D4X,11,0,10:56:00,18909,Silver Spring+Bay 221,24,NA,1,SILVER SPRING+BAY 221,SILVER SPRING STATION,WMATA
39325020,LCL,LCL,11,1,08:20:00,29087,Grosvenor Station+Bay F,4,NA,1,GROSVENOR STATION+BAY F,GROSVENOR STATION,WMATA
39325020,LCL,LCL,11,1,08:12:00,29091,North Bethesda Station+Bay C,2,NA,1,NORTH BETHESDA STATION+BAY C,NORTH BETHESDA STATION,WMATA
39360020,P30,P30,11,1,19:17:00,18911,Silver Spring+Bay 223,67,NA,1,SILVER SPRING+BAY 223,SILVER SPRING STATION,WMATA
39364020,LCL,LCL,11,0,16:47:00,29090,Grosvenor Station,8,NA,1,GROSVENOR STATION,GROSVENOR STATION,WMATA
39369020,M20,M20,11,1,16:11:00,12892,Glenmont+Bay D,23,NA,1,GLENMONT+BAY D,GLENMONT STATION,WMATA
39369020,M20,M20,11,1,16:25:00,15406,Wheaton+Bay A,35,NA,1,WHEATON+BAY A,WHEATON STATION,WMATA
39369020,M20,M20,11,1,16:48:00,18954,Silver Spring+Bay 219,54,NA,1,SILVER SPRING+BAY 219,SILVER SPRING STATION,WMATA
39407020,P30,P30,11,0,14:33:00,18911,Silver Spring+Bay 223,2,NA,1,SILVER SPRING+BAY 223,SILVER SPRING STATION,WMATA
39414020,LCL,LCL,11,1,17:41:00,29091,North Bethesda Station+Bay C,2,NA,1,NORTH BETHESDA STATION+BAY C,NORTH BETHESDA STATION,WMATA
39414020,LCL,LCL,11,1,17:49:00,29087,Grosvenor Station+Bay F,4,NA,1,GROSVENOR STATION+BAY F,GROSVENOR STATION,WMATA
39422020,D6X,D6X,11,1,13:00:00,18914,Silver Spring+Bay 104,2,NA,1,SILVER SPRING+BAY 104,SILVER SPRING STATION,WMATA
39446020,D96,D96,11,1,05:30:00,28523,Bethesda+Bay A,2,NA,1,BETHESDA+BAY A,BETHESDA STATION,WMATA
39451020,EXP,EXP,11,1,12:25:00,29091,North Bethesda Station+Bay C,2,NA,1,NORTH BETHESDA STATION+BAY C,NORTH BETHESDA STATION,WMATA
39455020,D6X,D6X,11,1,18:50:00,18914,Silver Spring+Bay 104,2,NA,1,SILVER SPRING+BAY 104,SILVER SPRING STATION,WMATA
39460020,M20,M20,11,1,18:15:00,18954,Silver Spring+Bay 219,54,NA,1,SILVER SPRING+BAY 219,SILVER SPRING STATION,WMATA
39460020,M20,M20,11,1,17:45:00,12892,Glenmont+Bay D,23,NA,1,GLENMONT+BAY D,GLENMONT STATION,WMATA
39460020,M20,M20,11,1,17:57:00,15406,Wheaton+Bay A,35,NA,1,WHEATON+BAY A,WHEATON STATION,WMATA
39474020,D40,D40,11,0,10:42:00,18907,Silver Spring+Bay 220,55,NA,1,SILVER SPRING+BAY 220,SILVER SPRING STATION,WMATA
39482020,EXP,EXP,11,1,12:43:00,29091,North Bethesda Station+Bay C,2,NA,1,NORTH BETHESDA STATION+BAY C,NORTH BETHESDA STATION,WMATA
39491020,P30,P30,11,1,19:40:00,18911,Silver Spring+Bay 223,67,NA,1,SILVER SPRING+BAY 223,SILVER SPRING STATION,WMATA
39501020,M12,M12,11,1,18:19:00,16955,Wheaton+Bay B,49,NA,1,WHEATON+BAY B,WHEATON STATION,WMATA
39501020,M12,M12,11,1,18:39:00,21558,Twinbrook+Bay A,74,NA,1,TWINBROOK+BAY A,TWINBROOK STATION,WMATA
39503020,D4X,D4X,11,1,11:20:00,18909,Silver Spring+Bay 221,2,NA,1,SILVER SPRING+BAY 221,SILVER SPRING STATION,WMATA
39520020,M70,M70,11,0,19:40:00,18912,Silver Spring+Bay 102,46,NA,1,SILVER SPRING+BAY 102,SILVER SPRING STATION,WMATA
39520020,M70,M70,11,0,19:00:00,19082,Montgomery Mall+Bay F,2,NA,1,MONTGOMERY MALL+BAY F,MONTGOMERY MALL TRANSIT CENTER,WMATA
39520020,M70,M70,11,0,19:23:00,15362,Bethesda+Bay C,27,NA,1,BETHESDA+BAY C,BETHESDA STATION,WMATA
39547020,D6X,D6X,11,1,08:48:00,18914,Silver Spring+Bay 104,2,NA,1,SILVER SPRING+BAY 104,SILVER SPRING STATION,WMATA
39568020,M42,M42,11,1,12:55:00,15313,Glenmont+Bay F,78,NA,1,GLENMONT+BAY F,GLENMONT STATION,WMATA
39583020,LCL,LCL,11,0,09:43:00,29090,Grosvenor Station,8,NA,1,GROSVENOR STATION,GROSVENOR STATION,WMATA
39614020,M70,M70,11,1,06:33:00,19082,Montgomery Mall+Bay F,46,NA,1,MONTGOMERY MALL+BAY F,MONTGOMERY MALL TRANSIT CENTER,WMATA
39614020,M70,M70,11,1,06:08:00,15362,Bethesda+Bay C,21,NA,1,BETHESDA+BAY C,BETHESDA STATION,WMATA
39614020,M70,M70,11,1,05:50:00,18912,Silver Spring+Bay 102,2,NA,1,SILVER SPRING+BAY 102,SILVER SPRING STATION,WMATA
39621020,LCL,LCL,11,1,17:48:00,29091,North Bethesda Station+Bay C,2,NA,1,NORTH BETHESDA STATION+BAY C,NORTH BETHESDA STATION,WMATA
39621020,LCL,LCL,11,1,17:56:00,29087,Grosvenor Station+Bay F,4,NA,1,GROSVENOR STATION+BAY F,GROSVENOR STATION,WMATA
39626020,LCL,LCL,11,1,18:48:00,29091,North Bethesda Station+Bay C,2,NA,1,NORTH BETHESDA STATION+BAY C,NORTH BETHESDA STATION,WMATA
39626020,LCL,LCL,11,1,18:56:00,29087,Grosvenor Station+Bay F,4,NA,1,GROSVENOR STATION+BAY F,GROSVENOR STATION,WMATA
39677020,EXP,EXP,11,1,09:26:00,29091,North Bethesda Station+Bay C,2,NA,1,NORTH BETHESDA STATION+BAY C,NORTH BETHESDA STATION,WMATA
39680020,M52,M52,11,0,06:30:00,19053,Silver Spring+Bay 113,2,NA,1,SILVER SPRING+BAY 113,SILVER SPRING STATION,WMATA
39701020,LCL,LCL,11,0,21:16:00,29090,Grosvenor Station,8,NA,1,GROSVENOR STATION,GROSVENOR STATION,WMATA
39708020,M70,M70,11,0,12:41:00,18912,Silver Spring+Bay 102,46,NA,1,SILVER SPRING+BAY 102,SILVER SPRING STATION,WMATA
39708020,M70,M70,11,0,12:00:00,19082,Montgomery Mall+Bay F,2,NA,1,MONTGOMERY MALL+BAY F,MONTGOMERY MALL TRANSIT CENTER,WMATA
39708020,M70,M70,11,0,12:24:00,15362,Bethesda+Bay C,27,NA,1,BETHESDA+BAY C,BETHESDA STATION,WMATA
39734020,LCL,LCL,11,1,18:30:00,29091,North Bethesda Station+Bay C,2,NA,1,NORTH BETHESDA STATION+BAY C,NORTH BETHESDA STATION,WMATA
39734020,LCL,LCL,11,1,18:38:00,29087,Grosvenor Station+Bay F,4,NA,1,GROSVENOR STATION+BAY F,GROSVENOR STATION,WMATA
39769020,D6X,D6X,11,0,09:28:00,18914,Silver Spring+Bay 104,33,NA,1,SILVER SPRING+BAY 104,SILVER SPRING STATION,WMATA
39780020,D60,D60,11,1,12:48:00,18918,Silver Spring+Bay 103,2,NA,1,SILVER SPRING+BAY 103,SILVER SPRING STATION,WMATA
39831020,D40,D40,11,1,10:00:00,18907,Silver Spring+Bay 220,2,NA,1,SILVER SPRING+BAY 220,SILVER SPRING STATION,WMATA
39835020,LCL,LCL,11,1,17:17:00,29091,North Bethesda Station+Bay C,2,NA,1,NORTH BETHESDA STATION+BAY C,NORTH BETHESDA STATION,WMATA
39835020,LCL,LCL,11,1,17:25:00,29087,Grosvenor Station+Bay F,4,NA,1,GROSVENOR STATION+BAY F,GROSVENOR STATION,WMATA
39881020,M12,M12,11,0,13:51:00,21558,Twinbrook+Bay A,2,NA,1,TWINBROOK+BAY A,TWINBROOK STATION,WMATA
39881020,M12,M12,11,0,14:12:00,10628,Wheaton+Bay D,28,NA,1,WHEATON+BAY D,WHEATON STATION,WMATA
39889020,P30,P30,11,0,21:00:00,18911,Silver Spring+Bay 223,2,NA,1,SILVER SPRING+BAY 223,SILVER SPRING STATION,WMATA
39891020,M70,M70,11,1,19:00:00,18912,Silver Spring+Bay 102,2,NA,1,SILVER SPRING+BAY 102,SILVER SPRING STATION,WMATA
39891020,M70,M70,11,1,19:17:00,15362,Bethesda+Bay C,21,NA,1,BETHESDA+BAY C,BETHESDA STATION,WMATA
39891020,M70,M70,11,1,19:41:00,19082,Montgomery Mall+Bay F,46,NA,1,MONTGOMERY MALL+BAY F,MONTGOMERY MALL TRANSIT CENTER,WMATA
39894020,M54,M54,11,0,25:15:00,19054,Silver Spring+Bay 114,2,NA,1,SILVER SPRING+BAY 114,SILVER SPRING STATION,WMATA
39896020,D96,D96,11,0,12:51:00,28523,Bethesda+Bay A,79,NA,1,BETHESDA+BAY A,BETHESDA STATION,WMATA
39906020,LCL,LCL,11,0,13:03:00,29090,Grosvenor Station,8,NA,1,GROSVENOR STATION,GROSVENOR STATION,WMATA
39967020,EXP,EXP,11,1,10:34:00,29091,North Bethesda Station+Bay C,2,NA,1,NORTH BETHESDA STATION+BAY C,NORTH BETHESDA STATION,WMATA
39968020,LCL,LCL,11,1,08:52:00,29087,Grosvenor Station+Bay F,4,NA,1,GROSVENOR STATION+BAY F,GROSVENOR STATION,WMATA
39968020,LCL,LCL,11,1,08:44:00,29091,North Bethesda Station+Bay C,2,NA,1,NORTH BETHESDA STATION+BAY C,NORTH BETHESDA STATION,WMATA
39978020,D40,D40,11,1,22:00:00,18907,Silver Spring+Bay 220,2,NA,1,SILVER SPRING+BAY 220,SILVER SPRING STATION,WMATA
40019020,LCL,LCL,11,0,16:11:00,29090,Grosvenor Station,8,NA,1,GROSVENOR STATION,GROSVENOR STATION,WMATA
40024020,M54,M54,11,0,19:45:00,19054,Silver Spring+Bay 114,2,NA,1,SILVER SPRING+BAY 114,SILVER SPRING STATION,WMATA
40029020,M12,M12,11,0,15:24:00,10628,Wheaton+Bay D,2,NA,1,WHEATON+BAY D,WHEATON STATION,WMATA
40030020,D4X,D4X,11,1,21:50:00,18909,Silver Spring+Bay 221,2,NA,1,SILVER SPRING+BAY 221,SILVER SPRING STATION,WMATA
40034020,D60,D60,11,0,16:50:00,18918,Silver Spring+Bay 103,49,NA,1,SILVER SPRING+BAY 103,SILVER SPRING STATION,WMATA
40043020,M12,M12,11,0,07:12:00,10628,Wheaton+Bay D,28,NA,1,WHEATON+BAY D,WHEATON STATION,WMATA
40043020,M12,M12,11,0,06:51:00,21558,Twinbrook+Bay A,2,NA,1,TWINBROOK+BAY A,TWINBROOK STATION,WMATA
40048020,LCL,LCL,11,1,14:00:00,29091,North Bethesda Station+Bay C,2,NA,1,NORTH BETHESDA STATION+BAY C,NORTH BETHESDA STATION,WMATA
40048020,LCL,LCL,11,1,14:08:00,29087,Grosvenor Station+Bay F,4,NA,1,GROSVENOR STATION+BAY F,GROSVENOR STATION,WMATA
40056020,M12,M12,11,0,24:44:00,10628,Wheaton+Bay D,28,NA,1,WHEATON+BAY D,WHEATON STATION,WMATA
40056020,M12,M12,11,0,24:30:00,21558,Twinbrook+Bay A,2,NA,1,TWINBROOK+BAY A,TWINBROOK STATION,WMATA
40066020,D96,D96,11,1,08:00:00,28523,Bethesda+Bay A,2,NA,1,BETHESDA+BAY A,BETHESDA STATION,WMATA
40091020,EXP,EXP,11,1,21:42:00,29091,North Bethesda Station+Bay C,2,NA,1,NORTH BETHESDA STATION+BAY C,NORTH BETHESDA STATION,WMATA
40095020,EXP,EXP,11,1,05:21:00,29091,North Bethesda Station+Bay C,2,NA,1,NORTH BETHESDA STATION+BAY C,NORTH BETHESDA STATION,WMATA
40104020,D4X,D4X,11,1,10:20:00,18909,Silver Spring+Bay 221,2,NA,1,SILVER SPRING+BAY 221,SILVER SPRING STATION,WMATA
40138020,D96,D96,11,1,17:20:00,28523,Bethesda+Bay A,2,NA,1,BETHESDA+BAY A,BETHESDA STATION,WMATA
40140020,D60,D60,11,0,03:48:00,18918,Silver Spring+Bay 103,55,NA,1,SILVER SPRING+BAY 103,SILVER SPRING STATION,WMATA
40149020,D60,D60,11,0,10:15:00,18918,Silver Spring+Bay 103,49,NA,1,SILVER SPRING+BAY 103,SILVER SPRING STATION,WMATA
40170020,EXP,EXP,11,1,08:33:00,29091,North Bethesda Station+Bay C,2,NA,1,NORTH BETHESDA STATION+BAY C,NORTH BETHESDA STATION,WMATA
40187020,EXP,EXP,11,1,12:34:00,29091,North Bethesda Station+Bay C,2,NA,1,NORTH BETHESDA STATION+BAY C,NORTH BETHESDA STATION,WMATA
40188020,D40,D40,11,1,23:20:00,18907,Silver Spring+Bay 220,2,NA,1,SILVER SPRING+BAY 220,SILVER SPRING STATION,WMATA
40192020,M52,M52,11,0,13:00:00,19053,Silver Spring+Bay 113,2,NA,1,SILVER SPRING+BAY 113,SILVER SPRING STATION,WMATA
40205020,LCL,LCL,11,0,06:39:00,29090,Grosvenor Station,8,NA,1,GROSVENOR STATION,GROSVENOR STATION,WMATA
40244020,D60,D60,11,0,10:39:00,18918,Silver Spring+Bay 103,49,NA,1,SILVER SPRING+BAY 103,SILVER SPRING STATION,WMATA
40257020,M70,M70,11,1,10:54:00,15362,Bethesda+Bay C,21,NA,1,BETHESDA+BAY C,BETHESDA STATION,WMATA
40257020,M70,M70,11,1,10:36:00,18912,Silver Spring+Bay 102,2,NA,1,SILVER SPRING+BAY 102,SILVER SPRING STATION,WMATA
40257020,M70,M70,11,1,11:18:00,19082,Montgomery Mall+Bay F,46,NA,1,MONTGOMERY MALL+BAY F,MONTGOMERY MALL TRANSIT CENTER,WMATA
40262020,D40,D40,11,0,02:43:00,18907,Silver Spring+Bay 220,59,NA,1,SILVER SPRING+BAY 220,SILVER SPRING STATION,WMATA
40267020,D40,D40,11,1,10:36:00,18907,Silver Spring+Bay 220,2,NA,1,SILVER SPRING+BAY 220,SILVER SPRING STATION,WMATA
40271020,LCL,LCL,11,1,10:08:00,29087,Grosvenor Station+Bay F,4,NA,1,GROSVENOR STATION+BAY F,GROSVENOR STATION,WMATA
40271020,LCL,LCL,11,1,10:00:00,29091,North Bethesda Station+Bay C,2,NA,1,NORTH BETHESDA STATION+BAY C,NORTH BETHESDA STATION,WMATA
40300020,M12,M12,11,0,14:20:00,10628,Wheaton+Bay D,2,NA,1,WHEATON+BAY D,WHEATON STATION,WMATA
40306020,M22,M22,11,0,13:48:00,16136,Wheaton+Bay E,36,NA,1,WHEATON+BAY E,WHEATON STATION,WMATA
40306020,M22,M22,11,0,14:02:00,12893,Glenmont+Bay H,47,NA,1,GLENMONT+BAY H,GLENMONT STATION,WMATA
40306020,M22,M22,11,0,13:21:00,15389,Bethesda+Bay B,2,NA,1,BETHESDA+BAY B,BETHESDA STATION,WMATA
40325020,M54,M54,11,0,24:15:00,19054,Silver Spring+Bay 114,2,NA,1,SILVER SPRING+BAY 114,SILVER SPRING STATION,WMATA
40332020,EXP,EXP,11,1,16:15:00,29091,North Bethesda Station+Bay C,2,NA,1,NORTH BETHESDA STATION+BAY C,NORTH BETHESDA STATION,WMATA
40334020,D96,D96,11,0,23:15:00,28523,Bethesda+Bay A,79,NA,1,BETHESDA+BAY A,BETHESDA STATION,WMATA
40338020,D6X,D6X,11,0,13:11:00,18914,Silver Spring+Bay 104,33,NA,1,SILVER SPRING+BAY 104,SILVER SPRING STATION,WMATA
40365020,EXP,EXP,11,1,16:44:00,29091,North Bethesda Station+Bay C,2,NA,1,NORTH BETHESDA STATION+BAY C,NORTH BETHESDA STATION,WMATA
40382020,M12,M12,11,0,08:03:00,21558,Twinbrook+Bay A,2,NA,1,TWINBROOK+BAY A,TWINBROOK STATION,WMATA
40382020,M12,M12,11,0,08:24:00,10628,Wheaton+Bay D,28,NA,1,WHEATON+BAY D,WHEATON STATION,WMATA
40386020,P30,P30,11,1,17:37:00,18911,Silver Spring+Bay 223,67,NA,1,SILVER SPRING+BAY 223,SILVER SPRING STATION,WMATA
40398020,M20,M20,11,0,19:04:00,16136,Wheaton+Bay E,19,NA,1,WHEATON+BAY E,WHEATON STATION,WMATA
40398020,M20,M20,11,0,18:41:00,18954,Silver Spring+Bay 219,2,NA,1,SILVER SPRING+BAY 219,SILVER SPRING STATION,WMATA
40401020,M20,M20,11,1,09:31:00,18954,Silver Spring+Bay 219,54,NA,1,SILVER SPRING+BAY 219,SILVER SPRING STATION,WMATA
40401020,M20,M20,11,1,08:59:00,12892,Glenmont+Bay D,23,NA,1,GLENMONT+BAY D,GLENMONT STATION,WMATA
40401020,M20,M20,11,1,09:12:00,15406,Wheaton+Bay A,35,NA,1,WHEATON+BAY A,WHEATON STATION,WMATA
40416020,M70,M70,11,1,09:19:00,19082,Montgomery Mall+Bay F,46,NA,1,MONTGOMERY MALL+BAY F,MONTGOMERY MALL TRANSIT CENTER,WMATA
40416020,M70,M70,11,1,08:30:00,18912,Silver Spring+Bay 102,2,NA,1,SILVER SPRING+BAY 102,SILVER SPRING STATION,WMATA
40416020,M70,M70,11,1,08:53:00,15362,Bethesda+Bay C,21,NA,1,BETHESDA+BAY C,BETHESDA STATION,WMATA
40438020,D40,D40,11,0,10:18:00,18907,Silver Spring+Bay 220,55,NA,1,SILVER SPRING+BAY 220,SILVER SPRING STATION,WMATA
40460020,P30,P30,11,1,19:52:00,18911,Silver Spring+Bay 223,67,NA,1,SILVER SPRING+BAY 223,SILVER SPRING STATION,WMATA
40484020,M82,M82,11,1,15:00:00,17396,Rockville+Bay A,2,NA,1,ROCKVILLE+BAY A,ROCKVILLE STATION,WMATA
40487020,EXP,EXP,11,1,05:05:00,29091,North Bethesda Station+Bay C,2,NA,1,NORTH BETHESDA STATION+BAY C,NORTH BETHESDA STATION,WMATA
40505020,M12,M12,11,1,11:25:00,21558,Twinbrook+Bay A,74,NA,1,TWINBROOK+BAY A,TWINBROOK STATION,WMATA
40505020,M12,M12,11,1,11:06:00,16955,Wheaton+Bay B,49,NA,1,WHEATON+BAY B,WHEATON STATION,WMATA
40511020,M12,M12,11,1,26:31:00,16955,Wheaton+Bay B,49,NA,1,WHEATON+BAY B,WHEATON STATION,WMATA
40511020,M12,M12,11,1,26:45:00,21558,Twinbrook+Bay A,74,NA,1,TWINBROOK+BAY A,TWINBROOK STATION,WMATA
40526020,M20,M20,11,1,16:53:00,18954,Silver Spring+Bay 219,21,NA,1,SILVER SPRING+BAY 219,SILVER SPRING STATION,WMATA
40526020,M20,M20,11,1,16:32:00,15406,Wheaton+Bay A,2,NA,1,WHEATON+BAY A,WHEATON STATION,WMATA
40547020,EXP,EXP,11,1,14:04:00,29091,North Bethesda Station+Bay C,2,NA,1,NORTH BETHESDA STATION+BAY C,NORTH BETHESDA STATION,WMATA
40566020,M70,M70,11,1,07:50:00,18912,Silver Spring+Bay 102,2,NA,1,SILVER SPRING+BAY 102,SILVER SPRING STATION,WMATA
40566020,M70,M70,11,1,08:43:00,19082,Montgomery Mall+Bay F,46,NA,1,MONTGOMERY MALL+BAY F,MONTGOMERY MALL TRANSIT CENTER,WMATA
40566020,M70,M70,11,1,08:14:00,15362,Bethesda+Bay C,21,NA,1,BETHESDA+BAY C,BETHESDA STATION,WMATA
40569020,LCL,LCL,11,1,15:44:00,29087,Grosvenor Station+Bay F,4,NA,1,GROSVENOR STATION+BAY F,GROSVENOR STATION,WMATA
40569020,LCL,LCL,11,1,15:36:00,29091,North Bethesda Station+Bay C,2,NA,1,NORTH BETHESDA STATION+BAY C,NORTH BETHESDA STATION,WMATA
40581020,EXP,EXP,11,1,05:17:00,29091,North Bethesda Station+Bay C,2,NA,1,NORTH BETHESDA STATION+BAY C,NORTH BETHESDA STATION,WMATA
40585020,M42,M42,11,0,17:00:00,13000,Glenmont+Bay E,29,NA,1,GLENMONT+BAY E,GLENMONT STATION,WMATA
40596020,D6X,D6X,11,1,08:06:00,18914,Silver Spring+Bay 104,2,NA,1,SILVER SPRING+BAY 104,SILVER SPRING STATION,WMATA
40612020,M20,M20,11,1,17:50:00,15406,Wheaton+Bay A,2,NA,1,WHEATON+BAY A,WHEATON STATION,WMATA
40612020,M20,M20,11,1,18:11:00,18954,Silver Spring+Bay 219,21,NA,1,SILVER SPRING+BAY 219,SILVER SPRING STATION,WMATA
40613020,LCL,LCL,11,1,10:38:00,29087,Grosvenor Station+Bay F,4,NA,1,GROSVENOR STATION+BAY F,GROSVENOR STATION,WMATA
40613020,LCL,LCL,11,1,10:30:00,29091,North Bethesda Station+Bay C,2,NA,1,NORTH BETHESDA STATION+BAY C,NORTH BETHESDA STATION,WMATA
40616020,D6X,D6X,11,1,10:30:00,18914,Silver Spring+Bay 104,2,NA,1,SILVER SPRING+BAY 104,SILVER SPRING STATION,WMATA
40639020,D4X,D4X,11,0,09:55:00,18909,Silver Spring+Bay 221,24,NA,1,SILVER SPRING+BAY 221,SILVER SPRING STATION,WMATA
40712020,D6X,D6X,11,1,19:12:00,18914,Silver Spring+Bay 104,2,NA,1,SILVER SPRING+BAY 104,SILVER SPRING STATION,WMATA
40714020,M12,M12,11,1,24:45:00,21558,Twinbrook+Bay A,74,NA,1,TWINBROOK+BAY A,TWINBROOK STATION,WMATA
40714020,M12,M12,11,1,24:31:00,16955,Wheaton+Bay B,49,NA,1,WHEATON+BAY B,WHEATON STATION,WMATA
40749020,D4X,D4X,11,1,15:20:00,18909,Silver Spring+Bay 221,2,NA,1,SILVER SPRING+BAY 221,SILVER SPRING STATION,WMATA
40777020,D40,D40,11,1,15:12:00,18907,Silver Spring+Bay 220,2,NA,1,SILVER SPRING+BAY 220,SILVER SPRING STATION,WMATA
40813020,M20,M20,11,0,12:50:00,18954,Silver Spring+Bay 219,2,NA,1,SILVER SPRING+BAY 219,SILVER SPRING STATION,WMATA
40813020,M20,M20,11,0,13:12:00,16136,Wheaton+Bay E,19,NA,1,WHEATON+BAY E,WHEATON STATION,WMATA
40813020,M20,M20,11,0,13:26:00,12893,Glenmont+Bay H,30,NA,1,GLENMONT+BAY H,GLENMONT STATION,WMATA
40832020,M20,M20,11,0,12:05:00,16136,Wheaton+Bay E,19,NA,1,WHEATON+BAY E,WHEATON STATION,WMATA
40832020,M20,M20,11,0,11:45:00,18954,Silver Spring+Bay 219,2,NA,1,SILVER SPRING+BAY 219,SILVER SPRING STATION,WMATA
40850020,M20,M20,11,0,20:36:00,18954,Silver Spring+Bay 219,2,NA,1,SILVER SPRING+BAY 219,SILVER SPRING STATION,WMATA
40850020,M20,M20,11,0,20:53:00,16136,Wheaton+Bay E,19,NA,1,WHEATON+BAY E,WHEATON STATION,WMATA
40873020,LCL,LCL,11,0,09:47:00,29090,Grosvenor Station,8,NA,1,GROSVENOR STATION,GROSVENOR STATION,WMATA
40878020,D4X,D4X,11,1,09:30:00,18909,Silver Spring+Bay 221,2,NA,1,SILVER SPRING+BAY 221,SILVER SPRING STATION,WMATA
40893020,M44,M44,11,0,13:40:00,13000,Glenmont+Bay E,29,NA,1,GLENMONT+BAY E,GLENMONT STATION,WMATA
40906020,EXP,EXP,11,1,21:50:00,29091,North Bethesda Station+Bay C,2,NA,1,NORTH BETHESDA STATION+BAY C,NORTH BETHESDA STATION,WMATA
40929020,M54,M54,11,0,11:45:00,19054,Silver Spring+Bay 114,2,NA,1,SILVER SPRING+BAY 114,SILVER SPRING STATION,WMATA
